event_id,category_id,title,closed,link
EONET_20822,seaLakeIce,Iceberg D33D,False,https://eonet.gsfc.nasa.gov/api/v3/events/EONET_20822
EONET_20671,severeStorms,Tropical Storm Higos,False,https://eonet.gsfc.nasa.gov/api/v3/events/EONET_20671
EONET_20606,severeStorms,Typhoon Mekkhala,False,https://eonet.gsfc.nasa.gov/api/v3/events/EONET_20606
EONET_20558,wildfires,"Median Wildfire, Gooding, Idaho",False,https://eonet.gsfc.nasa.gov/api/v3/events/EONET_20558
EONET_20565,wildfires,"TRAIL 13 (09) Wildfire, Citrus, Florida",False,https://eonet.gsfc.nasa.gov/api/v3/events/EONET_20565
EONET_20560,wildfires,"Kartar Wildfire, Okanogan, Washington",False,https://eonet.gsfc.nasa.gov/api/v3/events/EONET_20560
EONET_20562,wildfires,"Omak Lake Road Wildfire, Okanogan, Washington",False,https://eonet.gsfc.nasa.gov/api/v3/events/EONET_20562
EONET_20559,wildfires,"Old Emigrant Wildfire, Umatilla, Oregon",False,https://eonet.gsfc.nasa.gov/api/v3/events/EONET_20559
EONET_20561,wildfires,"Sawmill Wildfire, Iron, Utah",False,https://eonet.gsfc.nasa.gov/api/v3/events/EONET_20561
EONET_20567,wildfires,"QUARRY 2 (13) Wildfire, Miami-Dade, Florida",False,https://eonet.gsfc.nasa.gov/api/v3/events/EONET_20567
EONET_20569,wildfires,"Dellenbaugh Wildfire, Mohave, Arizona",False,https://eonet.gsfc.nasa.gov/api/v3/events/EONET_20569
EONET_20570,wildfires,"APQ Area 5A RX 0615 Prescribed Fire, Polk, Florida",False,https://eonet.gsfc.nasa.gov/api/v3/events/EONET_20570
EONET_20564,wildfires,"SHORE Wildfire, Riverside, California",False,https://eonet.gsfc.nasa.gov/api/v3/events/EONET_20564
EONET_20566,wildfires,"Rock Canyon Wildfire, Coconino, Arizona",False,https://eonet.gsfc.nasa.gov/api/v3/events/EONET_20566
EONET_20710,volcanoes,"Nevados del Chillan Volcano, Chile",False,https://eonet.gsfc.nasa.gov/api/v3/events/EONET_20710
EONET_20520,wildfires,"Green Gate (26) Wildfire, Hendry, Florida",False,https://eonet.gsfc.nasa.gov/api/v3/events/EONET_20520
EONET_20523,wildfires,"MIDNIGHT FIRE (53) Wildfire, Polk, Florida",False,https://eonet.gsfc.nasa.gov/api/v3/events/EONET_20523
EONET_20516,wildfires,"4170 Tule Rd Wildfire, Yakima, Washington",False,https://eonet.gsfc.nasa.gov/api/v3/events/EONET_20516
EONET_20513,wildfires,"Rookery Wildfire, Volusia, Florida",False,https://eonet.gsfc.nasa.gov/api/v3/events/EONET_20513
EONET_20571,wildfires,"TWIN SISTERS Wildfire, Walla Walla, Washington",False,https://eonet.gsfc.nasa.gov/api/v3/events/EONET_20571
EONET_20517,wildfires,"JUNIPER DUNES Wildfire, Franklin, Washington",False,https://eonet.gsfc.nasa.gov/api/v3/events/EONET_20517
EONET_20519,wildfires,"WYLY Wildfire, Kern, California",False,https://eonet.gsfc.nasa.gov/api/v3/events/EONET_20519
EONET_20518,wildfires,"SNAKE RIVER Wildfire, Whitman, Washington",False,https://eonet.gsfc.nasa.gov/api/v3/events/EONET_20518
EONET_20522,wildfires,"Kilolitna Wildfire, Yukon-Koyukuk, Alaska",False,https://eonet.gsfc.nasa.gov/api/v3/events/EONET_20522
EONET_20524,wildfires,"Unit 16/20 Rx Prescribed Fire, Bibb, Alabama",False,https://eonet.gsfc.nasa.gov/api/v3/events/EONET_20524
EONET_20446,wildfires,"Little Schloss RX Prescribed Fire, Shenandoah, Virginia",False,https://eonet.gsfc.nasa.gov/api/v3/events/EONET_20446
EONET_20442,wildfires,"South Fork Wildfire, Sioux, Nebraska",False,https://eonet.gsfc.nasa.gov/api/v3/events/EONET_20442
EONET_20521,wildfires,"Bear Wildfire, Catron, New Mexico",False,https://eonet.gsfc.nasa.gov/api/v3/events/EONET_20521
EONET_20447,wildfires,"APQ Area 11 Scrub RX 0608 Prescribed Fire, Highlands, Florida",False,https://eonet.gsfc.nasa.gov/api/v3/events/EONET_20447
EONET_20444,wildfires,"South Mountain Wildfire, Tooele, Utah",False,https://eonet.gsfc.nasa.gov/api/v3/events/EONET_20444
EONET_20443,wildfires,"PUTAH Wildfire, Yolo, California",False,https://eonet.gsfc.nasa.gov/api/v3/events/EONET_20443
EONET_20387,wildfires,"Tower Wildfire, Millard, Utah",False,https://eonet.gsfc.nasa.gov/api/v3/events/EONET_20387
EONET_20448,wildfires,"LXR Lower Third RX 0609 Prescribed Fire, Palm Beach, Florida",False,https://eonet.gsfc.nasa.gov/api/v3/events/EONET_20448
EONET_20388,wildfires,"Raven Creek Wildfire, Weston, Wyoming",False,https://eonet.gsfc.nasa.gov/api/v3/events/EONET_20388
EONET_20389,wildfires,"CHESTNUT Wildfire, Chelan, Washington",False,https://eonet.gsfc.nasa.gov/api/v3/events/EONET_20389
EONET_20385,wildfires,"WALTZ Wildfire, Mariposa, California",False,https://eonet.gsfc.nasa.gov/api/v3/events/EONET_20385
EONET_20386,wildfires,"Kopshesut Wildfire, Northwest Arctic, Alaska",False,https://eonet.gsfc.nasa.gov/api/v3/events/EONET_20386
EONET_20391,wildfires,"MOXEE ORCHARD Wildfire, Yakima, Washington",False,https://eonet.gsfc.nasa.gov/api/v3/events/EONET_20391
EONET_20441,wildfires,"ROSE BAY CANAL Wildfire, Hyde, North Carolina",False,https://eonet.gsfc.nasa.gov/api/v3/events/EONET_20441
EONET_20287,wildfires,"HAYSTACK BUTTE Wildfire, Klickitat, Washington",False,https://eonet.gsfc.nasa.gov/api/v3/events/EONET_20287
EONET_20286,wildfires,"BRANTLEY 2 Wildfire, Eddy, New Mexico",False,https://eonet.gsfc.nasa.gov/api/v3/events/EONET_20286
EONET_20409,volcanoes,"Telica Volcano, Nicaragua",False,https://eonet.gsfc.nasa.gov/api/v3/events/EONET_20409
EONET_20392,volcanoes,"Ivao Group Volcano, Russia",False,https://eonet.gsfc.nasa.gov/api/v3/events/EONET_20392
EONET_20290,wildfires,"KALKASKA-RX 61150021 Fletcher Unit 2 Prescribed Fire, Kalkaska, Michigan",False,https://eonet.gsfc.nasa.gov/api/v3/events/EONET_20290
EONET_20395,volcanoes,"Titan Ridge Volcano, Papua New Guinea",False,https://eonet.gsfc.nasa.gov/api/v3/events/EONET_20395
EONET_20301,wildfires,"Bradshaw Wildfire, Powder River, Montana",False,https://eonet.gsfc.nasa.gov/api/v3/events/EONET_20301
EONET_20254,wildfires,"Black Ridge Wildfire, Lincoln, Idaho",False,https://eonet.gsfc.nasa.gov/api/v3/events/EONET_20254
EONET_20252,wildfires,"0231 ZEN Wildfire, Wasco, Oregon",False,https://eonet.gsfc.nasa.gov/api/v3/events/EONET_20252
EONET_20257,wildfires,"Egberts Wildfire, Elko, Nevada",False,https://eonet.gsfc.nasa.gov/api/v3/events/EONET_20257
EONET_20250,wildfires,"Summit Creek Wildfire, Cassia, Idaho",False,https://eonet.gsfc.nasa.gov/api/v3/events/EONET_20250
EONET_20258,wildfires,"Kinyon Springs Wildfire, Owyhee, Idaho",False,https://eonet.gsfc.nasa.gov/api/v3/events/EONET_20258
EONET_20259,wildfires,"MILE MARKER 44 FIRE - BROWARD Wildfire, Broward, Florida",False,https://eonet.gsfc.nasa.gov/api/v3/events/EONET_20259
EONET_20253,wildfires,"COUNTRY MEADOW Wildfire, Benton, Washington",False,https://eonet.gsfc.nasa.gov/api/v3/events/EONET_20253
EONET_20263,wildfires,"340 Wildfire, Wakulla, Florida",False,https://eonet.gsfc.nasa.gov/api/v3/events/EONET_20263
EONET_20249,wildfires,"Mile Marker 44 Wildfire, Broward, Florida",False,https://eonet.gsfc.nasa.gov/api/v3/events/EONET_20249
EONET_20260,wildfires,"Quartz Wildfire, Pershing, Nevada",False,https://eonet.gsfc.nasa.gov/api/v3/events/EONET_20260
EONET_20262,wildfires,"Thousand Wildfire, Northwest Arctic, Alaska",False,https://eonet.gsfc.nasa.gov/api/v3/events/EONET_20262
EONET_20256,wildfires,"WaWa 2 Wildfire, Highlands, Florida",False,https://eonet.gsfc.nasa.gov/api/v3/events/EONET_20256
EONET_20264,wildfires,"Shell Wildfire, Lake, Florida",False,https://eonet.gsfc.nasa.gov/api/v3/events/EONET_20264
EONET_20261,wildfires,"Trigg Wildfire, San Miguel, New Mexico",False,https://eonet.gsfc.nasa.gov/api/v3/events/EONET_20261
EONET_20230,wildfires,"DeSoto BB 8374 S RX Prescribed Fire, Harrison, Mississippi",False,https://eonet.gsfc.nasa.gov/api/v3/events/EONET_20230
EONET_20229,wildfires,"Chickasawhay CPT 451 452 RX Prescribed Fire, Greene, Mississippi",False,https://eonet.gsfc.nasa.gov/api/v3/events/EONET_20229
EONET_20231,wildfires,"CADDUGGEN Wildfire, Carteret, North Carolina",False,https://eonet.gsfc.nasa.gov/api/v3/events/EONET_20231
EONET_20236,wildfires,"Rifle Range Rd Wildfire, Collier, Florida",False,https://eonet.gsfc.nasa.gov/api/v3/events/EONET_20236
EONET_20232,wildfires,"Foothill Wildfire, Santa Barbara, California",False,https://eonet.gsfc.nasa.gov/api/v3/events/EONET_20232
EONET_20238,wildfires,"MTZ/SDU/TUSIL Wildfire, San Diego, California",False,https://eonet.gsfc.nasa.gov/api/v3/events/EONET_20238
EONET_20234,wildfires,"VERONA Wildfire, Riverside, California",False,https://eonet.gsfc.nasa.gov/api/v3/events/EONET_20234
EONET_20233,wildfires,"BAIN Wildfire, Riverside, California",False,https://eonet.gsfc.nasa.gov/api/v3/events/EONET_20233
EONET_20289,wildfires,"Sunfish Rx Prescribed Fire, Cook, Minnesota",False,https://eonet.gsfc.nasa.gov/api/v3/events/EONET_20289
EONET_20241,wildfires,"DeSoto BB 7310 S RX Prescribed Fire, Perry, Mississippi",False,https://eonet.gsfc.nasa.gov/api/v3/events/EONET_20241
EONET_20240,wildfires,"Chickasawhay CPT 366 RX Prescribed Fire, Wayne, Mississippi",False,https://eonet.gsfc.nasa.gov/api/v3/events/EONET_20240
EONET_20242,wildfires,"RX WINN BU  24 Prescribed Fire, Winn, Louisiana",False,https://eonet.gsfc.nasa.gov/api/v3/events/EONET_20242
EONET_20153,wildfires,"Kress Wildfire, Swisher, Texas",False,https://eonet.gsfc.nasa.gov/api/v3/events/EONET_20153
EONET_20157,wildfires,"SANDY Wildfire, Ventura, California",False,https://eonet.gsfc.nasa.gov/api/v3/events/EONET_20157
EONET_20159,wildfires,"RIVER Wildfire, Kern, California",False,https://eonet.gsfc.nasa.gov/api/v3/events/EONET_20159
EONET_20239,wildfires,"Chickasawhay CPT 400 RX Prescribed Fire, Wayne, Mississippi",False,https://eonet.gsfc.nasa.gov/api/v3/events/EONET_20239
EONET_20172,wildfires,"RX WINN BU 114 Prescribed Fire, Grant, Louisiana",False,https://eonet.gsfc.nasa.gov/api/v3/events/EONET_20172
EONET_20152,wildfires,"Stinky Wildfire, Potter, Texas",False,https://eonet.gsfc.nasa.gov/api/v3/events/EONET_20152
EONET_20167,wildfires,"Proffitt Lake Wildfire, Meade, Kansas",False,https://eonet.gsfc.nasa.gov/api/v3/events/EONET_20167
EONET_20151,wildfires,"Axtell Anceney Rd and Cottontail Rd Wildfire, Gallatin, Montana",False,https://eonet.gsfc.nasa.gov/api/v3/events/EONET_20151
EONET_20194,wildfires,"APQ Area 13 RX 0516 Prescribed Fire, Highlands, Florida",False,https://eonet.gsfc.nasa.gov/api/v3/events/EONET_20194
EONET_20411,volcanoes,"Kikai Volcano, Japan",False,https://eonet.gsfc.nasa.gov/api/v3/events/EONET_20411
EONET_20163,wildfires,"Sharpe Wildfire, Cimarron, Oklahoma",False,https://eonet.gsfc.nasa.gov/api/v3/events/EONET_20163
EONET_20161,wildfires,"Flanders Wildfire, Crow Wing, Minnesota",False,https://eonet.gsfc.nasa.gov/api/v3/events/EONET_20161
EONET_20183,wildfires,"DeSoto BB 8366 2 RX Prescribed Fire, Harrison, Mississippi",False,https://eonet.gsfc.nasa.gov/api/v3/events/EONET_20183
EONET_20165,wildfires,"Tex-OK Wildfire, Cimarron, Oklahoma",False,https://eonet.gsfc.nasa.gov/api/v3/events/EONET_20165
EONET_20197,wildfires,"Chickasawhay CPT 441 RX Prescribed Fire, Wayne, Mississippi",False,https://eonet.gsfc.nasa.gov/api/v3/events/EONET_20197
EONET_20410,volcanoes,"Bezymianny Volcano, Russia",False,https://eonet.gsfc.nasa.gov/api/v3/events/EONET_20410
EONET_20170,wildfires,"Wolf Canyon OK Wildfire, Beaver, Oklahoma",False,https://eonet.gsfc.nasa.gov/api/v3/events/EONET_20170
EONET_20169,wildfires,"Cadilac Wildfire, Beaver, Oklahoma",False,https://eonet.gsfc.nasa.gov/api/v3/events/EONET_20169
EONET_20164,wildfires,"Ballard Wildfire, Cimarron, Oklahoma",False,https://eonet.gsfc.nasa.gov/api/v3/events/EONET_20164
EONET_20171,wildfires,"Herman Ranch Wildfire, Clark, Kansas",False,https://eonet.gsfc.nasa.gov/api/v3/events/EONET_20171
EONET_20150,wildfires,"Santa Rosa Island Wildfire, Santa Barbara, California",False,https://eonet.gsfc.nasa.gov/api/v3/events/EONET_20150
EONET_20178,wildfires,"Windmill Wildfire, Morton, Kansas",False,https://eonet.gsfc.nasa.gov/api/v3/events/EONET_20178
EONET_20220,seaLakeIce,Iceberg B51,False,https://eonet.gsfc.nasa.gov/api/v3/events/EONET_20220
EONET_20221,seaLakeIce,Iceberg D15D,False,https://eonet.gsfc.nasa.gov/api/v3/events/EONET_20221
EONET_20187,wildfires,"Line Wildfire, Quay, New Mexico",False,https://eonet.gsfc.nasa.gov/api/v3/events/EONET_20187
EONET_20166,wildfires,"Hunggate Wildfire, Randall, Texas",False,https://eonet.gsfc.nasa.gov/api/v3/events/EONET_20166
EONET_20155,wildfires,"51 Wildfire, Morton, Kansas",False,https://eonet.gsfc.nasa.gov/api/v3/events/EONET_20155
EONET_20186,wildfires,"Mimms Wildfire, Quay, New Mexico",False,https://eonet.gsfc.nasa.gov/api/v3/events/EONET_20186
EONET_20098,wildfires,"Eagle Lake Fire Wildfire, Hancock, Iowa",False,https://eonet.gsfc.nasa.gov/api/v3/events/EONET_20098
EONET_20204,wildfires,"DeSoto BB 8366 RX Prescribed Fire, Harrison, Mississippi",False,https://eonet.gsfc.nasa.gov/api/v3/events/EONET_20204
EONET_20206,wildfires,"Chickasawhay CPT 439 441 RX Prescribed Fire, Wayne, Mississippi",False,https://eonet.gsfc.nasa.gov/api/v3/events/EONET_20206
EONET_20156,wildfires,"SEVEN CABINS Wildfire, Lincoln, New Mexico",False,https://eonet.gsfc.nasa.gov/api/v3/events/EONET_20156
EONET_20095,wildfires,"Ash Pole Wildfire, Dawes, Nebraska",False,https://eonet.gsfc.nasa.gov/api/v3/events/EONET_20095
EONET_20189,wildfires,"Rochelle 2 Wildfire, Converse, Wyoming",False,https://eonet.gsfc.nasa.gov/api/v3/events/EONET_20189
EONET_20094,wildfires,"NEURALIA Wildfire, Kern, California",False,https://eonet.gsfc.nasa.gov/api/v3/events/EONET_20094
EONET_20177,wildfires,"Jericho Creek Wildfire, Powell, Montana",False,https://eonet.gsfc.nasa.gov/api/v3/events/EONET_20177
EONET_20096,wildfires,"Wild Horse Wildfire, Millard, Utah",False,https://eonet.gsfc.nasa.gov/api/v3/events/EONET_20096
EONET_20255,wildfires,"NW SANDS BLOCK A RX Prescribed Fire, Bayfield, Wisconsin",False,https://eonet.gsfc.nasa.gov/api/v3/events/EONET_20255
EONET_20099,wildfires,"RX WINN BU 113 Prescribed Fire, Grant, Louisiana",False,https://eonet.gsfc.nasa.gov/api/v3/events/EONET_20099
EONET_20205,wildfires,"Stotz RX Prescribed Fire, Edmunds, South Dakota",False,https://eonet.gsfc.nasa.gov/api/v3/events/EONET_20205
EONET_20061,wildfires,"rx-Young 1 Prescribed Fire, Jefferson, Wisconsin",False,https://eonet.gsfc.nasa.gov/api/v3/events/EONET_20061
EONET_20062,wildfires,"MAX ROAD (06) Wildfire, Broward, Florida",False,https://eonet.gsfc.nasa.gov/api/v3/events/EONET_20062
EONET_20064,wildfires,"Rx Upshur 3999 Prescribed Fire, Upshur, Texas",False,https://eonet.gsfc.nasa.gov/api/v3/events/EONET_20064
EONET_20101,wildfires,"Peterson Road RX Prescribed Fire, Benzie, Michigan",False,https://eonet.gsfc.nasa.gov/api/v3/events/EONET_20101
EONET_20063,wildfires,"Rothi East RX Prescribed Fire, Big Stone, Minnesota",False,https://eonet.gsfc.nasa.gov/api/v3/events/EONET_20063
EONET_20066,wildfires,"Lasso Loop RX Prescribed Fire, Benzie, Michigan",False,https://eonet.gsfc.nasa.gov/api/v3/events/EONET_20066
EONET_20069,wildfires,"BRITE Wildfire, Kern, California",False,https://eonet.gsfc.nasa.gov/api/v3/events/EONET_20069
EONET_20237,wildfires,"Jesson WPA RX Prescribed Fire, Spink, South Dakota",False,https://eonet.gsfc.nasa.gov/api/v3/events/EONET_20237
EONET_20413,volcanoes,"Langila Volcano, Papua New Guinea",False,https://eonet.gsfc.nasa.gov/api/v3/events/EONET_20413
EONET_20002,wildfires,"PINE MOUNTAIN Wildfire, Deschutes, Oregon",False,https://eonet.gsfc.nasa.gov/api/v3/events/EONET_20002
EONET_20065,wildfires,"CANYON Wildfire, Kern, California",False,https://eonet.gsfc.nasa.gov/api/v3/events/EONET_20065
EONET_20009,wildfires,"rx-Lapham Good Oak 2026 Prescribed Fire, Waukesha, Wisconsin",False,https://eonet.gsfc.nasa.gov/api/v3/events/EONET_20009
EONET_20003,wildfires,"SOUTH CANAL Wildfire, Lafayette, Florida",False,https://eonet.gsfc.nasa.gov/api/v3/events/EONET_20003
EONET_20004,wildfires,"LOCHLOOSA WEST Wildfire, Alachua, Florida",False,https://eonet.gsfc.nasa.gov/api/v3/events/EONET_20004
EONET_20012,wildfires,"Hog Farm Wildfire, Woodward, Oklahoma",False,https://eonet.gsfc.nasa.gov/api/v3/events/EONET_20012
EONET_19972,wildfires,"Black Rush Lake RX Prescribed Fire, Swift, Minnesota",False,https://eonet.gsfc.nasa.gov/api/v3/events/EONET_19972
EONET_19970,wildfires,"32nd Avenue Wildfire, Rolette, North Dakota",False,https://eonet.gsfc.nasa.gov/api/v3/events/EONET_19970
EONET_20248,wildfires,"Chickasawhay CPT 363 RX Prescribed Fire, Jones, Mississippi",False,https://eonet.gsfc.nasa.gov/api/v3/events/EONET_20248
EONET_19973,wildfires,"TOWER Wildfire, Kern, California",False,https://eonet.gsfc.nasa.gov/api/v3/events/EONET_19973
EONET_19971,wildfires,"AFM - Hazen Wildfire, Maricopa, Arizona",False,https://eonet.gsfc.nasa.gov/api/v3/events/EONET_19971
EONET_19974,wildfires,"Guide Wildfire, Oglala Lakota, South Dakota",False,https://eonet.gsfc.nasa.gov/api/v3/events/EONET_19974
EONET_20184,wildfires,"2026 JBER Prescribed RX Burn Prescribed Fire, Anchorage, Alaska",False,https://eonet.gsfc.nasa.gov/api/v3/events/EONET_20184
EONET_19977,wildfires,"rx-82 Prescribed Fire, Burnett, Wisconsin",False,https://eonet.gsfc.nasa.gov/api/v3/events/EONET_19977
EONET_20008,wildfires,"Burbank B RX Prescribed Fire, Kandiyohi, Minnesota",False,https://eonet.gsfc.nasa.gov/api/v3/events/EONET_20008
EONET_20013,wildfires,"Black Diamond 1B RX Prescribed Fire, Lewis and Clark, Montana",False,https://eonet.gsfc.nasa.gov/api/v3/events/EONET_20013
EONET_19934,wildfires,"Buzzard Feather Wildfire, Roosevelt, Montana",False,https://eonet.gsfc.nasa.gov/api/v3/events/EONET_19934
EONET_19978,wildfires,"Downing RX Prescribed Fire, Mahnomen, Minnesota",False,https://eonet.gsfc.nasa.gov/api/v3/events/EONET_19978
EONET_19941,wildfires,"rx-Millville Oak Woodlands SNA South Prescribed Fire, Grant, Wisconsin",False,https://eonet.gsfc.nasa.gov/api/v3/events/EONET_19941
EONET_20265,wildfires,"LaCreek NWR Pool RX Prescribed Fire, Bennett, South Dakota",False,https://eonet.gsfc.nasa.gov/api/v3/events/EONET_20265
EONET_19976,wildfires,"Ogden Bay RX Prescribed Fire, Weber, Utah",False,https://eonet.gsfc.nasa.gov/api/v3/events/EONET_19976
EONET_19942,wildfires,"Rx Parker 3877 Prescribed Fire, Parker, Texas",False,https://eonet.gsfc.nasa.gov/api/v3/events/EONET_19942
EONET_19940,wildfires,"Sparks Wildfire, Quay, New Mexico",False,https://eonet.gsfc.nasa.gov/api/v3/events/EONET_19940
EONET_19939,wildfires,"SHADY GROVE Wildfire, Russell, Alabama",False,https://eonet.gsfc.nasa.gov/api/v3/events/EONET_19939
EONET_19937,wildfires,"HWY 41 Wildfire, Miami-Dade, Florida",False,https://eonet.gsfc.nasa.gov/api/v3/events/EONET_19937
EONET_20103,volcanoes,"Rincon de la Vieja Volcano, Costa Rica",False,https://eonet.gsfc.nasa.gov/api/v3/events/EONET_20103
EONET_20100,wildfires,"Quivira RX Prescribed Fire, Stafford, Kansas",False,https://eonet.gsfc.nasa.gov/api/v3/events/EONET_20100
EONET_19913,wildfires,"Tucker Wildfire, Hooker, Nebraska",False,https://eonet.gsfc.nasa.gov/api/v3/events/EONET_19913
EONET_19914,wildfires,"Tyndall 469 &amp; 143 RX Prescribed Fire, Mason, Michigan",False,https://eonet.gsfc.nasa.gov/api/v3/events/EONET_19914
EONET_20102,volcanoes,"Masaya Volcano, Nicaragua",False,https://eonet.gsfc.nasa.gov/api/v3/events/EONET_20102
EONET_19916,wildfires,"Yellow Bank East RX Prescribed Fire, Lac qui Parle, Minnesota",False,https://eonet.gsfc.nasa.gov/api/v3/events/EONET_19916
EONET_20188,wildfires,"YTA Stuart Creek Rx Prescribed Fire, Fairbanks North Star, Alaska",False,https://eonet.gsfc.nasa.gov/api/v3/events/EONET_20188
EONET_20203,wildfires,"FWA Small Arms Complex Rx Prescribed Fire, Southeast Fairbanks, Alaska",False,https://eonet.gsfc.nasa.gov/api/v3/events/EONET_20203
EONET_20068,wildfires,"DTAW Oklahoma Rx Prescribed Fire, Southeast Fairbanks, Alaska",False,https://eonet.gsfc.nasa.gov/api/v3/events/EONET_20068
EONET_20067,wildfires,"DTAE Jarvis Rx Prescribed Fire, Southeast Fairbanks, Alaska",False,https://eonet.gsfc.nasa.gov/api/v3/events/EONET_20067
EONET_20010,wildfires,"DTAE Bolio Rx Prescribed Fire, Southeast Fairbanks, Alaska",False,https://eonet.gsfc.nasa.gov/api/v3/events/EONET_20010
EONET_19910,wildfires,"Poitrey Canyon Wildfire, Las Animas, Colorado",False,https://eonet.gsfc.nasa.gov/api/v3/events/EONET_19910
EONET_19917,wildfires,"Thomas Ranch Fire Wildfire, Sully, South Dakota",False,https://eonet.gsfc.nasa.gov/api/v3/events/EONET_19917
EONET_19912,wildfires,"rx-Kimberly Clark NW Prescribed Fire, Price, Wisconsin",False,https://eonet.gsfc.nasa.gov/api/v3/events/EONET_19912
EONET_19919,wildfires,"RX Blanchard 1 Prescribed Fire, Stone, Arkansas",False,https://eonet.gsfc.nasa.gov/api/v3/events/EONET_19919
EONET_19840,wildfires,"rx-66 Prescribed Fire, Burnett, Wisconsin",False,https://eonet.gsfc.nasa.gov/api/v3/events/EONET_19840
EONET_20011,wildfires,"Lemon 2 Wildfire, Benson, North Dakota",False,https://eonet.gsfc.nasa.gov/api/v3/events/EONET_20011
EONET_19839,wildfires,"Bauman Wildfire, Jackson, South Dakota",False,https://eonet.gsfc.nasa.gov/api/v3/events/EONET_19839
EONET_19832,wildfires,"Baldwin Fuels 6 RX Prescribed Fire, Lake, Michigan",False,https://eonet.gsfc.nasa.gov/api/v3/events/EONET_19832
EONET_19911,wildfires,"FB 17 Wildfire, Todd, South Dakota",False,https://eonet.gsfc.nasa.gov/api/v3/events/EONET_19911
EONET_19843,wildfires,"Peterson Wildfire, Holt, Nebraska",False,https://eonet.gsfc.nasa.gov/api/v3/events/EONET_19843
EONET_19844,wildfires,"Andrews Wildfire, Cherry, Nebraska",False,https://eonet.gsfc.nasa.gov/api/v3/events/EONET_19844
EONET_19841,wildfires,"Hammer Wildfire, El Paso, Colorado",False,https://eonet.gsfc.nasa.gov/api/v3/events/EONET_19841
EONET_19838,wildfires,"Taber Rec Wildfire, Bon Homme, South Dakota",False,https://eonet.gsfc.nasa.gov/api/v3/events/EONET_19838
EONET_19834,wildfires,"Pressey Wildfire, Cherry, Nebraska",False,https://eonet.gsfc.nasa.gov/api/v3/events/EONET_19834
EONET_19845,wildfires,"Lone Pine Wildfire, Becker, Minnesota",False,https://eonet.gsfc.nasa.gov/api/v3/events/EONET_19845
EONET_19850,wildfires,"Wells Rd Unit 1 RX Prescribed Fire, Iosco, Michigan",False,https://eonet.gsfc.nasa.gov/api/v3/events/EONET_19850
EONET_19835,wildfires,"COW CREEK Wildfire, Levy, Florida",False,https://eonet.gsfc.nasa.gov/api/v3/events/EONET_19835
EONET_19854,wildfires,"rx-73 Prescribed Fire, Burnett, Wisconsin",False,https://eonet.gsfc.nasa.gov/api/v3/events/EONET_19854
EONET_19836,wildfires,"MM-45- Broward (06) Wildfire, Broward, Florida",False,https://eonet.gsfc.nasa.gov/api/v3/events/EONET_19836
EONET_19908,wildfires,"Hummingbird Wildfire, Catron, New Mexico",False,https://eonet.gsfc.nasa.gov/api/v3/events/EONET_19908
EONET_19831,wildfires,"Hwy 82 Wildfire, Brantley, Georgia",False,https://eonet.gsfc.nasa.gov/api/v3/events/EONET_19831
EONET_20005,wildfires,"Cedar Cabin - RX Prescribed Fire, Butte, Idaho",False,https://eonet.gsfc.nasa.gov/api/v3/events/EONET_20005
EONET_19846,wildfires,"DeSoto BB 9370 C507 508 509 RX Prescribed Fire, Jackson, Mississippi",False,https://eonet.gsfc.nasa.gov/api/v3/events/EONET_19846
EONET_19852,wildfires,"RX CALE BU 44-367 Prescribed Fire, Rapides, Louisiana",False,https://eonet.gsfc.nasa.gov/api/v3/events/EONET_19852
EONET_19833,wildfires,"East Side Wildfire, Carbon, Montana",False,https://eonet.gsfc.nasa.gov/api/v3/events/EONET_19833
EONET_19849,wildfires,"Hansen WPA RX Prescribed Fire, Clay, Nebraska",False,https://eonet.gsfc.nasa.gov/api/v3/events/EONET_19849
EONET_19858,wildfires,"Krause RX Prescribed Fire, Fillmore, Nebraska",False,https://eonet.gsfc.nasa.gov/api/v3/events/EONET_19858
EONET_19851,wildfires,"Burn Unit 17 RX Prescribed Fire, Sherburne, Minnesota",False,https://eonet.gsfc.nasa.gov/api/v3/events/EONET_19851
EONET_19853,wildfires,"Peacock 545 and 159 RX Prescribed Fire, Lake, Michigan",False,https://eonet.gsfc.nasa.gov/api/v3/events/EONET_19853
EONET_19792,wildfires,"Crews Rd (10) Wildfire, Clay, Florida",False,https://eonet.gsfc.nasa.gov/api/v3/events/EONET_19792
EONET_19797,wildfires,"RAILROAD COMPLEX Wildfire, Putnam, Florida",False,https://eonet.gsfc.nasa.gov/api/v3/events/EONET_19797
EONET_19799,wildfires,"RAILROAD COMPLEX Wildfire, Putnam, Florida",False,https://eonet.gsfc.nasa.gov/api/v3/events/EONET_19799
EONET_19857,wildfires,"River Road 16 RX Prescribed Fire, Iosco, Michigan",False,https://eonet.gsfc.nasa.gov/api/v3/events/EONET_19857
EONET_19856,wildfires,"Barren Plains Units 1 &amp; 3 RX Prescribed Fire, Lake, Michigan",False,https://eonet.gsfc.nasa.gov/api/v3/events/EONET_19856
EONET_19793,wildfires,"Pineland Rd Wildfire, Clinch, Georgia",False,https://eonet.gsfc.nasa.gov/api/v3/events/EONET_19793
EONET_19801,wildfires,"rx-45_041526 Prescribed Fire, Burnett, Wisconsin",False,https://eonet.gsfc.nasa.gov/api/v3/events/EONET_19801
EONET_19796,wildfires,"Conner-Nelson Rd (45) Wildfire, Nassau, Florida",False,https://eonet.gsfc.nasa.gov/api/v3/events/EONET_19796
EONET_19837,wildfires,"RX D4 Piquett Creek Prescribed Fire, Ravalli, Montana",False,https://eonet.gsfc.nasa.gov/api/v3/events/EONET_19837
EONET_19795,wildfires,"Holm RX Prescribed Fire, Blaine, Montana",False,https://eonet.gsfc.nasa.gov/api/v3/events/EONET_19795
EONET_19805,wildfires,"Rx Cherokee 3533 Prescribed Fire, Cherokee, Texas",False,https://eonet.gsfc.nasa.gov/api/v3/events/EONET_19805
EONET_19806,wildfires,"RX Trinity 3522 Prescribed Fire, Trinity, Texas",False,https://eonet.gsfc.nasa.gov/api/v3/events/EONET_19806
EONET_19802,wildfires,"LO GAP Wildfire, Van Buren, Arkansas",False,https://eonet.gsfc.nasa.gov/api/v3/events/EONET_19802
EONET_19800,wildfires,"Old Orangeburg Wildfire, Hampton, South Carolina",False,https://eonet.gsfc.nasa.gov/api/v3/events/EONET_19800
EONET_19807,wildfires,"RX CALV BU 255-257 Prescribed Fire, Vernon, Louisiana",False,https://eonet.gsfc.nasa.gov/api/v3/events/EONET_19807
EONET_19804,wildfires,"Burn Unit 20 RX Prescribed Fire, Sherburne, Minnesota",False,https://eonet.gsfc.nasa.gov/api/v3/events/EONET_19804
EONET_19714,wildfires,"Dismal Swamp RX Prescribed Fire, Big Stone, Minnesota",False,https://eonet.gsfc.nasa.gov/api/v3/events/EONET_19714
EONET_19717,wildfires,"Homochitto BB 49 East RX Prescribed Fire, Franklin, Mississippi",False,https://eonet.gsfc.nasa.gov/api/v3/events/EONET_19717
EONET_19715,wildfires,"ENCINO 2 Wildfire, Torrance, New Mexico",False,https://eonet.gsfc.nasa.gov/api/v3/events/EONET_19715
EONET_19718,wildfires,"Woodbury Wildfire, Marion, South Carolina",False,https://eonet.gsfc.nasa.gov/api/v3/events/EONET_19718
EONET_19725,wildfires,"Homochitto BB 49 West RX Prescribed Fire, Franklin, Mississippi",False,https://eonet.gsfc.nasa.gov/api/v3/events/EONET_19725
EONET_19724,wildfires,"ANF Boykin Springs C-88/89 RX Prescribed Fire, Jasper, Texas",False,https://eonet.gsfc.nasa.gov/api/v3/events/EONET_19724
EONET_19726,wildfires,"Chickasawhay CPT 354 RX Prescribed Fire, Jones, Mississippi",False,https://eonet.gsfc.nasa.gov/api/v3/events/EONET_19726
EONET_19558,wildfires,"NEWMAN DR Wildfire, Collier, Florida",False,https://eonet.gsfc.nasa.gov/api/v3/events/EONET_19558
EONET_19721,wildfires,"PDT South-FFR RX Prescribed Fire, Grant, Minnesota",False,https://eonet.gsfc.nasa.gov/api/v3/events/EONET_19721
EONET_19719,wildfires,"Ciba Road Wildfire, Washington, Alabama",False,https://eonet.gsfc.nasa.gov/api/v3/events/EONET_19719
EONET_19935,wildfires,"Old House Branch Wildfire, Mingo, West Virginia",False,https://eonet.gsfc.nasa.gov/api/v3/events/EONET_19935
EONET_19909,wildfires,"DeSoto BB 9365 C605 C606 RX Prescribed Fire, Stone, Mississippi",False,https://eonet.gsfc.nasa.gov/api/v3/events/EONET_19909
EONET_19560,wildfires,"APQ CPT 10 Rx 0413 Prescribed Fire, Highlands, Florida",False,https://eonet.gsfc.nasa.gov/api/v3/events/EONET_19560
EONET_19563,wildfires,"rx-Young 1 Prescribed Fire, Jefferson, Wisconsin",False,https://eonet.gsfc.nasa.gov/api/v3/events/EONET_19563
EONET_19720,wildfires,"RAFEY Wildfire, Mobile, Alabama",False,https://eonet.gsfc.nasa.gov/api/v3/events/EONET_19720
EONET_19555,wildfires,"Schwachheim Wildfire, Las Animas, Colorado",False,https://eonet.gsfc.nasa.gov/api/v3/events/EONET_19555
EONET_19565,wildfires,"Smoke Show Wildfire, Perry, Mississippi",False,https://eonet.gsfc.nasa.gov/api/v3/events/EONET_19565
EONET_19566,wildfires,"Slate Branch Wildfire, Mingo, West Virginia",False,https://eonet.gsfc.nasa.gov/api/v3/events/EONET_19566
EONET_19557,wildfires,"STE - Alum Wildfire, McCreary, Kentucky",False,https://eonet.gsfc.nasa.gov/api/v3/events/EONET_19557
EONET_19571,wildfires,"HWY 351- DIXIE Wildfire, Dixie, Florida",False,https://eonet.gsfc.nasa.gov/api/v3/events/EONET_19571
EONET_19561,wildfires,"79 Wildfire, Custer, South Dakota",False,https://eonet.gsfc.nasa.gov/api/v3/events/EONET_19561
EONET_19564,wildfires,"ANF Bullet Creek C-27 RX Prescribed Fire, San Augustine, Texas",False,https://eonet.gsfc.nasa.gov/api/v3/events/EONET_19564
EONET_19573,wildfires,"APQ CPT 11 Rx 0411 Prescribed Fire, Highlands, Florida",False,https://eonet.gsfc.nasa.gov/api/v3/events/EONET_19573
EONET_19569,wildfires,"Smooth Eddy Wildfire, Hansford, Texas",False,https://eonet.gsfc.nasa.gov/api/v3/events/EONET_19569
EONET_19570,wildfires,"Mary 15 Wildfire, Texas, Oklahoma",False,https://eonet.gsfc.nasa.gov/api/v3/events/EONET_19570
EONET_19568,wildfires,"Lightning Roll Wildfire, Beaver, Oklahoma",False,https://eonet.gsfc.nasa.gov/api/v3/events/EONET_19568
EONET_19583,wildfires,"Chickasawhay CPT 438 441 RX Prescribed Fire, Wayne, Mississippi",False,https://eonet.gsfc.nasa.gov/api/v3/events/EONET_19583
EONET_19577,wildfires,"Burn Unit 16 RX Prescribed Fire, Sherburne, Minnesota",False,https://eonet.gsfc.nasa.gov/api/v3/events/EONET_19577
EONET_19581,wildfires,"Bienville CPT 43 44 RX Prescribed Fire, Scott, Mississippi",False,https://eonet.gsfc.nasa.gov/api/v3/events/EONET_19581
EONET_19584,wildfires,"RX Middle Northfork 4/7 Prescribed Fire, Garland, Arkansas",False,https://eonet.gsfc.nasa.gov/api/v3/events/EONET_19584
EONET_19405,wildfires,"rx-Northern Scupp EWO Prescribed Fire, Waukesha, Wisconsin",False,https://eonet.gsfc.nasa.gov/api/v3/events/EONET_19405
EONET_19412,wildfires,"HARRISON Wildfire, Osage, Oklahoma",False,https://eonet.gsfc.nasa.gov/api/v3/events/EONET_19412
EONET_19414,wildfires,"JOY Wildfire, Osage, Oklahoma",False,https://eonet.gsfc.nasa.gov/api/v3/events/EONET_19414
EONET_19585,wildfires,"DeSoto BB 8301 C-214 RX Prescribed Fire, Perry, Mississippi",False,https://eonet.gsfc.nasa.gov/api/v3/events/EONET_19585
EONET_19855,wildfires,"Cameron Creek Unit 1 RX Prescribed Fire, Fergus, Montana",False,https://eonet.gsfc.nasa.gov/api/v3/events/EONET_19855
EONET_19579,wildfires,"Bienville CPT 44 45 RX Prescribed Fire, Scott, Mississippi",False,https://eonet.gsfc.nasa.gov/api/v3/events/EONET_19579
EONET_19415,wildfires,"Rx Cherokee 3464 Prescribed Fire, Cherokee, Texas",False,https://eonet.gsfc.nasa.gov/api/v3/events/EONET_19415
EONET_19416,wildfires,"Rosindale Road Wildfire, Bladen, North Carolina",False,https://eonet.gsfc.nasa.gov/api/v3/events/EONET_19416
EONET_19586,wildfires,"RX BO/MAG Flat Top 1 Prescribed Fire, Logan, Arkansas",False,https://eonet.gsfc.nasa.gov/api/v3/events/EONET_19586
EONET_19406,wildfires,"RX Blanchard 2 Prescribed Fire, Stone, Arkansas",False,https://eonet.gsfc.nasa.gov/api/v3/events/EONET_19406
EONET_19418,wildfires,"HUGHEY Wildfire, Osage, Oklahoma",False,https://eonet.gsfc.nasa.gov/api/v3/events/EONET_19418
EONET_19403,wildfires,"Chickasawhay CPT 378 RX Prescribed Fire, Wayne, Mississippi",False,https://eonet.gsfc.nasa.gov/api/v3/events/EONET_19403
EONET_19588,wildfires,"RX PHILLIPS ORCHARD Prescribed Fire, Garland, Arkansas",False,https://eonet.gsfc.nasa.gov/api/v3/events/EONET_19588
EONET_19590,wildfires,"RX PCS South Waldron Ridge 1&amp;2 Prescribed Fire, Scott, Arkansas",False,https://eonet.gsfc.nasa.gov/api/v3/events/EONET_19590
EONET_19580,wildfires,"Homochitto BB 59 RX Prescribed Fire, Franklin, Mississippi",False,https://eonet.gsfc.nasa.gov/api/v3/events/EONET_19580
EONET_19404,wildfires,"RX CALE BU 363 Prescribed Fire, Rapides, Louisiana",False,https://eonet.gsfc.nasa.gov/api/v3/events/EONET_19404
EONET_19410,wildfires,"Compartment 180 RX Prescribed Fire, Greene, Georgia",False,https://eonet.gsfc.nasa.gov/api/v3/events/EONET_19410
EONET_19419,wildfires,"HC 1 Wildfire, San Miguel, New Mexico",False,https://eonet.gsfc.nasa.gov/api/v3/events/EONET_19419
EONET_19424,wildfires,"MA Mainline Non-Statistical/Other, Polk, Texas",False,https://eonet.gsfc.nasa.gov/api/v3/events/EONET_19424
EONET_19420,wildfires,"SUNNY Wildfire, Osage, Oklahoma",False,https://eonet.gsfc.nasa.gov/api/v3/events/EONET_19420
EONET_19438,wildfires,"Tige - West Celina RX Prescribed Fire, Perry, Indiana",False,https://eonet.gsfc.nasa.gov/api/v3/events/EONET_19438
EONET_19426,wildfires,"RX BO/MAG Chickalah Mtn Prescribed Fire, Yell, Arkansas",False,https://eonet.gsfc.nasa.gov/api/v3/events/EONET_19426
EONET_19427,wildfires,"DeSoto BB 7310 C-7 RX Prescribed Fire, Perry, Mississippi",False,https://eonet.gsfc.nasa.gov/api/v3/events/EONET_19427
EONET_19429,wildfires,"Bienville CPT 5 7 RX Prescribed Fire, Scott, Mississippi",False,https://eonet.gsfc.nasa.gov/api/v3/events/EONET_19429
EONET_19938,wildfires,"RX POORMAN Prescribed Fire, Boise, Idaho",False,https://eonet.gsfc.nasa.gov/api/v3/events/EONET_19938
EONET_19434,wildfires,"Holly Springs IU 14-1 RX Prescribed Fire, Tippah, Mississippi",False,https://eonet.gsfc.nasa.gov/api/v3/events/EONET_19434
EONET_19437,wildfires,"Homochitto BB51 Sub2 RX Prescribed Fire, Franklin, Mississippi",False,https://eonet.gsfc.nasa.gov/api/v3/events/EONET_19437
EONET_19421,wildfires,"SNF Stark Tract RX Prescribed Fire, Newton, Texas",False,https://eonet.gsfc.nasa.gov/api/v3/events/EONET_19421
EONET_19436,wildfires,"SHNF C-26/C-27/C-28 RX Prescribed Fire, Montgomery, Texas",False,https://eonet.gsfc.nasa.gov/api/v3/events/EONET_19436
EONET_19435,wildfires,"SHNF C-51 RX Prescribed Fire, Walker, Texas",False,https://eonet.gsfc.nasa.gov/api/v3/events/EONET_19435
EONET_19430,wildfires,"RX Key Mountain East Prescribed Fire, Scott, Arkansas",False,https://eonet.gsfc.nasa.gov/api/v3/events/EONET_19430
EONET_19433,wildfires,"RX Spud Rock Prescribed Fire, Franklin, Arkansas",False,https://eonet.gsfc.nasa.gov/api/v3/events/EONET_19433
EONET_19423,wildfires,"RX Fourche Valley Unit 1 and 2 Prescribed Fire, Yell, Arkansas",False,https://eonet.gsfc.nasa.gov/api/v3/events/EONET_19423
EONET_19431,wildfires,"RX County Liine Prescribed Fire, Newton, Arkansas",False,https://eonet.gsfc.nasa.gov/api/v3/events/EONET_19431
EONET_19428,wildfires,"School House B RX Prescribed Fire, Clay, Alabama",False,https://eonet.gsfc.nasa.gov/api/v3/events/EONET_19428
EONET_19918,wildfires,"Porters Mill RX Prescribed Fire, Bath, Virginia",False,https://eonet.gsfc.nasa.gov/api/v3/events/EONET_19918
EONET_19409,wildfires,"Compartment 156 RX Prescribed Fire, Putnam, Georgia",False,https://eonet.gsfc.nasa.gov/api/v3/events/EONET_19409
EONET_19422,wildfires,"RX D2 Hog Sapphire Prescribed Fire, Ravalli, Montana",False,https://eonet.gsfc.nasa.gov/api/v3/events/EONET_19422
EONET_19448,wildfires,"Homochitto BB 6 South RX Prescribed Fire, Lincoln, Mississippi",False,https://eonet.gsfc.nasa.gov/api/v3/events/EONET_19448
EONET_19449,wildfires,"Bienville CPT 41 RX Prescribed Fire, Scott, Mississippi",False,https://eonet.gsfc.nasa.gov/api/v3/events/EONET_19449
EONET_19450,wildfires,"Bienville CPT 31 32 cont  RX Prescribed Fire, Scott, Mississippi",False,https://eonet.gsfc.nasa.gov/api/v3/events/EONET_19450
EONET_19444,wildfires,"Holly Springs IU 26-2 RX Prescribed Fire, Benton, Mississippi",False,https://eonet.gsfc.nasa.gov/api/v3/events/EONET_19444
EONET_19446,wildfires,"RX Bald Knob Prescribed Fire, Crawford, Arkansas",False,https://eonet.gsfc.nasa.gov/api/v3/events/EONET_19446
EONET_19447,wildfires,"RX BO/MAG Carter Mtn Prescribed Fire, Logan, Arkansas",False,https://eonet.gsfc.nasa.gov/api/v3/events/EONET_19447
EONET_19458,wildfires,"MULL Wildfire, Osage, Oklahoma",False,https://eonet.gsfc.nasa.gov/api/v3/events/EONET_19458
EONET_19443,wildfires,"RX PCS East Horseshoe 2 Prescribed Fire, Scott, Arkansas",False,https://eonet.gsfc.nasa.gov/api/v3/events/EONET_19443
EONET_19452,wildfires,"SHNF C-14/C-15 RX Prescribed Fire, Montgomery, Texas",False,https://eonet.gsfc.nasa.gov/api/v3/events/EONET_19452
EONET_19445,wildfires,"RX FORKS 5 Prescribed Fire, Montgomery, Arkansas",False,https://eonet.gsfc.nasa.gov/api/v3/events/EONET_19445
EONET_19455,wildfires,"SHNF C-43N RX Prescribed Fire, Walker, Texas",False,https://eonet.gsfc.nasa.gov/api/v3/events/EONET_19455
EONET_19454,wildfires,"RX Reeve&#039;s Fork Prescribed Fire, Newton, Arkansas",False,https://eonet.gsfc.nasa.gov/api/v3/events/EONET_19454
EONET_19459,wildfires,"SUNNY SLOPES Wildfire, Osage, Oklahoma",False,https://eonet.gsfc.nasa.gov/api/v3/events/EONET_19459
EONET_19456,wildfires,"RX CALE BU 30-33 Prescribed Fire, Rapides, Louisiana",False,https://eonet.gsfc.nasa.gov/api/v3/events/EONET_19456
EONET_19451,wildfires,"RX VANDERSLICE UNIT 8 Prescribed Fire, Montgomery, Arkansas",False,https://eonet.gsfc.nasa.gov/api/v3/events/EONET_19451
EONET_19413,wildfires,"Meadow View Wildfire, Potter, Texas",False,https://eonet.gsfc.nasa.gov/api/v3/events/EONET_19413
EONET_19460,wildfires,"rx-Lapham Good Oak 2026 Prescribed Fire, Waukesha, Wisconsin",False,https://eonet.gsfc.nasa.gov/api/v3/events/EONET_19460
EONET_19572,wildfires,"Big Wilson RX Prescribed Fire, Bath, Virginia",False,https://eonet.gsfc.nasa.gov/api/v3/events/EONET_19572
EONET_19589,wildfires,"Comers Rock RX Prescribed Fire, Wythe, Virginia",False,https://eonet.gsfc.nasa.gov/api/v3/events/EONET_19589
EONET_19453,wildfires,"LON - Auger Springs RX Prescribed Fire, Laurel, Kentucky",False,https://eonet.gsfc.nasa.gov/api/v3/events/EONET_19453
EONET_19408,wildfires,"Compartment 163/164 RX Prescribed Fire, Putnam, Georgia",False,https://eonet.gsfc.nasa.gov/api/v3/events/EONET_19408
EONET_19407,wildfires,"Compartment 135 RX Prescribed Fire, Putnam, Georgia",False,https://eonet.gsfc.nasa.gov/api/v3/events/EONET_19407
EONET_19462,wildfires,"RX East Horseshoe Prescribed Fire, Scott, Arkansas",False,https://eonet.gsfc.nasa.gov/api/v3/events/EONET_19462
EONET_19461,wildfires,"RX MOUNT IDA 23 24 Prescribed Fire, Montgomery, Arkansas",False,https://eonet.gsfc.nasa.gov/api/v3/events/EONET_19461
EONET_19349,wildfires,"Holly Springs IU 81-1 83-1 RX Prescribed Fire, Lafayette, Mississippi",False,https://eonet.gsfc.nasa.gov/api/v3/events/EONET_19349
EONET_19351,wildfires,"EASTER PASTURE Wildfire, Hendry, Florida",False,https://eonet.gsfc.nasa.gov/api/v3/events/EONET_19351
EONET_19425,wildfires,"Williams Creek Wildfire, Perry, Alabama",False,https://eonet.gsfc.nasa.gov/api/v3/events/EONET_19425
EONET_19587,wildfires,"COVELO SOUTH VMP RX Prescribed Fire, Mendocino, California",False,https://eonet.gsfc.nasa.gov/api/v3/events/EONET_19587
EONET_19356,wildfires,"APQ Area 10 &amp; 10B Rx 0403 Prescribed Fire, Highlands, Florida",False,https://eonet.gsfc.nasa.gov/api/v3/events/EONET_19356
EONET_19350,wildfires,"Hilux Wildfire, Collier, Florida",False,https://eonet.gsfc.nasa.gov/api/v3/events/EONET_19350
EONET_19355,wildfires,"SPRINGS Wildfire, Riverside, California",False,https://eonet.gsfc.nasa.gov/api/v3/events/EONET_19355
EONET_19357,wildfires,"rx-Young 1 Prescribed Fire, Jefferson, Wisconsin",False,https://eonet.gsfc.nasa.gov/api/v3/events/EONET_19357
EONET_19848,wildfires,"C-31 RX Burn 2 Prescribed Fire, Aiken, South Carolina",False,https://eonet.gsfc.nasa.gov/api/v3/events/EONET_19848
EONET_19352,wildfires,"Sargent Wildfire, Polk, Florida",False,https://eonet.gsfc.nasa.gov/api/v3/events/EONET_19352
EONET_19203,wildfires,"rx-12_ 13_ 14 Prescribed Fire, Burnett, Wisconsin",False,https://eonet.gsfc.nasa.gov/api/v3/events/EONET_19203
EONET_19204,wildfires,"Rx Houston 3041 Prescribed Fire, Houston, Texas",False,https://eonet.gsfc.nasa.gov/api/v3/events/EONET_19204
EONET_19847,wildfires,"C-82 RX Burn 6 Prescribed Fire, Barnwell, South Carolina",False,https://eonet.gsfc.nasa.gov/api/v3/events/EONET_19847
EONET_19208,wildfires,"RX PCS Beauchamp North Prescribed Fire, Scott, Arkansas",False,https://eonet.gsfc.nasa.gov/api/v3/events/EONET_19208
EONET_19842,wildfires,"Elkhorn RX Prescribed Fire, Augusta, Virginia",False,https://eonet.gsfc.nasa.gov/api/v3/events/EONET_19842
EONET_19229,wildfires,"Julie Pond Wildfire, Dorchester, Maryland",False,https://eonet.gsfc.nasa.gov/api/v3/events/EONET_19229
EONET_19232,wildfires,"Caddo Lake C-6 RX Prescribed Fire, Harrison, Texas",False,https://eonet.gsfc.nasa.gov/api/v3/events/EONET_19232
EONET_19224,wildfires,"C-148 BLK 9 10 &amp; 11 EN RX Prescribed Fire, Newberry, South Carolina",False,https://eonet.gsfc.nasa.gov/api/v3/events/EONET_19224
EONET_19225,wildfires,"Middle Toe Wildfire, Pittsburg, Oklahoma",False,https://eonet.gsfc.nasa.gov/api/v3/events/EONET_19225
EONET_19194,wildfires,"Hall Thompson Lane Wildfire, Shelby, Alabama",False,https://eonet.gsfc.nasa.gov/api/v3/events/EONET_19194
EONET_19803,wildfires,"Tracy Ridge Rx Prescribed Fire, Warren, Pennsylvania",False,https://eonet.gsfc.nasa.gov/api/v3/events/EONET_19803
EONET_19239,wildfires,"Sweetwater Wildfire, Marengo, Alabama",False,https://eonet.gsfc.nasa.gov/api/v3/events/EONET_19239
EONET_19237,wildfires,"RX PCS Henry Mountain Prescribed Fire, Scott, Arkansas",False,https://eonet.gsfc.nasa.gov/api/v3/events/EONET_19237
EONET_19233,wildfires,"DCNF C37 RX Prescribed Fire, Houston, Texas",False,https://eonet.gsfc.nasa.gov/api/v3/events/EONET_19233
EONET_19234,wildfires,"RX Forks 14 Prescribed Fire, Montgomery, Arkansas",False,https://eonet.gsfc.nasa.gov/api/v3/events/EONET_19234
EONET_19238,wildfires,"Chickasawhay CPT 373 RX Prescribed Fire, Wayne, Mississippi",False,https://eonet.gsfc.nasa.gov/api/v3/events/EONET_19238
EONET_19212,wildfires,"14B/14C RX Prescribed Fire, Jones, Georgia",False,https://eonet.gsfc.nasa.gov/api/v3/events/EONET_19212
EONET_19236,wildfires,"ANF Turkey Creek C-7 RX Prescribed Fire, San Augustine, Texas",False,https://eonet.gsfc.nasa.gov/api/v3/events/EONET_19236
EONET_19205,wildfires,"Lamar Bennett Trail Wildfire, Ware, Georgia",False,https://eonet.gsfc.nasa.gov/api/v3/events/EONET_19205
EONET_19207,wildfires,"Cane Creek Wildfire, Wilkes, North Carolina",False,https://eonet.gsfc.nasa.gov/api/v3/events/EONET_19207
EONET_19439,wildfires,"Long Ridge Rx Unit 37 38 46 49 Prescribed Fire, Athens, Ohio",False,https://eonet.gsfc.nasa.gov/api/v3/events/EONET_19439
EONET_19235,wildfires,"Long Ridge Rx Unit 41 &amp; 47 Prescribed Fire, Athens, Ohio",False,https://eonet.gsfc.nasa.gov/api/v3/events/EONET_19235
EONET_19245,wildfires,"Birdseye RX Prescribed Fire, Crawford, Indiana",False,https://eonet.gsfc.nasa.gov/api/v3/events/EONET_19245
EONET_19213,wildfires,"Compartment 154 RX Prescribed Fire, Putnam, Georgia",False,https://eonet.gsfc.nasa.gov/api/v3/events/EONET_19213
EONET_19241,wildfires,"Johnson Hills Wildfire, Phelps, Nebraska",False,https://eonet.gsfc.nasa.gov/api/v3/events/EONET_19241
EONET_19247,wildfires,"rx-Refuge Pool South Prescribed Fire, Juneau, Wisconsin",False,https://eonet.gsfc.nasa.gov/api/v3/events/EONET_19247
EONET_19246,wildfires,"McClurg RX Prescribed Fire, Ozark, Missouri",False,https://eonet.gsfc.nasa.gov/api/v3/events/EONET_19246
EONET_19242,wildfires,"BOMAN Wildfire, Osage, Oklahoma",False,https://eonet.gsfc.nasa.gov/api/v3/events/EONET_19242
EONET_19249,wildfires,"BISON LOOP Wildfire, Osage, Oklahoma",False,https://eonet.gsfc.nasa.gov/api/v3/events/EONET_19249
EONET_19243,wildfires,"Sheep Creek RX Prescribed Fire, Lemhi, Idaho",False,https://eonet.gsfc.nasa.gov/api/v3/events/EONET_19243
EONET_19226,wildfires,"Old 66 Wildfire, Quay, New Mexico",False,https://eonet.gsfc.nasa.gov/api/v3/events/EONET_19226
EONET_19252,wildfires,"Carroll Co State Assist Wildfire, Carroll, Mississippi",False,https://eonet.gsfc.nasa.gov/api/v3/events/EONET_19252
EONET_18975,wildfires,"Rx Hardin 2806 Prescribed Fire, Hardin, Texas",False,https://eonet.gsfc.nasa.gov/api/v3/events/EONET_18975
EONET_19240,wildfires,"3R RX - COYOTE Prescribed Fire, Ferry, Washington",False,https://eonet.gsfc.nasa.gov/api/v3/events/EONET_19240
EONET_18971,wildfires,"Carroll - CR 145 Wildfire, Carroll, Mississippi",False,https://eonet.gsfc.nasa.gov/api/v3/events/EONET_18971
EONET_18979,wildfires,"Salt Wildfire, Stafford, Kansas",False,https://eonet.gsfc.nasa.gov/api/v3/events/EONET_18979
EONET_18984,wildfires,"Big Toe Wildfire, Pittsburg, Oklahoma",False,https://eonet.gsfc.nasa.gov/api/v3/events/EONET_18984
EONET_19250,wildfires,"Shady Grove Wildfire, Craig, Oklahoma",False,https://eonet.gsfc.nasa.gov/api/v3/events/EONET_19250
EONET_19716,wildfires,"BRUI Dogie RX Prescribed Fire, Coconino, Arizona",False,https://eonet.gsfc.nasa.gov/api/v3/events/EONET_19716
EONET_18982,wildfires,"BOX Wildfire, Osage, Oklahoma",False,https://eonet.gsfc.nasa.gov/api/v3/events/EONET_18982
EONET_18989,wildfires,"Cedar Canyon Wildfire, Blaine, Oklahoma",False,https://eonet.gsfc.nasa.gov/api/v3/events/EONET_18989
EONET_18973,wildfires,"RL 005 CB Wildfire, Clearwater, Minnesota",False,https://eonet.gsfc.nasa.gov/api/v3/events/EONET_18973
EONET_18995,wildfires,"Homochitto BB 2 RX Prescribed Fire, Copiah, Mississippi",False,https://eonet.gsfc.nasa.gov/api/v3/events/EONET_18995
EONET_18987,wildfires,"Minor Wildfire, Grant, Nebraska",False,https://eonet.gsfc.nasa.gov/api/v3/events/EONET_18987
EONET_18988,wildfires,"Ashby Wildfire, Grant, Nebraska",False,https://eonet.gsfc.nasa.gov/api/v3/events/EONET_18988
EONET_18994,wildfires,"RX WINN BU 37 Prescribed Fire, Winn, Louisiana",False,https://eonet.gsfc.nasa.gov/api/v3/events/EONET_18994
EONET_19248,wildfires,"ANF Upland Island N 68/69/70 RX Prescribed Fire, Angelina, Texas",False,https://eonet.gsfc.nasa.gov/api/v3/events/EONET_19248
EONET_18993,wildfires,"RX CALE BU 41 Prescribed Fire, Rapides, Louisiana",False,https://eonet.gsfc.nasa.gov/api/v3/events/EONET_18993
EONET_19195,wildfires,"C-38B_41 EN RX Prescribed Fire, Union, South Carolina",False,https://eonet.gsfc.nasa.gov/api/v3/events/EONET_19195
EONET_18986,wildfires,"Zipperer Wildfire, Pittsburg, Oklahoma",False,https://eonet.gsfc.nasa.gov/api/v3/events/EONET_18986
EONET_18992,wildfires,"Turkey Wildfire, Huerfano, Colorado",False,https://eonet.gsfc.nasa.gov/api/v3/events/EONET_18992
EONET_18990,wildfires,"Warthog Wildfire, Trinity, Texas",False,https://eonet.gsfc.nasa.gov/api/v3/events/EONET_18990
EONET_19214,wildfires,"Compartment 144 RX Prescribed Fire, Putnam, Georgia",False,https://eonet.gsfc.nasa.gov/api/v3/events/EONET_19214
EONET_19006,wildfires,"College Drive Wildfire, Monroe, Alabama",False,https://eonet.gsfc.nasa.gov/api/v3/events/EONET_19006
EONET_19005,wildfires,"Warren RX Prescribed Fire, Lawrence, Alabama",False,https://eonet.gsfc.nasa.gov/api/v3/events/EONET_19005
EONET_18996,wildfires,"DCNF C-119-121 RX Prescribed Fire, Trinity, Texas",False,https://eonet.gsfc.nasa.gov/api/v3/events/EONET_18996
EONET_18998,wildfires,"IDNR- Sand Ridge State Forest RX Prescribed Fire, Mason, Illinois",False,https://eonet.gsfc.nasa.gov/api/v3/events/EONET_18998
EONET_19003,wildfires,"RX PCS Andy Knight South Prescribed Fire, Scott, Arkansas",False,https://eonet.gsfc.nasa.gov/api/v3/events/EONET_19003
EONET_18999,wildfires,"RX Sharp Top 1 Prescribed Fire, Montgomery, Arkansas",False,https://eonet.gsfc.nasa.gov/api/v3/events/EONET_18999
EONET_19002,wildfires,"RX Vanderslice Unit 7/8 Prescribed Fire, Montgomery, Arkansas",False,https://eonet.gsfc.nasa.gov/api/v3/events/EONET_19002
EONET_19244,wildfires,"CMB - Powder Mill RX Prescribed Fire, Menifee, Kentucky",False,https://eonet.gsfc.nasa.gov/api/v3/events/EONET_19244
EONET_19576,wildfires,"RED - Hurricane Branch RX Prescribed Fire, Leslie, Kentucky",False,https://eonet.gsfc.nasa.gov/api/v3/events/EONET_19576
EONET_18991,wildfires,"FENCO FARMS (38) Wildfire, Levy, Florida",False,https://eonet.gsfc.nasa.gov/api/v3/events/EONET_18991
EONET_19007,wildfires,"Compartment 128 RX Prescribed Fire, Jones, Georgia",False,https://eonet.gsfc.nasa.gov/api/v3/events/EONET_19007
EONET_19227,wildfires,"D7 Brushy MTN North RX Prescribed Fire, Apache, Arizona",False,https://eonet.gsfc.nasa.gov/api/v3/events/EONET_19227
EONET_19582,wildfires,"WARE Wildfire, Osage, Oklahoma",False,https://eonet.gsfc.nasa.gov/api/v3/events/EONET_19582
EONET_19457,wildfires,"Two Calf Unit A RX Prescribed Fire, Fergus, Montana",False,https://eonet.gsfc.nasa.gov/api/v3/events/EONET_19457
EONET_19441,wildfires,"Sunny Oaks Rx Unit 4 Prescribed Fire, Lawrence, Ohio",False,https://eonet.gsfc.nasa.gov/api/v3/events/EONET_19441
EONET_19008,wildfires,"Iron Post Wildfire, Cherokee, Oklahoma",False,https://eonet.gsfc.nasa.gov/api/v3/events/EONET_19008
EONET_19012,wildfires,"PENNEL CREEK Wildfire, Osage, Oklahoma",False,https://eonet.gsfc.nasa.gov/api/v3/events/EONET_19012
EONET_18985,wildfires,"Hutchinson Wildfire, Hutchinson, Texas",False,https://eonet.gsfc.nasa.gov/api/v3/events/EONET_18985
EONET_19014,wildfires,"ADAMS FAMILY Wildfire, Osage, Oklahoma",False,https://eonet.gsfc.nasa.gov/api/v3/events/EONET_19014
EONET_18981,wildfires,"RX PCS Ross Creek Prescribed Fire, Scott, Arkansas",False,https://eonet.gsfc.nasa.gov/api/v3/events/EONET_18981
EONET_19011,wildfires,"RX Whiskey Springs 3 Prescribed Fire, Crawford, Arkansas",False,https://eonet.gsfc.nasa.gov/api/v3/events/EONET_19011
EONET_19010,wildfires,"RX Mount Ida 7 Prescribed Fire, Montgomery, Arkansas",False,https://eonet.gsfc.nasa.gov/api/v3/events/EONET_19010
EONET_19013,wildfires,"RX SOUTH LONE PINE Prescribed Fire, Pittsburg, Oklahoma",False,https://eonet.gsfc.nasa.gov/api/v3/events/EONET_19013
EONET_19004,wildfires,"Bald Mountain RX Prescribed Fire, Craig, Virginia",False,https://eonet.gsfc.nasa.gov/api/v3/events/EONET_19004
EONET_19215,wildfires,"Compartment 119_120 RX Prescribed Fire, Jasper, Georgia",False,https://eonet.gsfc.nasa.gov/api/v3/events/EONET_19215
EONET_18750,wildfires,"90 Degrees Wildfire, Latimer, Oklahoma",False,https://eonet.gsfc.nasa.gov/api/v3/events/EONET_18750
EONET_18972,wildfires,"Old Kentucky Wildfire, Sequoyah, Oklahoma",False,https://eonet.gsfc.nasa.gov/api/v3/events/EONET_18972
EONET_18758,wildfires,"Luna Branch Wildfire, Adair, Oklahoma",False,https://eonet.gsfc.nasa.gov/api/v3/events/EONET_18758
EONET_18768,wildfires,"Oxbow Wildfire, Okfuskee, Oklahoma",False,https://eonet.gsfc.nasa.gov/api/v3/events/EONET_18768
EONET_18772,wildfires,"Polk Treat Mountain Wildfire, Floyd, Georgia",False,https://eonet.gsfc.nasa.gov/api/v3/events/EONET_18772
EONET_19440,wildfires,"One Mile Rx Prescribed Fire, Greenbrier, West Virginia",False,https://eonet.gsfc.nasa.gov/api/v3/events/EONET_19440
EONET_19723,wildfires,"Lock Ridge Rx Prescribed Fire, Pocahontas, West Virginia",False,https://eonet.gsfc.nasa.gov/api/v3/events/EONET_19723
EONET_19009,wildfires,"Big Hollow RX Prescribed Fire, Shannon, Missouri",False,https://eonet.gsfc.nasa.gov/api/v3/events/EONET_19009
EONET_18780,wildfires,"MIDDLE CREEK Wildfire, Hughes, Oklahoma",False,https://eonet.gsfc.nasa.gov/api/v3/events/EONET_18780
EONET_18781,wildfires,"SALTSMAN Wildfire, McIntosh, Oklahoma",False,https://eonet.gsfc.nasa.gov/api/v3/events/EONET_18781
EONET_18763,wildfires,"Bienville CPT 65 66 RX Prescribed Fire, Scott, Mississippi",False,https://eonet.gsfc.nasa.gov/api/v3/events/EONET_18763
EONET_18786,wildfires,"Barbed Wire Wildfire, Sequoyah, Oklahoma",False,https://eonet.gsfc.nasa.gov/api/v3/events/EONET_18786
EONET_18760,wildfires,"DeSoto BB 0250 C-597 RX Prescribed Fire, Harrison, Mississippi",False,https://eonet.gsfc.nasa.gov/api/v3/events/EONET_18760
EONET_18767,wildfires,"Indian Creek RX Prescribed Fire, Washington, Missouri",False,https://eonet.gsfc.nasa.gov/api/v3/events/EONET_18767
EONET_18757,wildfires,"RX FY26 North River Road RX BIL Prescribed Fire, Newton, Arkansas",False,https://eonet.gsfc.nasa.gov/api/v3/events/EONET_18757
EONET_18779,wildfires,"Chickasawhay CPT 373 377 378 RX Prescribed Fire, Wayne, Mississippi",False,https://eonet.gsfc.nasa.gov/api/v3/events/EONET_18779
EONET_19727,wildfires,"Sherman Hunter Camp North RX Prescribed Fire, Clay, Alabama",False,https://eonet.gsfc.nasa.gov/api/v3/events/EONET_19727
EONET_18788,wildfires,"NAN Split White Oak RX Prescribed Fire, Macon, North Carolina",False,https://eonet.gsfc.nasa.gov/api/v3/events/EONET_18788
EONET_18789,wildfires,"Sonny Glle Wildfire, Adair, Oklahoma",False,https://eonet.gsfc.nasa.gov/api/v3/events/EONET_18789
EONET_18790,wildfires,"Pumpkin Hollow Wildfire, Cherokee, Oklahoma",False,https://eonet.gsfc.nasa.gov/api/v3/events/EONET_18790
EONET_19196,wildfires,"C-27/40 EN RX Prescribed Fire, Union, South Carolina",False,https://eonet.gsfc.nasa.gov/api/v3/events/EONET_19196
EONET_19360,wildfires,"C-148 FM RX Prescribed Fire, Berkeley, South Carolina",False,https://eonet.gsfc.nasa.gov/api/v3/events/EONET_19360
EONET_18769,wildfires,"Cross Timber Wildfire, Pottawatomie, Oklahoma",False,https://eonet.gsfc.nasa.gov/api/v3/events/EONET_18769
EONET_18756,wildfires,"Dennison Hollow/Stoneface RX Prescribed Fire, Pope, Illinois",False,https://eonet.gsfc.nasa.gov/api/v3/events/EONET_18756
EONET_19216,wildfires,"Compartment 117 RX Prescribed Fire, Jasper, Georgia",False,https://eonet.gsfc.nasa.gov/api/v3/events/EONET_19216
EONET_18771,wildfires,"Jumping Juniper Wildfire, Dewey, Oklahoma",False,https://eonet.gsfc.nasa.gov/api/v3/events/EONET_18771
EONET_18751,wildfires,"Tippah - CR 250 Wildfire, Tippah, Mississippi",False,https://eonet.gsfc.nasa.gov/api/v3/events/EONET_18751
EONET_18752,wildfires,"BAKER RD Wildfire, Calhoun, Florida",False,https://eonet.gsfc.nasa.gov/api/v3/events/EONET_18752
EONET_19217,wildfires,"6D/7S/8A RX Prescribed Fire, Jones, Georgia",False,https://eonet.gsfc.nasa.gov/api/v3/events/EONET_19217
EONET_18785,wildfires,"Compartment 153 RX Prescribed Fire, Putnam, Georgia",False,https://eonet.gsfc.nasa.gov/api/v3/events/EONET_18785
EONET_18797,wildfires,"Pound Gap RX Prescribed Fire, Wise, Virginia",False,https://eonet.gsfc.nasa.gov/api/v3/events/EONET_18797
EONET_18787,wildfires,"North River RX Prescribed Fire, Augusta, Virginia",False,https://eonet.gsfc.nasa.gov/api/v3/events/EONET_18787
EONET_18791,wildfires,"RX East End Bear Mountain Prescribed Fire, Garland, Arkansas",False,https://eonet.gsfc.nasa.gov/api/v3/events/EONET_18791
EONET_18798,wildfires,"CRO C-35/C-36 Old Church Rd RX Prescribed Fire, Carteret, North Carolina",False,https://eonet.gsfc.nasa.gov/api/v3/events/EONET_18798
EONET_18770,wildfires,"Sunshine Hollow Wildfire, Pushmataha, Oklahoma",False,https://eonet.gsfc.nasa.gov/api/v3/events/EONET_18770
EONET_18778,wildfires,"KANE Wildfire, Big Horn, Wyoming",False,https://eonet.gsfc.nasa.gov/api/v3/events/EONET_18778
EONET_18793,wildfires,"Grey Road Wildfire, Butler, Kansas",False,https://eonet.gsfc.nasa.gov/api/v3/events/EONET_18793
EONET_19218,wildfires,"Compartment 157 RX Prescribed Fire, Putnam, Georgia",False,https://eonet.gsfc.nasa.gov/api/v3/events/EONET_19218
EONET_18766,wildfires,"RX PCS Buffalo 1 Prescribed Fire, Scott, Arkansas",False,https://eonet.gsfc.nasa.gov/api/v3/events/EONET_18766
EONET_18799,wildfires,"RX Beau Champ South Prescribed Fire, Scott, Arkansas",False,https://eonet.gsfc.nasa.gov/api/v3/events/EONET_18799
EONET_18801,wildfires,"RX CAT BU 3 Prescribed Fire, Grant, Louisiana",False,https://eonet.gsfc.nasa.gov/api/v3/events/EONET_18801
EONET_18774,wildfires,"Burgess East Wildfire, Clay, Alabama",False,https://eonet.gsfc.nasa.gov/api/v3/events/EONET_18774
EONET_18782,wildfires,"Hall Valley Rd Wildfire, Floyd, Georgia",False,https://eonet.gsfc.nasa.gov/api/v3/events/EONET_18782
EONET_18802,wildfires,"Compartment 146 RX Prescribed Fire, Perry, Alabama",False,https://eonet.gsfc.nasa.gov/api/v3/events/EONET_18802
EONET_18748,wildfires,"TUS Elbow Creek RX Prescribed Fire, Cherokee, North Carolina",False,https://eonet.gsfc.nasa.gov/api/v3/events/EONET_18748
EONET_18810,wildfires,"SAND CREEK Wildfire, Osage, Oklahoma",False,https://eonet.gsfc.nasa.gov/api/v3/events/EONET_18810
EONET_18796,wildfires,"Flatwoods Rx Prescribed Fire, Wise, Virginia",False,https://eonet.gsfc.nasa.gov/api/v3/events/EONET_18796
EONET_19197,wildfires,"C-28A EN RX Prescribed Fire, Union, South Carolina",False,https://eonet.gsfc.nasa.gov/api/v3/events/EONET_19197
EONET_18800,wildfires,"Spice Run Rx Prescribed Fire, Alleghany, Virginia",False,https://eonet.gsfc.nasa.gov/api/v3/events/EONET_18800
EONET_19220,wildfires,"32N/33B RX Prescribed Fire, Jones, Georgia",False,https://eonet.gsfc.nasa.gov/api/v3/events/EONET_19220
EONET_19219,wildfires,"Compartment 134 RX Prescribed Fire, Jones, Georgia",False,https://eonet.gsfc.nasa.gov/api/v3/events/EONET_19219
EONET_18807,wildfires,"Big Mineral North RX Prescribed Fire, Grayson, Texas",False,https://eonet.gsfc.nasa.gov/api/v3/events/EONET_18807
EONET_18803,wildfires,"Sandpiper Wildfire, Natrona, Wyoming",False,https://eonet.gsfc.nasa.gov/api/v3/events/EONET_18803
EONET_18794,wildfires,"Sharp Rock RX Prescribed Fire, Jackson, Illinois",False,https://eonet.gsfc.nasa.gov/api/v3/events/EONET_18794
EONET_18820,wildfires,"RX PCS South Waldron Ridge 10 Prescribed Fire, Scott, Arkansas",False,https://eonet.gsfc.nasa.gov/api/v3/events/EONET_18820
EONET_18811,wildfires,"RX PCS Turkey Creek East Prescribed Fire, Scott, Arkansas",False,https://eonet.gsfc.nasa.gov/api/v3/events/EONET_18811
EONET_18777,wildfires,"SAND CREEK Wildfire, Osage, Oklahoma",False,https://eonet.gsfc.nasa.gov/api/v3/events/EONET_18777
EONET_19000,wildfires,"Rattlesnake RX Prescribed Fire, Luna, New Mexico",False,https://eonet.gsfc.nasa.gov/api/v3/events/EONET_19000
EONET_18823,wildfires,"Ridge Road RX Prescribed Fire, Clay, Alabama",False,https://eonet.gsfc.nasa.gov/api/v3/events/EONET_18823
EONET_18812,wildfires,"Seed Tick Tornado West RX Prescribed Fire, Wayne, Missouri",False,https://eonet.gsfc.nasa.gov/api/v3/events/EONET_18812
EONET_18776,wildfires,"Homochitto BB 42 sub 4 RX Prescribed Fire, Franklin, Mississippi",False,https://eonet.gsfc.nasa.gov/api/v3/events/EONET_18776
EONET_18808,wildfires,"SNF Red Hills C-71/72/74 RX Prescribed Fire, Sabine, Texas",False,https://eonet.gsfc.nasa.gov/api/v3/events/EONET_18808
EONET_18822,wildfires,"Chickasawhay CPT 433 RX Prescribed Fire, Wayne, Mississippi",False,https://eonet.gsfc.nasa.gov/api/v3/events/EONET_18822
EONET_18824,wildfires,"Brown Creek RX Prescribed Fire, Lawrence, Alabama",False,https://eonet.gsfc.nasa.gov/api/v3/events/EONET_18824
EONET_18817,wildfires,"RX BO/MAG Dean Reid Prescribed Fire, Logan, Arkansas",False,https://eonet.gsfc.nasa.gov/api/v3/events/EONET_18817
EONET_18821,wildfires,"Compartment 104 RX Prescribed Fire, Bibb, Alabama",False,https://eonet.gsfc.nasa.gov/api/v3/events/EONET_18821
EONET_18816,wildfires,"RX Vanderslice Unit 6 Prescribed Fire, Montgomery, Arkansas",False,https://eonet.gsfc.nasa.gov/api/v3/events/EONET_18816
EONET_18814,wildfires,"RX Mt Clair Prescribed Fire, Polk, Arkansas",False,https://eonet.gsfc.nasa.gov/api/v3/events/EONET_18814
EONET_18815,wildfires,"RX Buck Crk SU1 Prescribed Fire, McCurtain, Oklahoma",False,https://eonet.gsfc.nasa.gov/api/v3/events/EONET_18815
EONET_19370,wildfires,"C-242 GOVERNOR SCHOOL LC RX Prescribed Fire, McCormick, South Carolina",False,https://eonet.gsfc.nasa.gov/api/v3/events/EONET_19370
EONET_19371,wildfires,"C-249 MIDDLE LC RX Prescribed Fire, McCormick, South Carolina",False,https://eonet.gsfc.nasa.gov/api/v3/events/EONET_19371
EONET_19198,wildfires,"C-105/106 EN RX Prescribed Fire, Newberry, South Carolina",False,https://eonet.gsfc.nasa.gov/api/v3/events/EONET_19198
EONET_18997,wildfires,"Grasshopper Hollow RX Prescribed Fire, Reynolds, Missouri",False,https://eonet.gsfc.nasa.gov/api/v3/events/EONET_18997
EONET_19221,wildfires,"4B/4C RX Prescribed Fire, Jasper, Georgia",False,https://eonet.gsfc.nasa.gov/api/v3/events/EONET_19221
EONET_18813,wildfires,"Sulphur Springs RX Prescribed Fire, Pope, Illinois",False,https://eonet.gsfc.nasa.gov/api/v3/events/EONET_18813
EONET_18842,wildfires,"Goose Creek RX Prescribed Fire, Butler, Missouri",False,https://eonet.gsfc.nasa.gov/api/v3/events/EONET_18842
EONET_18753,wildfires,"Mill Pond Wildfire, Liberty, Florida",False,https://eonet.gsfc.nasa.gov/api/v3/events/EONET_18753
EONET_19222,wildfires,"Compartment 107 RX Prescribed Fire, Jasper, Georgia",False,https://eonet.gsfc.nasa.gov/api/v3/events/EONET_19222
EONET_18828,wildfires,"RX Hog Jaw 1/2 &amp; Shirley Creek 10 Prescribed Fire, Montgomery, Arkansas",False,https://eonet.gsfc.nasa.gov/api/v3/events/EONET_18828
EONET_18841,wildfires,"Beech Creek RX Prescribed Fire, Lawrence, Alabama",False,https://eonet.gsfc.nasa.gov/api/v3/events/EONET_18841
EONET_18838,wildfires,"Burgess Point W RX Prescribed Fire, Clay, Alabama",False,https://eonet.gsfc.nasa.gov/api/v3/events/EONET_18838
EONET_18826,wildfires,"RX WINN BU 6 Prescribed Fire, Winn, Louisiana",False,https://eonet.gsfc.nasa.gov/api/v3/events/EONET_18826
EONET_18829,wildfires,"DCNF C-71/72/73 RX Prescribed Fire, Houston, Texas",False,https://eonet.gsfc.nasa.gov/api/v3/events/EONET_18829
EONET_18830,wildfires,"SNF Mclemore Hills RX Prescribed Fire, Sabine, Texas",False,https://eonet.gsfc.nasa.gov/api/v3/events/EONET_18830
EONET_18836,wildfires,"RX Vanderslice Prescribed Fire, Montgomery, Arkansas",False,https://eonet.gsfc.nasa.gov/api/v3/events/EONET_18836
EONET_18849,wildfires,"Rx Lamar 2579 Prescribed Fire, Lamar, Texas",False,https://eonet.gsfc.nasa.gov/api/v3/events/EONET_18849
EONET_19575,wildfires,"IDNR - Forbes West &amp; South RX Prescribed Fire, Marion, Illinois",False,https://eonet.gsfc.nasa.gov/api/v3/events/EONET_19575
EONET_18832,wildfires,"RX PCS Turkey Creek West Prescribed Fire, Scott, Arkansas",False,https://eonet.gsfc.nasa.gov/api/v3/events/EONET_18832
EONET_19574,wildfires,"IDNR - JPEC SFWA RX Prescribed Fire, Cass, Illinois",False,https://eonet.gsfc.nasa.gov/api/v3/events/EONET_19574
EONET_18831,wildfires,"SHNF C-37 RX Prescribed Fire, Montgomery, Texas",False,https://eonet.gsfc.nasa.gov/api/v3/events/EONET_18831
EONET_18835,wildfires,"RX BO/MAG Egypt Hollow 1 Prescribed Fire, Logan, Arkansas",False,https://eonet.gsfc.nasa.gov/api/v3/events/EONET_18835
EONET_18840,wildfires,"Compartment 20 RX Prescribed Fire, Hale, Alabama",False,https://eonet.gsfc.nasa.gov/api/v3/events/EONET_18840
EONET_18834,wildfires,"RX CALE BU 45 Prescribed Fire, Rapides, Louisiana",False,https://eonet.gsfc.nasa.gov/api/v3/events/EONET_18834
EONET_18837,wildfires,"RX Potato Knob Prescribed Fire, Franklin, Arkansas",False,https://eonet.gsfc.nasa.gov/api/v3/events/EONET_18837
EONET_18818,wildfires,"RX FY26 PERI Roundtop Cox BIL Prescribed Fire, Benton, Arkansas",False,https://eonet.gsfc.nasa.gov/api/v3/events/EONET_18818
EONET_18833,wildfires,"RX Fourche Valley Unit 5 Prescribed Fire, Yell, Arkansas",False,https://eonet.gsfc.nasa.gov/api/v3/events/EONET_18833
EONET_18848,wildfires,"DRUMMOND Wildfire, Osage, Oklahoma",False,https://eonet.gsfc.nasa.gov/api/v3/events/EONET_18848
EONET_19358,wildfires,"BORDER 2 RX Prescribed Fire, Cochise, Arizona",False,https://eonet.gsfc.nasa.gov/api/v3/events/EONET_19358
EONET_18765,wildfires,"LAAF RX Prescribed Fire, Cochise, Arizona",False,https://eonet.gsfc.nasa.gov/api/v3/events/EONET_18765
EONET_19223,wildfires,"Compartment 145 RX Prescribed Fire, Putnam, Georgia",False,https://eonet.gsfc.nasa.gov/api/v3/events/EONET_19223
EONET_18754,wildfires,"24 Wildfire, Fremont, Colorado",False,https://eonet.gsfc.nasa.gov/api/v3/events/EONET_18754
EONET_18845,wildfires,"D2 Sinkhole RX Prescribed Fire, Coconino, Arizona",False,https://eonet.gsfc.nasa.gov/api/v3/events/EONET_18845
EONET_18847,wildfires,"Homochitto BB65sub3 RX Prescribed Fire, Amite, Mississippi",False,https://eonet.gsfc.nasa.gov/api/v3/events/EONET_18847
EONET_18854,wildfires,"Tombigbee IU 20-1 RX Prescribed Fire, Chickasaw, Mississippi",False,https://eonet.gsfc.nasa.gov/api/v3/events/EONET_18854
EONET_18855,wildfires,"Bienville Cpt 36 &amp; 37 RX Prescribed Fire, Scott, Mississippi",False,https://eonet.gsfc.nasa.gov/api/v3/events/EONET_18855
EONET_18868,wildfires,"DCNF C-70/71 RX Prescribed Fire, Houston, Texas",False,https://eonet.gsfc.nasa.gov/api/v3/events/EONET_18868
EONET_18867,wildfires,"DCNF C-3 RX Prescribed Fire, Houston, Texas",False,https://eonet.gsfc.nasa.gov/api/v3/events/EONET_18867
EONET_18851,wildfires,"SHNF C-16/17 RX Prescribed Fire, Montgomery, Texas",False,https://eonet.gsfc.nasa.gov/api/v3/events/EONET_18851
EONET_18865,wildfires,"Quail E RX Prescribed Fire, Clay, Alabama",False,https://eonet.gsfc.nasa.gov/api/v3/events/EONET_18865
EONET_18871,wildfires,"RX KENWOOD 25 26 Prescribed Fire, Delaware, Oklahoma",False,https://eonet.gsfc.nasa.gov/api/v3/events/EONET_18871
EONET_18872,wildfires,"RX SOUTH 6000 Prescribed Fire, Pittsburg, Oklahoma",False,https://eonet.gsfc.nasa.gov/api/v3/events/EONET_18872
EONET_18866,wildfires,"SNF Triumph Church C-27/28 RX Prescribed Fire, Shelby, Texas",False,https://eonet.gsfc.nasa.gov/api/v3/events/EONET_18866
EONET_18853,wildfires,"RX BO/MAG Prairie South 3&amp;4 Prescribed Fire, Yell, Arkansas",False,https://eonet.gsfc.nasa.gov/api/v3/events/EONET_18853
EONET_18857,wildfires,"IDNR Pyramid (Captain) RX Prescribed Fire, Perry, Illinois",False,https://eonet.gsfc.nasa.gov/api/v3/events/EONET_18857
EONET_18860,wildfires,"RX Pedestal Rocks 2 Prescribed Fire, Pope, Arkansas",False,https://eonet.gsfc.nasa.gov/api/v3/events/EONET_18860
EONET_18858,wildfires,"RX CALE BU 57 Prescribed Fire, Rapides, Louisiana",False,https://eonet.gsfc.nasa.gov/api/v3/events/EONET_18858
EONET_18783,wildfires,"RATTLESNAKE HOLLOW Wildfire, McIntosh, Oklahoma",False,https://eonet.gsfc.nasa.gov/api/v3/events/EONET_18783
EONET_18870,wildfires,"Compartment 19 RX Prescribed Fire, Hale, Alabama",False,https://eonet.gsfc.nasa.gov/api/v3/events/EONET_18870
EONET_18850,wildfires,"RX CAT BU 103 Prescribed Fire, Rapides, Louisiana",False,https://eonet.gsfc.nasa.gov/api/v3/events/EONET_18850
EONET_18869,wildfires,"RX PCS McConnell 1 Prescribed Fire, Scott, Arkansas",False,https://eonet.gsfc.nasa.gov/api/v3/events/EONET_18869
EONET_18862,wildfires,"RX Spring Creek South Prescribed Fire, Searcy, Arkansas",False,https://eonet.gsfc.nasa.gov/api/v3/events/EONET_18862
EONET_18863,wildfires,"RX PCS Andy Knight North Prescribed Fire, Scott, Arkansas",False,https://eonet.gsfc.nasa.gov/api/v3/events/EONET_18863
EONET_18859,wildfires,"RX MCWA Linson Prescribed Fire, McCurtain, Oklahoma",False,https://eonet.gsfc.nasa.gov/api/v3/events/EONET_18859
EONET_18852,wildfires,"RX Buck Creek Prescribed Fire, McCurtain, Oklahoma",False,https://eonet.gsfc.nasa.gov/api/v3/events/EONET_18852
EONET_18861,wildfires,"RX Cedar West Prescribed Fire, Johnson, Arkansas",False,https://eonet.gsfc.nasa.gov/api/v3/events/EONET_18861
EONET_18856,wildfires,"Little Creek RX Prescribed Fire, Dent, Missouri",False,https://eonet.gsfc.nasa.gov/api/v3/events/EONET_18856
EONET_18755,wildfires,"139 Wildfire, Liberty, Florida",False,https://eonet.gsfc.nasa.gov/api/v3/events/EONET_18755
EONET_18879,wildfires,"RX Mills Prescribed Fire, Conway, Arkansas",False,https://eonet.gsfc.nasa.gov/api/v3/events/EONET_18879
EONET_18806,wildfires,"RX Chickalah Mtn 1 Prescribed Fire, Yell, Arkansas",False,https://eonet.gsfc.nasa.gov/api/v3/events/EONET_18806
EONET_18876,wildfires,"RX Stateline Prescribed Fire, Scott, Arkansas",False,https://eonet.gsfc.nasa.gov/api/v3/events/EONET_18876
EONET_18878,wildfires,"RX Fourche Valley Unit 4 Prescribed Fire, Yell, Arkansas",False,https://eonet.gsfc.nasa.gov/api/v3/events/EONET_18878
EONET_18846,wildfires,"Bean Hollow RX Prescribed Fire, Barry, Missouri",False,https://eonet.gsfc.nasa.gov/api/v3/events/EONET_18846
EONET_18875,wildfires,"RX North 6000 Prescribed Fire, Pittsburg, Oklahoma",False,https://eonet.gsfc.nasa.gov/api/v3/events/EONET_18875
EONET_18874,wildfires,"RX West Grapevine Prescribed Fire, Montgomery, Arkansas",False,https://eonet.gsfc.nasa.gov/api/v3/events/EONET_18874
EONET_18825,wildfires,"Little Fourche Wildfire, Latimer, Oklahoma",False,https://eonet.gsfc.nasa.gov/api/v3/events/EONET_18825
EONET_18843,wildfires,"D7 Pine RX Prescribed Fire, Navajo, Arizona",False,https://eonet.gsfc.nasa.gov/api/v3/events/EONET_18843
EONET_18844,wildfires,"D7 Thomas RX Prescribed Fire, Navajo, Arizona",False,https://eonet.gsfc.nasa.gov/api/v3/events/EONET_18844
EONET_18647,wildfires,"MICAWBER Wildfire, Creek, Oklahoma",False,https://eonet.gsfc.nasa.gov/api/v3/events/EONET_18647
EONET_18652,wildfires,"Water Moccasin Wildfire, Love, Oklahoma",False,https://eonet.gsfc.nasa.gov/api/v3/events/EONET_18652
EONET_18653,wildfires,"Salt Fork Wildfire, Jackson, Oklahoma",False,https://eonet.gsfc.nasa.gov/api/v3/events/EONET_18653
EONET_18649,wildfires,"Neon Beige Wildfire, Oldham, Texas",False,https://eonet.gsfc.nasa.gov/api/v3/events/EONET_18649
EONET_18645,wildfires,"Moreau River Wildfire, Dewey, South Dakota",False,https://eonet.gsfc.nasa.gov/api/v3/events/EONET_18645
EONET_18650,wildfires,"Quail AB Rx Prescribed Fire, Clay, Alabama",False,https://eonet.gsfc.nasa.gov/api/v3/events/EONET_18650
EONET_18762,wildfires,"Cottonwood Wildfire, Lincoln, Nebraska",False,https://eonet.gsfc.nasa.gov/api/v3/events/EONET_18762
EONET_18655,wildfires,"BOY SCOUT Wildfire, Osage, Oklahoma",False,https://eonet.gsfc.nasa.gov/api/v3/events/EONET_18655
EONET_18864,wildfires,"Collier Creek Comp 32 RX Prescribed Fire, Winston, Alabama",False,https://eonet.gsfc.nasa.gov/api/v3/events/EONET_18864
EONET_18656,wildfires,"FIVE Wildfire, Osage, Oklahoma",False,https://eonet.gsfc.nasa.gov/api/v3/events/EONET_18656
EONET_18667,wildfires,"SHNF C-45 RX Prescribed Fire, Walker, Texas",False,https://eonet.gsfc.nasa.gov/api/v3/events/EONET_18667
EONET_18664,wildfires,"RX Wildhorse South Prescribed Fire, Le Flore, Oklahoma",False,https://eonet.gsfc.nasa.gov/api/v3/events/EONET_18664
EONET_18666,wildfires,"SHNF C-19/20 RX Prescribed Fire, Walker, Texas",False,https://eonet.gsfc.nasa.gov/api/v3/events/EONET_18666
EONET_18669,wildfires,"RX Little Missouri Mountain Prescribed Fire, Polk, Arkansas",False,https://eonet.gsfc.nasa.gov/api/v3/events/EONET_18669
EONET_18805,wildfires,"RX Gee Creek Prescribed Fire, Johnson, Arkansas",False,https://eonet.gsfc.nasa.gov/api/v3/events/EONET_18805
EONET_18670,wildfires,"RX PCS Holly Mountain Prescribed Fire, Scott, Arkansas",False,https://eonet.gsfc.nasa.gov/api/v3/events/EONET_18670
EONET_18676,wildfires,"Sherman Hunt Camp South &amp; Quail F RX Prescribed Fire, Clay, Alabama",False,https://eonet.gsfc.nasa.gov/api/v3/events/EONET_18676
EONET_18672,wildfires,"State of IL East RX Prescribed Fire, Jackson, Illinois",False,https://eonet.gsfc.nasa.gov/api/v3/events/EONET_18672
EONET_18668,wildfires,"RX Fourche Valley Unit 3 Prescribed Fire, Yell, Arkansas",False,https://eonet.gsfc.nasa.gov/api/v3/events/EONET_18668
EONET_18675,wildfires,"RX CALV BU 127-128 Prescribed Fire, Vernon, Louisiana",False,https://eonet.gsfc.nasa.gov/api/v3/events/EONET_18675
EONET_19192,wildfires,"Morton Mtn AP RX Prescribed Fire, Oconee, South Carolina",False,https://eonet.gsfc.nasa.gov/api/v3/events/EONET_19192
EONET_18773,wildfires,"Woodlawn Wildfire, McCormick, South Carolina",False,https://eonet.gsfc.nasa.gov/api/v3/events/EONET_18773
EONET_18678,wildfires,"Butcher Hollow Block 1 RX Prescribed Fire, Reynolds, Missouri",False,https://eonet.gsfc.nasa.gov/api/v3/events/EONET_18678
EONET_18677,wildfires,"Bounds Branch RX Prescribed Fire, Dent, Missouri",False,https://eonet.gsfc.nasa.gov/api/v3/events/EONET_18677
EONET_18679,wildfires,"Essman Spring Landscape RX Prescribed Fire, Butler, Missouri",False,https://eonet.gsfc.nasa.gov/api/v3/events/EONET_18679
EONET_18657,wildfires,"YEARLING PASTURE Wildfire, Osage, Oklahoma",False,https://eonet.gsfc.nasa.gov/api/v3/events/EONET_18657
EONET_18663,wildfires,"Dodge Hollow RX Prescribed Fire, Barry, Missouri",False,https://eonet.gsfc.nasa.gov/api/v3/events/EONET_18663
EONET_18692,wildfires,"RX DRAKE RANCH SW Prescribed Fire, Murray, Oklahoma",False,https://eonet.gsfc.nasa.gov/api/v3/events/EONET_18692
EONET_18688,wildfires,"Bicycle Bridge Wildfire, Marshall, Kansas",False,https://eonet.gsfc.nasa.gov/api/v3/events/EONET_18688
EONET_18687,wildfires,"RX Forks 1 &amp; 2 Prescribed Fire, Montgomery, Arkansas",False,https://eonet.gsfc.nasa.gov/api/v3/events/EONET_18687
EONET_18690,wildfires,"RX Sherman Mountain Prescribed Fire, Montgomery, Arkansas",False,https://eonet.gsfc.nasa.gov/api/v3/events/EONET_18690
EONET_18654,wildfires,"Morrill Wildfire, Garden, Nebraska",False,https://eonet.gsfc.nasa.gov/api/v3/events/EONET_18654
EONET_18683,wildfires,"RX Jake&#039;s Creek KV Prescribed Fire, Pope, Arkansas",False,https://eonet.gsfc.nasa.gov/api/v3/events/EONET_18683
EONET_18682,wildfires,"RX Dry Branch Prescribed Fire, Pope, Arkansas",False,https://eonet.gsfc.nasa.gov/api/v3/events/EONET_18682
EONET_19372,wildfires,"C-211 LC RX Prescribed Fire, McCormick, South Carolina",False,https://eonet.gsfc.nasa.gov/api/v3/events/EONET_19372
EONET_18680,wildfires,"SHNF COMP 102 RX Prescribed Fire, San Jacinto, Texas",False,https://eonet.gsfc.nasa.gov/api/v3/events/EONET_18680
EONET_18685,wildfires,"RX Bad Branch Prescribed Fire, Stone, Arkansas",False,https://eonet.gsfc.nasa.gov/api/v3/events/EONET_18685
EONET_18693,wildfires,"Vance Barnett RX Prescribed Fire, Shannon, Missouri",False,https://eonet.gsfc.nasa.gov/api/v3/events/EONET_18693
EONET_18662,wildfires,"Devil&#039;s Well Rx Prescribed Fire, Shannon, Missouri",False,https://eonet.gsfc.nasa.gov/api/v3/events/EONET_18662
EONET_18681,wildfires,"RX Soda Hollow Prescribed Fire, Franklin, Arkansas",False,https://eonet.gsfc.nasa.gov/api/v3/events/EONET_18681
EONET_19193,wildfires,"RUSSELL MOUNTAIN AP RX Prescribed Fire, Oconee, South Carolina",False,https://eonet.gsfc.nasa.gov/api/v3/events/EONET_19193
EONET_19199,wildfires,"C-40 EN SOUTH RX Prescribed Fire, Union, South Carolina",False,https://eonet.gsfc.nasa.gov/api/v3/events/EONET_19199
EONET_18691,wildfires,"Anderson Bridge Wildfire, Cherry, Nebraska",False,https://eonet.gsfc.nasa.gov/api/v3/events/EONET_18691
EONET_18651,wildfires,"Qury Wildfire, Custer, South Dakota",False,https://eonet.gsfc.nasa.gov/api/v3/events/EONET_18651
EONET_18658,wildfires,"Road 203 Wildfire, Thomas, Nebraska",False,https://eonet.gsfc.nasa.gov/api/v3/events/EONET_18658
EONET_18671,wildfires,"MOREAU RIVER Wildfire, Dewey, South Dakota",False,https://eonet.gsfc.nasa.gov/api/v3/events/EONET_18671
EONET_18694,wildfires,"RX DRAKE RANCH Prescribed Fire, Murray, Oklahoma",False,https://eonet.gsfc.nasa.gov/api/v3/events/EONET_18694
EONET_19211,wildfires,"Hale Ridge East/West RX Prescribed Fire, Rabun, Georgia",False,https://eonet.gsfc.nasa.gov/api/v3/events/EONET_19211
EONET_19200,wildfires,"C-107 C-119 BLOCKS B EN RX Prescribed Fire, Newberry, South Carolina",False,https://eonet.gsfc.nasa.gov/api/v3/events/EONET_19200
EONET_19373,wildfires,"C-297 LC RX Prescribed Fire, McCormick, South Carolina",False,https://eonet.gsfc.nasa.gov/api/v3/events/EONET_19373
EONET_18526,wildfires,"Yellow Wildfire, Moore, Texas",False,https://eonet.gsfc.nasa.gov/api/v3/events/EONET_18526
EONET_18531,wildfires,"RX PCS White Oak Prescribed Fire, Scott, Arkansas",False,https://eonet.gsfc.nasa.gov/api/v3/events/EONET_18531
EONET_19210,wildfires,"Compartment 113 RX Prescribed Fire, Jasper, Georgia",False,https://eonet.gsfc.nasa.gov/api/v3/events/EONET_19210
EONET_19374,wildfires,"C-202 &amp; 203 LC RX Prescribed Fire, Abbeville, South Carolina",False,https://eonet.gsfc.nasa.gov/api/v3/events/EONET_19374
EONET_18659,wildfires,"Morris Hill RX Prescribed Fire, Alleghany, Virginia",False,https://eonet.gsfc.nasa.gov/api/v3/events/EONET_18659
EONET_18527,wildfires,"Cabin Creek Wildfire, Gray, Texas",False,https://eonet.gsfc.nasa.gov/api/v3/events/EONET_18527
EONET_18696,wildfires,"Compartment 182 RX Prescribed Fire, Greene, Georgia",False,https://eonet.gsfc.nasa.gov/api/v3/events/EONET_18696
EONET_18532,wildfires,"Porcupine Creek Wildfire, Campbell, Wyoming",False,https://eonet.gsfc.nasa.gov/api/v3/events/EONET_18532
EONET_18665,wildfires,"Salina Canyon East RX Prescribed Fire, Sevier, Utah",False,https://eonet.gsfc.nasa.gov/api/v3/events/EONET_18665
EONET_18536,wildfires,"Rock Ridge Wildfire, Chouteau, Montana",False,https://eonet.gsfc.nasa.gov/api/v3/events/EONET_18536
EONET_18540,wildfires,"Eldorado Wildfire, Teton, Montana",False,https://eonet.gsfc.nasa.gov/api/v3/events/EONET_18540
EONET_18546,wildfires,"South Patrol North RX Prescribed Fire, Will, Illinois",False,https://eonet.gsfc.nasa.gov/api/v3/events/EONET_18546
EONET_18542,wildfires,"RX Interior Pastures 2 Prescribed Fire, Comanche, Oklahoma",False,https://eonet.gsfc.nasa.gov/api/v3/events/EONET_18542
EONET_18544,wildfires,"440 Wildfire, Dixie, Florida",False,https://eonet.gsfc.nasa.gov/api/v3/events/EONET_18544
EONET_18528,wildfires,"OLD BOWLING GREEN Wildfire, Polk, Florida",False,https://eonet.gsfc.nasa.gov/api/v3/events/EONET_18528
EONET_18554,wildfires,"Bienville CPT 30 Sub1 CPT 20 Sub1 RX Prescribed Fire, Scott, Mississippi",False,https://eonet.gsfc.nasa.gov/api/v3/events/EONET_18554
EONET_18552,wildfires,"11A/11B/11C RX Prescribed Fire, Jasper, Georgia",False,https://eonet.gsfc.nasa.gov/api/v3/events/EONET_18552
EONET_18550,wildfires,"Compartment 174 RX Prescribed Fire, Greene, Georgia",False,https://eonet.gsfc.nasa.gov/api/v3/events/EONET_18550
EONET_18551,wildfires,"Compartment 160 RX Prescribed Fire, Putnam, Georgia",False,https://eonet.gsfc.nasa.gov/api/v3/events/EONET_18551
EONET_18558,wildfires,"Homochitto BB 15 Sub 1 RX Prescribed Fire, Franklin, Mississippi",False,https://eonet.gsfc.nasa.gov/api/v3/events/EONET_18558
EONET_19230,wildfires,"BORDER 1 RX Prescribed Fire, Cochise, Arizona",False,https://eonet.gsfc.nasa.gov/api/v3/events/EONET_19230
EONET_18560,wildfires,"Site 2 RX Prescribed Fire, Clay, Alabama",False,https://eonet.gsfc.nasa.gov/api/v3/events/EONET_18560
EONET_18547,wildfires,"RX Sugar Creek 2 Prescribed Fire, Lee, Arkansas",False,https://eonet.gsfc.nasa.gov/api/v3/events/EONET_18547
EONET_18839,wildfires,"Hall RX Prescribed Fire, Lawrence, Alabama",False,https://eonet.gsfc.nasa.gov/api/v3/events/EONET_18839
EONET_18557,wildfires,"Compartment 118 RX Prescribed Fire, Jasper, Georgia",False,https://eonet.gsfc.nasa.gov/api/v3/events/EONET_18557
EONET_18553,wildfires,"25A/25B/25C RX Prescribed Fire, Jones, Georgia",False,https://eonet.gsfc.nasa.gov/api/v3/events/EONET_18553
EONET_19209,wildfires,"Compartment 146-147 RX Prescribed Fire, Putnam, Georgia",False,https://eonet.gsfc.nasa.gov/api/v3/events/EONET_19209
EONET_18530,wildfires,"Chokecherry RX Prescribed Fire, Thomas, Nebraska",False,https://eonet.gsfc.nasa.gov/api/v3/events/EONET_18530
EONET_18697,wildfires,"Site 3 B&amp;E RX Prescribed Fire, Talladega, Alabama",False,https://eonet.gsfc.nasa.gov/api/v3/events/EONET_18697
EONET_18561,wildfires,"Flag MTN A-E RX Prescribed Fire, Cleburne, Alabama",False,https://eonet.gsfc.nasa.gov/api/v3/events/EONET_18561
EONET_18563,wildfires,"Compartment 5-6-7 RX Prescribed Fire, Jones, Georgia",False,https://eonet.gsfc.nasa.gov/api/v3/events/EONET_18563
EONET_19201,wildfires,"C-10/11 EN RX Prescribed Fire, Chester, South Carolina",False,https://eonet.gsfc.nasa.gov/api/v3/events/EONET_19201
EONET_18537,wildfires,"FPL Solar Field (26) Wildfire, Hendry, Florida",False,https://eonet.gsfc.nasa.gov/api/v3/events/EONET_18537
EONET_18535,wildfires,"EAST TOWER Wildfire, Dare, North Carolina",False,https://eonet.gsfc.nasa.gov/api/v3/events/EONET_18535
EONET_18648,wildfires,"MTN Longleaf North Unit Rx Prescribed Fire, Calhoun, Alabama",False,https://eonet.gsfc.nasa.gov/api/v3/events/EONET_18648
EONET_18573,wildfires,"Carroll - CR 150 Wildfire, Carroll, Mississippi",False,https://eonet.gsfc.nasa.gov/api/v3/events/EONET_18573
EONET_18571,wildfires,"Rhea - Robinson RX Prescribed Fire, Rhea, Tennessee",False,https://eonet.gsfc.nasa.gov/api/v3/events/EONET_18571
EONET_18562,wildfires,"RX Mount Ida 9 Prescribed Fire, Montgomery, Arkansas",False,https://eonet.gsfc.nasa.gov/api/v3/events/EONET_18562
EONET_18570,wildfires,"Chickasawhay CPT 408 409 RX Prescribed Fire, Wayne, Mississippi",False,https://eonet.gsfc.nasa.gov/api/v3/events/EONET_18570
EONET_18974,wildfires,"Quail 1/3/7/9/10/11 RX Prescribed Fire, Cleburne, Alabama",False,https://eonet.gsfc.nasa.gov/api/v3/events/EONET_18974
EONET_18549,wildfires,"BLACK KETTLE RX Prescribed Fire, Roger Mills, Oklahoma",False,https://eonet.gsfc.nasa.gov/api/v3/events/EONET_18549
EONET_18978,wildfires,"Compartment 40B RX Prescribed Fire, Hale, Alabama",False,https://eonet.gsfc.nasa.gov/api/v3/events/EONET_18978
EONET_18569,wildfires,"RX KIS BU 10 Prescribed Fire, Natchitoches, Louisiana",False,https://eonet.gsfc.nasa.gov/api/v3/events/EONET_18569
EONET_18556,wildfires,"Helen Wildfire, Mora, New Mexico",False,https://eonet.gsfc.nasa.gov/api/v3/events/EONET_18556
EONET_18565,wildfires,"Hancock - Dickerson Rd Wildfire, Hancock, Mississippi",False,https://eonet.gsfc.nasa.gov/api/v3/events/EONET_18565
EONET_18575,wildfires,"RX Caddo Pond (C47 Old Growth) Prescribed Fire, Montgomery, Arkansas",False,https://eonet.gsfc.nasa.gov/api/v3/events/EONET_18575
EONET_18583,wildfires,"Rawlins Co TP Wildfire, Rawlins, Kansas",False,https://eonet.gsfc.nasa.gov/api/v3/events/EONET_18583
EONET_18555,wildfires,"Tombigbee IU 9-1 RX Prescribed Fire, Chickasaw, Mississippi",False,https://eonet.gsfc.nasa.gov/api/v3/events/EONET_18555
EONET_18533,wildfires,"Savannah Wildfire, Liberty, Florida",False,https://eonet.gsfc.nasa.gov/api/v3/events/EONET_18533
EONET_18577,wildfires,"RX PCS Square Rock 3&amp;4 Prescribed Fire, Scott, Arkansas",False,https://eonet.gsfc.nasa.gov/api/v3/events/EONET_18577
EONET_18578,wildfires,"RX CAN BU 21 Prescribed Fire, Webster, Louisiana",False,https://eonet.gsfc.nasa.gov/api/v3/events/EONET_18578
EONET_18574,wildfires,"RX CAN BU 17-20 Prescribed Fire, Claiborne, Louisiana",False,https://eonet.gsfc.nasa.gov/api/v3/events/EONET_18574
EONET_18580,wildfires,"Lower Shoal B&amp;C RX Prescribed Fire, Cleburne, Alabama",False,https://eonet.gsfc.nasa.gov/api/v3/events/EONET_18580
EONET_18579,wildfires,"Horn Mtn West RX Prescribed Fire, Clay, Alabama",False,https://eonet.gsfc.nasa.gov/api/v3/events/EONET_18579
EONET_18581,wildfires,"Chickasawhay CPT 395 398 399  RX Prescribed Fire, Wayne, Mississippi",False,https://eonet.gsfc.nasa.gov/api/v3/events/EONET_18581
EONET_18582,wildfires,"Compartment 18 RX Prescribed Fire, Macon, Alabama",False,https://eonet.gsfc.nasa.gov/api/v3/events/EONET_18582
EONET_18977,wildfires,"Compartment 51 RX Prescribed Fire, Bibb, Alabama",False,https://eonet.gsfc.nasa.gov/api/v3/events/EONET_18977
EONET_18576,wildfires,"RX Blackfork Alpha Prescribed Fire, Scott, Arkansas",False,https://eonet.gsfc.nasa.gov/api/v3/events/EONET_18576
EONET_18566,wildfires,"Pocket South RX Prescribed Fire, Walker, Georgia",False,https://eonet.gsfc.nasa.gov/api/v3/events/EONET_18566
EONET_18564,wildfires,"Compartments 1-2-3 RX Prescribed Fire, Jones, Georgia",False,https://eonet.gsfc.nasa.gov/api/v3/events/EONET_18564
EONET_18586,wildfires,"Doyle 3 RX Prescribed Fire, Will, Illinois",False,https://eonet.gsfc.nasa.gov/api/v3/events/EONET_18586
EONET_18309,wildfires,"TUS Wolfe Ridge RX Prescribed Fire, Clay, North Carolina",False,https://eonet.gsfc.nasa.gov/api/v3/events/EONET_18309
EONET_18534,wildfires,"BrB04 RX Prescribed Fire, Covington, Alabama",False,https://eonet.gsfc.nasa.gov/api/v3/events/EONET_18534
EONET_18591,wildfires,"Pinnacle RX Prescribed Fire, Talladega, Alabama",False,https://eonet.gsfc.nasa.gov/api/v3/events/EONET_18591
EONET_18308,wildfires,"Raven Rock D/Pilgrims Rest A RX Prescribed Fire, Cleburne, Alabama",False,https://eonet.gsfc.nasa.gov/api/v3/events/EONET_18308
EONET_18873,wildfires,"RX BIG OK Prescribed Fire, Pittsburg, Oklahoma",False,https://eonet.gsfc.nasa.gov/api/v3/events/EONET_18873
EONET_18976,wildfires,"Compartment 31 RX Prescribed Fire, Bibb, Alabama",False,https://eonet.gsfc.nasa.gov/api/v3/events/EONET_18976
EONET_18587,wildfires,"RX CAN BU 22-23 Prescribed Fire, Webster, Louisiana",False,https://eonet.gsfc.nasa.gov/api/v3/events/EONET_18587
EONET_18588,wildfires,"LIRI NE Complex RX Prescribed Fire, Cherokee, Alabama",False,https://eonet.gsfc.nasa.gov/api/v3/events/EONET_18588
EONET_18317,wildfires,"BSW 05/06 RX Prescribed Fire, Covington, Alabama",False,https://eonet.gsfc.nasa.gov/api/v3/events/EONET_18317
EONET_18311,wildfires,"RX Mount Ida 18 25 29 Prescribed Fire, Montgomery, Arkansas",False,https://eonet.gsfc.nasa.gov/api/v3/events/EONET_18311
EONET_18318,wildfires,"RX CAT BU 52 Prescribed Fire, Grant, Louisiana",False,https://eonet.gsfc.nasa.gov/api/v3/events/EONET_18318
EONET_18314,wildfires,"RX Redbank Units 456 Prescribed Fire, Garland, Arkansas",False,https://eonet.gsfc.nasa.gov/api/v3/events/EONET_18314
EONET_18590,wildfires,"RX Red Lick Prescribed Fire, Le Flore, Oklahoma",False,https://eonet.gsfc.nasa.gov/api/v3/events/EONET_18590
EONET_18313,wildfires,"RX Johnson Creek 3 Prescribed Fire, Scott, Arkansas",False,https://eonet.gsfc.nasa.gov/api/v3/events/EONET_18313
EONET_18323,wildfires,"East Range Unit A RX Prescribed Fire, Pulaski, Missouri",False,https://eonet.gsfc.nasa.gov/api/v3/events/EONET_18323
EONET_18315,wildfires,"Kellogg Wildfire, Schleicher, Texas",False,https://eonet.gsfc.nasa.gov/api/v3/events/EONET_18315
EONET_18312,wildfires,"Bascom Road Wildfire, Pittsburg, Oklahoma",False,https://eonet.gsfc.nasa.gov/api/v3/events/EONET_18312
EONET_18326,wildfires,"RX Rorie North 2 Prescribed Fire, Baxter, Arkansas",False,https://eonet.gsfc.nasa.gov/api/v3/events/EONET_18326
EONET_18320,wildfires,"Bunker South RX Prescribed Fire, Dent, Missouri",False,https://eonet.gsfc.nasa.gov/api/v3/events/EONET_18320
EONET_18324,wildfires,"RX PCS Freedom Mountain Prescribed Fire, Scott, Arkansas",False,https://eonet.gsfc.nasa.gov/api/v3/events/EONET_18324
EONET_18328,wildfires,"RX OKWMR Interior Pastures Prescribed Fire, Comanche, Oklahoma",False,https://eonet.gsfc.nasa.gov/api/v3/events/EONET_18328
EONET_18325,wildfires,"RX Daniels Mt and Greenshaw Prescribed Fire, Newton, Arkansas",False,https://eonet.gsfc.nasa.gov/api/v3/events/EONET_18325
EONET_18332,wildfires,"RX South Fouche Cove Unit 1 Prescribed Fire, Yell, Arkansas",False,https://eonet.gsfc.nasa.gov/api/v3/events/EONET_18332
EONET_18331,wildfires,"RX Fourmile Prescribed Fire, Yell, Arkansas",False,https://eonet.gsfc.nasa.gov/api/v3/events/EONET_18331
EONET_18327,wildfires,"RX Gap Creek12 13 14 Hickory Nut Mountain Prescribed Fire, Garland, Arkansas",False,https://eonet.gsfc.nasa.gov/api/v3/events/EONET_18327
EONET_18333,wildfires,"RX Fish Fry I &amp; II Prescribed Fire, McCurtain, Oklahoma",False,https://eonet.gsfc.nasa.gov/api/v3/events/EONET_18333
EONET_18316,wildfires,"Doke Number Two Wildfire, Atoka, Oklahoma",False,https://eonet.gsfc.nasa.gov/api/v3/events/EONET_18316
EONET_18329,wildfires,"Preusch-Smith RX Prescribed Fire, Pulaski, Missouri",False,https://eonet.gsfc.nasa.gov/api/v3/events/EONET_18329
EONET_18334,wildfires,"RADAR RD (53) Wildfire, Polk, Florida",False,https://eonet.gsfc.nasa.gov/api/v3/events/EONET_18334
EONET_18336,wildfires,"RX White Oak East Prescribed Fire, Pope, Arkansas",False,https://eonet.gsfc.nasa.gov/api/v3/events/EONET_18336
EONET_18338,wildfires,"RX PCS Square Rock 1 and 2 Prescribed Fire, Scott, Arkansas",False,https://eonet.gsfc.nasa.gov/api/v3/events/EONET_18338
EONET_18346,wildfires,"Mill Buzzard RX Prescribed Fire, Shannon, Missouri",False,https://eonet.gsfc.nasa.gov/api/v3/events/EONET_18346
EONET_18347,wildfires,"Rocky Branch RX Prescribed Fire, Texas, Missouri",False,https://eonet.gsfc.nasa.gov/api/v3/events/EONET_18347
EONET_18345,wildfires,"Pineknot South RX Prescribed Fire, Carter, Missouri",False,https://eonet.gsfc.nasa.gov/api/v3/events/EONET_18345
EONET_18337,wildfires,"RX CAT BU 36 Prescribed Fire, Grant, Louisiana",False,https://eonet.gsfc.nasa.gov/api/v3/events/EONET_18337
EONET_18341,wildfires,"RX Buff Creek Bill Prescribed Fire, Searcy, Arkansas",False,https://eonet.gsfc.nasa.gov/api/v3/events/EONET_18341
EONET_18340,wildfires,"RX Pink Twist Prescribed Fire, Franklin, Arkansas",False,https://eonet.gsfc.nasa.gov/api/v3/events/EONET_18340
EONET_18339,wildfires,"RX Buffalo Danny Prescribed Fire, McCurtain, Oklahoma",False,https://eonet.gsfc.nasa.gov/api/v3/events/EONET_18339
EONET_18343,wildfires,"SUNRISE Wildfire, Okfuskee, Oklahoma",False,https://eonet.gsfc.nasa.gov/api/v3/events/EONET_18343
EONET_18342,wildfires,"RX MO West 33 Prescribed Fire, Montgomery, Arkansas",False,https://eonet.gsfc.nasa.gov/api/v3/events/EONET_18342
EONET_18335,wildfires,"RX WINN BU 65 Prescribed Fire, Winn, Louisiana",False,https://eonet.gsfc.nasa.gov/api/v3/events/EONET_18335
EONET_18349,wildfires,"Rx Hardin 1762 Prescribed Fire, Hardin, Texas",False,https://eonet.gsfc.nasa.gov/api/v3/events/EONET_18349
EONET_18350,wildfires,"Rx Trinity 1763 Prescribed Fire, Trinity, Texas",False,https://eonet.gsfc.nasa.gov/api/v3/events/EONET_18350
EONET_18351,wildfires,"Rx Houston 1860 Prescribed Fire, Houston, Texas",False,https://eonet.gsfc.nasa.gov/api/v3/events/EONET_18351
EONET_18352,wildfires,"Rx Trinity 1851 Prescribed Fire, Trinity, Texas",False,https://eonet.gsfc.nasa.gov/api/v3/events/EONET_18352
EONET_18353,wildfires,"Rx Anderson 1713 Prescribed Fire, Anderson, Texas",False,https://eonet.gsfc.nasa.gov/api/v3/events/EONET_18353
EONET_18354,wildfires,"Rx Lamar 1874 Prescribed Fire, Lamar, Texas",False,https://eonet.gsfc.nasa.gov/api/v3/events/EONET_18354
EONET_18355,wildfires,"Rx Morris 1706 Prescribed Fire, Morris, Texas",False,https://eonet.gsfc.nasa.gov/api/v3/events/EONET_18355
EONET_18344,wildfires,"RX CALV BU 102-105 Prescribed Fire, Vernon, Louisiana",False,https://eonet.gsfc.nasa.gov/api/v3/events/EONET_18344
EONET_18310,wildfires,"Rehder Creek Wildfire, Musselshell, Montana",False,https://eonet.gsfc.nasa.gov/api/v3/events/EONET_18310
EONET_18572,wildfires,"Brooklyn Divide RX Prescribed Fire, Jefferson, Montana",False,https://eonet.gsfc.nasa.gov/api/v3/events/EONET_18572
EONET_18364,wildfires,"RX Bomag Bell Springs Prescribed Fire, Logan, Arkansas",False,https://eonet.gsfc.nasa.gov/api/v3/events/EONET_18364
EONET_18358,wildfires,"RX PCS Sugar Creek 3 Prescribed Fire, Scott, Arkansas",False,https://eonet.gsfc.nasa.gov/api/v3/events/EONET_18358
EONET_18154,wildfires,"HORSE HEAD Wildfire, Okfuskee, Oklahoma",False,https://eonet.gsfc.nasa.gov/api/v3/events/EONET_18154
EONET_18357,wildfires,"RX PCS McConnell 2 and 3 Prescribed Fire, Scott, Arkansas",False,https://eonet.gsfc.nasa.gov/api/v3/events/EONET_18357
EONET_18365,wildfires,"RX White Oak East Prescribed Fire, Pope, Arkansas",False,https://eonet.gsfc.nasa.gov/api/v3/events/EONET_18365
EONET_18367,wildfires,"RX CALE BU 374 Prescribed Fire, Rapides, Louisiana",False,https://eonet.gsfc.nasa.gov/api/v3/events/EONET_18367
EONET_18361,wildfires,"RX Gobbler&#039;s Knob Prescribed Fire, Newton, Arkansas",False,https://eonet.gsfc.nasa.gov/api/v3/events/EONET_18361
EONET_18363,wildfires,"RX Whiskey Springs 2 Prescribed Fire, Crawford, Arkansas",False,https://eonet.gsfc.nasa.gov/api/v3/events/EONET_18363
EONET_18360,wildfires,"RX Hog Jaw 3 8 10 11 13 Mt Ida 3 Prescribed Fire, Montgomery, Arkansas",False,https://eonet.gsfc.nasa.gov/api/v3/events/EONET_18360
EONET_18149,wildfires,"RX Cedar East Prescribed Fire, Johnson, Arkansas",False,https://eonet.gsfc.nasa.gov/api/v3/events/EONET_18149
EONET_18356,wildfires,"RX FY26 BUFF Lower Wilderness BIL Prescribed Fire, Marion, Arkansas",False,https://eonet.gsfc.nasa.gov/api/v3/events/EONET_18356
EONET_18362,wildfires,"RX Buffalo 1856/57 Prescribed Fire, McCurtain, Oklahoma",False,https://eonet.gsfc.nasa.gov/api/v3/events/EONET_18362
EONET_18366,wildfires,"RX Thorpe Mountain Prescribed Fire, Montgomery, Arkansas",False,https://eonet.gsfc.nasa.gov/api/v3/events/EONET_18366
EONET_18145,wildfires,"Turkey Creek Wildfire, Creek, Oklahoma",False,https://eonet.gsfc.nasa.gov/api/v3/events/EONET_18145
EONET_18151,wildfires,"Kataja Wildfire, Perry, Mississippi",False,https://eonet.gsfc.nasa.gov/api/v3/events/EONET_18151
EONET_18155,wildfires,"CRAWFORD Wildfire, Osage, Oklahoma",False,https://eonet.gsfc.nasa.gov/api/v3/events/EONET_18155
EONET_18359,wildfires,"Hancock - Texas Flat Rd/607 Wildfire, Hancock, Mississippi",False,https://eonet.gsfc.nasa.gov/api/v3/events/EONET_18359
EONET_18175,wildfires,"RX KENWOOD 38 Prescribed Fire, Delaware, Oklahoma",False,https://eonet.gsfc.nasa.gov/api/v3/events/EONET_18175
EONET_18162,wildfires,"Wolf Mountain RX Prescribed Fire, Ripley, Missouri",False,https://eonet.gsfc.nasa.gov/api/v3/events/EONET_18162
EONET_18348,wildfires,"IDBR - COLSP F1 RX Prescribed Fire, Lake, Illinois",False,https://eonet.gsfc.nasa.gov/api/v3/events/EONET_18348
EONET_18158,wildfires,"Box Springs Road Wildfire, Pushmataha, Oklahoma",False,https://eonet.gsfc.nasa.gov/api/v3/events/EONET_18158
EONET_18176,wildfires,"Handy RX Prescribed Fire, Ripley, Missouri",False,https://eonet.gsfc.nasa.gov/api/v3/events/EONET_18176
EONET_18156,wildfires,"RX Gobbler&#039;s Knob Blackline Prescribed Fire, Newton, Arkansas",False,https://eonet.gsfc.nasa.gov/api/v3/events/EONET_18156
EONET_18322,wildfires,"Compartment 25 RX Prescribed Fire, Bibb, Alabama",False,https://eonet.gsfc.nasa.gov/api/v3/events/EONET_18322
EONET_18321,wildfires,"Talladega Mtn RX Prescribed Fire, Talladega, Alabama",False,https://eonet.gsfc.nasa.gov/api/v3/events/EONET_18321
EONET_18160,wildfires,"RX PCS Holly Mountain North Prescribed Fire, Scott, Arkansas",False,https://eonet.gsfc.nasa.gov/api/v3/events/EONET_18160
EONET_18169,wildfires,"Compartment 50 RX Prescribed Fire, Bibb, Alabama",False,https://eonet.gsfc.nasa.gov/api/v3/events/EONET_18169
EONET_18163,wildfires,"RX PCS Key Mountain West Prescribed Fire, Scott, Arkansas",False,https://eonet.gsfc.nasa.gov/api/v3/events/EONET_18163
EONET_18164,wildfires,"RX John Turner Prescribed Fire, Franklin, Arkansas",False,https://eonet.gsfc.nasa.gov/api/v3/events/EONET_18164
EONET_18165,wildfires,"RX Crystal Mountain Prescribed Fire, Garland, Arkansas",False,https://eonet.gsfc.nasa.gov/api/v3/events/EONET_18165
EONET_18179,wildfires,"Compartment 112 RX Prescribed Fire, Jasper, Georgia",False,https://eonet.gsfc.nasa.gov/api/v3/events/EONET_18179
EONET_18166,wildfires,"RX BEAR CREEK Prescribed Fire, McCurtain, Oklahoma",False,https://eonet.gsfc.nasa.gov/api/v3/events/EONET_18166
EONET_18168,wildfires,"29B/29C RX Prescribed Fire, Jones, Georgia",False,https://eonet.gsfc.nasa.gov/api/v3/events/EONET_18168
EONET_18171,wildfires,"RX Cedar Fork Prescribed Fire, Scott, Arkansas",False,https://eonet.gsfc.nasa.gov/api/v3/events/EONET_18171
EONET_18172,wildfires,"RX Avant 4 5 6 Prescribed Fire, Garland, Arkansas",False,https://eonet.gsfc.nasa.gov/api/v3/events/EONET_18172
EONET_18178,wildfires,"RX Lapile Crk South/Shallow Lake Prescribed Fire, Union, Arkansas",False,https://eonet.gsfc.nasa.gov/api/v3/events/EONET_18178
EONET_18170,wildfires,"RX Redbank Units 1 2 3 Prescribed Fire, Montgomery, Arkansas",False,https://eonet.gsfc.nasa.gov/api/v3/events/EONET_18170
EONET_18161,wildfires,"Upton Road Wildfire, Texas, Missouri",False,https://eonet.gsfc.nasa.gov/api/v3/events/EONET_18161
EONET_18147,wildfires,"Nebo Mountain Wildfire, Gillespie, Texas",False,https://eonet.gsfc.nasa.gov/api/v3/events/EONET_18147
EONET_18157,wildfires,"Willard Wildfire, Dallam, Texas",False,https://eonet.gsfc.nasa.gov/api/v3/events/EONET_18157
EONET_18153,wildfires,"ALABAMA CREEK Wildfire, Okfuskee, Oklahoma",False,https://eonet.gsfc.nasa.gov/api/v3/events/EONET_18153
EONET_18146,wildfires,"Cypress Creek Wildfire, Angelina, Texas",False,https://eonet.gsfc.nasa.gov/api/v3/events/EONET_18146
EONET_18182,wildfires,"RX Pilot Knob Prescribed Fire, Montgomery, Arkansas",False,https://eonet.gsfc.nasa.gov/api/v3/events/EONET_18182
EONET_18177,wildfires,"RX Optimus South Prescribed Fire, Stone, Arkansas",False,https://eonet.gsfc.nasa.gov/api/v3/events/EONET_18177
EONET_18181,wildfires,"RX PCS Kingdoodle Prescribed Fire, Scott, Arkansas",False,https://eonet.gsfc.nasa.gov/api/v3/events/EONET_18181
EONET_18187,wildfires,"RX FY26 North River Road  BIL Prescribed Fire, Newton, Arkansas",False,https://eonet.gsfc.nasa.gov/api/v3/events/EONET_18187
EONET_18174,wildfires,"IDNR - Cache RIver SNA RX Prescribed Fire, Johnson, Illinois",False,https://eonet.gsfc.nasa.gov/api/v3/events/EONET_18174
EONET_18180,wildfires,"RX Little Fir 16 Prescribed Fire, Montgomery, Arkansas",False,https://eonet.gsfc.nasa.gov/api/v3/events/EONET_18180
EONET_18186,wildfires,"19S/20N RX Prescribed Fire, Jones, Georgia",False,https://eonet.gsfc.nasa.gov/api/v3/events/EONET_18186
EONET_18183,wildfires,"Compartment 23/24 RX Prescribed Fire, Hale, Alabama",False,https://eonet.gsfc.nasa.gov/api/v3/events/EONET_18183
EONET_18173,wildfires,"Savage Highway Wildfire, Pittsburg, Oklahoma",False,https://eonet.gsfc.nasa.gov/api/v3/events/EONET_18173
EONET_18167,wildfires,"Boggy Wilderness Wildfire, Houston, Texas",False,https://eonet.gsfc.nasa.gov/api/v3/events/EONET_18167
EONET_18584,wildfires,"ZULU RX Prescribed Fire, Cochise, Arizona",False,https://eonet.gsfc.nasa.gov/api/v3/events/EONET_18584
EONET_18085,wildfires,"Holmes Chapel RX Prescribed Fire, Winston, Alabama",False,https://eonet.gsfc.nasa.gov/api/v3/events/EONET_18085
EONET_18084,wildfires,"Brushy Lake RX Prescribed Fire, Winston, Alabama",False,https://eonet.gsfc.nasa.gov/api/v3/events/EONET_18084
EONET_18070,wildfires,"RX PCS Sugar Creek 4 and 5 Prescribed Fire, Scott, Arkansas",False,https://eonet.gsfc.nasa.gov/api/v3/events/EONET_18070
EONET_18087,wildfires,"Compartment 13B RX Prescribed Fire, Bibb, Alabama",False,https://eonet.gsfc.nasa.gov/api/v3/events/EONET_18087
EONET_18188,wildfires,"Compartment 01/02/03 RX Prescribed Fire, Tuscaloosa, Alabama",False,https://eonet.gsfc.nasa.gov/api/v3/events/EONET_18188
EONET_18081,wildfires,"RX Little Fir 7 Prescribed Fire, Montgomery, Arkansas",False,https://eonet.gsfc.nasa.gov/api/v3/events/EONET_18081
EONET_18078,wildfires,"RX Vanderslice Unit 1 2 3 4 Prescribed Fire, Montgomery, Arkansas",False,https://eonet.gsfc.nasa.gov/api/v3/events/EONET_18078
EONET_18076,wildfires,"RX Posey Hollow Prescribed Fire, Polk, Arkansas",False,https://eonet.gsfc.nasa.gov/api/v3/events/EONET_18076
EONET_18083,wildfires,"RX South Fouche Cove Unit 2 Prescribed Fire, Perry, Arkansas",False,https://eonet.gsfc.nasa.gov/api/v3/events/EONET_18083
EONET_18074,wildfires,"RX North Blue Prescribed Fire, Le Flore, Oklahoma",False,https://eonet.gsfc.nasa.gov/api/v3/events/EONET_18074
EONET_18069,wildfires,"National Wildfire, Collier, Florida",False,https://eonet.gsfc.nasa.gov/api/v3/events/EONET_18069
EONET_18075,wildfires,"Hwy. 301 Wildfire, Charlton, Georgia",False,https://eonet.gsfc.nasa.gov/api/v3/events/EONET_18075
EONET_18695,wildfires,"RCK 04/05 RX Prescribed Fire, Escambia, Alabama",False,https://eonet.gsfc.nasa.gov/api/v3/events/EONET_18695
EONET_18152,wildfires,"Pine Hollow RX Prescribed Fire, Barry, Missouri",False,https://eonet.gsfc.nasa.gov/api/v3/events/EONET_18152
EONET_18072,wildfires,"Range 6 Wildfire, Perry, Mississippi",False,https://eonet.gsfc.nasa.gov/api/v3/events/EONET_18072
EONET_18101,wildfires,"Rx Newton 1414 Prescribed Fire, Newton, Texas",False,https://eonet.gsfc.nasa.gov/api/v3/events/EONET_18101
EONET_18089,wildfires,"RX OK-SLR F&amp;G Prescribed Fire, Alfalfa, Oklahoma",False,https://eonet.gsfc.nasa.gov/api/v3/events/EONET_18089
EONET_18088,wildfires,"RX PCS Johnson Creek Prescribed Fire, Scott, Arkansas",False,https://eonet.gsfc.nasa.gov/api/v3/events/EONET_18088
EONET_18091,wildfires,"RX Birmingham Prescribed Fire, Baxter, Arkansas",False,https://eonet.gsfc.nasa.gov/api/v3/events/EONET_18091
EONET_18090,wildfires,"Wolf Creek RX Prescribed Fire, Alexander, Illinois",False,https://eonet.gsfc.nasa.gov/api/v3/events/EONET_18090
EONET_18094,wildfires,"RX Avant 3 and 7 Prescribed Fire, Garland, Arkansas",False,https://eonet.gsfc.nasa.gov/api/v3/events/EONET_18094
EONET_18092,wildfires,"ROCKY (49) Wildfire, Osceola, Florida",False,https://eonet.gsfc.nasa.gov/api/v3/events/EONET_18092
EONET_18103,wildfires,"Greene - Hwy 57 Wildfire, Greene, Mississippi",False,https://eonet.gsfc.nasa.gov/api/v3/events/EONET_18103
EONET_18104,wildfires,"RX DFR LEDOUX WEST Prescribed Fire, Okmulgee, Oklahoma",False,https://eonet.gsfc.nasa.gov/api/v3/events/EONET_18104
EONET_18098,wildfires,"Big Barren Smith RX Prescribed Fire, Carter, Missouri",False,https://eonet.gsfc.nasa.gov/api/v3/events/EONET_18098
EONET_18102,wildfires,"DCNF C 48/49/50 RX Prescribed Fire, Houston, Texas",False,https://eonet.gsfc.nasa.gov/api/v3/events/EONET_18102
EONET_18106,wildfires,"RX No Mans Land North and South Prescribed Fire, Montgomery, Arkansas",False,https://eonet.gsfc.nasa.gov/api/v3/events/EONET_18106
EONET_18109,wildfires,"RX Avant 2 Prescribed Fire, Garland, Arkansas",False,https://eonet.gsfc.nasa.gov/api/v3/events/EONET_18109
EONET_18108,wildfires,"RX South Fouche Cove Unit 3 Prescribed Fire, Perry, Arkansas",False,https://eonet.gsfc.nasa.gov/api/v3/events/EONET_18108
EONET_18099,wildfires,"Flatwoods RX Prescribed Fire, Washington, Missouri",False,https://eonet.gsfc.nasa.gov/api/v3/events/EONET_18099
EONET_18097,wildfires,"Bunker West RX Prescribed Fire, Dent, Missouri",False,https://eonet.gsfc.nasa.gov/api/v3/events/EONET_18097
EONET_18113,wildfires,"RX PCS North White Oak 4 Prescribed Fire, Scott, Arkansas",False,https://eonet.gsfc.nasa.gov/api/v3/events/EONET_18113
EONET_18112,wildfires,"RX PCS Henry Mountain 1 Prescribed Fire, Scott, Arkansas",False,https://eonet.gsfc.nasa.gov/api/v3/events/EONET_18112
EONET_18568,wildfires,"DCNF C-56 RX Prescribed Fire, Houston, Texas",False,https://eonet.gsfc.nasa.gov/api/v3/events/EONET_18568
EONET_18111,wildfires,"RX GREENHAW Prescribed Fire, Newton, Arkansas",False,https://eonet.gsfc.nasa.gov/api/v3/events/EONET_18111
EONET_18118,wildfires,"RX LSF 13 North Prescribed Fire, Montgomery, Arkansas",False,https://eonet.gsfc.nasa.gov/api/v3/events/EONET_18118
EONET_18117,wildfires,"RX Huckleberry Flats Prescribed Fire, Logan, Arkansas",False,https://eonet.gsfc.nasa.gov/api/v3/events/EONET_18117
EONET_18116,wildfires,"Pineknot North RX Prescribed Fire, Carter, Missouri",False,https://eonet.gsfc.nasa.gov/api/v3/events/EONET_18116
EONET_18115,wildfires,"RX Cartwright Prescribed Fire, Stone, Arkansas",False,https://eonet.gsfc.nasa.gov/api/v3/events/EONET_18115
EONET_18120,wildfires,"RX AVANT 1 Prescribed Fire, Garland, Arkansas",False,https://eonet.gsfc.nasa.gov/api/v3/events/EONET_18120
EONET_18110,wildfires,"RX Wildhorse Prescribed Fire, Le Flore, Oklahoma",False,https://eonet.gsfc.nasa.gov/api/v3/events/EONET_18110
EONET_18119,wildfires,"RX Blackfork Bravo Prescribed Fire, Scott, Arkansas",False,https://eonet.gsfc.nasa.gov/api/v3/events/EONET_18119
EONET_18114,wildfires,"PIne Hills RX Prescribed Fire, Union, Illinois",False,https://eonet.gsfc.nasa.gov/api/v3/events/EONET_18114
EONET_18073,wildfires,"Poor Farm Wildfire, Pittsburg, Oklahoma",False,https://eonet.gsfc.nasa.gov/api/v3/events/EONET_18073
EONET_18071,wildfires,"Tiger Tank Wildfire, Perry, Mississippi",False,https://eonet.gsfc.nasa.gov/api/v3/events/EONET_18071
EONET_18082,wildfires,"Slab RX Prescribed Fire, Texas, Missouri",False,https://eonet.gsfc.nasa.gov/api/v3/events/EONET_18082
EONET_18100,wildfires,"Morning Wildfire, Beaver, Oklahoma",False,https://eonet.gsfc.nasa.gov/api/v3/events/EONET_18100
EONET_18123,wildfires,"RX PCS Shamshire 1 Prescribed Fire, Scott, Arkansas",False,https://eonet.gsfc.nasa.gov/api/v3/events/EONET_18123
EONET_18567,wildfires,"DCNF C-4 RX Prescribed Fire, Houston, Texas",False,https://eonet.gsfc.nasa.gov/api/v3/events/EONET_18567
EONET_18124,wildfires,"DCNF C-1 East RX Prescribed Fire, Houston, Texas",False,https://eonet.gsfc.nasa.gov/api/v3/events/EONET_18124
EONET_17974,wildfires,"SHNF C-92 RX Prescribed Fire, San Jacinto, Texas",False,https://eonet.gsfc.nasa.gov/api/v3/events/EONET_17974
EONET_18539,wildfires,"Homochitto BB56sub12 RX Prescribed Fire, Franklin, Mississippi",False,https://eonet.gsfc.nasa.gov/api/v3/events/EONET_18539
EONET_18093,wildfires,"RX Little Fir 12 Prescribed Fire, Montgomery, Arkansas",False,https://eonet.gsfc.nasa.gov/api/v3/events/EONET_18093
EONET_18525,wildfires,"Wade 2 RX Prescribed Fire, Talladega, Alabama",False,https://eonet.gsfc.nasa.gov/api/v3/events/EONET_18525
EONET_18121,wildfires,"RX Big Branch Prescribed Fire, Montgomery, Arkansas",False,https://eonet.gsfc.nasa.gov/api/v3/events/EONET_18121
EONET_18589,wildfires,"Sweetwater B&amp;C RX Prescribed Fire, Cleburne, Alabama",False,https://eonet.gsfc.nasa.gov/api/v3/events/EONET_18589
EONET_18086,wildfires,"Drowning Creek Wildfire, Delaware, Oklahoma",False,https://eonet.gsfc.nasa.gov/api/v3/events/EONET_18086
EONET_17985,wildfires,"Miller Creek 08 RX Prescribed Fire, Escambia, Alabama",False,https://eonet.gsfc.nasa.gov/api/v3/events/EONET_17985
EONET_17983,wildfires,"Compartment 126 RX Prescribed Fire, Jones, Georgia",False,https://eonet.gsfc.nasa.gov/api/v3/events/EONET_17983
EONET_17981,wildfires,"EAST TOWER Wildfire, Osage, Oklahoma",False,https://eonet.gsfc.nasa.gov/api/v3/events/EONET_17981
EONET_17993,wildfires,"RX WILEY Prescribed Fire, Conway, Arkansas",False,https://eonet.gsfc.nasa.gov/api/v3/events/EONET_17993
EONET_17975,wildfires,"DCNF C-1 RX Prescribed Fire, Houston, Texas",False,https://eonet.gsfc.nasa.gov/api/v3/events/EONET_17975
EONET_17992,wildfires,"DeSoto BB 8359 C610 RX Prescribed Fire, Stone, Mississippi",False,https://eonet.gsfc.nasa.gov/api/v3/events/EONET_17992
EONET_17979,wildfires,"ANF Monterey C-53 RX Prescribed Fire, Angelina, Texas",False,https://eonet.gsfc.nasa.gov/api/v3/events/EONET_17979
EONET_17999,wildfires,"Rx Archer 1380 Prescribed Fire, Archer, Texas",False,https://eonet.gsfc.nasa.gov/api/v3/events/EONET_17999
EONET_17976,wildfires,"SNF Mclemore Hills RX 106/107/108/109 Prescribed Fire, Sabine, Texas",False,https://eonet.gsfc.nasa.gov/api/v3/events/EONET_17976
EONET_17990,wildfires,"Big Muddy RX Prescribed Fire, Jackson, Illinois",False,https://eonet.gsfc.nasa.gov/api/v3/events/EONET_17990
EONET_18184,wildfires,"Pete White RX Prescribed Fire, Clay, Alabama",False,https://eonet.gsfc.nasa.gov/api/v3/events/EONET_18184
EONET_17995,wildfires,"RX KIS BU 55 Prescribed Fire, Natchitoches, Louisiana",False,https://eonet.gsfc.nasa.gov/api/v3/events/EONET_17995
EONET_17994,wildfires,"RX CAT BU 63-64 Prescribed Fire, Grant, Louisiana",False,https://eonet.gsfc.nasa.gov/api/v3/events/EONET_17994
EONET_17977,wildfires,"SHNF C-1/2/3/4 RX Prescribed Fire, Walker, Texas",False,https://eonet.gsfc.nasa.gov/api/v3/events/EONET_17977
EONET_18096,wildfires,"Carman Springs RX S2 Prescribed Fire, Howell, Missouri",False,https://eonet.gsfc.nasa.gov/api/v3/events/EONET_18096
EONET_18319,wildfires,"Raven Rock D&amp;E RX Prescribed Fire, Cleburne, Alabama",False,https://eonet.gsfc.nasa.gov/api/v3/events/EONET_18319
EONET_18548,wildfires,"RX Cap Fork Prescribed Fire, Stone, Arkansas",False,https://eonet.gsfc.nasa.gov/api/v3/events/EONET_18548
EONET_17991,wildfires,"RX CALV BU 121 Prescribed Fire, Vernon, Louisiana",False,https://eonet.gsfc.nasa.gov/api/v3/events/EONET_17991
EONET_17998,wildfires,"Rock Pile RX Prescribed Fire, Howell, Missouri",False,https://eonet.gsfc.nasa.gov/api/v3/events/EONET_17998
EONET_18122,wildfires,"IDNR - Siloam Springs State Park RX Prescribed Fire, Adams, Illinois",False,https://eonet.gsfc.nasa.gov/api/v3/events/EONET_18122
EONET_18001,wildfires,"Compartment 158 RX Prescribed Fire, Putnam, Georgia",False,https://eonet.gsfc.nasa.gov/api/v3/events/EONET_18001
EONET_18000,wildfires,"C-225 LC RX Prescribed Fire, McCormick, South Carolina",False,https://eonet.gsfc.nasa.gov/api/v3/events/EONET_18000
EONET_17988,wildfires,"Stevens Wildfire, Texas, Oklahoma",False,https://eonet.gsfc.nasa.gov/api/v3/events/EONET_17988
EONET_17978,wildfires,"Smith Wildfire, Harding, New Mexico",False,https://eonet.gsfc.nasa.gov/api/v3/events/EONET_17978
EONET_17987,wildfires,"Side Road Wildfire, Texas, Oklahoma",False,https://eonet.gsfc.nasa.gov/api/v3/events/EONET_17987
EONET_18002,wildfires,"LEVY Wildfire, Osceola, Florida",False,https://eonet.gsfc.nasa.gov/api/v3/events/EONET_18002
EONET_17986,wildfires,"43 Wildfire, Woodward, Oklahoma",False,https://eonet.gsfc.nasa.gov/api/v3/events/EONET_17986
EONET_17980,wildfires,"Lavender Wildfire, Oldham, Texas",False,https://eonet.gsfc.nasa.gov/api/v3/events/EONET_17980
EONET_18004,wildfires,"Well Woman Comp 21 &amp; 31 RX Prescribed Fire, Winston, Alabama",False,https://eonet.gsfc.nasa.gov/api/v3/events/EONET_18004
EONET_17989,wildfires,"Ranger Road Wildfire, Beaver, Oklahoma",False,https://eonet.gsfc.nasa.gov/api/v3/events/EONET_17989
EONET_18008,wildfires,"RX Kleberg 1375 Prescribed Fire, Kleberg, Texas",False,https://eonet.gsfc.nasa.gov/api/v3/events/EONET_18008
EONET_18003,wildfires,"DeSoto BB 9370 C506 W RX Prescribed Fire, Jackson, Mississippi",False,https://eonet.gsfc.nasa.gov/api/v3/events/EONET_18003
EONET_17984,wildfires,"Miller Creek 06/08 RX Prescribed Fire, Escambia, Alabama",False,https://eonet.gsfc.nasa.gov/api/v3/events/EONET_17984
EONET_18006,wildfires,"RX CALE BU 17 Prescribed Fire, Rapides, Louisiana",False,https://eonet.gsfc.nasa.gov/api/v3/events/EONET_18006
EONET_18005,wildfires,"RX KIS BU 50 Prescribed Fire, Natchitoches, Louisiana",False,https://eonet.gsfc.nasa.gov/api/v3/events/EONET_18005
EONET_18007,wildfires,"Mann Camp C/D RX Prescribed Fire, Clay, Alabama",False,https://eonet.gsfc.nasa.gov/api/v3/events/EONET_18007
EONET_17893,wildfires,"Compartment 139 RX Prescribed Fire, Jasper, Georgia",False,https://eonet.gsfc.nasa.gov/api/v3/events/EONET_17893
EONET_17894,wildfires,"Rx Anderson 1274 Prescribed Fire, Anderson, Texas",False,https://eonet.gsfc.nasa.gov/api/v3/events/EONET_17894
EONET_17895,wildfires,"RX Brown 1269 Prescribed Fire, Brown, Texas",False,https://eonet.gsfc.nasa.gov/api/v3/events/EONET_17895
EONET_17896,wildfires,"Rx Throckmorton 1228 Prescribed Fire, Throckmorton, Texas",False,https://eonet.gsfc.nasa.gov/api/v3/events/EONET_17896
EONET_17897,wildfires,"RIVER RANCH- Polk (53) Wildfire, Polk, Florida",False,https://eonet.gsfc.nasa.gov/api/v3/events/EONET_17897
EONET_17898,wildfires,"State Road 11 (18) Wildfire, Flagler, Florida",False,https://eonet.gsfc.nasa.gov/api/v3/events/EONET_17898
EONET_18018,wildfires,"Hickory-Rush RX Prescribed Fire, Winston, Alabama",False,https://eonet.gsfc.nasa.gov/api/v3/events/EONET_18018
EONET_17901,wildfires,"FIRST POINT Wildfire, Okeechobee, Florida",False,https://eonet.gsfc.nasa.gov/api/v3/events/EONET_17901
EONET_17907,wildfires,"Rx San Jacinto 1175 Prescribed Fire, San Jacinto, Texas",False,https://eonet.gsfc.nasa.gov/api/v3/events/EONET_17907
EONET_17903,wildfires,"Compartment 32/44 RX Prescribed Fire, Bibb, Alabama",False,https://eonet.gsfc.nasa.gov/api/v3/events/EONET_17903
EONET_17902,wildfires,"Compartment 42 RX Prescribed Fire, Hale, Alabama",False,https://eonet.gsfc.nasa.gov/api/v3/events/EONET_17902
EONET_18017,wildfires,"Big John RX Prescribed Fire, Talladega, Alabama",False,https://eonet.gsfc.nasa.gov/api/v3/events/EONET_18017
EONET_17904,wildfires,"RX Cedar Creek Blackline Prescribed Fire, Johnson, Arkansas",False,https://eonet.gsfc.nasa.gov/api/v3/events/EONET_17904
EONET_17900,wildfires,"Big Oak A RX Prescribed Fire, Cleburne, Alabama",False,https://eonet.gsfc.nasa.gov/api/v3/events/EONET_17900
EONET_18592,seaLakeIce,Iceberg D15C,False,https://eonet.gsfc.nasa.gov/api/v3/events/EONET_18592
EONET_17908,wildfires,"Indian Creek Wildfire, Adair, Oklahoma",False,https://eonet.gsfc.nasa.gov/api/v3/events/EONET_17908
EONET_17899,wildfires,"Foster Bridge Wildfire, Liberty, Florida",False,https://eonet.gsfc.nasa.gov/api/v3/events/EONET_17899
EONET_17841,wildfires,"Rx Polk 1121 Prescribed Fire, Polk, Texas",False,https://eonet.gsfc.nasa.gov/api/v3/events/EONET_17841
EONET_17842,wildfires,"Rx Polk 1087 Prescribed Fire, Polk, Texas",False,https://eonet.gsfc.nasa.gov/api/v3/events/EONET_17842
EONET_17910,wildfires,"Rx North Blue Prescribed Fire, Le Flore, Oklahoma",False,https://eonet.gsfc.nasa.gov/api/v3/events/EONET_17910
EONET_17844,wildfires,"RX Throckmorton 1127 Prescribed Fire, Throckmorton, Texas",False,https://eonet.gsfc.nasa.gov/api/v3/events/EONET_17844
EONET_17909,wildfires,"RX Merrill Ridge Prescribed Fire, Baxter, Arkansas",False,https://eonet.gsfc.nasa.gov/api/v3/events/EONET_17909
EONET_17911,wildfires,"RX BO/MAG Osby 3 Prescribed Fire, Logan, Arkansas",False,https://eonet.gsfc.nasa.gov/api/v3/events/EONET_17911
EONET_17915,wildfires,"Comp 11/12 RX Prescribed Fire, Bibb, Alabama",False,https://eonet.gsfc.nasa.gov/api/v3/events/EONET_17915
EONET_17917,wildfires,"Comp 41 RX Prescribed Fire, Hale, Alabama",False,https://eonet.gsfc.nasa.gov/api/v3/events/EONET_17917
EONET_17914,wildfires,"Bunn RX Prescribed Fire, Clay, Alabama",False,https://eonet.gsfc.nasa.gov/api/v3/events/EONET_17914
EONET_17846,wildfires,"Berryman CCC Blocks B C RX Prescribed Fire, Washington, Missouri",False,https://eonet.gsfc.nasa.gov/api/v3/events/EONET_17846
EONET_17916,wildfires,"RX Blackfork 21 Prescribed Fire, Scott, Arkansas",False,https://eonet.gsfc.nasa.gov/api/v3/events/EONET_17916
EONET_17913,wildfires,"RX Black Mountain Prescribed Fire, Franklin, Arkansas",False,https://eonet.gsfc.nasa.gov/api/v3/events/EONET_17913
EONET_17853,wildfires,"640 Wildfire, Polk, Florida",False,https://eonet.gsfc.nasa.gov/api/v3/events/EONET_17853
EONET_17850,wildfires,"Flat Tire Wildfire, Beaver, Oklahoma",False,https://eonet.gsfc.nasa.gov/api/v3/events/EONET_17850
EONET_17855,wildfires,"Rx Polk 1040 Prescribed Fire, Polk, Texas",False,https://eonet.gsfc.nasa.gov/api/v3/events/EONET_17855
EONET_17851,wildfires,"W BOUNDARY RD Wildfire, Hendry, Florida",False,https://eonet.gsfc.nasa.gov/api/v3/events/EONET_17851
EONET_18016,wildfires,"500S RX Prescribed Fire, Cleburne, Alabama",False,https://eonet.gsfc.nasa.gov/api/v3/events/EONET_18016
EONET_17858,wildfires,"RX Herrods Creek Hare Mtn Prescribed Fire, Franklin, Arkansas",False,https://eonet.gsfc.nasa.gov/api/v3/events/EONET_17858
EONET_17857,wildfires,"RX Fozzie 2 East Prescribed Fire, Stone, Arkansas",False,https://eonet.gsfc.nasa.gov/api/v3/events/EONET_17857
EONET_17852,wildfires,"RX Kincannon 2 Prescribed Fire, Van Buren, Arkansas",False,https://eonet.gsfc.nasa.gov/api/v3/events/EONET_17852
EONET_17847,wildfires,"Chute Ridge Unit B RX Prescribed Fire, Barry, Missouri",False,https://eonet.gsfc.nasa.gov/api/v3/events/EONET_17847
EONET_17848,wildfires,"Mark Twain RX Prescribed Fire, Taney, Missouri",False,https://eonet.gsfc.nasa.gov/api/v3/events/EONET_17848
EONET_17854,wildfires,"RX Ragtown Prescribed Fire, Franklin, Arkansas",False,https://eonet.gsfc.nasa.gov/api/v3/events/EONET_17854
EONET_17856,wildfires,"Rattlesnake Fire Wildfire, Pittsburg, Oklahoma",False,https://eonet.gsfc.nasa.gov/api/v3/events/EONET_17856
EONET_17892,wildfires,"Compartment 136 RX Prescribed Fire, Jones, Georgia",False,https://eonet.gsfc.nasa.gov/api/v3/events/EONET_17892
EONET_17863,wildfires,"Leche Wildfire, San Miguel, New Mexico",False,https://eonet.gsfc.nasa.gov/api/v3/events/EONET_17863
EONET_18185,wildfires,"Slick Ford RX Prescribed Fire, Winston, Alabama",False,https://eonet.gsfc.nasa.gov/api/v3/events/EONET_18185
EONET_17840,wildfires,"MONARCH Wildfire, Hughes, Oklahoma",False,https://eonet.gsfc.nasa.gov/api/v3/events/EONET_17840
EONET_17862,wildfires,"RX Spring Creek 2 Prescribed Fire, Baxter, Arkansas",False,https://eonet.gsfc.nasa.gov/api/v3/events/EONET_17862
EONET_17912,wildfires,"Guntertown RX Prescribed Fire, Clay, Alabama",False,https://eonet.gsfc.nasa.gov/api/v3/events/EONET_17912
EONET_17859,wildfires,"Union T Wildfire, Talladega, Alabama",False,https://eonet.gsfc.nasa.gov/api/v3/events/EONET_17859
EONET_17860,wildfires,"RX KIS BU 32-33 Prescribed Fire, Natchitoches, Louisiana",False,https://eonet.gsfc.nasa.gov/api/v3/events/EONET_17860
EONET_17861,wildfires,"352 Wildfire, Quay, New Mexico",False,https://eonet.gsfc.nasa.gov/api/v3/events/EONET_17861
EONET_17775,wildfires,"Caney Creek RX Prescribed Fire, Winston, Alabama",False,https://eonet.gsfc.nasa.gov/api/v3/events/EONET_17775
EONET_17765,wildfires,"RX Seed Orchard Prescribed Fire, Montgomery, Arkansas",False,https://eonet.gsfc.nasa.gov/api/v3/events/EONET_17765
EONET_17776,wildfires,"RX HAY TRAP Prescribed Fire, Pittsburg, Oklahoma",False,https://eonet.gsfc.nasa.gov/api/v3/events/EONET_17776
EONET_17771,wildfires,"RX CALV BU 109 Prescribed Fire, Vernon, Louisiana",False,https://eonet.gsfc.nasa.gov/api/v3/events/EONET_17771
EONET_17773,wildfires,"RX CAT BU 58 Prescribed Fire, Grant, Louisiana",False,https://eonet.gsfc.nasa.gov/api/v3/events/EONET_17773
EONET_17769,wildfires,"SNF C-11/13/14 Boles Field NE RX Prescribed Fire, Shelby, Texas",False,https://eonet.gsfc.nasa.gov/api/v3/events/EONET_17769
EONET_17777,wildfires,"RX East Muddy Prescribed Fire, Montgomery, Arkansas",False,https://eonet.gsfc.nasa.gov/api/v3/events/EONET_17777
EONET_17783,wildfires,"Bienville CPT 12 RX Prescribed Fire, Scott, Mississippi",False,https://eonet.gsfc.nasa.gov/api/v3/events/EONET_17783
EONET_17779,wildfires,"RX CALV BU 114 Prescribed Fire, Vernon, Louisiana",False,https://eonet.gsfc.nasa.gov/api/v3/events/EONET_17779
EONET_17905,wildfires,"Potter Mountain B RX Prescribed Fire, Calhoun, Alabama",False,https://eonet.gsfc.nasa.gov/api/v3/events/EONET_17905
EONET_17780,wildfires,"RX CAT BU 31 Prescribed Fire, Grant, Louisiana",False,https://eonet.gsfc.nasa.gov/api/v3/events/EONET_17780
EONET_17782,wildfires,"RX KIS BU 40 Prescribed Fire, Natchitoches, Louisiana",False,https://eonet.gsfc.nasa.gov/api/v3/events/EONET_17782
EONET_17781,wildfires,"RX WINN BU 57 Prescribed Fire, Winn, Louisiana",False,https://eonet.gsfc.nasa.gov/api/v3/events/EONET_17781
EONET_17774,wildfires,"Mountain Station Fire Wildfire, Latimer, Oklahoma",False,https://eonet.gsfc.nasa.gov/api/v3/events/EONET_17774
EONET_17764,wildfires,"Poplar Road Fire Wildfire, Atoka, Oklahoma",False,https://eonet.gsfc.nasa.gov/api/v3/events/EONET_17764
EONET_17763,wildfires,"BUGGY FIRE- Broward (06) Wildfire, Broward, Florida",False,https://eonet.gsfc.nasa.gov/api/v3/events/EONET_17763
EONET_17784,wildfires,"RX Kimble 0902 Prescribed Fire, Kimble, Texas",False,https://eonet.gsfc.nasa.gov/api/v3/events/EONET_17784
EONET_17778,wildfires,"Rest Area Wildfire, Chambers, Texas",False,https://eonet.gsfc.nasa.gov/api/v3/events/EONET_17778
EONET_17768,wildfires,"DCNF C-66/67 RX Prescribed Fire, Houston, Texas",False,https://eonet.gsfc.nasa.gov/api/v3/events/EONET_17768
EONET_17785,wildfires,"RX WINN BU 09 Prescribed Fire, Winn, Louisiana",False,https://eonet.gsfc.nasa.gov/api/v3/events/EONET_17785
EONET_17790,wildfires,"RX MCALESTER WATERSHED Prescribed Fire, Pittsburg, Oklahoma",False,https://eonet.gsfc.nasa.gov/api/v3/events/EONET_17790
EONET_17793,wildfires,"RX KIS BU 30-31 Prescribed Fire, Natchitoches, Louisiana",False,https://eonet.gsfc.nasa.gov/api/v3/events/EONET_17793
EONET_17796,wildfires,"RX OK-SLR UNIT J Prescribed Fire, Alfalfa, Oklahoma",False,https://eonet.gsfc.nasa.gov/api/v3/events/EONET_17796
EONET_17786,wildfires,"RX CALE BU 372 Prescribed Fire, Rapides, Louisiana",False,https://eonet.gsfc.nasa.gov/api/v3/events/EONET_17786
EONET_17791,wildfires,"RX CAT BU 34N Prescribed Fire, Grant, Louisiana",False,https://eonet.gsfc.nasa.gov/api/v3/events/EONET_17791
EONET_18015,wildfires,"Compartment 33/43 RX Prescribed Fire, Bibb, Alabama",False,https://eonet.gsfc.nasa.gov/api/v3/events/EONET_18015
EONET_17792,wildfires,"RX CALE BU 48 Prescribed Fire, Rapides, Louisiana",False,https://eonet.gsfc.nasa.gov/api/v3/events/EONET_17792
EONET_17794,wildfires,"Blue Springs West 03 RX Prescribed Fire, Covington, Alabama",False,https://eonet.gsfc.nasa.gov/api/v3/events/EONET_17794
EONET_17814,wildfires,"Rx Brazoria 0882 Prescribed Fire, Brazoria, Texas",False,https://eonet.gsfc.nasa.gov/api/v3/events/EONET_17814
EONET_17789,wildfires,"Compartment 6 RX Prescribed Fire, Tuscaloosa, Alabama",False,https://eonet.gsfc.nasa.gov/api/v3/events/EONET_17789
EONET_17803,wildfires,"Homochitto BB 51 Sub 1 RX Prescribed Fire, Franklin, Mississippi",False,https://eonet.gsfc.nasa.gov/api/v3/events/EONET_17803
EONET_17795,wildfires,"DeSoto Silviculture Unit 10 C516 529 530 RX Prescribed Fire, Harrison, Mississippi",False,https://eonet.gsfc.nasa.gov/api/v3/events/EONET_17795
EONET_17797,wildfires,"RX Armstrong Cattails Prescribed Fire, Sequoyah, Oklahoma",False,https://eonet.gsfc.nasa.gov/api/v3/events/EONET_17797
EONET_17810,wildfires,"RX CAT BU 6-7 Prescribed Fire, Grant, Louisiana",False,https://eonet.gsfc.nasa.gov/api/v3/events/EONET_17810
EONET_17812,wildfires,"RX CALE BU 58 Prescribed Fire, Rapides, Louisiana",False,https://eonet.gsfc.nasa.gov/api/v3/events/EONET_17812
EONET_17802,wildfires,"Chickaswhay CPT 415 416 RX Prescribed Fire, Wayne, Mississippi",False,https://eonet.gsfc.nasa.gov/api/v3/events/EONET_17802
EONET_17799,wildfires,"Yellow River South 13 RX Prescribed Fire, Covington, Alabama",False,https://eonet.gsfc.nasa.gov/api/v3/events/EONET_17799
EONET_17811,wildfires,"RX WINN BU 25 Prescribed Fire, Winn, Louisiana",False,https://eonet.gsfc.nasa.gov/api/v3/events/EONET_17811
EONET_17813,wildfires,"RX KIS BU 26-27 Prescribed Fire, Natchitoches, Louisiana",False,https://eonet.gsfc.nasa.gov/api/v3/events/EONET_17813
EONET_17806,wildfires,"DCNF C-54/55 RX Prescribed Fire, Houston, Texas",False,https://eonet.gsfc.nasa.gov/api/v3/events/EONET_17806
EONET_18014,wildfires,"Compartment 38/39 RX Prescribed Fire, Hale, Alabama",False,https://eonet.gsfc.nasa.gov/api/v3/events/EONET_18014
EONET_17804,wildfires,"ANF BU 326/328 Rx 0206 Prescribed Fire, Wakulla, Florida",False,https://eonet.gsfc.nasa.gov/api/v3/events/EONET_17804
EONET_18012,wildfires,"ORV G RX Prescribed Fire, Talladega, Alabama",False,https://eonet.gsfc.nasa.gov/api/v3/events/EONET_18012
EONET_18013,wildfires,"Pine Glen A/B/C/D RX Prescribed Fire, Cleburne, Alabama",False,https://eonet.gsfc.nasa.gov/api/v3/events/EONET_18013
EONET_17772,wildfires,"Mann Camp A/B RX Prescribed Fire, Clay, Alabama",False,https://eonet.gsfc.nasa.gov/api/v3/events/EONET_17772
EONET_17788,wildfires,"Sweetwater A RX Prescribed Fire, Cleburne, Alabama",False,https://eonet.gsfc.nasa.gov/api/v3/events/EONET_17788
EONET_17787,wildfires,"West End A/B/C/D RX Prescribed Fire, Calhoun, Alabama",False,https://eonet.gsfc.nasa.gov/api/v3/events/EONET_17787
EONET_17808,wildfires,"Wade 1 RX Prescribed Fire, Talladega, Alabama",False,https://eonet.gsfc.nasa.gov/api/v3/events/EONET_17808
EONET_17801,wildfires,"Desoto Silviculture Unit 10 C516 RX Prescribed Fire, Harrison, Mississippi",False,https://eonet.gsfc.nasa.gov/api/v3/events/EONET_17801
EONET_17711,wildfires,"RX Cheyenne Point Prescribed Fire, Custer, Oklahoma",False,https://eonet.gsfc.nasa.gov/api/v3/events/EONET_17711
EONET_17800,wildfires,"Homochitto BB42 Sub5 RX Prescribed Fire, Franklin, Mississippi",False,https://eonet.gsfc.nasa.gov/api/v3/events/EONET_17800
EONET_17712,wildfires,"SHNF C-104/107 RX Prescribed Fire, San Jacinto, Texas",False,https://eonet.gsfc.nasa.gov/api/v3/events/EONET_17712
EONET_17798,wildfires,"Open Pond 07/09 RX Prescribed Fire, Covington, Alabama",False,https://eonet.gsfc.nasa.gov/api/v3/events/EONET_17798
EONET_17845,wildfires,"Monte Vista Unit 6/14 RX Prescribed Fire, Rio Grande, Colorado",False,https://eonet.gsfc.nasa.gov/api/v3/events/EONET_17845
EONET_18011,wildfires,"Compartment 15/16 RX Prescribed Fire, Bibb, Alabama",False,https://eonet.gsfc.nasa.gov/api/v3/events/EONET_18011
EONET_17717,wildfires,"ST-1 Alpha Wildfire, Highlands, Florida",False,https://eonet.gsfc.nasa.gov/api/v3/events/EONET_17717
EONET_17718,wildfires,"Pearl River Connie Hariel Rd Wildfire, Pearl River, Mississippi",False,https://eonet.gsfc.nasa.gov/api/v3/events/EONET_17718
EONET_17716,wildfires,"HORSESHOE CREEK (23) Wildfire, Gulf, Florida",False,https://eonet.gsfc.nasa.gov/api/v3/events/EONET_17716
EONET_17719,wildfires,"Burns Lake Wildfire, Clay, Texas",False,https://eonet.gsfc.nasa.gov/api/v3/events/EONET_17719
EONET_17809,wildfires,"Adams Gap RX Prescribed Fire, Clay, Alabama",False,https://eonet.gsfc.nasa.gov/api/v3/events/EONET_17809
EONET_17720,wildfires,"Quail 05/08/12 RX Prescribed Fire, Cleburne, Alabama",False,https://eonet.gsfc.nasa.gov/api/v3/events/EONET_17720
EONET_17805,wildfires,"Blackberry RX Prescribed Fire, Lewis and Clark, Montana",False,https://eonet.gsfc.nasa.gov/api/v3/events/EONET_17805
EONET_17724,wildfires,"Chickasawhay CPT 353 355 RX Prescribed Fire, Jones, Mississippi",False,https://eonet.gsfc.nasa.gov/api/v3/events/EONET_17724
EONET_17725,wildfires,"DeSoto Silviculture Unit 07 C517 RX Prescribed Fire, Harrison, Mississippi",False,https://eonet.gsfc.nasa.gov/api/v3/events/EONET_17725
EONET_17662,wildfires,"Straw Riddle RX Prescribed Fire, Winston, Alabama",False,https://eonet.gsfc.nasa.gov/api/v3/events/EONET_17662
EONET_17728,wildfires,"RX CAT BU 11-12 Prescribed Fire, Grant, Louisiana",False,https://eonet.gsfc.nasa.gov/api/v3/events/EONET_17728
EONET_18010,wildfires,"Blue Cut RX Prescribed Fire, Winston, Alabama",False,https://eonet.gsfc.nasa.gov/api/v3/events/EONET_18010
EONET_17664,wildfires,"Compartment 40A RX Prescribed Fire, Bibb, Alabama",False,https://eonet.gsfc.nasa.gov/api/v3/events/EONET_17664
EONET_17721,wildfires,"SHNF C-22/23/24 RX Prescribed Fire, Walker, Texas",False,https://eonet.gsfc.nasa.gov/api/v3/events/EONET_17721
EONET_17723,wildfires,"RX CALV BU 124 Prescribed Fire, Vernon, Louisiana",False,https://eonet.gsfc.nasa.gov/api/v3/events/EONET_17723
EONET_17722,wildfires,"RX WINN BU 55 Prescribed Fire, Winn, Louisiana",False,https://eonet.gsfc.nasa.gov/api/v3/events/EONET_17722
EONET_17660,wildfires,"RX KIS BU 15 Prescribed Fire, Natchitoches, Louisiana",False,https://eonet.gsfc.nasa.gov/api/v3/events/EONET_17660
EONET_17726,wildfires,"ANF BU 209 Rx 0202 Prescribed Fire, Leon, Florida",False,https://eonet.gsfc.nasa.gov/api/v3/events/EONET_17726
EONET_17659,wildfires,"What Happened Here North RX Prescribed Fire, Cleburne, Alabama",False,https://eonet.gsfc.nasa.gov/api/v3/events/EONET_17659
EONET_17727,wildfires,"Whitesides Mill A-F RX Prescribed Fire, Cleburne, Alabama",False,https://eonet.gsfc.nasa.gov/api/v3/events/EONET_17727
EONET_17667,wildfires,"SHNF C-1/2 North RX Prescribed Fire, Montgomery, Texas",False,https://eonet.gsfc.nasa.gov/api/v3/events/EONET_17667
EONET_17666,wildfires,"Bienville CPT 10 RX Prescribed Fire, Scott, Mississippi",False,https://eonet.gsfc.nasa.gov/api/v3/events/EONET_17666
EONET_17668,wildfires,"Pete White East RX Prescribed Fire, Clay, Alabama",False,https://eonet.gsfc.nasa.gov/api/v3/events/EONET_17668
EONET_17670,wildfires,"Upper Shoal A RX Prescribed Fire, Cleburne, Alabama",False,https://eonet.gsfc.nasa.gov/api/v3/events/EONET_17670
EONET_17663,wildfires,"Compartment 129A RX Prescribed Fire, Chilton, Alabama",False,https://eonet.gsfc.nasa.gov/api/v3/events/EONET_17663
EONET_17665,wildfires,"Breezy Wildfire, Perry, Mississippi",False,https://eonet.gsfc.nasa.gov/api/v3/events/EONET_17665
EONET_18009,wildfires,"Compartment 58 RX Prescribed Fire, Bibb, Alabama",False,https://eonet.gsfc.nasa.gov/api/v3/events/EONET_18009
EONET_17672,wildfires,"DCNF C-40 RX Prescribed Fire, Houston, Texas",False,https://eonet.gsfc.nasa.gov/api/v3/events/EONET_17672
EONET_17675,wildfires,"DeSoto BB 9370 Site Prep RX Prescribed Fire, Jackson, Mississippi",False,https://eonet.gsfc.nasa.gov/api/v3/events/EONET_17675
EONET_17673,wildfires,"DCNF C-33 RX Prescribed Fire, Houston, Texas",False,https://eonet.gsfc.nasa.gov/api/v3/events/EONET_17673
EONET_17669,wildfires,"Cherry Tree RX Prescribed Fire, Clay, Alabama",False,https://eonet.gsfc.nasa.gov/api/v3/events/EONET_17669
EONET_17586,wildfires,"540 RX Prescribed Fire, Cleburne, Alabama",False,https://eonet.gsfc.nasa.gov/api/v3/events/EONET_17586
EONET_17585,wildfires,"LXR Northwest Rx 0129 Prescribed Fire, Palm Beach, Florida",False,https://eonet.gsfc.nasa.gov/api/v3/events/EONET_17585
EONET_17715,wildfires,"Stillwater NWR FY26 RX Prescribed Fire, Churchill, Nevada",False,https://eonet.gsfc.nasa.gov/api/v3/events/EONET_17715
EONET_17588,wildfires,"APQ Area NC Rx 0128 Prescribed Fire, Polk, Florida",False,https://eonet.gsfc.nasa.gov/api/v3/events/EONET_17588
EONET_17589,wildfires,"CRO C-15 Pinecliff RX Prescribed Fire, Craven, North Carolina",False,https://eonet.gsfc.nasa.gov/api/v3/events/EONET_17589
EONET_17587,wildfires,"ANF BU 47 Rx 0128 Prescribed Fire, Liberty, Florida",False,https://eonet.gsfc.nasa.gov/api/v3/events/EONET_17587
EONET_17590,wildfires,"Gold Mine RX Prescribed Fire, Cleburne, Alabama",False,https://eonet.gsfc.nasa.gov/api/v3/events/EONET_17590
EONET_17679,wildfires,"Blue Springs West 07 RX Prescribed Fire, Covington, Alabama",False,https://eonet.gsfc.nasa.gov/api/v3/events/EONET_17679
EONET_17674,wildfires,"TANGO 2 RX Prescribed Fire, Cochise, Arizona",False,https://eonet.gsfc.nasa.gov/api/v3/events/EONET_17674
EONET_17593,wildfires,"Rx Newton 0582 Prescribed Fire, Newton, Texas",False,https://eonet.gsfc.nasa.gov/api/v3/events/EONET_17593
EONET_17594,wildfires,"Rx Newton 0644 Prescribed Fire, Newton, Texas",False,https://eonet.gsfc.nasa.gov/api/v3/events/EONET_17594
EONET_17680,wildfires,"Boggy Hollow South 02N-02S RX Prescribed Fire, Covington, Alabama",False,https://eonet.gsfc.nasa.gov/api/v3/events/EONET_17680
EONET_17678,wildfires,"Boggy Hollow South 05 RX Prescribed Fire, Covington, Alabama",False,https://eonet.gsfc.nasa.gov/api/v3/events/EONET_17678
EONET_17592,wildfires,"TTR TTI Rx 0127 Prescribed Fire, Collier, Florida",False,https://eonet.gsfc.nasa.gov/api/v3/events/EONET_17592
EONET_17676,wildfires,"Boggy Hollow South 03/06/08 RX Prescribed Fire, Covington, Alabama",False,https://eonet.gsfc.nasa.gov/api/v3/events/EONET_17676
EONET_17677,wildfires,"Blue Springs East 15/16/17/18 RX Prescribed Fire, Covington, Alabama",False,https://eonet.gsfc.nasa.gov/api/v3/events/EONET_17677
EONET_17906,wildfires,"APQ South Conventional Range Rx 0124 Prescribed Fire, Highlands, Florida",False,https://eonet.gsfc.nasa.gov/api/v3/events/EONET_17906
EONET_17453,wildfires,"SACATON RX Prescribed Fire, Socorro, New Mexico",False,https://eonet.gsfc.nasa.gov/api/v3/events/EONET_17453
EONET_17454,wildfires,"RX Nueces 0577 Prescribed Fire, Nueces, Texas",False,https://eonet.gsfc.nasa.gov/api/v3/events/EONET_17454
EONET_17455,wildfires,"APQ Area 5 Rx 0122 Prescribed Fire, Polk, Florida",False,https://eonet.gsfc.nasa.gov/api/v3/events/EONET_17455
EONET_17452,wildfires,"East Lake (11) Wildfire, Collier, Florida",False,https://eonet.gsfc.nasa.gov/api/v3/events/EONET_17452
EONET_17457,wildfires,"Long Teal Wildfire, Chambers, Texas",False,https://eonet.gsfc.nasa.gov/api/v3/events/EONET_17457
EONET_17459,wildfires,"ANF BU 50 Queens Bay Rx 0121 Prescribed Fire, Liberty, Florida",False,https://eonet.gsfc.nasa.gov/api/v3/events/EONET_17459
EONET_17463,wildfires,"Silver Lake Wildfire, Wakulla, Florida",False,https://eonet.gsfc.nasa.gov/api/v3/events/EONET_17463
EONET_17464,wildfires,"Rx BUFF South River Road BIL Prescribed Fire, Newton, Arkansas",False,https://eonet.gsfc.nasa.gov/api/v3/events/EONET_17464
EONET_17465,wildfires,"RX South Waldron Ridge 8 &amp; 9 Prescribed Fire, Scott, Arkansas",False,https://eonet.gsfc.nasa.gov/api/v3/events/EONET_17465
EONET_17467,wildfires,"Bankhead RX Prescribed Fire, Cleburne, Alabama",False,https://eonet.gsfc.nasa.gov/api/v3/events/EONET_17467
EONET_17466,wildfires,"Rx Bunkhouse Road Prescribed Fire, Johnson, Arkansas",False,https://eonet.gsfc.nasa.gov/api/v3/events/EONET_17466
EONET_17450,wildfires,"Havasu Wildfire, Mohave, Arizona",False,https://eonet.gsfc.nasa.gov/api/v3/events/EONET_17450
EONET_17661,wildfires,"Holly Springs IU721 IU722 RX Prescribed Fire, Benton, Mississippi",False,https://eonet.gsfc.nasa.gov/api/v3/events/EONET_17661
EONET_17317,wildfires,"Compartment 45 RX Prescribed Fire, Bibb, Alabama",False,https://eonet.gsfc.nasa.gov/api/v3/events/EONET_17317
EONET_17318,wildfires,"Compartment 13A RX Prescribed Fire, Bibb, Alabama",False,https://eonet.gsfc.nasa.gov/api/v3/events/EONET_17318
EONET_17807,wildfires,"BRIDGES VMP RX Prescribed Fire, Mendocino, California",False,https://eonet.gsfc.nasa.gov/api/v3/events/EONET_17807
EONET_17469,wildfires,"Rx PCS Shamshire North Prescribed Fire, Scott, Arkansas",False,https://eonet.gsfc.nasa.gov/api/v3/events/EONET_17469
EONET_17319,wildfires,"RX Mason 0453 Prescribed Fire, Mason, Texas",False,https://eonet.gsfc.nasa.gov/api/v3/events/EONET_17319
EONET_17320,wildfires,"RX Calhoun 0486 Prescribed Fire, Calhoun, Texas",False,https://eonet.gsfc.nasa.gov/api/v3/events/EONET_17320
EONET_17316,wildfires,"OCF CPT 267 Shockley East Rx 0119 Prescribed Fire, Lake, Florida",False,https://eonet.gsfc.nasa.gov/api/v3/events/EONET_17316
EONET_17321,wildfires,"AGRICOLA Wildfire, Polk, Florida",False,https://eonet.gsfc.nasa.gov/api/v3/events/EONET_17321
EONET_17462,wildfires,"RX HARRIS &amp; PENNER RANCH Prescribed Fire, Murray, Oklahoma",False,https://eonet.gsfc.nasa.gov/api/v3/events/EONET_17462
EONET_17322,wildfires,"Rx PCS Pilot Mountain Prescribed Fire, Scott, Arkansas",False,https://eonet.gsfc.nasa.gov/api/v3/events/EONET_17322
EONET_17323,wildfires,"RX CALV BU 246-250 Prescribed Fire, Vernon, Louisiana",False,https://eonet.gsfc.nasa.gov/api/v3/events/EONET_17323
EONET_17324,wildfires,"POND CEMETERY ROAD Wildfire, Hamilton, Florida",False,https://eonet.gsfc.nasa.gov/api/v3/events/EONET_17324
EONET_17468,wildfires,"Havasu Piles RX Prescribed Fire, Mohave, Arizona",False,https://eonet.gsfc.nasa.gov/api/v3/events/EONET_17468
EONET_17451,wildfires,"Silver Lake Wildfire, Wakulla, Florida",False,https://eonet.gsfc.nasa.gov/api/v3/events/EONET_17451
EONET_17327,wildfires,"Compartment 49A RX Prescribed Fire, Bibb, Alabama",False,https://eonet.gsfc.nasa.gov/api/v3/events/EONET_17327
EONET_17328,wildfires,"Upper Shoal B RX Prescribed Fire, Cleburne, Alabama",False,https://eonet.gsfc.nasa.gov/api/v3/events/EONET_17328
EONET_17326,wildfires,"LXR Eagle Nest Rx 0117 Prescribed Fire, Palm Beach, Florida",False,https://eonet.gsfc.nasa.gov/api/v3/events/EONET_17326
EONET_17333,wildfires,"RX Blackfork 31 Prescribed Fire, Scott, Arkansas",False,https://eonet.gsfc.nasa.gov/api/v3/events/EONET_17333
EONET_17329,wildfires,"RX PSC East Hon Prescribed Fire, Scott, Arkansas",False,https://eonet.gsfc.nasa.gov/api/v3/events/EONET_17329
EONET_17330,wildfires,"RX CALV BU 247-248-249-250 Prescribed Fire, Vernon, Louisiana",False,https://eonet.gsfc.nasa.gov/api/v3/events/EONET_17330
EONET_17334,wildfires,"RX CAT BU 94 Prescribed Fire, Grant, Louisiana",False,https://eonet.gsfc.nasa.gov/api/v3/events/EONET_17334
EONET_17332,wildfires,"RX KIS BU 35 Prescribed Fire, Natchitoches, Louisiana",False,https://eonet.gsfc.nasa.gov/api/v3/events/EONET_17332
EONET_17331,wildfires,"ANF BU 342 Rx 0116 Prescribed Fire, Wakulla, Florida",False,https://eonet.gsfc.nasa.gov/api/v3/events/EONET_17331
EONET_17227,wildfires,"Calf Fire Wildfire, Pittsburg, Oklahoma",False,https://eonet.gsfc.nasa.gov/api/v3/events/EONET_17227
EONET_17223,wildfires,"Keown Falls RX Prescribed Fire, Walker, Georgia",False,https://eonet.gsfc.nasa.gov/api/v3/events/EONET_17223
EONET_17224,wildfires,"RX CAT BU 46 Prescribed Fire, Grant, Louisiana",False,https://eonet.gsfc.nasa.gov/api/v3/events/EONET_17224
EONET_17231,wildfires,"SHELL CREEK Wildfire, McIntosh, Oklahoma",False,https://eonet.gsfc.nasa.gov/api/v3/events/EONET_17231
EONET_17228,wildfires,"RX CALV BU 234-235-236 Prescribed Fire, Vernon, Louisiana",False,https://eonet.gsfc.nasa.gov/api/v3/events/EONET_17228
EONET_17232,wildfires,"RX Milam Prescribed Fire, Milam, Texas",False,https://eonet.gsfc.nasa.gov/api/v3/events/EONET_17232
EONET_17230,wildfires,"RX KIS BU 61-62 Prescribed Fire, Natchitoches, Louisiana",False,https://eonet.gsfc.nasa.gov/api/v3/events/EONET_17230
EONET_17233,wildfires,"RX Kleberg Prescribed Fire, Kleberg, Texas",False,https://eonet.gsfc.nasa.gov/api/v3/events/EONET_17233
EONET_17461,wildfires,"RX BILLY HOWELL Prescribed Fire, Pontotoc, Oklahoma",False,https://eonet.gsfc.nasa.gov/api/v3/events/EONET_17461
EONET_17458,wildfires,"Hanks RX Prescribed Fire, Texas, Missouri",False,https://eonet.gsfc.nasa.gov/api/v3/events/EONET_17458
EONET_17237,wildfires,"RX Gib Road Prescribed Fire, Baxter, Arkansas",False,https://eonet.gsfc.nasa.gov/api/v3/events/EONET_17237
EONET_17591,wildfires,"ANF Guidrey 63/64 RX Prescribed Fire, Angelina, Texas",False,https://eonet.gsfc.nasa.gov/api/v3/events/EONET_17591
EONET_17236,wildfires,"RX Blowout Prescribed Fire, Montgomery, Arkansas",False,https://eonet.gsfc.nasa.gov/api/v3/events/EONET_17236
EONET_17235,wildfires,"RX Pedestal Rocks Prescribed Fire, Pope, Arkansas",False,https://eonet.gsfc.nasa.gov/api/v3/events/EONET_17235
EONET_17239,wildfires,"Fayne Creek RX Prescribed Fire, Talladega, Alabama",False,https://eonet.gsfc.nasa.gov/api/v3/events/EONET_17239
EONET_17101,wildfires,"RX Bill Bolen 2 Prescribed Fire, Pontotoc, Oklahoma",False,https://eonet.gsfc.nasa.gov/api/v3/events/EONET_17101
EONET_17238,wildfires,"RX Tacket Mtn Prescribed Fire, Van Buren, Arkansas",False,https://eonet.gsfc.nasa.gov/api/v3/events/EONET_17238
EONET_17240,wildfires,"RX Turkey Hollow Prescribed Fire, Johnson, Arkansas",False,https://eonet.gsfc.nasa.gov/api/v3/events/EONET_17240
EONET_17226,wildfires,"ANF BU 215 Rx 0112 Prescribed Fire, Leon, Florida",False,https://eonet.gsfc.nasa.gov/api/v3/events/EONET_17226
EONET_17225,wildfires,"ANF BU 218 Rx 0112 Prescribed Fire, Leon, Florida",False,https://eonet.gsfc.nasa.gov/api/v3/events/EONET_17225
EONET_17103,wildfires,"MIR 9.2 ABC Rx 0111 Prescribed Fire, Brevard, Florida",False,https://eonet.gsfc.nasa.gov/api/v3/events/EONET_17103
EONET_17104,wildfires,"APQ Rec Area 12 Rx 0110 Prescribed Fire, Highlands, Florida",False,https://eonet.gsfc.nasa.gov/api/v3/events/EONET_17104
EONET_17460,wildfires,"RX-KENWOOD 40 Prescribed Fire, Delaware, Oklahoma",False,https://eonet.gsfc.nasa.gov/api/v3/events/EONET_17460
EONET_17241,wildfires,"Blue Springs West 04 RX Prescribed Fire, Covington, Alabama",False,https://eonet.gsfc.nasa.gov/api/v3/events/EONET_17241
EONET_17102,wildfires,"MIDNIGHT Wildfire, Carter, Oklahoma",False,https://eonet.gsfc.nasa.gov/api/v3/events/EONET_17102
EONET_17106,wildfires,"APQ South Range Rx 0109 Prescribed Fire, Highlands, Florida",False,https://eonet.gsfc.nasa.gov/api/v3/events/EONET_17106
EONET_17105,wildfires,"MIR 5.1 ABC Rx 0109 Prescribed Fire, Brevard, Florida",False,https://eonet.gsfc.nasa.gov/api/v3/events/EONET_17105
EONET_17234,wildfires,"CY26 TRD- DISTRICT PILES Rx Prescribed Fire, Coconino, Arizona",False,https://eonet.gsfc.nasa.gov/api/v3/events/EONET_17234
EONET_16976,wildfires,"APQ Rec Area 10 Rx 0108 Prescribed Fire, Highlands, Florida",False,https://eonet.gsfc.nasa.gov/api/v3/events/EONET_16976
EONET_17165,volcanoes,"Mayon Volcano, Philippines",False,https://eonet.gsfc.nasa.gov/api/v3/events/EONET_17165
EONET_17584,wildfires,"South Pen Rx Piles - East Prescribed Fire, Wasco, Oregon",False,https://eonet.gsfc.nasa.gov/api/v3/events/EONET_17584
EONET_17229,wildfires,"Central Zone Programmatic Piles RX Prescribed Fire, Carbon, Wyoming",False,https://eonet.gsfc.nasa.gov/api/v3/events/EONET_17229
EONET_16811,wildfires,"Math Branch Wildfire, Christian, Missouri",False,https://eonet.gsfc.nasa.gov/api/v3/events/EONET_16811
EONET_16812,wildfires,"Madley Wildfire, Shelby, Texas",False,https://eonet.gsfc.nasa.gov/api/v3/events/EONET_16812
EONET_16815,wildfires,"Rx Newton 6078 Prescribed Fire, Newton, Texas",False,https://eonet.gsfc.nasa.gov/api/v3/events/EONET_16815
EONET_16816,wildfires,"Rx Liberty 6069 Prescribed Fire, Liberty, Texas",False,https://eonet.gsfc.nasa.gov/api/v3/events/EONET_16816
EONET_16817,wildfires,"Rx Jasper 6074 Prescribed Fire, Jasper, Texas",False,https://eonet.gsfc.nasa.gov/api/v3/events/EONET_16817
EONET_17166,volcanoes,"Sabancaya Volcano, Peru",False,https://eonet.gsfc.nasa.gov/api/v3/events/EONET_17166
EONET_16718,wildfires,"Addington Wildfire, Cherokee, Oklahoma",False,https://eonet.gsfc.nasa.gov/api/v3/events/EONET_16718
EONET_16614,wildfires,"Sassafras Fire Wildfire, Latimer, Oklahoma",False,https://eonet.gsfc.nasa.gov/api/v3/events/EONET_16614
EONET_16613,wildfires,"Salt Creek Wildfire, Blaine, Oklahoma",False,https://eonet.gsfc.nasa.gov/api/v3/events/EONET_16613
EONET_16717,wildfires,"Burning In The Blind Wildfire, Brooks, Texas",False,https://eonet.gsfc.nasa.gov/api/v3/events/EONET_16717
EONET_16517,wildfires,"CR L Wildfire, Yuma, Colorado",False,https://eonet.gsfc.nasa.gov/api/v3/events/EONET_16517
EONET_16518,wildfires,"33 Wildfire, Yuma, Colorado",False,https://eonet.gsfc.nasa.gov/api/v3/events/EONET_16518
EONET_16813,wildfires,"44 Wildfire, Yuma, Colorado",False,https://eonet.gsfc.nasa.gov/api/v3/events/EONET_16813
EONET_16519,wildfires,"Terry Ranch Wildfire, Laramie, Wyoming",False,https://eonet.gsfc.nasa.gov/api/v3/events/EONET_16519
EONET_16520,wildfires,"RX Cook Road Prescribed Fire, Baxter, Arkansas",False,https://eonet.gsfc.nasa.gov/api/v3/events/EONET_16520
EONET_16404,wildfires,"RX Optimus North Prescribed Fire, Stone, Arkansas",False,https://eonet.gsfc.nasa.gov/api/v3/events/EONET_16404
EONET_16405,wildfires,"Cave Mountain Wildfire, Bibb, Alabama",False,https://eonet.gsfc.nasa.gov/api/v3/events/EONET_16405
EONET_16406,wildfires,"RX  FY26 BUFF Buffalo Point Maintenance Prescribed Fire, Marion, Arkansas",False,https://eonet.gsfc.nasa.gov/api/v3/events/EONET_16406
EONET_16300,wildfires,"RX Llano 5625 Prescribed Fire, Llano, Texas",False,https://eonet.gsfc.nasa.gov/api/v3/events/EONET_16300
EONET_16298,wildfires,"RX WINN BU 64 Prescribed Fire, Winn, Louisiana",False,https://eonet.gsfc.nasa.gov/api/v3/events/EONET_16298
EONET_16299,wildfires,"APQ Area 12 Rx 1211 Prescribed Fire, Highlands, Florida",False,https://eonet.gsfc.nasa.gov/api/v3/events/EONET_16299
EONET_16303,wildfires,"RX CRCC South Prescribed Fire, Murray, Oklahoma",False,https://eonet.gsfc.nasa.gov/api/v3/events/EONET_16303
EONET_16407,wildfires,"APQ Recreation Area 12 Rx 1210 Prescribed Fire, Highlands, Florida",False,https://eonet.gsfc.nasa.gov/api/v3/events/EONET_16407
EONET_16301,wildfires,"RX CALV BU 129-130-131 Prescribed Fire, Vernon, Louisiana",False,https://eonet.gsfc.nasa.gov/api/v3/events/EONET_16301
EONET_16304,wildfires,"APQ Area 12 Rx 1209 Prescribed Fire, Highlands, Florida",False,https://eonet.gsfc.nasa.gov/api/v3/events/EONET_16304
EONET_16302,wildfires,"SNF Clarktown RX Blk C &amp; D Prescribed Fire, Sabine, Texas",False,https://eonet.gsfc.nasa.gov/api/v3/events/EONET_16302
EONET_16259,wildfires,"RX CALV BU 237-264 Prescribed Fire, Vernon, Louisiana",False,https://eonet.gsfc.nasa.gov/api/v3/events/EONET_16259
EONET_16260,wildfires,"APQ South Tactical Range Rx 1206 Prescribed Fire, Highlands, Florida",False,https://eonet.gsfc.nasa.gov/api/v3/events/EONET_16260
EONET_16262,wildfires,"APQ South Tactical Range Rx 1205 Prescribed Fire, Highlands, Florida",False,https://eonet.gsfc.nasa.gov/api/v3/events/EONET_16262
EONET_16264,wildfires,"UBC Upper Jacks RX Prescribed Fire, Coconino, Arizona",False,https://eonet.gsfc.nasa.gov/api/v3/events/EONET_16264
EONET_16258,wildfires,"Rat RX Prescribed Fire, Lawrence, South Dakota",False,https://eonet.gsfc.nasa.gov/api/v3/events/EONET_16258
EONET_16203,volcanoes,"Ambae Volcano, Vanuatu",False,https://eonet.gsfc.nasa.gov/api/v3/events/EONET_16203
EONET_16265,wildfires,"Slicker RX Prescribed Fire, Lawrence, South Dakota",False,https://eonet.gsfc.nasa.gov/api/v3/events/EONET_16265
EONET_16202,volcanoes,"Puracé Volcano, Colombia",False,https://eonet.gsfc.nasa.gov/api/v3/events/EONET_16202
EONET_16263,wildfires,"Carex RX Prescribed Fire, Crook, Wyoming",False,https://eonet.gsfc.nasa.gov/api/v3/events/EONET_16263
EONET_15984,wildfires,"RX Coleman 5431 Prescribed Fire, Coleman, Texas",False,https://eonet.gsfc.nasa.gov/api/v3/events/EONET_15984
EONET_15987,wildfires,"FY25 WEST CASTLE ROCK RX Prescribed Fire, Malheur, Oregon",False,https://eonet.gsfc.nasa.gov/api/v3/events/EONET_15987
EONET_16261,wildfires,"NZ Timber Pile RX Prescribed Fire, Sanpete, Utah",False,https://eonet.gsfc.nasa.gov/api/v3/events/EONET_16261
EONET_15986,wildfires,"Concord Fire Wildfire, Montgomery, Alabama",False,https://eonet.gsfc.nasa.gov/api/v3/events/EONET_15986
EONET_15983,wildfires,"Grey&#039;s Ditch Wildfire, Cameron, Louisiana",False,https://eonet.gsfc.nasa.gov/api/v3/events/EONET_15983
EONET_15985,wildfires,"ROANOKE RIVER Wildfire, Bertie, North Carolina",False,https://eonet.gsfc.nasa.gov/api/v3/events/EONET_15985
EONET_15895,wildfires,"RX Matagorda 5365 Prescribed Fire, Matagorda, Texas",False,https://eonet.gsfc.nasa.gov/api/v3/events/EONET_15895
EONET_15893,wildfires,"1039 Wildfire, Barry, Missouri",False,https://eonet.gsfc.nasa.gov/api/v3/events/EONET_15893
EONET_15894,wildfires,"Barfoot Fire Wildfire, Dinwiddie, Virginia",False,https://eonet.gsfc.nasa.gov/api/v3/events/EONET_15894
EONET_15896,wildfires,"Cache River State Nature Area RX Prescribed Fire, Johnson, Illinois",False,https://eonet.gsfc.nasa.gov/api/v3/events/EONET_15896
EONET_15876,wildfires,"RX Rains 5318 Prescribed Fire, Rains, Texas",False,https://eonet.gsfc.nasa.gov/api/v3/events/EONET_15876
EONET_15877,wildfires,"PACK Wildfire, Mono, California",False,https://eonet.gsfc.nasa.gov/api/v3/events/EONET_15877
EONET_15879,wildfires,"UBC Bill Dick RX Prescribed Fire, Coconino, Arizona",False,https://eonet.gsfc.nasa.gov/api/v3/events/EONET_15879
EONET_15880,wildfires,"Odart RX Prescribed Fire, Apache, Arizona",False,https://eonet.gsfc.nasa.gov/api/v3/events/EONET_15880
EONET_15882,wildfires,"Bienville CPT 207 208 210 Release RX Prescribed Fire, Jasper, Mississippi",False,https://eonet.gsfc.nasa.gov/api/v3/events/EONET_15882
EONET_15878,wildfires,"Whitney Bear RX Prescribed Fire, Summit, Utah",False,https://eonet.gsfc.nasa.gov/api/v3/events/EONET_15878
EONET_15864,wildfires,"MANA ROAD Wildfire, Hawaii, Hawaii",False,https://eonet.gsfc.nasa.gov/api/v3/events/EONET_15864
EONET_15867,wildfires,"Rx Angelina 5149 Prescribed Fire, Angelina, Texas",False,https://eonet.gsfc.nasa.gov/api/v3/events/EONET_15867
EONET_15865,wildfires,"Large Impact Wildfire, El Paso, Colorado",False,https://eonet.gsfc.nasa.gov/api/v3/events/EONET_15865
EONET_15863,wildfires,"Bald Mountain Wildfire, Craig, Virginia",False,https://eonet.gsfc.nasa.gov/api/v3/events/EONET_15863
EONET_15874,wildfires,"rx-Lapham Good Oak 2025 Prescribed Fire, Waukesha, Wisconsin",False,https://eonet.gsfc.nasa.gov/api/v3/events/EONET_15874
EONET_15873,wildfires,"Highway 83 Wildfire, Cherry, Nebraska",False,https://eonet.gsfc.nasa.gov/api/v3/events/EONET_15873
EONET_15869,wildfires,"Chimney 1 RX Prescribed Fire, Coconino, Arizona",False,https://eonet.gsfc.nasa.gov/api/v3/events/EONET_15869
EONET_15857,wildfires,"MATAGORDA SOUTH Wildfire, Calhoun, Texas",False,https://eonet.gsfc.nasa.gov/api/v3/events/EONET_15857
EONET_15856,wildfires,"MATAGORDA SOUTH Wildfire, Calhoun, Texas",False,https://eonet.gsfc.nasa.gov/api/v3/events/EONET_15856
EONET_15870,wildfires,"Last Chance/Porcupine RX Prescribed Fire, Sevier, Utah",False,https://eonet.gsfc.nasa.gov/api/v3/events/EONET_15870
EONET_15852,seaLakeIce,Iceberg C18C,False,https://eonet.gsfc.nasa.gov/api/v3/events/EONET_15852
EONET_15871,wildfires,"D2 - Brookbank RX Prescribed Fire, Navajo, Arizona",False,https://eonet.gsfc.nasa.gov/api/v3/events/EONET_15871
EONET_15843,wildfires,"NP RX - LITTLE TACOMA STEWARDSHIP Prescribed Fire, Stevens, Washington",False,https://eonet.gsfc.nasa.gov/api/v3/events/EONET_15843
EONET_15872,wildfires,"TON RX - HAILEY STEWARDSHIP Prescribed Fire, Okanogan, Washington",False,https://eonet.gsfc.nasa.gov/api/v3/events/EONET_15872
EONET_15866,wildfires,"3R RX - DRUMMOND A-Z Prescribed Fire, Stevens, Washington",False,https://eonet.gsfc.nasa.gov/api/v3/events/EONET_15866
EONET_15831,wildfires,"Herring Wildfire, Perry, Mississippi",False,https://eonet.gsfc.nasa.gov/api/v3/events/EONET_15831
EONET_15842,wildfires,"D7 - Pulp Knoll RX Prescribed Fire, Apache, Arizona",False,https://eonet.gsfc.nasa.gov/api/v3/events/EONET_15842
EONET_15846,wildfires,"D7 - Brown Creek RX Prescribed Fire, Apache, Arizona",False,https://eonet.gsfc.nasa.gov/api/v3/events/EONET_15846
EONET_15833,wildfires,"3R RX - HART A-Z Prescribed Fire, Stevens, Washington",False,https://eonet.gsfc.nasa.gov/api/v3/events/EONET_15833
EONET_15820,wildfires,"Dry Prong Wildfire, Perry, Mississippi",False,https://eonet.gsfc.nasa.gov/api/v3/events/EONET_15820
EONET_15881,wildfires,"D1 - Pace Creek RX Prescribed Fire, Apache, Arizona",False,https://eonet.gsfc.nasa.gov/api/v3/events/EONET_15881
EONET_15807,wildfires,"RX Mason 4828 Prescribed Fire, Mason, Texas",False,https://eonet.gsfc.nasa.gov/api/v3/events/EONET_15807
EONET_15832,wildfires,"TON RX - MT HULL HALEY HP Prescribed Fire, Okanogan, Washington",False,https://eonet.gsfc.nasa.gov/api/v3/events/EONET_15832
EONET_15845,wildfires,"RX D6 DISTRICT WIDE PILES Prescribed Fire, Valley, Idaho",False,https://eonet.gsfc.nasa.gov/api/v3/events/EONET_15845
EONET_15844,wildfires,"Upper Provo Piles RX Prescribed Fire, Summit, Utah",False,https://eonet.gsfc.nasa.gov/api/v3/events/EONET_15844
EONET_15787,wildfires,"Attala 6592 Attala Road 3232 Wildfire, Attala, Mississippi",False,https://eonet.gsfc.nasa.gov/api/v3/events/EONET_15787
EONET_15786,wildfires,"Tule Wildfire, Briscoe, Texas",False,https://eonet.gsfc.nasa.gov/api/v3/events/EONET_15786
EONET_15785,wildfires,"Cherry Wildfire, Utah, Utah",False,https://eonet.gsfc.nasa.gov/api/v3/events/EONET_15785
EONET_15680,wildfires,"Lake Creek Wildfire, Blaine, Idaho",False,https://eonet.gsfc.nasa.gov/api/v3/events/EONET_15680
EONET_15626,wildfires,"Hayes Wildfire, Blaine, Montana",False,https://eonet.gsfc.nasa.gov/api/v3/events/EONET_15626
EONET_15789,wildfires,"Northwest Sands Moquah Barrens Block A RX Prescribed Fire, Bayfield, Wisconsin",False,https://eonet.gsfc.nasa.gov/api/v3/events/EONET_15789
EONET_15818,wildfires,"Millcreek Canyon Piles RX Prescribed Fire, Salt Lake, Utah",False,https://eonet.gsfc.nasa.gov/api/v3/events/EONET_15818
EONET_15577,wildfires,"Heat Wave Wildfire, Callahan, Texas",False,https://eonet.gsfc.nasa.gov/api/v3/events/EONET_15577
EONET_15682,wildfires,"Blacksmith Fork Ephraims Unit RX Prescribed Fire, Cache, Utah",False,https://eonet.gsfc.nasa.gov/api/v3/events/EONET_15682
EONET_15579,wildfires,"Tango Forty Four Wildfire, Perry, Mississippi",False,https://eonet.gsfc.nasa.gov/api/v3/events/EONET_15579
EONET_15580,wildfires,"PUMKIN Wildfire, Navajo, Arizona",False,https://eonet.gsfc.nasa.gov/api/v3/events/EONET_15580
EONET_15520,wildfires,"Twin Plume Fire Wildfire, Palm Beach, Florida",False,https://eonet.gsfc.nasa.gov/api/v3/events/EONET_15520
EONET_15521,wildfires,"Alpaugh Wildfire, Kings, California",False,https://eonet.gsfc.nasa.gov/api/v3/events/EONET_15521
EONET_15519,wildfires,"McCormick Creek Wildfire, Collingsworth, Texas",False,https://eonet.gsfc.nasa.gov/api/v3/events/EONET_15519
EONET_15518,wildfires,"L7 Canal Wildfire, Palm Beach, Florida",False,https://eonet.gsfc.nasa.gov/api/v3/events/EONET_15518
EONET_15523,wildfires,"Bear River 9 Rx Prescribed Fire, Box Elder, Utah",False,https://eonet.gsfc.nasa.gov/api/v3/events/EONET_15523
EONET_15627,wildfires,"Salmon Forks Wildfire, Flathead, Montana",False,https://eonet.gsfc.nasa.gov/api/v3/events/EONET_15627
EONET_15432,wildfires,"SMR Unit 100/101 Rx 0911 Prescribed Fire, Wakulla, Florida",False,https://eonet.gsfc.nasa.gov/api/v3/events/EONET_15432
EONET_15435,wildfires,"Rx Quanah Prescribed Fire, Comanche, Oklahoma",False,https://eonet.gsfc.nasa.gov/api/v3/events/EONET_15435
EONET_15437,wildfires,"SMR Unit 21-138 Rx 0910 Prescribed Fire, Jefferson, Florida",False,https://eonet.gsfc.nasa.gov/api/v3/events/EONET_15437
EONET_15811,volcanoes,"Kanlaon Volcano, Philippines",False,https://eonet.gsfc.nasa.gov/api/v3/events/EONET_15811
EONET_15434,wildfires,"WOODEN ROAD Wildfire, Walla Walla, Washington",False,https://eonet.gsfc.nasa.gov/api/v3/events/EONET_15434
EONET_15439,wildfires,"rx-Middle Marsh Prescribed Fire, Dodge, Wisconsin",False,https://eonet.gsfc.nasa.gov/api/v3/events/EONET_15439
EONET_15431,wildfires,"1016 DEEP CREEK Wildfire, Wasco, Oregon",False,https://eonet.gsfc.nasa.gov/api/v3/events/EONET_15431
EONET_15576,wildfires,"Tunnel Creek Wildfire, Jefferson, Washington",False,https://eonet.gsfc.nasa.gov/api/v3/events/EONET_15576
EONET_15380,wildfires,"PYRITE Wildfire, Riverside, California",False,https://eonet.gsfc.nasa.gov/api/v3/events/EONET_15380
EONET_15385,wildfires,"BLACK ROCK Wildfire, Wasco, Oregon",False,https://eonet.gsfc.nasa.gov/api/v3/events/EONET_15385
EONET_15387,wildfires,"Moon Complex Incident Complex, Curry, Oregon",False,https://eonet.gsfc.nasa.gov/api/v3/events/EONET_15387
EONET_15382,wildfires,"Backbone Wildfire, Curry, Oregon",False,https://eonet.gsfc.nasa.gov/api/v3/events/EONET_15382
EONET_15381,wildfires,"Pinnacle Wildfire, Curry, Oregon",False,https://eonet.gsfc.nasa.gov/api/v3/events/EONET_15381
EONET_15522,wildfires,"Green Rattle Complex Incident Complex, Bonner, Idaho",False,https://eonet.gsfc.nasa.gov/api/v3/events/EONET_15522
EONET_15388,wildfires,"Kelsey Peak Wildfire, Curry, Oregon",False,https://eonet.gsfc.nasa.gov/api/v3/events/EONET_15388
EONET_15384,wildfires,"Sentinel Wildfire, Humboldt, Nevada",False,https://eonet.gsfc.nasa.gov/api/v3/events/EONET_15384
EONET_15282,wildfires,"Timber Butte Wildfire, Beaverhead, Montana",False,https://eonet.gsfc.nasa.gov/api/v3/events/EONET_15282
EONET_15433,wildfires,"Isabella Wildfire, Sanders, Montana",False,https://eonet.gsfc.nasa.gov/api/v3/events/EONET_15433
EONET_15301,wildfires,"3 AM (53) Wildfire, Polk, Florida",False,https://eonet.gsfc.nasa.gov/api/v3/events/EONET_15301
EONET_15284,wildfires,"4-Jan Wildfire, Mariposa, California",False,https://eonet.gsfc.nasa.gov/api/v3/events/EONET_15284
EONET_15290,wildfires,"TCU SEPTEMBER LIGHTNING COMPLEX Incident Complex, Tuolumne, California",False,https://eonet.gsfc.nasa.gov/api/v3/events/EONET_15290
EONET_15297,wildfires,"Lynx Mountain Wildfire, Ferry, Washington",False,https://eonet.gsfc.nasa.gov/api/v3/events/EONET_15297
EONET_15283,wildfires,"MARKS CREEK Wildfire, Crook, Oregon",False,https://eonet.gsfc.nasa.gov/api/v3/events/EONET_15283
EONET_15285,wildfires,"8-Feb Wildfire, Calaveras, California",False,https://eonet.gsfc.nasa.gov/api/v3/events/EONET_15285
EONET_15288,wildfires,"7-Feb Wildfire, Calaveras, California",False,https://eonet.gsfc.nasa.gov/api/v3/events/EONET_15288
EONET_15289,wildfires,"5-Jun Wildfire, Tuolumne, California",False,https://eonet.gsfc.nasa.gov/api/v3/events/EONET_15289
EONET_15286,wildfires,"2-Jun Wildfire, Tuolumne, California",False,https://eonet.gsfc.nasa.gov/api/v3/events/EONET_15286
EONET_15287,wildfires,"2-Feb Wildfire, Stanislaus, California",False,https://eonet.gsfc.nasa.gov/api/v3/events/EONET_15287
EONET_15279,wildfires,"SALT Wildfire, Fresno, California",False,https://eonet.gsfc.nasa.gov/api/v3/events/EONET_15279
EONET_15386,wildfires,"SNOW PEAK Wildfire, Ferry, Washington",False,https://eonet.gsfc.nasa.gov/api/v3/events/EONET_15386
EONET_15296,wildfires,"LOWER SUGARLOAF Wildfire, Chelan, Washington",False,https://eonet.gsfc.nasa.gov/api/v3/events/EONET_15296
EONET_15298,wildfires,"SWIFT COMPLEX Incident Complex, Trinity, California",False,https://eonet.gsfc.nasa.gov/api/v3/events/EONET_15298
EONET_15383,wildfires,"LABOR MOUNTAIN Wildfire, Kittitas, Washington",False,https://eonet.gsfc.nasa.gov/api/v3/events/EONET_15383
EONET_15294,wildfires,"ROOT Wildfire, Shasta, California",False,https://eonet.gsfc.nasa.gov/api/v3/events/EONET_15294
EONET_15299,wildfires,"Rattlesnake Wildfire, Ferry, Washington",False,https://eonet.gsfc.nasa.gov/api/v3/events/EONET_15299
EONET_15295,wildfires,"TACOMA CREEK Wildfire, Stevens, Washington",False,https://eonet.gsfc.nasa.gov/api/v3/events/EONET_15295
EONET_15436,wildfires,"White Pine Wildfire, Latah, Idaho",False,https://eonet.gsfc.nasa.gov/api/v3/events/EONET_15436
EONET_15151,wildfires,"KATY CREEK Wildfire, Ferry, Washington",False,https://eonet.gsfc.nasa.gov/api/v3/events/EONET_15151
EONET_15291,wildfires,"Ulm Creek Wildfire, Shoshone, Idaho",False,https://eonet.gsfc.nasa.gov/api/v3/events/EONET_15291
EONET_15292,wildfires,"KATY CREEK Wildfire, Ferry, Washington",False,https://eonet.gsfc.nasa.gov/api/v3/events/EONET_15292
EONET_15293,wildfires,"BLACKHAWK MOUNTAIN Wildfire, Stevens, Washington",False,https://eonet.gsfc.nasa.gov/api/v3/events/EONET_15293
EONET_15145,wildfires,"CROWN CREEK Wildfire, Stevens, Washington",False,https://eonet.gsfc.nasa.gov/api/v3/events/EONET_15145
EONET_15149,wildfires,"R-14 BUFFALO Wildfire, Washoe, Nevada",False,https://eonet.gsfc.nasa.gov/api/v3/events/EONET_15149
EONET_15152,wildfires,"RX San Patricio 4111 Prescribed Fire, San Patricio, Texas",False,https://eonet.gsfc.nasa.gov/api/v3/events/EONET_15152
EONET_15148,wildfires,"Juniper Canyon Wildfire, Umatilla, Oregon",False,https://eonet.gsfc.nasa.gov/api/v3/events/EONET_15148
EONET_15156,wildfires,"SMR Unit 5/120 Rx 0827 Prescribed Fire, Wakulla, Florida",False,https://eonet.gsfc.nasa.gov/api/v3/events/EONET_15156
EONET_15154,wildfires,"SMR Unit 108/122 Rx 0828 Prescribed Fire, Wakulla, Florida",False,https://eonet.gsfc.nasa.gov/api/v3/events/EONET_15154
EONET_15085,wildfires,"BUTTE Wildfire, Malheur, Oregon",False,https://eonet.gsfc.nasa.gov/api/v3/events/EONET_15085
EONET_15146,wildfires,"Perry Wildfire, Whatcom, Washington",False,https://eonet.gsfc.nasa.gov/api/v3/events/EONET_15146
EONET_15147,wildfires,"BLUE Wildfire, Siskiyou, California",False,https://eonet.gsfc.nasa.gov/api/v3/events/EONET_15147
EONET_15091,wildfires,"Canyon Wildfire, Ventura, California",False,https://eonet.gsfc.nasa.gov/api/v3/events/EONET_15091
EONET_15092,wildfires,"Pony Wildfire, Rosebud, Montana",False,https://eonet.gsfc.nasa.gov/api/v3/events/EONET_15092
EONET_15280,wildfires,"LOG Wildfire, Siskiyou, California",False,https://eonet.gsfc.nasa.gov/api/v3/events/EONET_15280
EONET_15094,wildfires,"SMR BU 413/414 Rx 0826 Prescribed Fire, Wakulla, Florida",False,https://eonet.gsfc.nasa.gov/api/v3/events/EONET_15094
EONET_15096,wildfires,"The backburn Wildfire, Rolette, North Dakota",False,https://eonet.gsfc.nasa.gov/api/v3/events/EONET_15096
EONET_15087,wildfires,"Dillon Wildfire, Siskiyou, California",False,https://eonet.gsfc.nasa.gov/api/v3/events/EONET_15087
EONET_15144,wildfires,"WILDCAT Wildfire, Yakima, Washington",False,https://eonet.gsfc.nasa.gov/api/v3/events/EONET_15144
EONET_15281,wildfires,"PEAK Wildfire, Trinity, California",False,https://eonet.gsfc.nasa.gov/api/v3/events/EONET_15281
EONET_15330,volcanoes,"Krasheninnikov Volcano, Russia",False,https://eonet.gsfc.nasa.gov/api/v3/events/EONET_15330
EONET_15046,wildfires,"Big Butte Wildfire, Elko, Nevada",False,https://eonet.gsfc.nasa.gov/api/v3/events/EONET_15046
EONET_15086,wildfires,"Emigrant Wildfire, Lane, Oregon",False,https://eonet.gsfc.nasa.gov/api/v3/events/EONET_15086
EONET_15058,wildfires,"Five Points Wildfire, Scotland, North Carolina",False,https://eonet.gsfc.nasa.gov/api/v3/events/EONET_15058
EONET_15050,wildfires,"R-3 Wildfire, Lassen, California",False,https://eonet.gsfc.nasa.gov/api/v3/events/EONET_15050
EONET_15045,wildfires,"GARNET Wildfire, Fresno, California",False,https://eonet.gsfc.nasa.gov/api/v3/events/EONET_15045
EONET_15057,wildfires,"Widemouth Wildfire, Millard, Utah",False,https://eonet.gsfc.nasa.gov/api/v3/events/EONET_15057
EONET_15389,wildfires,"Walk Wildfire, Idaho, Idaho",False,https://eonet.gsfc.nasa.gov/api/v3/events/EONET_15389
EONET_15056,wildfires,"Dollar Lake Wildfire, Sublette, Wyoming",False,https://eonet.gsfc.nasa.gov/api/v3/events/EONET_15056
EONET_15052,wildfires,"LITTLE Wildfire, Kern, California",False,https://eonet.gsfc.nasa.gov/api/v3/events/EONET_15052
EONET_15059,wildfires,"Needwood Wildfire, Collingsworth, Texas",False,https://eonet.gsfc.nasa.gov/api/v3/events/EONET_15059
EONET_15048,wildfires,"5 Mile 2025 Wildfire, Kleberg, Texas",False,https://eonet.gsfc.nasa.gov/api/v3/events/EONET_15048
EONET_15088,wildfires,"Willow Creek Wildfire, Lincoln, Wyoming",False,https://eonet.gsfc.nasa.gov/api/v3/events/EONET_15088
EONET_15051,wildfires,"FLAT Wildfire, Jefferson, Oregon",False,https://eonet.gsfc.nasa.gov/api/v3/events/EONET_15051
EONET_15049,wildfires,"PICKETT Wildfire, Napa, California",False,https://eonet.gsfc.nasa.gov/api/v3/events/EONET_15049
EONET_15053,wildfires,"Dollar Lake Wildfire, Sublette, Wyoming",False,https://eonet.gsfc.nasa.gov/api/v3/events/EONET_15053
EONET_15150,wildfires,"Ransome Wildfire, Lincoln, Montana",False,https://eonet.gsfc.nasa.gov/api/v3/events/EONET_15150
EONET_15095,wildfires,"Rhoda Creek Wildfire, Idaho, Idaho",False,https://eonet.gsfc.nasa.gov/api/v3/events/EONET_15095
EONET_15089,wildfires,"Devil Mountain Wildfire, Powell, Montana",False,https://eonet.gsfc.nasa.gov/api/v3/events/EONET_15089
EONET_14954,wildfires,"COYOTE Wildfire, El Dorado, California",False,https://eonet.gsfc.nasa.gov/api/v3/events/EONET_14954
EONET_15055,wildfires,"East Wildfire, Idaho, Idaho",False,https://eonet.gsfc.nasa.gov/api/v3/events/EONET_15055
EONET_15153,wildfires,"Lonely Mountain Wildfire, Idaho, Idaho",False,https://eonet.gsfc.nasa.gov/api/v3/events/EONET_15153
EONET_14960,wildfires,"FT. GREEN RD. (53) Wildfire, Polk, Florida",False,https://eonet.gsfc.nasa.gov/api/v3/events/EONET_14960
EONET_14956,wildfires,"West Fork Wildfire, Gallatin, Montana",False,https://eonet.gsfc.nasa.gov/api/v3/events/EONET_14956
EONET_14955,wildfires,"MILE MARKER 39 FIRE (06) Wildfire, Broward, Florida",False,https://eonet.gsfc.nasa.gov/api/v3/events/EONET_14955
EONET_15093,wildfires,"Fishhook Wildfire, Greenlee, Arizona",False,https://eonet.gsfc.nasa.gov/api/v3/events/EONET_15093
EONET_15155,wildfires,"Pot Mountain Wildfire, Flathead, Montana",False,https://eonet.gsfc.nasa.gov/api/v3/events/EONET_15155
EONET_14962,wildfires,"Moser Dome Wildfire, Yellowstone, Montana",False,https://eonet.gsfc.nasa.gov/api/v3/events/EONET_14962
EONET_14961,wildfires,"Dry Head 2 Wildfire, Big Horn, Montana",False,https://eonet.gsfc.nasa.gov/api/v3/events/EONET_14961
EONET_14959,wildfires,"Marceaux Wildfire, Cameron, Louisiana",False,https://eonet.gsfc.nasa.gov/api/v3/events/EONET_14959
EONET_14897,wildfires,"Cow Creek Wildfire, Elko, Nevada",False,https://eonet.gsfc.nasa.gov/api/v3/events/EONET_14897
EONET_14958,wildfires,"Knowles Wildfire, Sanders, Montana",False,https://eonet.gsfc.nasa.gov/api/v3/events/EONET_14958
EONET_14957,wildfires,"BULL LAKE Wildfire, Fremont, Wyoming",False,https://eonet.gsfc.nasa.gov/api/v3/events/EONET_14957
EONET_14953,wildfires,"Derby Wildfire, Eagle, Colorado",False,https://eonet.gsfc.nasa.gov/api/v3/events/EONET_14953
EONET_14893,wildfires,"LG25 6416 - McAllister Wildfire, Madison, Montana",False,https://eonet.gsfc.nasa.gov/api/v3/events/EONET_14893
EONET_14894,wildfires,"Cow Creek Wildfire, Elko, Nevada",False,https://eonet.gsfc.nasa.gov/api/v3/events/EONET_14894
EONET_14895,wildfires,"Cottonwood Peak Wildfire, Elko, Nevada",False,https://eonet.gsfc.nasa.gov/api/v3/events/EONET_14895
EONET_14890,wildfires,"Sand Creek Wildfire, Fremont, Idaho",False,https://eonet.gsfc.nasa.gov/api/v3/events/EONET_14890
EONET_14899,wildfires,"Windy Rock Wildfire, Powell, Montana",False,https://eonet.gsfc.nasa.gov/api/v3/events/EONET_14899
EONET_14900,wildfires,"Rancho Wildfire, Washoe, Nevada",False,https://eonet.gsfc.nasa.gov/api/v3/events/EONET_14900
EONET_14901,wildfires,"Cloudrest Wildfire, Madison, Montana",False,https://eonet.gsfc.nasa.gov/api/v3/events/EONET_14901
EONET_14902,wildfires,"Chin Creek Wildfire, White Pine, Nevada",False,https://eonet.gsfc.nasa.gov/api/v3/events/EONET_14902
EONET_14904,wildfires,"SLEEPER RANCH Wildfire, Park, Wyoming",False,https://eonet.gsfc.nasa.gov/api/v3/events/EONET_14904
EONET_14815,wildfires,"DRY HEAD Wildfire, Carbon, Montana",False,https://eonet.gsfc.nasa.gov/api/v3/events/EONET_14815
EONET_14896,wildfires,"KING Wildfire, Los Angeles, California",False,https://eonet.gsfc.nasa.gov/api/v3/events/EONET_14896
EONET_14816,wildfires,"RED CANYON Wildfire, Hot Springs, Wyoming",False,https://eonet.gsfc.nasa.gov/api/v3/events/EONET_14816
EONET_14903,wildfires,"Bivens Creek Wildfire, Madison, Montana",False,https://eonet.gsfc.nasa.gov/api/v3/events/EONET_14903
EONET_14818,wildfires,"CRESCENT ROAD Wildfire, Lincoln, Washington",False,https://eonet.gsfc.nasa.gov/api/v3/events/EONET_14818
EONET_14817,wildfires,"Sunset Wildfire, Bonner, Idaho",False,https://eonet.gsfc.nasa.gov/api/v3/events/EONET_14817
EONET_14811,wildfires,"LG25 6395 - Horn Wildfire, Madison, Montana",False,https://eonet.gsfc.nasa.gov/api/v3/events/EONET_14811
EONET_15054,wildfires,"Mire Wildfire, Clearwater, Idaho",False,https://eonet.gsfc.nasa.gov/api/v3/events/EONET_15054
EONET_14905,wildfires,"CENTRAL FERRY Wildfire, Whitman, Washington",False,https://eonet.gsfc.nasa.gov/api/v3/events/EONET_14905
EONET_14898,wildfires,"Willard Peak Wildfire, Weber, Utah",False,https://eonet.gsfc.nasa.gov/api/v3/events/EONET_14898
EONET_14891,wildfires,"Washington Wildfire, Gila, Arizona",False,https://eonet.gsfc.nasa.gov/api/v3/events/EONET_14891
EONET_14813,wildfires,"SPRING CREEK Wildfire, Washakie, Wyoming",False,https://eonet.gsfc.nasa.gov/api/v3/events/EONET_14813
EONET_14820,wildfires,"Summer Springs Wildfire, Treasure, Montana",False,https://eonet.gsfc.nasa.gov/api/v3/events/EONET_14820
EONET_14819,wildfires,"Pony Creek Wildfire, Rosebud, Montana",False,https://eonet.gsfc.nasa.gov/api/v3/events/EONET_14819
EONET_14814,wildfires,"BOX Wildfire, Owyhee, Idaho",False,https://eonet.gsfc.nasa.gov/api/v3/events/EONET_14814
EONET_14824,wildfires,"ROCK Wildfire, Valley, Idaho",False,https://eonet.gsfc.nasa.gov/api/v3/events/EONET_14824
EONET_14821,wildfires,"Mission Butte Wildfire, Big Horn, Montana",False,https://eonet.gsfc.nasa.gov/api/v3/events/EONET_14821
EONET_14823,wildfires,"MOUNTAIN Wildfire, Modoc, California",False,https://eonet.gsfc.nasa.gov/api/v3/events/EONET_14823
EONET_14825,wildfires,"Crosho Wildfire, Rio Blanco, Colorado",False,https://eonet.gsfc.nasa.gov/api/v3/events/EONET_14825
EONET_14771,wildfires,"Big Springs Wildfire, Tooele, Utah",False,https://eonet.gsfc.nasa.gov/api/v3/events/EONET_14771
EONET_14769,wildfires,"VEREDA BLANCA Wildfire, Sandoval, New Mexico",False,https://eonet.gsfc.nasa.gov/api/v3/events/EONET_14769
EONET_14770,wildfires,"CANYON Wildfire, Ventura, California",False,https://eonet.gsfc.nasa.gov/api/v3/events/EONET_14770
EONET_14772,wildfires,"Beulah Wildfire, Summit, Utah",False,https://eonet.gsfc.nasa.gov/api/v3/events/EONET_14772
EONET_14773,wildfires,"Goodwin Wildfire, Graham, Arizona",False,https://eonet.gsfc.nasa.gov/api/v3/events/EONET_14773
EONET_14724,wildfires,"Twelve Wildfire, Moffat, Colorado",False,https://eonet.gsfc.nasa.gov/api/v3/events/EONET_14724
EONET_14768,wildfires,"Indian Creek Wildfire, Gila, Arizona",False,https://eonet.gsfc.nasa.gov/api/v3/events/EONET_14768
EONET_14729,wildfires,"ANDERSON DIKE (53) Wildfire, Polk, Florida",False,https://eonet.gsfc.nasa.gov/api/v3/events/EONET_14729
EONET_14722,wildfires,"ROSA Wildfire, Riverside, California",False,https://eonet.gsfc.nasa.gov/api/v3/events/EONET_14722
EONET_14727,wildfires,"Tullock Wildfire, Big Horn, Montana",False,https://eonet.gsfc.nasa.gov/api/v3/events/EONET_14727
EONET_14775,wildfires,"Medicine Wildfire, Yukon-Koyukuk, Alaska",False,https://eonet.gsfc.nasa.gov/api/v3/events/EONET_14775
EONET_14822,wildfires,"GOLD Wildfire, San Bernardino, California",False,https://eonet.gsfc.nasa.gov/api/v3/events/EONET_14822
EONET_14774,wildfires,"Backbone Wildfire, Natchitoches, Louisiana",False,https://eonet.gsfc.nasa.gov/api/v3/events/EONET_14774
EONET_14650,wildfires,"Leroux Wildfire, Delta, Colorado",False,https://eonet.gsfc.nasa.gov/api/v3/events/EONET_14650
EONET_14661,wildfires,"Bronco Wildfire, Gila, Arizona",False,https://eonet.gsfc.nasa.gov/api/v3/events/EONET_14661
EONET_14655,wildfires,"Grease Wildfire, Rio Blanco, Colorado",False,https://eonet.gsfc.nasa.gov/api/v3/events/EONET_14655
EONET_14654,wildfires,"Lee Wildfire, Rio Blanco, Colorado",False,https://eonet.gsfc.nasa.gov/api/v3/events/EONET_14654
EONET_14660,wildfires,"VICTORY Wildfire, Ada, Idaho",False,https://eonet.gsfc.nasa.gov/api/v3/events/EONET_14660
EONET_14653,wildfires,"Elk RBX Wildfire, Rio Blanco, Colorado",False,https://eonet.gsfc.nasa.gov/api/v3/events/EONET_14653
EONET_14659,wildfires,"Adobe Mtn Wildfire, Elko, Nevada",False,https://eonet.gsfc.nasa.gov/api/v3/events/EONET_14659
EONET_14664,wildfires,"MP 22 Wildfire, Elko, Nevada",False,https://eonet.gsfc.nasa.gov/api/v3/events/EONET_14664
EONET_14662,wildfires,"Jakes Wildfire, Elko, Nevada",False,https://eonet.gsfc.nasa.gov/api/v3/events/EONET_14662
EONET_14651,wildfires,"Snowstorm Wildfire, Elko, Nevada",False,https://eonet.gsfc.nasa.gov/api/v3/events/EONET_14651
EONET_14669,wildfires,"Rattlesnake (50) Wildfire, Palm Beach, Florida",False,https://eonet.gsfc.nasa.gov/api/v3/events/EONET_14669
EONET_14658,wildfires,"Kirkland Wildfire, Yavapai, Arizona",False,https://eonet.gsfc.nasa.gov/api/v3/events/EONET_14658
EONET_14721,wildfires,"Gifford Wildfire, Santa Barbara, California",False,https://eonet.gsfc.nasa.gov/api/v3/events/EONET_14721
EONET_14667,wildfires,"Pryor Dump Inc. 698 Wildfire, Big Horn, Montana",False,https://eonet.gsfc.nasa.gov/api/v3/events/EONET_14667
EONET_14652,wildfires,"Middle Mesa Wildfire, Rio Arriba, New Mexico",False,https://eonet.gsfc.nasa.gov/api/v3/events/EONET_14652
EONET_14720,wildfires,"Island Creek Wildfire, Idaho, Idaho",False,https://eonet.gsfc.nasa.gov/api/v3/events/EONET_14720
EONET_14666,wildfires,"BUDDHA RANCH Wildfire, Lake, Montana",False,https://eonet.gsfc.nasa.gov/api/v3/events/EONET_14666
EONET_14663,wildfires,"STUD HORSE Wildfire, Okanogan, Washington",False,https://eonet.gsfc.nasa.gov/api/v3/events/EONET_14663
EONET_14656,wildfires,"Lake Creek Wildfire, Umatilla, Oregon",False,https://eonet.gsfc.nasa.gov/api/v3/events/EONET_14656
EONET_14657,wildfires,"Lightning Creek Wildfire, Bonner, Idaho",False,https://eonet.gsfc.nasa.gov/api/v3/events/EONET_14657
EONET_14545,wildfires,"BU 103-156 Rx 0731 Prescribed Fire, Wakulla, Florida",False,https://eonet.gsfc.nasa.gov/api/v3/events/EONET_14545
EONET_14540,wildfires,"STRIKER Wildfire, Owyhee, Idaho",False,https://eonet.gsfc.nasa.gov/api/v3/events/EONET_14540
EONET_14548,wildfires,"PRAIRIE MINE (53) Wildfire, Polk, Florida",False,https://eonet.gsfc.nasa.gov/api/v3/events/EONET_14548
EONET_14543,wildfires,"Salt Lake Wildfire, Brazoria, Texas",False,https://eonet.gsfc.nasa.gov/api/v3/events/EONET_14543
EONET_14725,wildfires,"BIG CLIFF Wildfire, Siskiyou, California",False,https://eonet.gsfc.nasa.gov/api/v3/events/EONET_14725
EONET_14812,wildfires,"Elkhorn Wildfire, Custer, Idaho",False,https://eonet.gsfc.nasa.gov/api/v3/events/EONET_14812
EONET_14547,wildfires,"LOST TOM Wildfire, Malheur, Oregon",False,https://eonet.gsfc.nasa.gov/api/v3/events/EONET_14547
EONET_14542,wildfires,"ROCK CREEK Wildfire, Malheur, Oregon",False,https://eonet.gsfc.nasa.gov/api/v3/events/EONET_14542
EONET_14541,wildfires,"Moonshine Wildfire, Humboldt, Nevada",False,https://eonet.gsfc.nasa.gov/api/v3/events/EONET_14541
EONET_14665,wildfires,"Cedar Wildfire, Butte, Idaho",False,https://eonet.gsfc.nasa.gov/api/v3/events/EONET_14665
EONET_14549,wildfires,"Hiland Wildfire, Natrona, Wyoming",False,https://eonet.gsfc.nasa.gov/api/v3/events/EONET_14549
EONET_14544,wildfires,"Mill Wildfire, Lemhi, Idaho",False,https://eonet.gsfc.nasa.gov/api/v3/events/EONET_14544
EONET_14550,wildfires,"RX Armstrong 3559 Prescribed Fire, Armstrong, Texas",False,https://eonet.gsfc.nasa.gov/api/v3/events/EONET_14550
EONET_14551,wildfires,"BAER Butte Creek Emergency Stabilization, Wasco, Oregon",False,https://eonet.gsfc.nasa.gov/api/v3/events/EONET_14551
EONET_14726,wildfires,"Stoner Mesa Wildfire, Dolores, Colorado",False,https://eonet.gsfc.nasa.gov/api/v3/events/EONET_14726
EONET_14552,wildfires,"SMR BU 127/129 Rx 0728 Prescribed Fire, Wakulla, Florida",False,https://eonet.gsfc.nasa.gov/api/v3/events/EONET_14552
EONET_14498,wildfires,"LITTLE JOHN Wildfire, Malheur, Oregon",False,https://eonet.gsfc.nasa.gov/api/v3/events/EONET_14498
EONET_14502,wildfires,"LSR BU 9A/9B Rx 0727 Prescribed Fire, Dixie, Florida",False,https://eonet.gsfc.nasa.gov/api/v3/events/EONET_14502
EONET_14499,wildfires,"War Creek Wildfire, Jones, South Dakota",False,https://eonet.gsfc.nasa.gov/api/v3/events/EONET_14499
EONET_14500,wildfires,"VEES Wildfire, Washakie, Wyoming",False,https://eonet.gsfc.nasa.gov/api/v3/events/EONET_14500
EONET_14501,wildfires,"MAMMOTH Wildfire, Modoc, California",False,https://eonet.gsfc.nasa.gov/api/v3/events/EONET_14501
EONET_14503,wildfires,"Summit Wildfire, Cassia, Idaho",False,https://eonet.gsfc.nasa.gov/api/v3/events/EONET_14503
EONET_14459,wildfires,"North Marsh Wildfire, Volusia, Florida",False,https://eonet.gsfc.nasa.gov/api/v3/events/EONET_14459
EONET_14460,wildfires,"SMR BU 331/333 Rx 0722 Prescribed Fire, Wakulla, Florida",False,https://eonet.gsfc.nasa.gov/api/v3/events/EONET_14460
EONET_14430,wildfires,"SMR BU 301/308 Rx 0721 Prescribed Fire, Wakulla, Florida",False,https://eonet.gsfc.nasa.gov/api/v3/events/EONET_14430
EONET_14728,wildfires,"Ripple Wildfire, Yukon-Koyukuk, Alaska",False,https://eonet.gsfc.nasa.gov/api/v3/events/EONET_14728
EONET_14433,wildfires,"CAT CANYON Wildfire, Nye, Nevada",False,https://eonet.gsfc.nasa.gov/api/v3/events/EONET_14433
EONET_14436,wildfires,"LAKE SPOKANE Wildfire, Stevens, Washington",False,https://eonet.gsfc.nasa.gov/api/v3/events/EONET_14436
EONET_14439,wildfires,"SMR BU 416 Rx 0719 Prescribed Fire, Wakulla, Florida",False,https://eonet.gsfc.nasa.gov/api/v3/events/EONET_14439
EONET_14432,wildfires,"Butte Creek Wildfire, Wasco, Oregon",False,https://eonet.gsfc.nasa.gov/api/v3/events/EONET_14432
EONET_14434,wildfires,"BURDOIN Wildfire, Klickitat, Washington",False,https://eonet.gsfc.nasa.gov/api/v3/events/EONET_14434
EONET_14372,wildfires,"BRADFORD BRANCH Wildfire, Riverside, California",False,https://eonet.gsfc.nasa.gov/api/v3/events/EONET_14372
EONET_14374,wildfires,"DALE Wildfire, Riverside, California",False,https://eonet.gsfc.nasa.gov/api/v3/events/EONET_14374
EONET_14380,wildfires,"Buckboard Wildfire, Oneida, Idaho",False,https://eonet.gsfc.nasa.gov/api/v3/events/EONET_14380
EONET_14382,wildfires,"Cabin Wildfire, Coconino, Arizona",False,https://eonet.gsfc.nasa.gov/api/v3/events/EONET_14382
EONET_14381,wildfires,"TINDALL Wildfire, Owyhee, Idaho",False,https://eonet.gsfc.nasa.gov/api/v3/events/EONET_14381
EONET_14379,wildfires,"Cornucopia Wildfire, Elko, Nevada",False,https://eonet.gsfc.nasa.gov/api/v3/events/EONET_14379
EONET_14373,wildfires,"DAYBREAK Wildfire, Baker, Oregon",False,https://eonet.gsfc.nasa.gov/api/v3/events/EONET_14373
EONET_14730,wildfires,"Fay Wildfire, Kern, California",False,https://eonet.gsfc.nasa.gov/api/v3/events/EONET_14730
EONET_14384,wildfires,"BOUNDARY RD Wildfire, Yakima, Washington",False,https://eonet.gsfc.nasa.gov/api/v3/events/EONET_14384
EONET_14375,wildfires,"Hagelstein Wildfire, Klamath, Oregon",False,https://eonet.gsfc.nasa.gov/api/v3/events/EONET_14375
EONET_14378,wildfires,"GREENACRES Wildfire, Okanogan, Washington",False,https://eonet.gsfc.nasa.gov/api/v3/events/EONET_14378
EONET_14385,wildfires,"Mutal Aid 231 Wildfire, Umatilla, Oregon",False,https://eonet.gsfc.nasa.gov/api/v3/events/EONET_14385
EONET_14723,wildfires,"Camp Wildfire, Fairbanks North Star, Alaska",False,https://eonet.gsfc.nasa.gov/api/v3/events/EONET_14723
EONET_14383,wildfires,"New Holland Wildfire, Jackson, South Dakota",False,https://eonet.gsfc.nasa.gov/api/v3/events/EONET_14383
EONET_14377,wildfires,"Ute 63 Wildfire, La Plata, Colorado",False,https://eonet.gsfc.nasa.gov/api/v3/events/EONET_14377
EONET_14310,wildfires,"0545 CRAM Wildfire, Jefferson, Oregon",False,https://eonet.gsfc.nasa.gov/api/v3/events/EONET_14310
EONET_14316,wildfires,"Monroe Canyon Wildfire, Sevier, Utah",False,https://eonet.gsfc.nasa.gov/api/v3/events/EONET_14316
EONET_14312,wildfires,"COYOTE Wildfire, Malheur, Oregon",False,https://eonet.gsfc.nasa.gov/api/v3/events/EONET_14312
EONET_14309,wildfires,"0536 HIGHLAND Wildfire, Crook, Oregon",False,https://eonet.gsfc.nasa.gov/api/v3/events/EONET_14309
EONET_14332,wildfires,"East Shelby Wildfire, Jerauld, South Dakota",False,https://eonet.gsfc.nasa.gov/api/v3/events/EONET_14332
EONET_14336,wildfires,"Rolling Hills Wildfire, Converse, Wyoming",False,https://eonet.gsfc.nasa.gov/api/v3/events/EONET_14336
EONET_14284,seaLakeIce,Iceberg B22H,False,https://eonet.gsfc.nasa.gov/api/v3/events/EONET_14284
EONET_14327,wildfires,"Johnny Buck Wildfire, Miami-Dade, Florida",False,https://eonet.gsfc.nasa.gov/api/v3/events/EONET_14327
EONET_14334,wildfires,"PALM TREE Wildfire, Broward, Florida",False,https://eonet.gsfc.nasa.gov/api/v3/events/EONET_14334
EONET_14325,wildfires,"Sowbelly Wildfire, Mesa, Colorado",False,https://eonet.gsfc.nasa.gov/api/v3/events/EONET_14325
EONET_14319,wildfires,"Turner Gulch Wildfire, Mesa, Colorado",False,https://eonet.gsfc.nasa.gov/api/v3/events/EONET_14319
EONET_14305,wildfires,"Deer Creek Wildfire, San Juan, Utah",False,https://eonet.gsfc.nasa.gov/api/v3/events/EONET_14305
EONET_14329,wildfires,"Rush Wildfire, Valley, Idaho",False,https://eonet.gsfc.nasa.gov/api/v3/events/EONET_14329
EONET_14323,wildfires,"South Rim Wildfire, Montrose, Colorado",False,https://eonet.gsfc.nasa.gov/api/v3/events/EONET_14323
EONET_14376,wildfires,"Onion Wildfire, Northwest Arctic, Alaska",False,https://eonet.gsfc.nasa.gov/api/v3/events/EONET_14376
EONET_14321,wildfires,"White Sage Wildfire, Coconino, Arizona",False,https://eonet.gsfc.nasa.gov/api/v3/events/EONET_14321
EONET_14324,wildfires,"Goose Wildfire, Grant, New Mexico",False,https://eonet.gsfc.nasa.gov/api/v3/events/EONET_14324
EONET_14318,wildfires,"Billy Wildfire, Gila, Arizona",False,https://eonet.gsfc.nasa.gov/api/v3/events/EONET_14318
EONET_14337,wildfires,"Mica Wildfire, Tooele, Utah",False,https://eonet.gsfc.nasa.gov/api/v3/events/EONET_14337
EONET_14313,wildfires,"GAP Wildfire, Millard, Utah",False,https://eonet.gsfc.nasa.gov/api/v3/events/EONET_14313
EONET_14328,wildfires,"0523 WILLOW Wildfire, Crook, Oregon",False,https://eonet.gsfc.nasa.gov/api/v3/events/EONET_14328
EONET_14335,wildfires,"Evans Road Mutual Aid Wildfire, Asotin, Washington",False,https://eonet.gsfc.nasa.gov/api/v3/events/EONET_14335
EONET_14315,wildfires,"WESTERN PINES Wildfire, Lincoln, Washington",False,https://eonet.gsfc.nasa.gov/api/v3/events/EONET_14315
EONET_14307,wildfires,"Goldrun Complex Incident Complex, Northwest Arctic, Alaska",False,https://eonet.gsfc.nasa.gov/api/v3/events/EONET_14307
EONET_14330,wildfires,"Big Bear Wildfire, Idaho, Idaho",False,https://eonet.gsfc.nasa.gov/api/v3/events/EONET_14330
EONET_14308,wildfires,"Reed Wildfire, Northwest Arctic, Alaska",False,https://eonet.gsfc.nasa.gov/api/v3/events/EONET_14308
EONET_14338,wildfires,"RX CAT C-98 Prescribed Fire, Grant, Louisiana",False,https://eonet.gsfc.nasa.gov/api/v3/events/EONET_14338
EONET_14326,wildfires,"Anguitakada Wildfire, Northwest Arctic, Alaska",False,https://eonet.gsfc.nasa.gov/api/v3/events/EONET_14326
EONET_14311,wildfires,"Grizzly Complex Incident Complex, Jackson, Oregon",False,https://eonet.gsfc.nasa.gov/api/v3/events/EONET_14311
EONET_14317,wildfires,"Orleans Complex Incident Complex, Siskiyou, California",False,https://eonet.gsfc.nasa.gov/api/v3/events/EONET_14317
EONET_14306,wildfires,"Tutuksuk Wildfire, Northwest Arctic, Alaska",False,https://eonet.gsfc.nasa.gov/api/v3/events/EONET_14306
EONET_14331,wildfires,"Iron Wildfire, Miami-Dade, Florida",False,https://eonet.gsfc.nasa.gov/api/v3/events/EONET_14331
EONET_14198,wildfires,"HOPE Wildfire, Stevens, Washington",False,https://eonet.gsfc.nasa.gov/api/v3/events/EONET_14198
EONET_14200,wildfires,"Hot Canyon Wildfire, Elko, Nevada",False,https://eonet.gsfc.nasa.gov/api/v3/events/EONET_14200
EONET_14215,wildfires,"13 MILE FIRE Wildfire, Palm Beach, Florida",False,https://eonet.gsfc.nasa.gov/api/v3/events/EONET_14215
EONET_14322,wildfires,"Elk Wildfire, Klamath, Oregon",False,https://eonet.gsfc.nasa.gov/api/v3/events/EONET_14322
EONET_14320,wildfires,"GOTHIC Wildfire, Nye, Nevada",False,https://eonet.gsfc.nasa.gov/api/v3/events/EONET_14320
EONET_14209,wildfires,"UDC Fire Wildfire, Jefferson, Oregon",False,https://eonet.gsfc.nasa.gov/api/v3/events/EONET_14209
EONET_14199,wildfires,"0482 SUNRISE Wildfire, Crook, Oregon",False,https://eonet.gsfc.nasa.gov/api/v3/events/EONET_14199
EONET_14218,wildfires,"Wheeler Wildfire, Yukon-Koyukuk, Alaska",False,https://eonet.gsfc.nasa.gov/api/v3/events/EONET_14218
EONET_14196,wildfires,"Sikik Wildfire, Northwest Arctic, Alaska",False,https://eonet.gsfc.nasa.gov/api/v3/events/EONET_14196
EONET_14197,wildfires,"Tsukon Wildfire, Yukon-Koyukuk, Alaska",False,https://eonet.gsfc.nasa.gov/api/v3/events/EONET_14197
EONET_14670,wildfires,"Dragon Bravo Wildfire, Coconino, Arizona",False,https://eonet.gsfc.nasa.gov/api/v3/events/EONET_14670
EONET_14207,wildfires,"Bartlett Wildfire, Humboldt, Nevada",False,https://eonet.gsfc.nasa.gov/api/v3/events/EONET_14207
EONET_14202,wildfires,"Flicker Wildfire, Phillips, Montana",False,https://eonet.gsfc.nasa.gov/api/v3/events/EONET_14202
EONET_14204,wildfires,"BARBER Wildfire, Pershing, Nevada",False,https://eonet.gsfc.nasa.gov/api/v3/events/EONET_14204
EONET_14203,wildfires,"BUTLER Wildfire, Siskiyou, California",False,https://eonet.gsfc.nasa.gov/api/v3/events/EONET_14203
EONET_14210,wildfires,"Uncle Sam Creek Wildfire, Fairbanks North Star, Alaska",False,https://eonet.gsfc.nasa.gov/api/v3/events/EONET_14210
EONET_14205,wildfires,"MARBLE COMPLEX Incident Complex, Siskiyou, California",False,https://eonet.gsfc.nasa.gov/api/v3/events/EONET_14205
EONET_14227,wildfires,"Rx Jasper 3208 Prescribed Fire, Jasper, Texas",False,https://eonet.gsfc.nasa.gov/api/v3/events/EONET_14227
EONET_14211,wildfires,"Wilder Wildfire, Fergus, Montana",False,https://eonet.gsfc.nasa.gov/api/v3/events/EONET_14211
EONET_14223,wildfires,"Spring Creek Wildfire, Platte, Wyoming",False,https://eonet.gsfc.nasa.gov/api/v3/events/EONET_14223
EONET_14201,wildfires,"APPLE ACRES Wildfire, Chelan, Washington",False,https://eonet.gsfc.nasa.gov/api/v3/events/EONET_14201
EONET_14219,wildfires,"SIEGEL Wildfire, Spokane, Washington",False,https://eonet.gsfc.nasa.gov/api/v3/events/EONET_14219
EONET_14225,wildfires,"COLD SPRINGS Wildfire, Umatilla, Oregon",False,https://eonet.gsfc.nasa.gov/api/v3/events/EONET_14225
EONET_14208,wildfires,"Juniper Wildfire, Yavapai, Arizona",False,https://eonet.gsfc.nasa.gov/api/v3/events/EONET_14208
EONET_14255,wildfires,"Madre Wildfire, San Luis Obispo, California",False,https://eonet.gsfc.nasa.gov/api/v3/events/EONET_14255
EONET_14212,wildfires,"0391 GRIZZLY FLAT Wildfire, Jefferson, Oregon",False,https://eonet.gsfc.nasa.gov/api/v3/events/EONET_14212
EONET_14206,wildfires,"GREEN Wildfire, Shasta, California",False,https://eonet.gsfc.nasa.gov/api/v3/events/EONET_14206
EONET_14226,wildfires,"Powder River Wildfire, Johnson, Wyoming",False,https://eonet.gsfc.nasa.gov/api/v3/events/EONET_14226
EONET_14228,wildfires,"HALL Wildfire, Hot Springs, Wyoming",False,https://eonet.gsfc.nasa.gov/api/v3/events/EONET_14228
EONET_14213,wildfires,"Black Canyon Wildfire, Lake, Oregon",False,https://eonet.gsfc.nasa.gov/api/v3/events/EONET_14213
EONET_14214,wildfires,"Mosquito Wildfire, Monroe, Florida",False,https://eonet.gsfc.nasa.gov/api/v3/events/EONET_14214
EONET_14130,wildfires,"JUNIPER Wildfire, Riverside, California",False,https://eonet.gsfc.nasa.gov/api/v3/events/EONET_14130
EONET_14129,wildfires,"WOLF Wildfire, Riverside, California",False,https://eonet.gsfc.nasa.gov/api/v3/events/EONET_14129
EONET_14131,wildfires,"Taylor Draw Wildfire, Carbon, Wyoming",False,https://eonet.gsfc.nasa.gov/api/v3/events/EONET_14131
EONET_14132,wildfires,"Oak Ridge Wildfire, Apache, Arizona",False,https://eonet.gsfc.nasa.gov/api/v3/events/EONET_14132
EONET_14060,wildfires,"Horse Draw Wildfire, Moffat, Colorado",False,https://eonet.gsfc.nasa.gov/api/v3/events/EONET_14060
EONET_14082,wildfires,"EVP CP-1 Exotics Rx 0626 Prescribed Fire, Monroe, Florida",False,https://eonet.gsfc.nasa.gov/api/v3/events/EONET_14082
EONET_14081,wildfires,"EVP CP-1 Exotics Rx 0625 Prescribed Fire, Monroe, Florida",False,https://eonet.gsfc.nasa.gov/api/v3/events/EONET_14081
EONET_14085,wildfires,"EVER CP-1 Exotics Rx Prescribed Fire, Monroe, Florida",False,https://eonet.gsfc.nasa.gov/api/v3/events/EONET_14085
EONET_14086,wildfires,"FPR CPT 35 36 Rx 0625 Prescribed Fire, Collier, Florida",False,https://eonet.gsfc.nasa.gov/api/v3/events/EONET_14086
EONET_14087,wildfires,"OKR Soldiers Camp Island Rx 0625 Prescribed Fire, Ware, Georgia",False,https://eonet.gsfc.nasa.gov/api/v3/events/EONET_14087
EONET_14072,wildfires,"Indian Prairie Canal (22) Wildfire, Glades, Florida",False,https://eonet.gsfc.nasa.gov/api/v3/events/EONET_14072
EONET_14098,wildfires,"HENRY GEORGE WEST (29)~ Wildfire, Hillsborough, Florida",False,https://eonet.gsfc.nasa.gov/api/v3/events/EONET_14098
EONET_14099,wildfires,"OKR Floyds Island Rx 0624 Prescribed Fire, Charlton, Georgia",False,https://eonet.gsfc.nasa.gov/api/v3/events/EONET_14099
EONET_14095,wildfires,"Racquet Wildfire, Yukon-Koyukuk, Alaska",False,https://eonet.gsfc.nasa.gov/api/v3/events/EONET_14095
EONET_14096,wildfires,"BARSTOW ROAD Wildfire, Walla Walla, Washington",False,https://eonet.gsfc.nasa.gov/api/v3/events/EONET_14096
EONET_14062,wildfires,"New Cottonwood Wildfire, Northwest Arctic, Alaska",False,https://eonet.gsfc.nasa.gov/api/v3/events/EONET_14062
EONET_14083,wildfires,"Shortcut Wildfire, Yukon-Koyukuk, Alaska",False,https://eonet.gsfc.nasa.gov/api/v3/events/EONET_14083
EONET_14100,wildfires,"Ikpikpuk Wildfire, North Slope, Alaska",False,https://eonet.gsfc.nasa.gov/api/v3/events/EONET_14100
EONET_14101,wildfires,"Bronx Wildfire, North Slope, Alaska",False,https://eonet.gsfc.nasa.gov/api/v3/events/EONET_14101
EONET_14070,wildfires,"Nenana Ridge Complex Incident Complex, Fairbanks North Star, Alaska",False,https://eonet.gsfc.nasa.gov/api/v3/events/EONET_14070
EONET_14090,wildfires,"Roundabout Complex Incident Complex, Yukon-Koyukuk, Alaska",False,https://eonet.gsfc.nasa.gov/api/v3/events/EONET_14090
EONET_14071,wildfires,"Yellow Wildfire, Yukon-Koyukuk, Alaska",False,https://eonet.gsfc.nasa.gov/api/v3/events/EONET_14071
EONET_14102,wildfires,"East Gakona River Wildfire, Copper River, Alaska",False,https://eonet.gsfc.nasa.gov/api/v3/events/EONET_14102
EONET_14061,wildfires,"Sand Lake Wildfire, Southeast Fairbanks, Alaska",False,https://eonet.gsfc.nasa.gov/api/v3/events/EONET_14061
EONET_14063,wildfires,"Kerulu Wildfire, Northwest Arctic, Alaska",False,https://eonet.gsfc.nasa.gov/api/v3/events/EONET_14063
EONET_14064,wildfires,"Tallowpot Wildfire, Northwest Arctic, Alaska",False,https://eonet.gsfc.nasa.gov/api/v3/events/EONET_14064
EONET_14092,wildfires,"McArthur Creek Wildfire, Southeast Fairbanks, Alaska",False,https://eonet.gsfc.nasa.gov/api/v3/events/EONET_14092
EONET_14077,wildfires,"Ridgeline Wildfire, Southeast Fairbanks, Alaska",False,https://eonet.gsfc.nasa.gov/api/v3/events/EONET_14077
EONET_14093,wildfires,"River Trail Wildfire, Southeast Fairbanks, Alaska",False,https://eonet.gsfc.nasa.gov/api/v3/events/EONET_14093
EONET_14089,wildfires,"Moldy Wildfire, Yukon-Koyukuk, Alaska",False,https://eonet.gsfc.nasa.gov/api/v3/events/EONET_14089
EONET_14088,wildfires,"Louie Wildfire, Yukon-Koyukuk, Alaska",False,https://eonet.gsfc.nasa.gov/api/v3/events/EONET_14088
EONET_14067,wildfires,"Ptarmigan Complex Incident Complex, Yukon-Koyukuk, Alaska",False,https://eonet.gsfc.nasa.gov/api/v3/events/EONET_14067
EONET_14103,wildfires,"Fish Lake Wildfire, Copper River, Alaska",False,https://eonet.gsfc.nasa.gov/api/v3/events/EONET_14103
EONET_14073,wildfires,"Porphyry Wildfire, Southeast Fairbanks, Alaska",False,https://eonet.gsfc.nasa.gov/api/v3/events/EONET_14073
EONET_14069,wildfires,"Goldstream Creek Wildfire, Yukon-Koyukuk, Alaska",False,https://eonet.gsfc.nasa.gov/api/v3/events/EONET_14069
EONET_14091,wildfires,"Salmon Trout Wildfire, Yukon-Koyukuk, Alaska",False,https://eonet.gsfc.nasa.gov/api/v3/events/EONET_14091
EONET_14075,wildfires,"Aggie Creek Wildfire, Fairbanks North Star, Alaska",False,https://eonet.gsfc.nasa.gov/api/v3/events/EONET_14075
EONET_14065,wildfires,"Alligator Wildfire, Yukon-Koyukuk, Alaska",False,https://eonet.gsfc.nasa.gov/api/v3/events/EONET_14065
EONET_14079,wildfires,"Buckley Bar Wildfire, Yukon-Koyukuk, Alaska",False,https://eonet.gsfc.nasa.gov/api/v3/events/EONET_14079
EONET_14084,wildfires,"Pilot Creek Wildfire, Yukon-Koyukuk, Alaska",False,https://eonet.gsfc.nasa.gov/api/v3/events/EONET_14084
EONET_14094,wildfires,"Susulatna Hills Wildfire, Yukon-Koyukuk, Alaska",False,https://eonet.gsfc.nasa.gov/api/v3/events/EONET_14094
EONET_14074,wildfires,"Easter Wildfire, North Slope, Alaska",False,https://eonet.gsfc.nasa.gov/api/v3/events/EONET_14074
EONET_14104,wildfires,"Colowyo Wildfire, Moffat, Colorado",False,https://eonet.gsfc.nasa.gov/api/v3/events/EONET_14104
EONET_14057,wildfires,"Hay Wildfire, Yukon-Koyukuk, Alaska",False,https://eonet.gsfc.nasa.gov/api/v3/events/EONET_14057
EONET_14066,wildfires,"Birch Wildfire, Yukon-Koyukuk, Alaska",False,https://eonet.gsfc.nasa.gov/api/v3/events/EONET_14066
EONET_14080,wildfires,"Christian Wildfire, Yukon-Koyukuk, Alaska",False,https://eonet.gsfc.nasa.gov/api/v3/events/EONET_14080
EONET_14058,wildfires,"Richards Wildfire, Yukon-Koyukuk, Alaska",False,https://eonet.gsfc.nasa.gov/api/v3/events/EONET_14058
EONET_14105,wildfires,"Takoma Wildfire, Yukon-Koyukuk, Alaska",False,https://eonet.gsfc.nasa.gov/api/v3/events/EONET_14105
EONET_14097,wildfires,"Michigan Wildfire, Yukon-Koyukuk, Alaska",False,https://eonet.gsfc.nasa.gov/api/v3/events/EONET_14097
EONET_14078,wildfires,"Conner Wildfire, Douglas, Nevada",False,https://eonet.gsfc.nasa.gov/api/v3/events/EONET_14078
EONET_14106,wildfires,"EVP HID Rx 0620 Prescribed Fire, Miami-Dade, Florida",False,https://eonet.gsfc.nasa.gov/api/v3/events/EONET_14106
EONET_14059,wildfires,"Saint George Creek Wildfire, Denali, Alaska",False,https://eonet.gsfc.nasa.gov/api/v3/events/EONET_14059
EONET_13975,wildfires,"Turtle Wildfire, Yukon-Koyukuk, Alaska",False,https://eonet.gsfc.nasa.gov/api/v3/events/EONET_13975
EONET_14068,wildfires,"Bonanza Creek Wildfire, Fairbanks North Star, Alaska",False,https://eonet.gsfc.nasa.gov/api/v3/events/EONET_14068
EONET_13973,wildfires,"Ikheenjik Wildfire, Yukon-Koyukuk, Alaska",False,https://eonet.gsfc.nasa.gov/api/v3/events/EONET_13973
EONET_14254,wildfires,"Bear Creek Wildfire, Denali, Alaska",False,https://eonet.gsfc.nasa.gov/api/v3/events/EONET_14254
EONET_13970,wildfires,"Forsyth Wildfire, Washington, Utah",False,https://eonet.gsfc.nasa.gov/api/v3/events/EONET_13970
EONET_13974,wildfires,"Aniralik Wildfire, Northwest Arctic, Alaska",False,https://eonet.gsfc.nasa.gov/api/v3/events/EONET_13974
EONET_13988,wildfires,"BCP Mullet B Rx 0619 Prescribed Fire, Collier, Florida",False,https://eonet.gsfc.nasa.gov/api/v3/events/EONET_13988
EONET_13997,wildfires,"BAER BUCK Emergency Stabilization, Catron, New Mexico",False,https://eonet.gsfc.nasa.gov/api/v3/events/EONET_13997
EONET_13992,wildfires,"SMR Port Leon West Rx 0618 Prescribed Fire, Wakulla, Florida",False,https://eonet.gsfc.nasa.gov/api/v3/events/EONET_13992
EONET_13980,wildfires,"SEVEN SPRINGS Wildfire, Otero, New Mexico",False,https://eonet.gsfc.nasa.gov/api/v3/events/EONET_13980
EONET_13998,wildfires,"0300 WOLF HOLLOW GILLIAM COUNTY ASSIST Wildfire, Gilliam, Oregon",False,https://eonet.gsfc.nasa.gov/api/v3/events/EONET_13998
EONET_13972,wildfires,"MONTE Wildfire, San Diego, California",False,https://eonet.gsfc.nasa.gov/api/v3/events/EONET_13972
EONET_13991,wildfires,"Tango Wildfire, Yukon-Koyukuk, Alaska",False,https://eonet.gsfc.nasa.gov/api/v3/events/EONET_13991
EONET_13993,wildfires,"HelpMeJack Wildfire, Yukon-Koyukuk, Alaska",False,https://eonet.gsfc.nasa.gov/api/v3/events/EONET_13993
EONET_13983,wildfires,"Tagagawik Wildfire, Yukon-Koyukuk, Alaska",False,https://eonet.gsfc.nasa.gov/api/v3/events/EONET_13983
EONET_13995,wildfires,"BCP Mullet B Rx 0617 Prescribed Fire, Collier, Florida",False,https://eonet.gsfc.nasa.gov/api/v3/events/EONET_13995
EONET_13969,wildfires,"Telidaside Wildfire, Yukon-Koyukuk, Alaska",False,https://eonet.gsfc.nasa.gov/api/v3/events/EONET_13969
EONET_13996,wildfires,"Hogatza Wildfire, Yukon-Koyukuk, Alaska",False,https://eonet.gsfc.nasa.gov/api/v3/events/EONET_13996
EONET_13990,wildfires,"Kawichiark 2 Wildfire, Northwest Arctic, Alaska",False,https://eonet.gsfc.nasa.gov/api/v3/events/EONET_13990
EONET_13989,wildfires,"Kawichiark 1 Wildfire, Northwest Arctic, Alaska",False,https://eonet.gsfc.nasa.gov/api/v3/events/EONET_13989
EONET_13979,wildfires,"0291 ALDER SPRINGS Wildfire, Jefferson, Oregon",False,https://eonet.gsfc.nasa.gov/api/v3/events/EONET_13979
EONET_14005,wildfires,"APQ Area 1 Rx 0616 Prescribed Fire, Polk, Florida",False,https://eonet.gsfc.nasa.gov/api/v3/events/EONET_14005
EONET_14003,wildfires,"BCP Mullet B Rx 0616 Prescribed Fire, Collier, Florida",False,https://eonet.gsfc.nasa.gov/api/v3/events/EONET_14003
EONET_14009,wildfires,"pouch point Wildfire, Mountrail, North Dakota",False,https://eonet.gsfc.nasa.gov/api/v3/events/EONET_14009
EONET_14010,wildfires,"pouch point Wildfire, Mountrail, North Dakota",False,https://eonet.gsfc.nasa.gov/api/v3/events/EONET_14010
EONET_13976,wildfires,"Oskawalik Wildfire, Bethel, Alaska",False,https://eonet.gsfc.nasa.gov/api/v3/events/EONET_13976
EONET_14011,wildfires,"pouch point Wildfire, Mountrail, North Dakota",False,https://eonet.gsfc.nasa.gov/api/v3/events/EONET_14011
EONET_14007,wildfires,"BCP Mullet B Rx 0614 Prescribed Fire, Collier, Florida",False,https://eonet.gsfc.nasa.gov/api/v3/events/EONET_14007
EONET_14008,wildfires,"DOGS Wildfire, Kern, California",False,https://eonet.gsfc.nasa.gov/api/v3/events/EONET_14008
EONET_14001,wildfires,"Mines Spung Wildfire, Burlington, New Jersey",False,https://eonet.gsfc.nasa.gov/api/v3/events/EONET_14001
EONET_13981,wildfires,"Bridge Creek Wildfire, San Juan, Utah",False,https://eonet.gsfc.nasa.gov/api/v3/events/EONET_13981
EONET_13985,wildfires,"Horse Wildfire, Sublette, Wyoming",False,https://eonet.gsfc.nasa.gov/api/v3/events/EONET_13985
EONET_13978,wildfires,"POMAS Wildfire, Chelan, Washington",False,https://eonet.gsfc.nasa.gov/api/v3/events/EONET_13978
EONET_14012,wildfires,"VANSYCLE CANYON Wildfire, Walla Walla, Washington",False,https://eonet.gsfc.nasa.gov/api/v3/events/EONET_14012
EONET_14000,wildfires,"Gyetta South RX Prescribed Fire, Yavapai, Arizona",False,https://eonet.gsfc.nasa.gov/api/v3/events/EONET_14000
EONET_13982,wildfires,"BUCK Wildfire, Catron, New Mexico",False,https://eonet.gsfc.nasa.gov/api/v3/events/EONET_13982
EONET_13986,wildfires,"Trout Wildfire, Grant, New Mexico",False,https://eonet.gsfc.nasa.gov/api/v3/events/EONET_13986
EONET_14006,wildfires,"VANSYCLE CANYON Wildfire, Walla Walla, Washington",False,https://eonet.gsfc.nasa.gov/api/v3/events/EONET_14006
EONET_13999,wildfires,"0262 FERRY Wildfire, Sherman, Oregon",False,https://eonet.gsfc.nasa.gov/api/v3/events/EONET_13999
EONET_13971,wildfires,"France Canyon Wildfire, Garfield, Utah",False,https://eonet.gsfc.nasa.gov/api/v3/events/EONET_13971
EONET_14004,wildfires,"Rosencrans Wildfire, Lincoln, Nevada",False,https://eonet.gsfc.nasa.gov/api/v3/events/EONET_14004
EONET_13987,wildfires,"ROWENA Wildfire, Wasco, Oregon",False,https://eonet.gsfc.nasa.gov/api/v3/events/EONET_13987
EONET_14014,wildfires,"Ollie Roberts Road- Hardee Wildfire, Hardee, Florida",False,https://eonet.gsfc.nasa.gov/api/v3/events/EONET_14014
EONET_13977,wildfires,"Burnt Canyon Wildfire, Lincoln, Nevada",False,https://eonet.gsfc.nasa.gov/api/v3/events/EONET_13977
EONET_13867,wildfires,"Dunes Wildfire, Washington, Idaho",False,https://eonet.gsfc.nasa.gov/api/v3/events/EONET_13867
EONET_13869,wildfires,"Holly Springs IU 36 1 34 1 RX Prescribed Fire, Marshall, Mississippi",False,https://eonet.gsfc.nasa.gov/api/v3/events/EONET_13869
EONET_13868,wildfires,"OKR Blackjack Island Rx 0603 Prescribed Fire, Ware, Georgia",False,https://eonet.gsfc.nasa.gov/api/v3/events/EONET_13868
EONET_13866,wildfires,"Banana Lake Wildfire, Sanders, Montana",False,https://eonet.gsfc.nasa.gov/api/v3/events/EONET_13866
EONET_13872,wildfires,"SNF E Hamilton C-55 RX Prescribed Fire, Shelby, Texas",False,https://eonet.gsfc.nasa.gov/api/v3/events/EONET_13872
EONET_13781,wildfires,"RA 2 PAYETTE CO ASHLOCK Wildfire, Payette, Idaho",False,https://eonet.gsfc.nasa.gov/api/v3/events/EONET_13781
EONET_13792,wildfires,"BAR Camp Bowie Rx Prescribed Fire, Brown, Texas",False,https://eonet.gsfc.nasa.gov/api/v3/events/EONET_13792
EONET_13784,wildfires,"Perchman Wildfire, Putnam, Florida",False,https://eonet.gsfc.nasa.gov/api/v3/events/EONET_13784
EONET_13785,wildfires,"Paradise Wildfire, Catron, New Mexico",False,https://eonet.gsfc.nasa.gov/api/v3/events/EONET_13785
EONET_13794,wildfires,"NEW WALES (53) Wildfire, Polk, Florida",False,https://eonet.gsfc.nasa.gov/api/v3/events/EONET_13794
EONET_13788,wildfires,"Wood Wildfire, Highlands, Florida",False,https://eonet.gsfc.nasa.gov/api/v3/events/EONET_13788
EONET_13789,wildfires,"BUTTE CREEK Wildfire, Wheeler, Oregon",False,https://eonet.gsfc.nasa.gov/api/v3/events/EONET_13789
EONET_13786,wildfires,"CAMP Wildfire, Lincoln, New Mexico",False,https://eonet.gsfc.nasa.gov/api/v3/events/EONET_13786
EONET_13791,wildfires,"Kathul Wildfire, Southeast Fairbanks, Alaska",False,https://eonet.gsfc.nasa.gov/api/v3/events/EONET_13791
EONET_13790,wildfires,"Sandy Wildfire, Monroe, Florida",False,https://eonet.gsfc.nasa.gov/api/v3/events/EONET_13790
EONET_13795,wildfires,"dinwoodie Wildfire, Mountrail, North Dakota",False,https://eonet.gsfc.nasa.gov/api/v3/events/EONET_13795
EONET_13796,wildfires,"dinwoodie Wildfire, McKenzie, North Dakota",False,https://eonet.gsfc.nasa.gov/api/v3/events/EONET_13796
EONET_13797,wildfires,"dinwoodie Wildfire, Mountrail, North Dakota",False,https://eonet.gsfc.nasa.gov/api/v3/events/EONET_13797
EONET_13798,wildfires,"Rx Trinity 2730 Prescribed Fire, Trinity, Texas",False,https://eonet.gsfc.nasa.gov/api/v3/events/EONET_13798
EONET_13799,wildfires,"RX Compartment 113 East Prescribed Fire, Jasper, Georgia",False,https://eonet.gsfc.nasa.gov/api/v3/events/EONET_13799
EONET_13782,wildfires,"INN Wildfire, Mono, California",False,https://eonet.gsfc.nasa.gov/api/v3/events/EONET_13782
EONET_13783,wildfires,"CODY Wildfire, Pinal, Arizona",False,https://eonet.gsfc.nasa.gov/api/v3/events/EONET_13783
EONET_13793,wildfires,"Broadway Wildfire, La Paz, Arizona",False,https://eonet.gsfc.nasa.gov/api/v3/events/EONET_13793
EONET_13800,wildfires,"SNF Hawthorne C 51-52 RX Prescribed Fire, San Augustine, Texas",False,https://eonet.gsfc.nasa.gov/api/v3/events/EONET_13800
EONET_13656,wildfires,"FD2505120020 Wildfire, Grant, North Dakota",False,https://eonet.gsfc.nasa.gov/api/v3/events/EONET_13656
EONET_13657,wildfires,"Homochitto BB 67 68 RX Prescribed Fire, Wilkinson, Mississippi",False,https://eonet.gsfc.nasa.gov/api/v3/events/EONET_13657
EONET_13658,wildfires,"RX Kent 2681 Prescribed Fire, Kent, Texas",False,https://eonet.gsfc.nasa.gov/api/v3/events/EONET_13658
EONET_13654,wildfires,"DeSoto BB 7255 North GFP RX Prescribed Fire, Harrison, Mississippi",False,https://eonet.gsfc.nasa.gov/api/v3/events/EONET_13654
EONET_13659,wildfires,"Rx San Augustine 2664 Prescribed Fire, San Augustine, Texas",False,https://eonet.gsfc.nasa.gov/api/v3/events/EONET_13659
EONET_13653,wildfires,"Democrat Wildfire, Kern, California",False,https://eonet.gsfc.nasa.gov/api/v3/events/EONET_13653
EONET_13663,wildfires,"APQ Delta Prairie Rx 0517 Prescribed Fire, Highlands, Florida",False,https://eonet.gsfc.nasa.gov/api/v3/events/EONET_13663
EONET_13661,wildfires,"Bluff Creek Wildfire, Jackson, Mississippi",False,https://eonet.gsfc.nasa.gov/api/v3/events/EONET_13661
EONET_13664,wildfires,"Homochitto BB45sub1 and Pockets of Sub2 RX Prescribed Fire, Franklin, Mississippi",False,https://eonet.gsfc.nasa.gov/api/v3/events/EONET_13664
EONET_13652,wildfires,"RX Mason Valley Fishponds Prescribed Fire, Lyon, Nevada",False,https://eonet.gsfc.nasa.gov/api/v3/events/EONET_13652
EONET_13666,wildfires,"APQ Rec Area 4 Rx 0515 Prescribed Fire, Highlands, Florida",False,https://eonet.gsfc.nasa.gov/api/v3/events/EONET_13666
EONET_13660,wildfires,"APQ Rec Area 4 Rx 0514 Prescribed Fire, Highlands, Florida",False,https://eonet.gsfc.nasa.gov/api/v3/events/EONET_13660
EONET_13665,wildfires,"ACRES Wildfire, Madera, California",False,https://eonet.gsfc.nasa.gov/api/v3/events/EONET_13665
EONET_13655,wildfires,"Greer Wildfire, Apache, Arizona",False,https://eonet.gsfc.nasa.gov/api/v3/events/EONET_13655
EONET_13511,wildfires,"rx-63 Wildfire, Burnett, Wisconsin",False,https://eonet.gsfc.nasa.gov/api/v3/events/EONET_13511
EONET_13513,wildfires,"RX DRAKE RANCH SW Wildfire, Murray, Oklahoma",False,https://eonet.gsfc.nasa.gov/api/v3/events/EONET_13513
EONET_13514,wildfires,"RX DRAKE RANCH Wildfire, Pottawatomie, Oklahoma",False,https://eonet.gsfc.nasa.gov/api/v3/events/EONET_13514
EONET_13515,wildfires,"RX PENNER RANCH Wildfire, Murray, Oklahoma",False,https://eonet.gsfc.nasa.gov/api/v3/events/EONET_13515
EONET_13510,wildfires,"OP-1 Wildfire, Polk, Florida",False,https://eonet.gsfc.nasa.gov/api/v3/events/EONET_13510
EONET_13521,wildfires,"Darrynane Lake RX Wildfire, Stafford, Kansas",False,https://eonet.gsfc.nasa.gov/api/v3/events/EONET_13521
EONET_13522,wildfires,"Rx Polk 2488 Wildfire, Polk, Texas",False,https://eonet.gsfc.nasa.gov/api/v3/events/EONET_13522
EONET_13518,wildfires,"Holly Springs IU 98 sub 1 RX Wildfire, Lafayette, Mississippi",False,https://eonet.gsfc.nasa.gov/api/v3/events/EONET_13518
EONET_13517,wildfires,"Walden RX Wildfire, Pope, Minnesota",False,https://eonet.gsfc.nasa.gov/api/v3/events/EONET_13517
EONET_13512,wildfires,"Pouch Point Wildfire, Mountrail, North Dakota",False,https://eonet.gsfc.nasa.gov/api/v3/events/EONET_13512
EONET_13519,wildfires,"RX CALE C-25 Wildfire, Rapides, Louisiana",False,https://eonet.gsfc.nasa.gov/api/v3/events/EONET_13519
EONET_13520,wildfires,"RX KIS C-64 Wildfire, Natchitoches, Louisiana",False,https://eonet.gsfc.nasa.gov/api/v3/events/EONET_13520
EONET_13505,wildfires,"Iron Wildfire, Catron, New Mexico",False,https://eonet.gsfc.nasa.gov/api/v3/events/EONET_13505
EONET_13523,wildfires,"Whelan Lake Block 1&amp; 2 RX Wildfire, Mason, Michigan",False,https://eonet.gsfc.nasa.gov/api/v3/events/EONET_13523
EONET_13509,wildfires,"Sunset RD Wildfire, Brunswick, North Carolina",False,https://eonet.gsfc.nasa.gov/api/v3/events/EONET_13509
EONET_13404,wildfires,"Rx Polk 2469 Wildfire, Polk, Texas",False,https://eonet.gsfc.nasa.gov/api/v3/events/EONET_13404
EONET_13524,wildfires,"Salt Creek Rx Wildfire, Box Elder, Utah",False,https://eonet.gsfc.nasa.gov/api/v3/events/EONET_13524
EONET_13507,wildfires,"Sawlog Wildfire, Beaverhead, Montana",False,https://eonet.gsfc.nasa.gov/api/v3/events/EONET_13507
EONET_13516,wildfires,"American Creek RX Wildfire, Lyman, South Dakota",False,https://eonet.gsfc.nasa.gov/api/v3/events/EONET_13516
EONET_13416,wildfires,"Homochitto BB 45 Sub 1 2 RX Wildfire, Franklin, Mississippi",False,https://eonet.gsfc.nasa.gov/api/v3/events/EONET_13416
EONET_13420,wildfires,"Chickasawhay CPT 356 RX Wildfire, Jones, Mississippi",False,https://eonet.gsfc.nasa.gov/api/v3/events/EONET_13420
EONET_13418,wildfires,"DeSoto BB 7203 East RX Wildfire, Perry, Mississippi",False,https://eonet.gsfc.nasa.gov/api/v3/events/EONET_13418
EONET_13424,wildfires,"Homochitto BB 36 S Sub 5 RX Wildfire, Wilkinson, Mississippi",False,https://eonet.gsfc.nasa.gov/api/v3/events/EONET_13424
EONET_13422,wildfires,"RX CAT C-32-33-34 Wildfire, Grant, Louisiana",False,https://eonet.gsfc.nasa.gov/api/v3/events/EONET_13422
EONET_13426,wildfires,"RX KIS C-24-25 Wildfire, Natchitoches, Louisiana",False,https://eonet.gsfc.nasa.gov/api/v3/events/EONET_13426
EONET_13425,wildfires,"RX CALE C-49 Wildfire, Rapides, Louisiana",False,https://eonet.gsfc.nasa.gov/api/v3/events/EONET_13425
EONET_13414,wildfires,"ANF Guidrey C 65 RX Wildfire, Angelina, Texas",False,https://eonet.gsfc.nasa.gov/api/v3/events/EONET_13414
EONET_13410,wildfires,"Horse Heaven Rx Wildfire, Wythe, Virginia",False,https://eonet.gsfc.nasa.gov/api/v3/events/EONET_13410
EONET_13430,wildfires,"rx-Lapham Good Oak 2025 Wildfire, Waukesha, Wisconsin",False,https://eonet.gsfc.nasa.gov/api/v3/events/EONET_13430
EONET_13508,wildfires,"Rainbow Gulch RX Wildfire, El Paso, Colorado",False,https://eonet.gsfc.nasa.gov/api/v3/events/EONET_13508
EONET_13408,wildfires,"Stronghold Wildfire, Cochise, Arizona",False,https://eonet.gsfc.nasa.gov/api/v3/events/EONET_13408
EONET_13403,wildfires,"DeSoto BB 7209 Northwest RX Wildfire, Perry, Mississippi",False,https://eonet.gsfc.nasa.gov/api/v3/events/EONET_13403
EONET_13429,wildfires,"RX CALE C-362 Wildfire, Rapides, Louisiana",False,https://eonet.gsfc.nasa.gov/api/v3/events/EONET_13429
EONET_13432,wildfires,"RX KIS C-43-44 Wildfire, Natchitoches, Louisiana",False,https://eonet.gsfc.nasa.gov/api/v3/events/EONET_13432
EONET_13370,wildfires,Wildfire in Australia 1023712,False,https://eonet.gsfc.nasa.gov/api/v3/events/EONET_13370
EONET_13409,wildfires,"BLACK SWAMP Wildfire, Jones, North Carolina",False,https://eonet.gsfc.nasa.gov/api/v3/events/EONET_13409
EONET_13434,wildfires,"Dutch Mill RX Wildfire, Delta, Michigan",False,https://eonet.gsfc.nasa.gov/api/v3/events/EONET_13434
EONET_13439,wildfires,"Farrell RX Wildfire, Codington, South Dakota",False,https://eonet.gsfc.nasa.gov/api/v3/events/EONET_13439
EONET_13506,wildfires,"RX BOSH JACKPOT Wildfire, Owyhee, Idaho",False,https://eonet.gsfc.nasa.gov/api/v3/events/EONET_13506
EONET_13428,wildfires,"27 FIRE Wildfire, Broward, Florida",False,https://eonet.gsfc.nasa.gov/api/v3/events/EONET_13428
EONET_13436,wildfires,"Bee Island Fire (58) Wildfire, Sarasota, Florida",False,https://eonet.gsfc.nasa.gov/api/v3/events/EONET_13436
EONET_13419,wildfires,"Thompson Hollow Rd. Wildfire, Adams, Pennsylvania",False,https://eonet.gsfc.nasa.gov/api/v3/events/EONET_13419
EONET_13441,wildfires,"Fore Mountain Rx Wildfire, Alleghany, Virginia",False,https://eonet.gsfc.nasa.gov/api/v3/events/EONET_13441
EONET_13364,wildfires,"Jones Road Wildfire, Ocean, New Jersey",False,https://eonet.gsfc.nasa.gov/api/v3/events/EONET_13364
EONET_13407,wildfires,"Curry Island (22) Wildfire, Glades, Florida",False,https://eonet.gsfc.nasa.gov/api/v3/events/EONET_13407
EONET_13354,wildfires,Wildfire in Russian Federation 1023700,False,https://eonet.gsfc.nasa.gov/api/v3/events/EONET_13354
EONET_13358,wildfires,Wildfire in Russian Federation 1023704,False,https://eonet.gsfc.nasa.gov/api/v3/events/EONET_13358
EONET_13359,wildfires,Wildfire in Russian Federation 1023706,False,https://eonet.gsfc.nasa.gov/api/v3/events/EONET_13359
EONET_13360,wildfires,Wildfire in Russian Federation 1023707,False,https://eonet.gsfc.nasa.gov/api/v3/events/EONET_13360
EONET_13365,wildfires,Wildfire in Russian Federation 1023710,False,https://eonet.gsfc.nasa.gov/api/v3/events/EONET_13365
EONET_13435,wildfires,"Pines RX Wildfire, Sevier, Utah",False,https://eonet.gsfc.nasa.gov/api/v3/events/EONET_13435
EONET_13445,wildfires,"NW Prairie South RX Wildfire, Lac qui Parle, Minnesota",False,https://eonet.gsfc.nasa.gov/api/v3/events/EONET_13445
EONET_13417,wildfires,"Plum Creek Wildfire, Brown, Nebraska",False,https://eonet.gsfc.nasa.gov/api/v3/events/EONET_13417
EONET_13351,wildfires,Wildfire in Mexico 1023698,False,https://eonet.gsfc.nasa.gov/api/v3/events/EONET_13351
EONET_13437,wildfires,"LXR Eastside Rx 0419 Wildfire, Palm Beach, Florida",False,https://eonet.gsfc.nasa.gov/api/v3/events/EONET_13437
EONET_13361,wildfires,Wildfire in Russian Federation 1023708,False,https://eonet.gsfc.nasa.gov/api/v3/events/EONET_13361
EONET_13346,wildfires,Wildfire in Russian Federation 1023695,False,https://eonet.gsfc.nasa.gov/api/v3/events/EONET_13346
EONET_13355,wildfires,Wildfire in Russian Federation 1023701,False,https://eonet.gsfc.nasa.gov/api/v3/events/EONET_13355
EONET_13371,wildfires,Wildfire in Australia 1023713,False,https://eonet.gsfc.nasa.gov/api/v3/events/EONET_13371
EONET_13440,wildfires,"Hwy 210 Wildfire, Pender, North Carolina",False,https://eonet.gsfc.nasa.gov/api/v3/events/EONET_13440
EONET_13433,wildfires,"Danny&#039;s Wildfire, Cumberland, New Jersey",False,https://eonet.gsfc.nasa.gov/api/v3/events/EONET_13433
EONET_13362,wildfires,Wildfire in Cuba 1023709,False,https://eonet.gsfc.nasa.gov/api/v3/events/EONET_13362
EONET_13363,wildfires,Wildfire in Russian Federation 1023705,False,https://eonet.gsfc.nasa.gov/api/v3/events/EONET_13363
EONET_13232,wildfires,"LIRI FY25 Slant Rock RX Wildfire, Winston, Alabama",False,https://eonet.gsfc.nasa.gov/api/v3/events/EONET_13232
EONET_13233,wildfires,"rx-51 North Wildfire, Burnett, Wisconsin",False,https://eonet.gsfc.nasa.gov/api/v3/events/EONET_13233
EONET_13347,wildfires,Wildfire in Laos 1023696,False,https://eonet.gsfc.nasa.gov/api/v3/events/EONET_13347
EONET_13352,wildfires,Wildfire in Russian Federation 1023699,False,https://eonet.gsfc.nasa.gov/api/v3/events/EONET_13352
EONET_13356,wildfires,Wildfire in Russian Federation 1023702,False,https://eonet.gsfc.nasa.gov/api/v3/events/EONET_13356
EONET_13366,wildfires,Wildfire in Russian Federation 1023711,False,https://eonet.gsfc.nasa.gov/api/v3/events/EONET_13366
EONET_13413,wildfires,"DCNF C. 41/42 RX Wildfire, Houston, Texas",False,https://eonet.gsfc.nasa.gov/api/v3/events/EONET_13413
EONET_13244,wildfires,"Tombigbee CPT 79 77 RX Wildfire, Winston, Mississippi",False,https://eonet.gsfc.nasa.gov/api/v3/events/EONET_13244
EONET_13238,wildfires,"RX C1 &amp; C2 Wildfire, Montgomery, Arkansas",False,https://eonet.gsfc.nasa.gov/api/v3/events/EONET_13238
EONET_13230,wildfires,"Partridge Two Wildfire, Morrison, Minnesota",False,https://eonet.gsfc.nasa.gov/api/v3/events/EONET_13230
EONET_13245,wildfires,"Bienville CPT 61 63 RX Wildfire, Scott, Mississippi",False,https://eonet.gsfc.nasa.gov/api/v3/events/EONET_13245
EONET_13239,wildfires,"RX Stevens Wildfire, Polk, Arkansas",False,https://eonet.gsfc.nasa.gov/api/v3/events/EONET_13239
EONET_13251,wildfires,"LXR Eastside Rx 0417 Wildfire, Palm Beach, Florida",False,https://eonet.gsfc.nasa.gov/api/v3/events/EONET_13251
EONET_13246,wildfires,"Fed Park RX Wildfire, Mason, Michigan",False,https://eonet.gsfc.nasa.gov/api/v3/events/EONET_13246
EONET_13234,wildfires,"Buck Creek Fire Wildfire, Pushmataha, Oklahoma",False,https://eonet.gsfc.nasa.gov/api/v3/events/EONET_13234
EONET_13250,wildfires,"Mio Prairie RX Wildfire, Oscoda, Michigan",False,https://eonet.gsfc.nasa.gov/api/v3/events/EONET_13250
EONET_13259,wildfires,"Holly Springs IU 140 1  141 1 RX Wildfire, Yalobusha, Mississippi",False,https://eonet.gsfc.nasa.gov/api/v3/events/EONET_13259
EONET_13260,wildfires,"RX Alamo 17 Wildfire, Garland, Arkansas",False,https://eonet.gsfc.nasa.gov/api/v3/events/EONET_13260
EONET_13256,wildfires,"RX Crystal Peninsula &amp; Hickory Nut Wildfire, Garland, Arkansas",False,https://eonet.gsfc.nasa.gov/api/v3/events/EONET_13256
EONET_13254,wildfires,"RX Bo/Mag Byway Wildfire, Logan, Arkansas",False,https://eonet.gsfc.nasa.gov/api/v3/events/EONET_13254
EONET_13252,wildfires,"RX CAN C23-28 Wildfire, Webster, Louisiana",False,https://eonet.gsfc.nasa.gov/api/v3/events/EONET_13252
EONET_13253,wildfires,"RX CAN C-29 Wildfire, Webster, Louisiana",False,https://eonet.gsfc.nasa.gov/api/v3/events/EONET_13253
EONET_13257,wildfires,"RX Greenhaw Wildfire, Newton, Arkansas",False,https://eonet.gsfc.nasa.gov/api/v3/events/EONET_13257
EONET_13258,wildfires,"RX Buffalo Road Wildfire, Scott, Arkansas",False,https://eonet.gsfc.nasa.gov/api/v3/events/EONET_13258
EONET_13444,wildfires,"Site 3 RX A&amp;C Wildfire, Talladega, Alabama",False,https://eonet.gsfc.nasa.gov/api/v3/events/EONET_13444
EONET_13265,wildfires,"Jail House RX Wildfire, Winston, Alabama",False,https://eonet.gsfc.nasa.gov/api/v3/events/EONET_13265
EONET_13255,wildfires,"Chase Fuels RX Wildfire, Lake, Michigan",False,https://eonet.gsfc.nasa.gov/api/v3/events/EONET_13255
EONET_13266,wildfires,"Rx Walker 2224 Wildfire, Walker, Texas",False,https://eonet.gsfc.nasa.gov/api/v3/events/EONET_13266
EONET_13261,wildfires,"RX Wildcat Hollow East Wildfire, Yell, Arkansas",False,https://eonet.gsfc.nasa.gov/api/v3/events/EONET_13261
EONET_13224,wildfires,Wildfire in Australia 1023684,False,https://eonet.gsfc.nasa.gov/api/v3/events/EONET_13224
EONET_13225,wildfires,Wildfire in Australia 1023685,False,https://eonet.gsfc.nasa.gov/api/v3/events/EONET_13225
EONET_13229,wildfires,"Picker Flats Fire Wildfire, Adair, Oklahoma",False,https://eonet.gsfc.nasa.gov/api/v3/events/EONET_13229
EONET_13241,wildfires,"Bee Rock Creek Wildfire, McDowell, North Carolina",False,https://eonet.gsfc.nasa.gov/api/v3/events/EONET_13241
EONET_13274,wildfires,"RX Ross Creek East 3 Wildfire, Scott, Arkansas",False,https://eonet.gsfc.nasa.gov/api/v3/events/EONET_13274
EONET_13271,wildfires,"RX CAT C-39 Wildfire, Grant, Louisiana",False,https://eonet.gsfc.nasa.gov/api/v3/events/EONET_13271
EONET_13423,wildfires,"SHNF C. 6/7 RX Wildfire, Montgomery, Texas",False,https://eonet.gsfc.nasa.gov/api/v3/events/EONET_13423
EONET_13242,wildfires,"Unit 23 24 26 RX Wildfire, Sherburne, Minnesota",False,https://eonet.gsfc.nasa.gov/api/v3/events/EONET_13242
EONET_13264,wildfires,"IBSP North RX Wildfire, Lake, Illinois",False,https://eonet.gsfc.nasa.gov/api/v3/events/EONET_13264
EONET_13267,wildfires,"RX WINN C-23 Wildfire, Winn, Louisiana",False,https://eonet.gsfc.nasa.gov/api/v3/events/EONET_13267
EONET_13270,wildfires,"ANF Townsend C. 15 RX Wildfire, San Augustine, Texas",False,https://eonet.gsfc.nasa.gov/api/v3/events/EONET_13270
EONET_13273,wildfires,"RX CALE C-361 Wildfire, Rapides, Louisiana",False,https://eonet.gsfc.nasa.gov/api/v3/events/EONET_13273
EONET_13235,wildfires,"Hilliardville Wildfire, Wakulla, Florida",False,https://eonet.gsfc.nasa.gov/api/v3/events/EONET_13235
EONET_13236,wildfires,"Blue Jay Wildfire, Montgomery, Texas",False,https://eonet.gsfc.nasa.gov/api/v3/events/EONET_13236
EONET_13335,wildfires,Wildfire in Russian Federation 1023690,False,https://eonet.gsfc.nasa.gov/api/v3/events/EONET_13335
EONET_13353,wildfires,Wildfire in Russian Federation 1023697,False,https://eonet.gsfc.nasa.gov/api/v3/events/EONET_13353
EONET_13357,wildfires,Wildfire in Russian Federation 1023703,False,https://eonet.gsfc.nasa.gov/api/v3/events/EONET_13357
EONET_13269,wildfires,"Mill Creek RX Wildfire, Jackson, Illinois",False,https://eonet.gsfc.nasa.gov/api/v3/events/EONET_13269
EONET_13284,wildfires,"FY25 TAPR WP1 RP1 RP2 CH1 CH2 RX BIL Wildfire, Chase, Kansas",False,https://eonet.gsfc.nasa.gov/api/v3/events/EONET_13284
EONET_13231,wildfires,"West Funk Lagoon WPA Unit RX Wildfire, Phelps, Nebraska",False,https://eonet.gsfc.nasa.gov/api/v3/events/EONET_13231
EONET_13249,wildfires,"LAST CHANCE Wildfire, Delaware, Oklahoma",False,https://eonet.gsfc.nasa.gov/api/v3/events/EONET_13249
EONET_13443,wildfires,"MTMLR-BIL-FY25-RX-Unit 10 Wildfire, Cascade, Montana",False,https://eonet.gsfc.nasa.gov/api/v3/events/EONET_13443
EONET_13288,wildfires,"Holly Springs IU 131 2  134 1 RX Wildfire, Yalobusha, Mississippi",False,https://eonet.gsfc.nasa.gov/api/v3/events/EONET_13288
EONET_13247,wildfires,"Double S Middle RX Wildfire, Thomas, Nebraska",False,https://eonet.gsfc.nasa.gov/api/v3/events/EONET_13247
EONET_13285,wildfires,"RX WINN C-12-19 Wildfire, Natchitoches, Louisiana",False,https://eonet.gsfc.nasa.gov/api/v3/events/EONET_13285
EONET_13278,wildfires,"Chickasawhay CPT 375 376 RX Wildfire, Wayne, Mississippi",False,https://eonet.gsfc.nasa.gov/api/v3/events/EONET_13278
EONET_13287,wildfires,"SHNF C 70/72 RX Wildfire, Walker, Texas",False,https://eonet.gsfc.nasa.gov/api/v3/events/EONET_13287
EONET_13279,wildfires,"rx-Kincaid Spring Wildfire, Waukesha, Wisconsin",False,https://eonet.gsfc.nasa.gov/api/v3/events/EONET_13279
EONET_13281,wildfires,"RX Stob Gap 12 Alexander Mtn 5 Wildfire, Franklin, Arkansas",False,https://eonet.gsfc.nasa.gov/api/v3/events/EONET_13281
EONET_13282,wildfires,"RX N Bee Rough Wildfire, McCurtain, Oklahoma",False,https://eonet.gsfc.nasa.gov/api/v3/events/EONET_13282
EONET_13268,wildfires,"RX Beech Creek C4 C5 C6 Wildfire, Montgomery, Arkansas",False,https://eonet.gsfc.nasa.gov/api/v3/events/EONET_13268
EONET_13280,wildfires,"RX Wildcat cr/ Barnhart West Wildfire, Yell, Arkansas",False,https://eonet.gsfc.nasa.gov/api/v3/events/EONET_13280
EONET_13276,wildfires,"South 19th RX Wildfire, Coffey, Kansas",False,https://eonet.gsfc.nasa.gov/api/v3/events/EONET_13276
EONET_13275,wildfires,"Ceder River Fire Wildfire, Adams, North Dakota",False,https://eonet.gsfc.nasa.gov/api/v3/events/EONET_13275
EONET_13283,wildfires,"rx-78 Wildfire, Burnett, Wisconsin",False,https://eonet.gsfc.nasa.gov/api/v3/events/EONET_13283
EONET_13286,wildfires,"Wiregrass RX Wildfire, Clay, Alabama",False,https://eonet.gsfc.nasa.gov/api/v3/events/EONET_13286
EONET_13237,wildfires,"HAOE LEAD Wildfire, Graham, North Carolina",False,https://eonet.gsfc.nasa.gov/api/v3/events/EONET_13237
EONET_13240,wildfires,"Juniper Swamp Wildfire, Liberty, Florida",False,https://eonet.gsfc.nasa.gov/api/v3/events/EONET_13240
EONET_13212,wildfires,Wildfire in Russian Federation 1023674,False,https://eonet.gsfc.nasa.gov/api/v3/events/EONET_13212
EONET_13220,wildfires,Wildfire in Russian Federation 1023680,False,https://eonet.gsfc.nasa.gov/api/v3/events/EONET_13220
EONET_13227,wildfires,Wildfire in Australia 1023687,False,https://eonet.gsfc.nasa.gov/api/v3/events/EONET_13227
EONET_13333,wildfires,Wildfire in Russian Federation 1023688,False,https://eonet.gsfc.nasa.gov/api/v3/events/EONET_13333
EONET_13336,wildfires,Wildfire in Russian Federation 1023691,False,https://eonet.gsfc.nasa.gov/api/v3/events/EONET_13336
EONET_13293,wildfires,"Paur Fire Wildfire, Grand Forks, North Dakota",False,https://eonet.gsfc.nasa.gov/api/v3/events/EONET_13293
EONET_13295,wildfires,"Maumee RX Wildfire, Jackson, Indiana",False,https://eonet.gsfc.nasa.gov/api/v3/events/EONET_13295
EONET_13298,wildfires,"Homochitto BB18 South Sub 3 Rx Wildfire, Franklin, Mississippi",False,https://eonet.gsfc.nasa.gov/api/v3/events/EONET_13298
EONET_13297,wildfires,"Holly Springs IU 113 1 RX Wildfire, Lafayette, Mississippi",False,https://eonet.gsfc.nasa.gov/api/v3/events/EONET_13297
EONET_13294,wildfires,"SHNF COMP 25 26 RX Wildfire, Walker, Texas",False,https://eonet.gsfc.nasa.gov/api/v3/events/EONET_13294
EONET_13296,wildfires,"Chickasawhay CPT 352 RX Wildfire, Jones, Mississippi",False,https://eonet.gsfc.nasa.gov/api/v3/events/EONET_13296
EONET_13208,wildfires,Wildfire in Chad 1023669,False,https://eonet.gsfc.nasa.gov/api/v3/events/EONET_13208
EONET_13213,wildfires,Wildfire in Russian Federation 1023675,False,https://eonet.gsfc.nasa.gov/api/v3/events/EONET_13213
EONET_13222,wildfires,Wildfire in Sudan 1023682,False,https://eonet.gsfc.nasa.gov/api/v3/events/EONET_13222
EONET_13303,wildfires,"Rx San Jacinto 2077 Wildfire, San Jacinto, Texas",False,https://eonet.gsfc.nasa.gov/api/v3/events/EONET_13303
EONET_13228,wildfires,"Buffalo Wildfire, Dewey, South Dakota",False,https://eonet.gsfc.nasa.gov/api/v3/events/EONET_13228
EONET_13415,wildfires,"SPA RX - ELK DROP Wildfire, Stevens, Washington",False,https://eonet.gsfc.nasa.gov/api/v3/events/EONET_13415
EONET_13299,wildfires,"RX Ross Creek East Wildfire, Scott, Arkansas",False,https://eonet.gsfc.nasa.gov/api/v3/events/EONET_13299
EONET_13438,wildfires,"San Pitch RX Wildfire, Sanpete, Utah",False,https://eonet.gsfc.nasa.gov/api/v3/events/EONET_13438
EONET_13307,wildfires,"Homochitto BB 18 South Sub 2 3  RX Wildfire, Franklin, Mississippi",False,https://eonet.gsfc.nasa.gov/api/v3/events/EONET_13307
EONET_13262,wildfires,"Compartment 30 RX Wildfire, Bibb, Alabama",False,https://eonet.gsfc.nasa.gov/api/v3/events/EONET_13262
EONET_13300,wildfires,"RX Eastern 1 S &amp; Camp Clearfork Wildfire, Garland, Arkansas",False,https://eonet.gsfc.nasa.gov/api/v3/events/EONET_13300
EONET_13301,wildfires,"RX Walnut 12 Wildfire, Montgomery, Arkansas",False,https://eonet.gsfc.nasa.gov/api/v3/events/EONET_13301
EONET_13311,wildfires,"DCNF C. 39 RX Wildfire, Houston, Texas",False,https://eonet.gsfc.nasa.gov/api/v3/events/EONET_13311
EONET_13308,wildfires,"RX CALV C-253-254-259 Wildfire, Vernon, Louisiana",False,https://eonet.gsfc.nasa.gov/api/v3/events/EONET_13308
EONET_13292,wildfires,"rx-Pierce-Jacobson Flowage Wildfire, Walworth, Wisconsin",False,https://eonet.gsfc.nasa.gov/api/v3/events/EONET_13292
EONET_13302,wildfires,"RX Rock Creek Wildfire, Van Buren, Arkansas",False,https://eonet.gsfc.nasa.gov/api/v3/events/EONET_13302
EONET_13304,wildfires,"RX Whiskey Springs North Wildfire, Crawford, Arkansas",False,https://eonet.gsfc.nasa.gov/api/v3/events/EONET_13304
EONET_13305,wildfires,"RX Bee Knob Wildfire, Yell, Arkansas",False,https://eonet.gsfc.nasa.gov/api/v3/events/EONET_13305
EONET_13309,wildfires,"Fishing Bay Wildfire, Dorchester, Maryland",False,https://eonet.gsfc.nasa.gov/api/v3/events/EONET_13309
EONET_13310,wildfires,"Guinea Island Wildfire, Dorchester, Maryland",False,https://eonet.gsfc.nasa.gov/api/v3/events/EONET_13310
EONET_13314,wildfires,"Continental Flare Fire Wildfire, McKenzie, North Dakota",False,https://eonet.gsfc.nasa.gov/api/v3/events/EONET_13314
EONET_13209,wildfires,Wildfire in Australia 1023670,False,https://eonet.gsfc.nasa.gov/api/v3/events/EONET_13209
EONET_13214,wildfires,Wildfire in Russian Federation 1023676,False,https://eonet.gsfc.nasa.gov/api/v3/events/EONET_13214
EONET_13221,wildfires,Wildfire in Russian Federation 1023681,False,https://eonet.gsfc.nasa.gov/api/v3/events/EONET_13221
EONET_13223,wildfires,Wildfire in Russian Federation 1023683,False,https://eonet.gsfc.nasa.gov/api/v3/events/EONET_13223
EONET_13337,wildfires,Wildfire in Russian Federation 1023692,False,https://eonet.gsfc.nasa.gov/api/v3/events/EONET_13337
EONET_13338,wildfires,Wildfire in Russian Federation 1023693,False,https://eonet.gsfc.nasa.gov/api/v3/events/EONET_13338
EONET_13272,wildfires,"rx-80 Wildfire, Burnett, Wisconsin",False,https://eonet.gsfc.nasa.gov/api/v3/events/EONET_13272
EONET_13325,wildfires,"RX Little Creek Wildfire, Franklin, Arkansas",False,https://eonet.gsfc.nasa.gov/api/v3/events/EONET_13325
EONET_13321,wildfires,"Tombigbee IU 40s RX Wildfire, Choctaw, Mississippi",False,https://eonet.gsfc.nasa.gov/api/v3/events/EONET_13321
EONET_13313,wildfires,"RX CAT C-13-14 Wildfire, Grant, Louisiana",False,https://eonet.gsfc.nasa.gov/api/v3/events/EONET_13313
EONET_13277,wildfires,"Compartment 21 RX Wildfire, Hale, Alabama",False,https://eonet.gsfc.nasa.gov/api/v3/events/EONET_13277
EONET_13315,wildfires,"RX Smokey Hollow 1 &amp; Smokey Hollow 1 West Wildfire, Montgomery, Arkansas",False,https://eonet.gsfc.nasa.gov/api/v3/events/EONET_13315
EONET_13312,wildfires,"SNF Curry Creek E. C. 120 RX Wildfire, Sabine, Texas",False,https://eonet.gsfc.nasa.gov/api/v3/events/EONET_13312
EONET_13320,wildfires,"RX Alamo 20 Wildfire, Montgomery, Arkansas",False,https://eonet.gsfc.nasa.gov/api/v3/events/EONET_13320
EONET_13323,wildfires,"Homochitto BB 31 Sub 2 RX Wildfire, Amite, Mississippi",False,https://eonet.gsfc.nasa.gov/api/v3/events/EONET_13323
EONET_13319,wildfires,"Chickasawhay CPT 374 376 RX Wildfire, Wayne, Mississippi",False,https://eonet.gsfc.nasa.gov/api/v3/events/EONET_13319
EONET_13318,wildfires,"RX Wildcat West /  Norris Wildfire, Yell, Arkansas",False,https://eonet.gsfc.nasa.gov/api/v3/events/EONET_13318
EONET_13324,wildfires,"RX CALV C-256 E Wildfire, Vernon, Louisiana",False,https://eonet.gsfc.nasa.gov/api/v3/events/EONET_13324
EONET_13316,wildfires,"RX Pilot/Round Mountain Wildfire, Scott, Arkansas",False,https://eonet.gsfc.nasa.gov/api/v3/events/EONET_13316
EONET_13317,wildfires,"RX Speck Hollow Wildfire, Polk, Arkansas",False,https://eonet.gsfc.nasa.gov/api/v3/events/EONET_13317
EONET_13306,wildfires,"APQ Rec Area 7 RX 0410 Wildfire, Polk, Florida",False,https://eonet.gsfc.nasa.gov/api/v3/events/EONET_13306
EONET_13342,volcanoes,"Popocatepetl Volcano, Mexico",False,https://eonet.gsfc.nasa.gov/api/v3/events/EONET_13342
EONET_13243,wildfires,"Dugdale Wildfire, Polk, Minnesota",False,https://eonet.gsfc.nasa.gov/api/v3/events/EONET_13243
EONET_13215,wildfires,Wildfire in Russian Federation 1023672,False,https://eonet.gsfc.nasa.gov/api/v3/events/EONET_13215
EONET_13216,wildfires,Wildfire in Russian Federation 1023677,False,https://eonet.gsfc.nasa.gov/api/v3/events/EONET_13216
EONET_13217,wildfires,Wildfire in Russian Federation 1023678,False,https://eonet.gsfc.nasa.gov/api/v3/events/EONET_13217
EONET_13334,wildfires,Wildfire in Russian Federation 1023689,False,https://eonet.gsfc.nasa.gov/api/v3/events/EONET_13334
EONET_13339,wildfires,Wildfire in Mexico 1023694,False,https://eonet.gsfc.nasa.gov/api/v3/events/EONET_13339
EONET_13174,wildfires,"East Kennedy Creek Wildfire, Coffey, Kansas",False,https://eonet.gsfc.nasa.gov/api/v3/events/EONET_13174
EONET_13248,wildfires,"Salina Canyon East Rx Wildfire, Sevier, Utah",False,https://eonet.gsfc.nasa.gov/api/v3/events/EONET_13248
EONET_13327,wildfires,"RX Buffalo East Wildfire, Scott, Arkansas",False,https://eonet.gsfc.nasa.gov/api/v3/events/EONET_13327
EONET_13329,wildfires,"HollySprings IU 51 Sub 1 RX Wildfire, Benton, Mississippi",False,https://eonet.gsfc.nasa.gov/api/v3/events/EONET_13329
EONET_13402,wildfires,"RX Liberty 1/2 Wildfire, Logan, Arkansas",False,https://eonet.gsfc.nasa.gov/api/v3/events/EONET_13402
EONET_13176,wildfires,"SHNF C. 09 RX Wildfire, Liberty, Texas",False,https://eonet.gsfc.nasa.gov/api/v3/events/EONET_13176
EONET_13331,wildfires,"Homochitto BB 29 Sub 2 3 RX Wildfire, Amite, Mississippi",False,https://eonet.gsfc.nasa.gov/api/v3/events/EONET_13331
EONET_13326,wildfires,"Unit 25B RX Wildfire, Sherburne, Minnesota",False,https://eonet.gsfc.nasa.gov/api/v3/events/EONET_13326
EONET_13322,wildfires,"RX LSF 12 LSF 13 South Mount Ida 17 19 Wildfire, Montgomery, Arkansas",False,https://eonet.gsfc.nasa.gov/api/v3/events/EONET_13322
EONET_13328,wildfires,"RX HWY 27 Divide &amp; Little Fir Wildfire, Montgomery, Arkansas",False,https://eonet.gsfc.nasa.gov/api/v3/events/EONET_13328
EONET_13330,wildfires,"Bienville CPT 19 21 RX Wildfire, Scott, Mississippi",False,https://eonet.gsfc.nasa.gov/api/v3/events/EONET_13330
EONET_13412,wildfires,"Hone Quarry Rx Wildfire, Rockingham, Virginia",False,https://eonet.gsfc.nasa.gov/api/v3/events/EONET_13412
EONET_13421,wildfires,"DTAW Oklahoma Rx Wildfire, Southeast Fairbanks, Alaska",False,https://eonet.gsfc.nasa.gov/api/v3/events/EONET_13421
EONET_13204,wildfires,Wildfire in Australia 1023668,False,https://eonet.gsfc.nasa.gov/api/v3/events/EONET_13204
EONET_13218,wildfires,Wildfire in Russian Federation 1023679,False,https://eonet.gsfc.nasa.gov/api/v3/events/EONET_13218
EONET_13406,wildfires,"DTAE Jarvis Rx Wildfire, Southeast Fairbanks, Alaska",False,https://eonet.gsfc.nasa.gov/api/v3/events/EONET_13406
EONET_13431,wildfires,"DTAE Bolio Rx Wildfire, Southeast Fairbanks, Alaska",False,https://eonet.gsfc.nasa.gov/api/v3/events/EONET_13431
EONET_13178,wildfires,"Oil Well Rd Fire Wildfire, Conecuh, Alabama",False,https://eonet.gsfc.nasa.gov/api/v3/events/EONET_13178
EONET_13173,wildfires,"Chester Dry Hole Rx Wildfire, Lyman, South Dakota",False,https://eonet.gsfc.nasa.gov/api/v3/events/EONET_13173
EONET_13171,wildfires,Wildfire in Australia 1023665,False,https://eonet.gsfc.nasa.gov/api/v3/events/EONET_13171
EONET_13205,wildfires,Wildfire in Australia 1023666,False,https://eonet.gsfc.nasa.gov/api/v3/events/EONET_13205
EONET_13210,wildfires,Wildfire in Russian Federation 1023671,False,https://eonet.gsfc.nasa.gov/api/v3/events/EONET_13210
EONET_13177,wildfires,"US 160 Wildfire, Las Animas, Colorado",False,https://eonet.gsfc.nasa.gov/api/v3/events/EONET_13177
EONET_13427,wildfires,"Brushy Mountain Unit 1 RX Wildfire, Greenbrier, West Virginia",False,https://eonet.gsfc.nasa.gov/api/v3/events/EONET_13427
EONET_13180,wildfires,"JPEC SFWA RX Wildfire, Cass, Illinois",False,https://eonet.gsfc.nasa.gov/api/v3/events/EONET_13180
EONET_13168,wildfires,Wildfire in Australia 1023662,False,https://eonet.gsfc.nasa.gov/api/v3/events/EONET_13168
EONET_13206,wildfires,Wildfire in Australia 1023667,False,https://eonet.gsfc.nasa.gov/api/v3/events/EONET_13206
EONET_13226,wildfires,Wildfire in Mexico 1023686,False,https://eonet.gsfc.nasa.gov/api/v3/events/EONET_13226
EONET_13411,wildfires,"RX Piedmont 4C/12A/13E/13W Wildfire, Jasper, Georgia",False,https://eonet.gsfc.nasa.gov/api/v3/events/EONET_13411
EONET_13167,wildfires,Wildfire in Kazakhstan 1023661,False,https://eonet.gsfc.nasa.gov/api/v3/events/EONET_13167
EONET_13183,wildfires,"25 BP6 BP7 BIL RX Wildfire, Chase, Kansas",False,https://eonet.gsfc.nasa.gov/api/v3/events/EONET_13183
EONET_13182,wildfires,"KSQUR 12B/RenoCounty RX Wildfire, Stafford, Kansas",False,https://eonet.gsfc.nasa.gov/api/v3/events/EONET_13182
EONET_13169,wildfires,Wildfire in Russian Federation 1023663,False,https://eonet.gsfc.nasa.gov/api/v3/events/EONET_13169
EONET_13170,wildfires,Wildfire in Russian Federation 1023664,False,https://eonet.gsfc.nasa.gov/api/v3/events/EONET_13170
EONET_13219,wildfires,Wildfire in Mexico 1023673,False,https://eonet.gsfc.nasa.gov/api/v3/events/EONET_13219
EONET_13186,wildfires,"Rx Lamar 1944 Wildfire, Lamar, Texas",False,https://eonet.gsfc.nasa.gov/api/v3/events/EONET_13186
EONET_13185,wildfires,"Bienville CPT 29 RX Wildfire, Scott, Mississippi",False,https://eonet.gsfc.nasa.gov/api/v3/events/EONET_13185
EONET_13187,wildfires,"APQ Rec Area 4 Rx 0402 Wildfire, Polk, Florida",False,https://eonet.gsfc.nasa.gov/api/v3/events/EONET_13187
EONET_13192,wildfires,"South Tripp Wildfire, Tripp, South Dakota",False,https://eonet.gsfc.nasa.gov/api/v3/events/EONET_13192
EONET_13193,wildfires,"4108 Wildfire, McKenzie, North Dakota",False,https://eonet.gsfc.nasa.gov/api/v3/events/EONET_13193
EONET_13188,wildfires,"RX BO/MAG Prairie South 1 &amp; 5 Wildfire, Yell, Arkansas",False,https://eonet.gsfc.nasa.gov/api/v3/events/EONET_13188
EONET_13189,wildfires,"RX LSF11 Mazarn Mountain Wildfire, Montgomery, Arkansas",False,https://eonet.gsfc.nasa.gov/api/v3/events/EONET_13189
EONET_13191,wildfires,"RX LFS 2 Fulton Branch Wildfire, Montgomery, Arkansas",False,https://eonet.gsfc.nasa.gov/api/v3/events/EONET_13191
EONET_13172,wildfires,"East Marsh Wildfire, Volusia, Florida",False,https://eonet.gsfc.nasa.gov/api/v3/events/EONET_13172
EONET_13194,wildfires,"32nd St Wildfire, McKenzie, North Dakota",False,https://eonet.gsfc.nasa.gov/api/v3/events/EONET_13194
EONET_13195,wildfires,"Rx Shelby 1813 Wildfire, Shelby, Texas",False,https://eonet.gsfc.nasa.gov/api/v3/events/EONET_13195
EONET_13196,wildfires,"Workman Fork of Harts Creek Wildfire, Lincoln, West Virginia",False,https://eonet.gsfc.nasa.gov/api/v3/events/EONET_13196
EONET_13201,wildfires,"RX BLUE RIVER RTRL GADDIS Wildfire, Pontotoc, Oklahoma",False,https://eonet.gsfc.nasa.gov/api/v3/events/EONET_13201
EONET_13202,wildfires,"rx-Lapham Good Oak 2025 Wildfire, Waukesha, Wisconsin",False,https://eonet.gsfc.nasa.gov/api/v3/events/EONET_13202
EONET_13179,wildfires,"Bull Wildfire, Graham, Arizona",False,https://eonet.gsfc.nasa.gov/api/v3/events/EONET_13179
EONET_13203,wildfires,"RX OKSLR-HFR-FY25 Unit A Wildfire, Alfalfa, Oklahoma",False,https://eonet.gsfc.nasa.gov/api/v3/events/EONET_13203
EONET_13165,wildfires,Wildfire in Mexico 1023659,False,https://eonet.gsfc.nasa.gov/api/v3/events/EONET_13165
EONET_13190,wildfires,"WHITE HORN Wildfire, Osage, Oklahoma",False,https://eonet.gsfc.nasa.gov/api/v3/events/EONET_13190
EONET_13181,wildfires,"North Carolina Table Rock Fire Wildfire, Transylvania, North Carolina",False,https://eonet.gsfc.nasa.gov/api/v3/events/EONET_13181
EONET_13162,wildfires,Wildfire in Myanmar 1023656,False,https://eonet.gsfc.nasa.gov/api/v3/events/EONET_13162
EONET_13164,wildfires,Wildfire in Thailand 1023658,False,https://eonet.gsfc.nasa.gov/api/v3/events/EONET_13164
EONET_13198,wildfires,"N Maxwell RD Wildfire, Cherry, Nebraska",False,https://eonet.gsfc.nasa.gov/api/v3/events/EONET_13198
EONET_13197,wildfires,"rx-H&amp;L West Wildfire, Rock, Wisconsin",False,https://eonet.gsfc.nasa.gov/api/v3/events/EONET_13197
EONET_13184,wildfires,"NEVAR-FY25-WF-Dads Lake Wildfire, Cherry, Nebraska",False,https://eonet.gsfc.nasa.gov/api/v3/events/EONET_13184
EONET_13128,wildfires,"Oakland Wildfire, Berkeley, South Carolina",False,https://eonet.gsfc.nasa.gov/api/v3/events/EONET_13128
EONET_13129,wildfires,"MIDWAY Wildfire, Orange, Florida",False,https://eonet.gsfc.nasa.gov/api/v3/events/EONET_13129
EONET_13130,wildfires,"rx-Unit 2 Wildfire, Kenosha, Wisconsin",False,https://eonet.gsfc.nasa.gov/api/v3/events/EONET_13130
EONET_13134,wildfires,"Historia Wildfire, Grant, Kansas",False,https://eonet.gsfc.nasa.gov/api/v3/events/EONET_13134
EONET_13136,wildfires,"RX Mason 1840 Wildfire, Mason, Texas",False,https://eonet.gsfc.nasa.gov/api/v3/events/EONET_13136
EONET_13137,wildfires,"Happy Hill Road Fire Wildfire, Pittsburg, Oklahoma",False,https://eonet.gsfc.nasa.gov/api/v3/events/EONET_13137
EONET_13140,wildfires,"12-LEMA-SPA Wildfire, Cleveland, Oklahoma",False,https://eonet.gsfc.nasa.gov/api/v3/events/EONET_13140
EONET_13143,wildfires,"Rattlesnake Branch Wildfire, Haywood, North Carolina",False,https://eonet.gsfc.nasa.gov/api/v3/events/EONET_13143
EONET_13135,wildfires,"rx-Pierce-Jacobson Flowage Wildfire, Walworth, Wisconsin",False,https://eonet.gsfc.nasa.gov/api/v3/events/EONET_13135
EONET_13133,wildfires,"SOUTH TIGER Wildfire, McIntosh, Oklahoma",False,https://eonet.gsfc.nasa.gov/api/v3/events/EONET_13133
EONET_13117,wildfires,Wildfire in Venezuela 1023642,False,https://eonet.gsfc.nasa.gov/api/v3/events/EONET_13117
EONET_13156,wildfires,Wildfire in Venezuela 1023651,False,https://eonet.gsfc.nasa.gov/api/v3/events/EONET_13156
EONET_13150,wildfires,"OKR Rowells Island Rx 0326 Wildfire, Clinch, Georgia",False,https://eonet.gsfc.nasa.gov/api/v3/events/EONET_13150
EONET_13147,wildfires,"SQUIRREL Wildfire, Hughes, Oklahoma",False,https://eonet.gsfc.nasa.gov/api/v3/events/EONET_13147
EONET_13151,wildfires,"RX Kleberg 1838 Wildfire, Kleberg, Texas",False,https://eonet.gsfc.nasa.gov/api/v3/events/EONET_13151
EONET_13139,wildfires,"ALARKA #5 Wildfire, Swain, North Carolina",False,https://eonet.gsfc.nasa.gov/api/v3/events/EONET_13139
EONET_13146,wildfires,"Crusoe Island Rd Wildfire, Columbus, North Carolina",False,https://eonet.gsfc.nasa.gov/api/v3/events/EONET_13146
EONET_13127,wildfires,"Fisherman&#039;s Corner Fire Wildfire, Haskell, Oklahoma",False,https://eonet.gsfc.nasa.gov/api/v3/events/EONET_13127
EONET_13154,wildfires,"FD2503100008 Wildfire, Morton, North Dakota",False,https://eonet.gsfc.nasa.gov/api/v3/events/EONET_13154
EONET_13131,wildfires,"RED HILL Wildfire, McIntosh, Oklahoma",False,https://eonet.gsfc.nasa.gov/api/v3/events/EONET_13131
EONET_13159,wildfires,Wildfire in Colombia 1023654,False,https://eonet.gsfc.nasa.gov/api/v3/events/EONET_13159
EONET_13166,wildfires,Wildfire in Thailand 1023660,False,https://eonet.gsfc.nasa.gov/api/v3/events/EONET_13166
EONET_13149,wildfires,"Cottonwood Wildfire, Roosevelt, Montana",False,https://eonet.gsfc.nasa.gov/api/v3/events/EONET_13149
EONET_13142,wildfires,"Long Ridge Unit 45 RX Wildfire, Athens, Ohio",False,https://eonet.gsfc.nasa.gov/api/v3/events/EONET_13142
EONET_13155,wildfires,"RX SEQUOYAH HUNTING PRESERVE 3 Wildfire, Sequoyah, Oklahoma",False,https://eonet.gsfc.nasa.gov/api/v3/events/EONET_13155
EONET_13132,wildfires,"WALNUT Wildfire, Okfuskee, Oklahoma",False,https://eonet.gsfc.nasa.gov/api/v3/events/EONET_13132
EONET_13153,wildfires,"Northeast Prairie 2 RX Wildfire, Will, Illinois",False,https://eonet.gsfc.nasa.gov/api/v3/events/EONET_13153
EONET_13148,wildfires,"Salt Creek Fire Wildfire, Sequoyah, Oklahoma",False,https://eonet.gsfc.nasa.gov/api/v3/events/EONET_13148
EONET_13152,wildfires,"Bridges Hollow RX Wildfire, Texas, Missouri",False,https://eonet.gsfc.nasa.gov/api/v3/events/EONET_13152
EONET_13145,wildfires,"Blue Water Tower Fire Wildfire, Haskell, Oklahoma",False,https://eonet.gsfc.nasa.gov/api/v3/events/EONET_13145
EONET_13114,wildfires,Wildfire in Central African Republic 1023638,False,https://eonet.gsfc.nasa.gov/api/v3/events/EONET_13114
EONET_13118,wildfires,Wildfire in Laos 1023644,False,https://eonet.gsfc.nasa.gov/api/v3/events/EONET_13118
EONET_13119,wildfires,Wildfire in Venezuela 1023643,False,https://eonet.gsfc.nasa.gov/api/v3/events/EONET_13119
EONET_13163,wildfires,Wildfire in India 1023657,False,https://eonet.gsfc.nasa.gov/api/v3/events/EONET_13163
EONET_13138,wildfires,"Table Rock Complex Wildfire, Greenville, South Carolina",False,https://eonet.gsfc.nasa.gov/api/v3/events/EONET_13138
EONET_13141,wildfires,"Cabin Gulch Rx Wildfire, Lewis and Clark, Montana",False,https://eonet.gsfc.nasa.gov/api/v3/events/EONET_13141
EONET_13068,wildfires,"Rx Anderson 1332 Wildfire, Anderson, Texas",False,https://eonet.gsfc.nasa.gov/api/v3/events/EONET_13068
EONET_13070,wildfires,"RX KULLIHOMA Wildfire, Pontotoc, Oklahoma",False,https://eonet.gsfc.nasa.gov/api/v3/events/EONET_13070
EONET_13066,wildfires,"Pelham Ridge RX Wildfire, Taney, Missouri",False,https://eonet.gsfc.nasa.gov/api/v3/events/EONET_13066
EONET_13071,wildfires,"RX BLUE RIVER RTRL Wildfire, Johnston, Oklahoma",False,https://eonet.gsfc.nasa.gov/api/v3/events/EONET_13071
EONET_13069,wildfires,"California Branch Wildfire, Camden, New Jersey",False,https://eonet.gsfc.nasa.gov/api/v3/events/EONET_13069
EONET_13057,wildfires,"Reno Wildfire, Johnson, Wyoming",False,https://eonet.gsfc.nasa.gov/api/v3/events/EONET_13057
EONET_13112,wildfires,Wildfire in Myanmar 1023635,False,https://eonet.gsfc.nasa.gov/api/v3/events/EONET_13112
EONET_13120,wildfires,Wildfire in Laos 1023646,False,https://eonet.gsfc.nasa.gov/api/v3/events/EONET_13120
EONET_13079,wildfires,"RX OKSTR-FY25-HFR-MURRAY 23 Wildfire, Johnston, Oklahoma",False,https://eonet.gsfc.nasa.gov/api/v3/events/EONET_13079
EONET_13073,wildfires,"Rocktown Fire Wildfire, Pushmataha, Oklahoma",False,https://eonet.gsfc.nasa.gov/api/v3/events/EONET_13073
EONET_13121,wildfires,Wildfire in Laos 1023647,False,https://eonet.gsfc.nasa.gov/api/v3/events/EONET_13121
EONET_13122,wildfires,Wildfire in Laos 1023648,False,https://eonet.gsfc.nasa.gov/api/v3/events/EONET_13122
EONET_13123,wildfires,Wildfire in Nigeria 1023641,False,https://eonet.gsfc.nasa.gov/api/v3/events/EONET_13123
EONET_13160,wildfires,Wildfire in Mexico 1023655,False,https://eonet.gsfc.nasa.gov/api/v3/events/EONET_13160
EONET_13065,wildfires,"Flat Rock Wildfire, Benton, Mississippi",False,https://eonet.gsfc.nasa.gov/api/v3/events/EONET_13065
EONET_13064,wildfires,"Rock Springs Wildfire, Whitley, Kentucky",False,https://eonet.gsfc.nasa.gov/api/v3/events/EONET_13064
EONET_13078,wildfires,"BOAR CREEK Wildfire, Osage, Oklahoma",False,https://eonet.gsfc.nasa.gov/api/v3/events/EONET_13078
EONET_13059,wildfires,"TABLE ROCK Wildfire, Pickens, South Carolina",False,https://eonet.gsfc.nasa.gov/api/v3/events/EONET_13059
EONET_13080,wildfires,"Hampton RX Wildfire, Williamson, Illinois",False,https://eonet.gsfc.nasa.gov/api/v3/events/EONET_13080
EONET_13060,wildfires,"THREE CHIEFS Wildfire, Delaware, Oklahoma",False,https://eonet.gsfc.nasa.gov/api/v3/events/EONET_13060
EONET_13085,wildfires,"Rx Trinity 1414 Wildfire, Trinity, Texas",False,https://eonet.gsfc.nasa.gov/api/v3/events/EONET_13085
EONET_13086,wildfires,"Rx Trinity 1498 Wildfire, Trinity, Texas",False,https://eonet.gsfc.nasa.gov/api/v3/events/EONET_13086
EONET_13050,wildfires,Wildfire in Chile 1023627,False,https://eonet.gsfc.nasa.gov/api/v3/events/EONET_13050
EONET_13051,wildfires,Wildfire in Chile 1023624,False,https://eonet.gsfc.nasa.gov/api/v3/events/EONET_13051
EONET_13108,wildfires,Wildfire in Republic of Korea 1023633,False,https://eonet.gsfc.nasa.gov/api/v3/events/EONET_13108
EONET_13109,wildfires,Wildfire in Republic of Korea 1023634,False,https://eonet.gsfc.nasa.gov/api/v3/events/EONET_13109
EONET_13110,wildfires,Wildfire in Republic of Korea 1023626,False,https://eonet.gsfc.nasa.gov/api/v3/events/EONET_13110
EONET_13113,wildfires,"Wildfire in India, Bangladesh 1023636",False,https://eonet.gsfc.nasa.gov/api/v3/events/EONET_13113
EONET_13115,wildfires,Wildfire in Central African Republic 1023637,False,https://eonet.gsfc.nasa.gov/api/v3/events/EONET_13115
EONET_13124,wildfires,Wildfire in Myanmar 1023645,False,https://eonet.gsfc.nasa.gov/api/v3/events/EONET_13124
EONET_13157,wildfires,"Wildfire in Myanmar, Thailand 1023650",False,https://eonet.gsfc.nasa.gov/api/v3/events/EONET_13157
EONET_13161,wildfires,Wildfire in Myanmar 1023653,False,https://eonet.gsfc.nasa.gov/api/v3/events/EONET_13161
EONET_13091,wildfires,"Pearl River 162 Miracle Mile Rd Wildfire, Pearl River, Mississippi",False,https://eonet.gsfc.nasa.gov/api/v3/events/EONET_13091
EONET_13088,wildfires,"SMR CPT 300 301 302 308 Rx 0321 Wildfire, Wakulla, Florida",False,https://eonet.gsfc.nasa.gov/api/v3/events/EONET_13088
EONET_13087,wildfires,"PALE ROCK Wildfire, Osage, Oklahoma",False,https://eonet.gsfc.nasa.gov/api/v3/events/EONET_13087
EONET_13052,wildfires,Wildfire in Chile 1023628,False,https://eonet.gsfc.nasa.gov/api/v3/events/EONET_13052
EONET_13053,wildfires,Wildfire in Republic of Korea 1023629,False,https://eonet.gsfc.nasa.gov/api/v3/events/EONET_13053
EONET_13125,wildfires,Wildfire in Laos 1023649,False,https://eonet.gsfc.nasa.gov/api/v3/events/EONET_13125
EONET_13158,wildfires,Wildfire in Laos 1023652,False,https://eonet.gsfc.nasa.gov/api/v3/events/EONET_13158
EONET_13096,wildfires,"Rx Hopkins 1325 Wildfire, Hopkins, Texas",False,https://eonet.gsfc.nasa.gov/api/v3/events/EONET_13096
EONET_13072,wildfires,"Big Glow Fire Wildfire, Greene, Tennessee",False,https://eonet.gsfc.nasa.gov/api/v3/events/EONET_13072
EONET_13074,wildfires,"DEEP WOODS Wildfire, Polk, North Carolina",False,https://eonet.gsfc.nasa.gov/api/v3/events/EONET_13074
EONET_13099,wildfires,"Calf Creek Wildfire, Searcy, Arkansas",False,https://eonet.gsfc.nasa.gov/api/v3/events/EONET_13099
EONET_13100,wildfires,"Rx Houston 1347 Wildfire, Houston, Texas",False,https://eonet.gsfc.nasa.gov/api/v3/events/EONET_13100
EONET_13044,wildfires,Wildfire in United States 1023618,False,https://eonet.gsfc.nasa.gov/api/v3/events/EONET_13044
EONET_13075,wildfires,"Black Cove Wildfire, Polk, North Carolina",False,https://eonet.gsfc.nasa.gov/api/v3/events/EONET_13075
EONET_13058,wildfires,"MTBLR-HFR-FY25-RX-Unit 5 Wildfire, Cascade, Montana",False,https://eonet.gsfc.nasa.gov/api/v3/events/EONET_13058
EONET_13067,wildfires,"Pauline Road Wildfire, San Jacinto, Texas",False,https://eonet.gsfc.nasa.gov/api/v3/events/EONET_13067
EONET_13063,wildfires,"3001 Wildfire, Marion, Texas",False,https://eonet.gsfc.nasa.gov/api/v3/events/EONET_13063
EONET_13101,wildfires,"Neal Creek Wildfire, Pulaski, Arkansas",False,https://eonet.gsfc.nasa.gov/api/v3/events/EONET_13101
EONET_13102,wildfires,"RX Piedmont 15B/15C/15D Wildfire, Jones, Georgia",False,https://eonet.gsfc.nasa.gov/api/v3/events/EONET_13102
EONET_13103,wildfires,"TIGER MOUNTAIN Wildfire, McIntosh, Oklahoma",False,https://eonet.gsfc.nasa.gov/api/v3/events/EONET_13103
EONET_13076,wildfires,"Greene - Turner Rd Wildfire, Greene, Mississippi",False,https://eonet.gsfc.nasa.gov/api/v3/events/EONET_13076
EONET_13089,wildfires,"ANF BU 322 Rx 0319 Wildfire, Wakulla, Florida",False,https://eonet.gsfc.nasa.gov/api/v3/events/EONET_13089
EONET_13090,wildfires,"Hog Mountain Fire Wildfire, Latimer, Oklahoma",False,https://eonet.gsfc.nasa.gov/api/v3/events/EONET_13090
EONET_13104,wildfires,"158th St Wildfire, Burleigh, North Dakota",False,https://eonet.gsfc.nasa.gov/api/v3/events/EONET_13104
EONET_13084,wildfires,"Waits Lane Fire Wildfire, Pittsburg, Oklahoma",False,https://eonet.gsfc.nasa.gov/api/v3/events/EONET_13084
EONET_13082,wildfires,"Boggs Hollow Fire Wildfire, Latimer, Oklahoma",False,https://eonet.gsfc.nasa.gov/api/v3/events/EONET_13082
EONET_13098,wildfires,"CEDAR HILL Wildfire, Osage, Oklahoma",False,https://eonet.gsfc.nasa.gov/api/v3/events/EONET_13098
EONET_13097,wildfires,"SUNSET Wildfire, Osage, Oklahoma",False,https://eonet.gsfc.nasa.gov/api/v3/events/EONET_13097
EONET_13092,wildfires,"31 North Wildfire, Otero, Colorado",False,https://eonet.gsfc.nasa.gov/api/v3/events/EONET_13092
EONET_13093,wildfires,"31 South Wildfire, Otero, Colorado",False,https://eonet.gsfc.nasa.gov/api/v3/events/EONET_13093
EONET_13095,wildfires,"Johnson Wildfire, Miami-Dade, Florida",False,https://eonet.gsfc.nasa.gov/api/v3/events/EONET_13095
EONET_13081,wildfires,"High Lonesome Wildfire, Dallam, Texas",False,https://eonet.gsfc.nasa.gov/api/v3/events/EONET_13081
EONET_13077,wildfires,"TIGER MT. Wildfire, McIntosh, Oklahoma",False,https://eonet.gsfc.nasa.gov/api/v3/events/EONET_13077
EONET_13062,wildfires,"CANADIAN Wildfire, McIntosh, Oklahoma",False,https://eonet.gsfc.nasa.gov/api/v3/events/EONET_13062
EONET_13107,wildfires,"Rx Walker 1286 Wildfire, Walker, Texas",False,https://eonet.gsfc.nasa.gov/api/v3/events/EONET_13107
EONET_12898,wildfires,"Flying J Fire Wildfire, Latimer, Oklahoma",False,https://eonet.gsfc.nasa.gov/api/v3/events/EONET_12898
EONET_12899,wildfires,"Plan B Fire Wildfire, Latimer, Oklahoma",False,https://eonet.gsfc.nasa.gov/api/v3/events/EONET_12899
EONET_13083,wildfires,"Doublehead South Fire Wildfire, Adair, Oklahoma",False,https://eonet.gsfc.nasa.gov/api/v3/events/EONET_13083
EONET_12901,wildfires,"Rugged Mtn Fire Wildfire, Pittsburg, Oklahoma",False,https://eonet.gsfc.nasa.gov/api/v3/events/EONET_12901
EONET_12907,wildfires,"Iron Ladies Wildfire, Weld, Colorado",False,https://eonet.gsfc.nasa.gov/api/v3/events/EONET_12907
EONET_13036,wildfires,Wildfire in United States 1023612,False,https://eonet.gsfc.nasa.gov/api/v3/events/EONET_13036
EONET_13054,wildfires,"Wildfire in Myanmar, Thailand 1023630",False,https://eonet.gsfc.nasa.gov/api/v3/events/EONET_13054
EONET_13111,wildfires,Wildfire in Mexico 1023632,False,https://eonet.gsfc.nasa.gov/api/v3/events/EONET_13111
EONET_13116,wildfires,Wildfire in Myanmar 1023639,False,https://eonet.gsfc.nasa.gov/api/v3/events/EONET_13116
EONET_12903,wildfires,"RANCH CREEK ROAD Wildfire, Pawnee, Oklahoma",False,https://eonet.gsfc.nasa.gov/api/v3/events/EONET_12903
EONET_12908,wildfires,"Big Island Wildfire, Green Lake, Wisconsin",False,https://eonet.gsfc.nasa.gov/api/v3/events/EONET_12908
EONET_12921,wildfires,"South Big Creek Wildfire, Woodson, Kansas",False,https://eonet.gsfc.nasa.gov/api/v3/events/EONET_12921
EONET_12931,wildfires,"Y5 Wildfire, Lyon, Kansas",False,https://eonet.gsfc.nasa.gov/api/v3/events/EONET_12931
EONET_12916,wildfires,"Blackburn Wildfire, Crawford, Arkansas",False,https://eonet.gsfc.nasa.gov/api/v3/events/EONET_12916
EONET_13034,wildfires,Wildfire in Venezuela 1023607,False,https://eonet.gsfc.nasa.gov/api/v3/events/EONET_13034
EONET_13037,wildfires,Wildfire in India 1023609,False,https://eonet.gsfc.nasa.gov/api/v3/events/EONET_13037
EONET_13055,wildfires,Wildfire in Sudan 1023631,False,https://eonet.gsfc.nasa.gov/api/v3/events/EONET_13055
EONET_13126,wildfires,Wildfire in Myanmar 1023640,False,https://eonet.gsfc.nasa.gov/api/v3/events/EONET_13126
EONET_12904,wildfires,"OAK STREET Wildfire, Pawnee, Oklahoma",False,https://eonet.gsfc.nasa.gov/api/v3/events/EONET_12904
EONET_12915,wildfires,"HELLROARING CREEK Wildfire, Pawnee, Oklahoma",False,https://eonet.gsfc.nasa.gov/api/v3/events/EONET_12915
EONET_12914,wildfires,"STATION #2 Wildfire, Cleveland, Oklahoma",False,https://eonet.gsfc.nasa.gov/api/v3/events/EONET_12914
EONET_12906,wildfires,"LITTLE SALT CREEK Wildfire, Creek, Oklahoma",False,https://eonet.gsfc.nasa.gov/api/v3/events/EONET_12906
EONET_12940,wildfires,"212 Road Fire Wildfire, Cowley, Kansas",False,https://eonet.gsfc.nasa.gov/api/v3/events/EONET_12940
EONET_12920,wildfires,"Persimmon Wildfire, Jefferson, Texas",False,https://eonet.gsfc.nasa.gov/api/v3/events/EONET_12920
EONET_12924,wildfires,"EAST STICH Wildfire, Osage, Oklahoma",False,https://eonet.gsfc.nasa.gov/api/v3/events/EONET_12924
EONET_12942,wildfires,"Rx Henderson 1148 Wildfire, Henderson, Texas",False,https://eonet.gsfc.nasa.gov/api/v3/events/EONET_12942
EONET_12910,wildfires,"33 ROAD Wildfire, Logan, Oklahoma",False,https://eonet.gsfc.nasa.gov/api/v3/events/EONET_12910
EONET_13038,wildfires,Wildfire in India 1023613,False,https://eonet.gsfc.nasa.gov/api/v3/events/EONET_13038
EONET_12943,wildfires,"Green River Wildfire, Lee, Illinois",False,https://eonet.gsfc.nasa.gov/api/v3/events/EONET_12943
EONET_12935,wildfires,"Farm Wildfire, Perry, Mississippi",False,https://eonet.gsfc.nasa.gov/api/v3/events/EONET_12935
EONET_12913,wildfires,"Crabapple Wildfire, Gillespie, Texas",False,https://eonet.gsfc.nasa.gov/api/v3/events/EONET_12913
EONET_12933,wildfires,"1 Alpha 25 Wildfire, Jackson, Kansas",False,https://eonet.gsfc.nasa.gov/api/v3/events/EONET_12933
EONET_12938,wildfires,"Lake Wabaunsee Wildfire, Wabaunsee, Kansas",False,https://eonet.gsfc.nasa.gov/api/v3/events/EONET_12938
EONET_12928,wildfires,"BIG EAGLE Wildfire, Osage, Oklahoma",False,https://eonet.gsfc.nasa.gov/api/v3/events/EONET_12928
EONET_12937,wildfires,"Long Mountain Fire Wildfire, Haskell, Oklahoma",False,https://eonet.gsfc.nasa.gov/api/v3/events/EONET_12937
EONET_12946,wildfires,"RX 30 Wildfire, Jones, Georgia",False,https://eonet.gsfc.nasa.gov/api/v3/events/EONET_12946
EONET_12939,wildfires,"1980 Rd Fire Wildfire, Beckham, Oklahoma",False,https://eonet.gsfc.nasa.gov/api/v3/events/EONET_12939
EONET_13039,wildfires,Wildfire in Myanmar 1023614,False,https://eonet.gsfc.nasa.gov/api/v3/events/EONET_13039
EONET_13040,wildfires,Wildfire in India 1023610,False,https://eonet.gsfc.nasa.gov/api/v3/events/EONET_13040
EONET_12918,wildfires,"Chainsaw Cottonwood Wildfire, Lincoln, Nebraska",False,https://eonet.gsfc.nasa.gov/api/v3/events/EONET_12918
EONET_12948,wildfires,"rx-Scuppernong South Wildfire, Waukesha, Wisconsin",False,https://eonet.gsfc.nasa.gov/api/v3/events/EONET_12948
EONET_12917,wildfires,"Mogote Hill Wildfire, Mora, New Mexico",False,https://eonet.gsfc.nasa.gov/api/v3/events/EONET_12917
EONET_12912,wildfires,"HICKORY HILL ROAD Wildfire, Oklahoma, Oklahoma",False,https://eonet.gsfc.nasa.gov/api/v3/events/EONET_12912
EONET_12922,wildfires,"Rest Area Wildfire, Gray, Texas",False,https://eonet.gsfc.nasa.gov/api/v3/events/EONET_12922
EONET_12925,wildfires,"TANGO Wildfire, Osage, Oklahoma",False,https://eonet.gsfc.nasa.gov/api/v3/events/EONET_12925
EONET_12905,wildfires,"EUCHEE VALLEY Wildfire, Payne, Oklahoma",False,https://eonet.gsfc.nasa.gov/api/v3/events/EONET_12905
EONET_12909,wildfires,"840 ROAD Wildfire, Roger Mills, Oklahoma",False,https://eonet.gsfc.nasa.gov/api/v3/events/EONET_12909
EONET_12900,wildfires,"Windmill Wildfire, Roberts, Texas",False,https://eonet.gsfc.nasa.gov/api/v3/events/EONET_12900
EONET_12944,wildfires,"South Tripp Wildfire, Tripp, South Dakota",False,https://eonet.gsfc.nasa.gov/api/v3/events/EONET_12944
EONET_12953,wildfires,"HWY 12 mm 176 Wildfire, Corson, South Dakota",False,https://eonet.gsfc.nasa.gov/api/v3/events/EONET_12953
EONET_12951,wildfires,"rx-66 Wildfire, Burnett, Wisconsin",False,https://eonet.gsfc.nasa.gov/api/v3/events/EONET_12951
EONET_12882,wildfires,Wildfire in United States 1023596,False,https://eonet.gsfc.nasa.gov/api/v3/events/EONET_12882
EONET_13041,wildfires,Wildfire in Myanmar 1023611,False,https://eonet.gsfc.nasa.gov/api/v3/events/EONET_13041
EONET_13042,wildfires,Wildfire in China 1023615,False,https://eonet.gsfc.nasa.gov/api/v3/events/EONET_13042
EONET_13045,wildfires,Wildfire in Argentina 1023617,False,https://eonet.gsfc.nasa.gov/api/v3/events/EONET_13045
EONET_12955,wildfires,"Clear Creek RX Wildfire, Washington, Missouri",False,https://eonet.gsfc.nasa.gov/api/v3/events/EONET_12955
EONET_12941,wildfires,"South Meridian Wildfire, El Paso, Colorado",False,https://eonet.gsfc.nasa.gov/api/v3/events/EONET_12941
EONET_12959,wildfires,"Rx Leon 1016 Wildfire, Leon, Texas",False,https://eonet.gsfc.nasa.gov/api/v3/events/EONET_12959
EONET_12964,wildfires,"APQ Rec Area 14 Rx 0313 Wildfire, Highlands, Florida",False,https://eonet.gsfc.nasa.gov/api/v3/events/EONET_12964
EONET_12965,wildfires,"Bienville CPT 46 RX Wildfire, Scott, Mississippi",False,https://eonet.gsfc.nasa.gov/api/v3/events/EONET_12965
EONET_12963,wildfires,"RX N Bee Rough Wildfire, McCurtain, Oklahoma",False,https://eonet.gsfc.nasa.gov/api/v3/events/EONET_12963
EONET_12962,wildfires,"BEAR Wildfire, Osage, Oklahoma",False,https://eonet.gsfc.nasa.gov/api/v3/events/EONET_12962
EONET_12949,wildfires,"NC-6 Wildfire, Polk, Florida",False,https://eonet.gsfc.nasa.gov/api/v3/events/EONET_12949
EONET_12960,wildfires,"Fortune Hollow RX Wildfire, Dent, Missouri",False,https://eonet.gsfc.nasa.gov/api/v3/events/EONET_12960
EONET_12968,wildfires,"Rx Trinity 1015 Wildfire, Trinity, Texas",False,https://eonet.gsfc.nasa.gov/api/v3/events/EONET_12968
EONET_12947,wildfires,"Blue Stem Wildfire, Franklin, Mississippi",False,https://eonet.gsfc.nasa.gov/api/v3/events/EONET_12947
EONET_12956,wildfires,"SMR CPT 303 304 Rx 0313 Wildfire, Wakulla, Florida",False,https://eonet.gsfc.nasa.gov/api/v3/events/EONET_12956
EONET_12902,wildfires,"The 344 Wildfire, Miami-Dade, Florida",False,https://eonet.gsfc.nasa.gov/api/v3/events/EONET_12902
EONET_12974,wildfires,"RX LONE PINE Wildfire, Pittsburg, Oklahoma",False,https://eonet.gsfc.nasa.gov/api/v3/events/EONET_12974
EONET_12927,wildfires,"Hamby Ridge Fire Wildfire, Delaware, Oklahoma",False,https://eonet.gsfc.nasa.gov/api/v3/events/EONET_12927
EONET_12883,wildfires,Wildfire in Myanmar 1023597,False,https://eonet.gsfc.nasa.gov/api/v3/events/EONET_12883
EONET_12895,wildfires,Wildfire in Nigeria 1023604,False,https://eonet.gsfc.nasa.gov/api/v3/events/EONET_12895
EONET_13035,wildfires,Wildfire in India 1023608,False,https://eonet.gsfc.nasa.gov/api/v3/events/EONET_13035
EONET_13046,wildfires,Wildfire in Myanmar 1023619,False,https://eonet.gsfc.nasa.gov/api/v3/events/EONET_13046
EONET_13047,wildfires,Wildfire in Thailand 1023621,False,https://eonet.gsfc.nasa.gov/api/v3/events/EONET_13047
EONET_13049,wildfires,Wildfire in Myanmar 1023622,False,https://eonet.gsfc.nasa.gov/api/v3/events/EONET_13049
EONET_12936,wildfires,"Cottonwood Creek Wildfire, San Saba, Texas",False,https://eonet.gsfc.nasa.gov/api/v3/events/EONET_12936
EONET_12983,wildfires,"RX Wildcat- Straight Rock/ Brogan Wildfire, Yell, Arkansas",False,https://eonet.gsfc.nasa.gov/api/v3/events/EONET_12983
EONET_12986,wildfires,"RX Jack Pigeon Wildfire, Scott, Arkansas",False,https://eonet.gsfc.nasa.gov/api/v3/events/EONET_12986
EONET_12923,wildfires,"Roderfield Wildfire, McDowell, West Virginia",False,https://eonet.gsfc.nasa.gov/api/v3/events/EONET_12923
EONET_12926,wildfires,"rx-Avoca Prairie Eastside Wildfire, Iowa, Wisconsin",False,https://eonet.gsfc.nasa.gov/api/v3/events/EONET_12926
EONET_12991,wildfires,"Holly Springs IU 43-1 RX Wildfire, Benton, Mississippi",False,https://eonet.gsfc.nasa.gov/api/v3/events/EONET_12991
EONET_12993,wildfires,"Holly Springs IU 39 1 RX Wildfire, Marshall, Mississippi",False,https://eonet.gsfc.nasa.gov/api/v3/events/EONET_12993
EONET_12970,wildfires,"Rx Liberty 3 Wildfire, Logan, Arkansas",False,https://eonet.gsfc.nasa.gov/api/v3/events/EONET_12970
EONET_12995,wildfires,"RX OKSQR-HFR-FY25-Sandtown Wildfire, Sequoyah, Oklahoma",False,https://eonet.gsfc.nasa.gov/api/v3/events/EONET_12995
EONET_12966,wildfires,"IDNR - Iroquois Meadows RX Wildfire, Iroquois, Illinois",False,https://eonet.gsfc.nasa.gov/api/v3/events/EONET_12966
EONET_12957,wildfires,"RX JC Firewise South Wildfire, Garland, Arkansas",False,https://eonet.gsfc.nasa.gov/api/v3/events/EONET_12957
EONET_12932,wildfires,"DeSoto BB 7209 C21 22 23 RX Wildfire, Perry, Mississippi",False,https://eonet.gsfc.nasa.gov/api/v3/events/EONET_12932
EONET_12950,wildfires,"RX East end bear little bear Wildfire, Garland, Arkansas",False,https://eonet.gsfc.nasa.gov/api/v3/events/EONET_12950
EONET_12988,wildfires,"RX Norris Hollow/Wildcat Wildfire, Yell, Arkansas",False,https://eonet.gsfc.nasa.gov/api/v3/events/EONET_12988
EONET_12996,wildfires,"RX LOG CABIN Wildfire, Atoka, Oklahoma",False,https://eonet.gsfc.nasa.gov/api/v3/events/EONET_12996
EONET_12997,wildfires,"Jerktail RX Wildfire, Shannon, Missouri",False,https://eonet.gsfc.nasa.gov/api/v3/events/EONET_12997
EONET_12975,wildfires,"RX KIS C-5 SE Wildfire, Natchitoches, Louisiana",False,https://eonet.gsfc.nasa.gov/api/v3/events/EONET_12975
EONET_12989,wildfires,"RX Bee Rough Wildfire, McCurtain, Oklahoma",False,https://eonet.gsfc.nasa.gov/api/v3/events/EONET_12989
EONET_12967,wildfires,"Bienville CPT 22 RX Wildfire, Scott, Mississippi",False,https://eonet.gsfc.nasa.gov/api/v3/events/EONET_12967
EONET_12972,wildfires,"RX Alexander 4/Stob Gap 1 Wildfire, Crawford, Arkansas",False,https://eonet.gsfc.nasa.gov/api/v3/events/EONET_12972
EONET_12971,wildfires,"Eldridge RX Wildfire, Taney, Missouri",False,https://eonet.gsfc.nasa.gov/api/v3/events/EONET_12971
EONET_12990,wildfires,"RX Harvey South Wildfire, Scott, Arkansas",False,https://eonet.gsfc.nasa.gov/api/v3/events/EONET_12990
EONET_12998,wildfires,"OCF CPT 12 Waterhole Rx 0312 Wildfire, Marion, Florida",False,https://eonet.gsfc.nasa.gov/api/v3/events/EONET_12998
EONET_12992,wildfires,"State of Illinois RX Wildfire, Jackson, Illinois",False,https://eonet.gsfc.nasa.gov/api/v3/events/EONET_12992
EONET_12884,wildfires,Wildfire in Central African Republic 1023591,False,https://eonet.gsfc.nasa.gov/api/v3/events/EONET_12884
EONET_13043,wildfires,Wildfire in Myanmar 1023616,False,https://eonet.gsfc.nasa.gov/api/v3/events/EONET_13043
EONET_13048,wildfires,Wildfire in Myanmar 1023620,False,https://eonet.gsfc.nasa.gov/api/v3/events/EONET_13048
EONET_12929,wildfires,"NADEL Wildfire, Osage, Oklahoma",False,https://eonet.gsfc.nasa.gov/api/v3/events/EONET_12929
EONET_12999,wildfires,"East Branch Cedar Creek RX Wildfire, Johnson, Illinois",False,https://eonet.gsfc.nasa.gov/api/v3/events/EONET_12999
EONET_13005,wildfires,"HFR FY25 RX Cattails Wildfire, Sequoyah, Oklahoma",False,https://eonet.gsfc.nasa.gov/api/v3/events/EONET_13005
EONET_13004,wildfires,"RX KIS C-63 Wildfire, Natchitoches, Louisiana",False,https://eonet.gsfc.nasa.gov/api/v3/events/EONET_13004
EONET_13000,wildfires,"Devils Kitchen West RX Wildfire, Williamson, Illinois",False,https://eonet.gsfc.nasa.gov/api/v3/events/EONET_13000
EONET_13009,wildfires,"Bowdoin West RX Wildfire, Phillips, Montana",False,https://eonet.gsfc.nasa.gov/api/v3/events/EONET_13009
EONET_12977,wildfires,"Rx Bomag Ball Springs Wildfire, Logan, Arkansas",False,https://eonet.gsfc.nasa.gov/api/v3/events/EONET_12977
EONET_12994,wildfires,"Rx Pilot Rock Wildfire, Johnson, Arkansas",False,https://eonet.gsfc.nasa.gov/api/v3/events/EONET_12994
EONET_13001,wildfires,"RX Anna Reese 3 Wildfire, Stone, Arkansas",False,https://eonet.gsfc.nasa.gov/api/v3/events/EONET_13001
EONET_12976,wildfires,"RX Wildcat 4-5 Wildfire, Yell, Arkansas",False,https://eonet.gsfc.nasa.gov/api/v3/events/EONET_12976
EONET_13006,wildfires,"RX WINN C-95-104 Wildfire, Grant, Louisiana",False,https://eonet.gsfc.nasa.gov/api/v3/events/EONET_13006
EONET_12978,wildfires,"RX Harvey Wildfire, Scott, Arkansas",False,https://eonet.gsfc.nasa.gov/api/v3/events/EONET_12978
EONET_13002,wildfires,"RX CAT C-4-5 Wildfire, Grant, Louisiana",False,https://eonet.gsfc.nasa.gov/api/v3/events/EONET_13002
EONET_13008,wildfires,"RX CALE C-81 Wildfire, Rapides, Louisiana",False,https://eonet.gsfc.nasa.gov/api/v3/events/EONET_13008
EONET_12979,wildfires,"RX Blaylock &amp; Brier Leader Wildfire, Polk, Arkansas",False,https://eonet.gsfc.nasa.gov/api/v3/events/EONET_12979
EONET_12945,wildfires,"Gray Squirrel Hollow Wildfire, Adair, Oklahoma",False,https://eonet.gsfc.nasa.gov/api/v3/events/EONET_12945
EONET_13007,wildfires,"Holly Springs IU 35 1 RX Wildfire, Marshall, Mississippi",False,https://eonet.gsfc.nasa.gov/api/v3/events/EONET_13007
EONET_12984,wildfires,"Rx WaggleySalt Fork Alexande Wildfire, Franklin, Arkansas",False,https://eonet.gsfc.nasa.gov/api/v3/events/EONET_12984
EONET_12885,wildfires,Wildfire in India 1023598,False,https://eonet.gsfc.nasa.gov/api/v3/events/EONET_12885
EONET_12886,wildfires,Wildfire in India 1023599,False,https://eonet.gsfc.nasa.gov/api/v3/events/EONET_12886
EONET_12887,wildfires,Wildfire in South Africa 1023595,False,https://eonet.gsfc.nasa.gov/api/v3/events/EONET_12887
EONET_12896,wildfires,Wildfire in Myanmar 1023606,False,https://eonet.gsfc.nasa.gov/api/v3/events/EONET_12896
EONET_12930,wildfires,"ACORN Wildfire, Osage, Oklahoma",False,https://eonet.gsfc.nasa.gov/api/v3/events/EONET_12930
EONET_12969,wildfires,"Ocean Front Wildfire, Calhoun, Texas",False,https://eonet.gsfc.nasa.gov/api/v3/events/EONET_12969
EONET_13013,wildfires,"HGR Godwin 2 RX Wildfire, Grayson, Texas",False,https://eonet.gsfc.nasa.gov/api/v3/events/EONET_13013
EONET_12919,wildfires,"ROUTE 13 Wildfire, Ziebach, South Dakota",False,https://eonet.gsfc.nasa.gov/api/v3/events/EONET_12919
EONET_13014,wildfires,"SHNF Comp 8 RX Wildfire, Montgomery, Texas",False,https://eonet.gsfc.nasa.gov/api/v3/events/EONET_13014
EONET_13015,wildfires,"SMR CPT 311 Rx 0307 Wildfire, Wakulla, Florida",False,https://eonet.gsfc.nasa.gov/api/v3/events/EONET_13015
EONET_13016,wildfires,"FPR Cochran &amp; Airplane Rx 0308 Wildfire, Collier, Florida",False,https://eonet.gsfc.nasa.gov/api/v3/events/EONET_13016
EONET_13003,wildfires,"Miller King RX Wildfire, Butler, Missouri",False,https://eonet.gsfc.nasa.gov/api/v3/events/EONET_13003
EONET_13017,wildfires,"Victory Landscape RX Wildfire, Butler, Missouri",False,https://eonet.gsfc.nasa.gov/api/v3/events/EONET_13017
EONET_12980,wildfires,"RX Gambler 4 Wildfire, Baxter, Arkansas",False,https://eonet.gsfc.nasa.gov/api/v3/events/EONET_12980
EONET_13012,wildfires,"RX CALV C-108-112 Wildfire, Vernon, Louisiana",False,https://eonet.gsfc.nasa.gov/api/v3/events/EONET_13012
EONET_12981,wildfires,"RX Livingston 3 Wildfire, Stone, Arkansas",False,https://eonet.gsfc.nasa.gov/api/v3/events/EONET_12981
EONET_13019,wildfires,"Rx Newton 0913 Wildfire, Newton, Texas",False,https://eonet.gsfc.nasa.gov/api/v3/events/EONET_13019
EONET_13020,wildfires,"Rx Anderson 0911 Wildfire, Anderson, Texas",False,https://eonet.gsfc.nasa.gov/api/v3/events/EONET_13020
EONET_12934,wildfires,"KENWOOD 15S Wildfire, Delaware, Oklahoma",False,https://eonet.gsfc.nasa.gov/api/v3/events/EONET_12934
EONET_12888,wildfires,Wildfire in India 1023600,False,https://eonet.gsfc.nasa.gov/api/v3/events/EONET_12888
EONET_12897,wildfires,Wildfire in Myanmar 1023605,False,https://eonet.gsfc.nasa.gov/api/v3/events/EONET_12897
EONET_13023,wildfires,"Webster- Union Church Rd. Wildfire, Choctaw, Mississippi",False,https://eonet.gsfc.nasa.gov/api/v3/events/EONET_13023
EONET_13021,wildfires,"Minninghaw RX Wildfire, Dent, Missouri",False,https://eonet.gsfc.nasa.gov/api/v3/events/EONET_13021
EONET_13010,wildfires,"FLW Range Complex Unit C RX Wildfire, Pulaski, Missouri",False,https://eonet.gsfc.nasa.gov/api/v3/events/EONET_13010
EONET_13018,wildfires,"Wylie King 3 4 5 RX Wildfire, Butler, Missouri",False,https://eonet.gsfc.nasa.gov/api/v3/events/EONET_13018
EONET_12985,wildfires,"Rx Gambler 3 Wildfire, Baxter, Arkansas",False,https://eonet.gsfc.nasa.gov/api/v3/events/EONET_12985
EONET_13024,wildfires,"Vance Barnett RX Wildfire, Shannon, Missouri",False,https://eonet.gsfc.nasa.gov/api/v3/events/EONET_13024
EONET_12860,wildfires,Wildfire in Japan 1023572,False,https://eonet.gsfc.nasa.gov/api/v3/events/EONET_12860
EONET_12864,wildfires,Wildfire in Mongolia 1023574,False,https://eonet.gsfc.nasa.gov/api/v3/events/EONET_12864
EONET_12872,wildfires,Wildfire in Central African Republic 1023581,False,https://eonet.gsfc.nasa.gov/api/v3/events/EONET_12872
EONET_12878,wildfires,Wildfire in Central African Republic 1023590,False,https://eonet.gsfc.nasa.gov/api/v3/events/EONET_12878
EONET_12889,wildfires,Wildfire in Myanmar 1023592,False,https://eonet.gsfc.nasa.gov/api/v3/events/EONET_12889
EONET_12890,wildfires,Wildfire in Central African Republic 1023593,False,https://eonet.gsfc.nasa.gov/api/v3/events/EONET_12890
EONET_13026,wildfires,"Johnson Mountain Blk 1 RX Wildfire, Iron, Missouri",False,https://eonet.gsfc.nasa.gov/api/v3/events/EONET_13026
EONET_12952,wildfires,"Rx Gambler 2 Wildfire, Baxter, Arkansas",False,https://eonet.gsfc.nasa.gov/api/v3/events/EONET_12952
EONET_13025,wildfires,"GUN CLUB Wildfire, Okmulgee, Oklahoma",False,https://eonet.gsfc.nasa.gov/api/v3/events/EONET_13025
EONET_12973,wildfires,"Knotwell RX Wildfire, Phelps, Missouri",False,https://eonet.gsfc.nasa.gov/api/v3/events/EONET_12973
EONET_13022,wildfires,"Tapsville RX Wildfire, Lawrence, Alabama",False,https://eonet.gsfc.nasa.gov/api/v3/events/EONET_13022
EONET_12854,wildfires,Wildfire in Australia 1023568,False,https://eonet.gsfc.nasa.gov/api/v3/events/EONET_12854
EONET_12865,wildfires,Wildfire in Australia 1023575,False,https://eonet.gsfc.nasa.gov/api/v3/events/EONET_12865
EONET_12866,wildfires,Wildfire in Australia 1023576,False,https://eonet.gsfc.nasa.gov/api/v3/events/EONET_12866
EONET_12873,wildfires,Wildfire in South Africa 1023583,False,https://eonet.gsfc.nasa.gov/api/v3/events/EONET_12873
EONET_12874,wildfires,Wildfire in Myanmar 1023586,False,https://eonet.gsfc.nasa.gov/api/v3/events/EONET_12874
EONET_12891,wildfires,Wildfire in Myanmar 1023601,False,https://eonet.gsfc.nasa.gov/api/v3/events/EONET_12891
EONET_12893,wildfires,"Wildfire in Sudan, Ethiopia 1023603",False,https://eonet.gsfc.nasa.gov/api/v3/events/EONET_12893
EONET_13027,wildfires,"Camden Hollow RX Wildfire, Shannon, Missouri",False,https://eonet.gsfc.nasa.gov/api/v3/events/EONET_13027
EONET_12987,wildfires,"BO/MAG Dooley RX Wildfire, Yell, Arkansas",False,https://eonet.gsfc.nasa.gov/api/v3/events/EONET_12987
EONET_12982,wildfires,"RX North Rebuck Wildfire, Scott, Arkansas",False,https://eonet.gsfc.nasa.gov/api/v3/events/EONET_12982
EONET_13028,wildfires,"BALD HILL Wildfire, Okmulgee, Oklahoma",False,https://eonet.gsfc.nasa.gov/api/v3/events/EONET_13028
EONET_13030,wildfires,"RX Gambler 1 Wildfire, Baxter, Arkansas",False,https://eonet.gsfc.nasa.gov/api/v3/events/EONET_13030
EONET_13031,wildfires,"RX Kleberg 0899 Wildfire, Kleberg, Texas",False,https://eonet.gsfc.nasa.gov/api/v3/events/EONET_13031
EONET_12875,wildfires,Wildfire in Venezuela 1023584,False,https://eonet.gsfc.nasa.gov/api/v3/events/EONET_12875
EONET_12879,wildfires,Wildfire in India 1023587,False,https://eonet.gsfc.nasa.gov/api/v3/events/EONET_12879
EONET_12892,wildfires,Wildfire in India 1023594,False,https://eonet.gsfc.nasa.gov/api/v3/events/EONET_12892
EONET_12894,wildfires,Wildfire in Sudan 1023602,False,https://eonet.gsfc.nasa.gov/api/v3/events/EONET_12894
EONET_13032,wildfires,"Conecuh Fire Wildfire, Covington, Alabama",False,https://eonet.gsfc.nasa.gov/api/v3/events/EONET_13032
EONET_12861,wildfires,Wildfire in Ethiopia 1023569,False,https://eonet.gsfc.nasa.gov/api/v3/events/EONET_12861
EONET_12880,wildfires,Wildfire in Myanmar 1023588,False,https://eonet.gsfc.nasa.gov/api/v3/events/EONET_12880
EONET_12847,wildfires,Wildfire in Australia 1023558,False,https://eonet.gsfc.nasa.gov/api/v3/events/EONET_12847
EONET_12868,wildfires,Wildfire in Ethiopia 1023577,False,https://eonet.gsfc.nasa.gov/api/v3/events/EONET_12868
EONET_12869,wildfires,Wildfire in Mexico 1023578,False,https://eonet.gsfc.nasa.gov/api/v3/events/EONET_12869
EONET_12881,wildfires,Wildfire in Myanmar 1023589,False,https://eonet.gsfc.nasa.gov/api/v3/events/EONET_12881
EONET_12848,wildfires,Wildfire in Australia 1023559,False,https://eonet.gsfc.nasa.gov/api/v3/events/EONET_12848
EONET_12862,wildfires,Wildfire in India 1023570,False,https://eonet.gsfc.nasa.gov/api/v3/events/EONET_12862
EONET_12876,wildfires,Wildfire in Myanmar 1023585,False,https://eonet.gsfc.nasa.gov/api/v3/events/EONET_12876
EONET_12855,wildfires,Wildfire in The Democratic Republic of Congo 1023565,False,https://eonet.gsfc.nasa.gov/api/v3/events/EONET_12855
EONET_12856,wildfires,Wildfire in Ethiopia 1023566,False,https://eonet.gsfc.nasa.gov/api/v3/events/EONET_12856
EONET_12867,wildfires,Wildfire in Ethiopia 1023573,False,https://eonet.gsfc.nasa.gov/api/v3/events/EONET_12867
EONET_12870,wildfires,Wildfire in Myanmar 1023579,False,https://eonet.gsfc.nasa.gov/api/v3/events/EONET_12870
EONET_12877,wildfires,Wildfire in Myanmar 1023582,False,https://eonet.gsfc.nasa.gov/api/v3/events/EONET_12877
EONET_12849,wildfires,Wildfire in Ethiopia 1023562,False,https://eonet.gsfc.nasa.gov/api/v3/events/EONET_12849
EONET_12871,wildfires,Wildfire in Myanmar 1023580,False,https://eonet.gsfc.nasa.gov/api/v3/events/EONET_12871
EONET_12850,wildfires,Wildfire in Mexico 1023560,False,https://eonet.gsfc.nasa.gov/api/v3/events/EONET_12850
EONET_12851,wildfires,Wildfire in Myanmar 1023561,False,https://eonet.gsfc.nasa.gov/api/v3/events/EONET_12851
EONET_12857,wildfires,Wildfire in Mexico 1023567,False,https://eonet.gsfc.nasa.gov/api/v3/events/EONET_12857
EONET_12863,wildfires,Wildfire in India 1023571,False,https://eonet.gsfc.nasa.gov/api/v3/events/EONET_12863
EONET_12801,wildfires,Wildfire in Australia 1023549,False,https://eonet.gsfc.nasa.gov/api/v3/events/EONET_12801
EONET_12808,wildfires,Wildfire in Venezuela 1023550,False,https://eonet.gsfc.nasa.gov/api/v3/events/EONET_12808
EONET_12810,wildfires,Wildfire in Australia 1023552,False,https://eonet.gsfc.nasa.gov/api/v3/events/EONET_12810
EONET_12852,wildfires,Wildfire in Myanmar 1023563,False,https://eonet.gsfc.nasa.gov/api/v3/events/EONET_12852
EONET_12817,wildfires,"Dismal River Ranch Wildfire, Hooker, Nebraska",False,https://eonet.gsfc.nasa.gov/api/v3/events/EONET_12817
EONET_12818,wildfires,"Devils Horn 1-3 RX Wildfire, Carter, Missouri",False,https://eonet.gsfc.nasa.gov/api/v3/events/EONET_12818
EONET_12825,wildfires,"RX Golden Road 2 3 4 5 7 Wildfire, Pike, Arkansas",False,https://eonet.gsfc.nasa.gov/api/v3/events/EONET_12825
EONET_12828,wildfires,"RX 97 old growth hurricane Wildfire, Montgomery, Arkansas",False,https://eonet.gsfc.nasa.gov/api/v3/events/EONET_12828
EONET_12767,wildfires,"Compartment 1 RX Wildfire, Macon, Alabama",False,https://eonet.gsfc.nasa.gov/api/v3/events/EONET_12767
EONET_12816,wildfires,"Eureka Wildfire, Custer, Nebraska",False,https://eonet.gsfc.nasa.gov/api/v3/events/EONET_12816
EONET_12827,wildfires,"RX BO/MAG Green Bench Wildfire, Logan, Arkansas",False,https://eonet.gsfc.nasa.gov/api/v3/events/EONET_12827
EONET_12821,wildfires,"SNF Indian Mound 103 RX Wildfire, Sabine, Texas",False,https://eonet.gsfc.nasa.gov/api/v3/events/EONET_12821
EONET_12830,wildfires,"DCNF Comp 64 65 RX Wildfire, Houston, Texas",False,https://eonet.gsfc.nasa.gov/api/v3/events/EONET_12830
EONET_12764,wildfires,"RX Rambo Wildfire, Johnson, Arkansas",False,https://eonet.gsfc.nasa.gov/api/v3/events/EONET_12764
EONET_12839,wildfires,"RX KIS C-17-18 Wildfire, Natchitoches, Louisiana",False,https://eonet.gsfc.nasa.gov/api/v3/events/EONET_12839
EONET_12768,wildfires,"Rx Lamar 0544 Wildfire, Lamar, Texas",False,https://eonet.gsfc.nasa.gov/api/v3/events/EONET_12768
EONET_12826,wildfires,"Tombigbee CPT 18 RX Wildfire, Chickasaw, Mississippi",False,https://eonet.gsfc.nasa.gov/api/v3/events/EONET_12826
EONET_12832,wildfires,"RX FY25 BUFF Mill Creek Wildfire, Newton, Arkansas",False,https://eonet.gsfc.nasa.gov/api/v3/events/EONET_12832
EONET_12831,wildfires,"RX Reeve&#039;s Branch 2 Wildfire, Pope, Arkansas",False,https://eonet.gsfc.nasa.gov/api/v3/events/EONET_12831
EONET_12834,wildfires,"ANF Bannister East C-17 RX Wildfire, San Augustine, Texas",False,https://eonet.gsfc.nasa.gov/api/v3/events/EONET_12834
EONET_12841,wildfires,"RX Beech Grove Wildfire, Franklin, Arkansas",False,https://eonet.gsfc.nasa.gov/api/v3/events/EONET_12841
EONET_12829,wildfires,"RX Walker Mt Wildfire, Scott, Arkansas",False,https://eonet.gsfc.nasa.gov/api/v3/events/EONET_12829
EONET_12840,wildfires,"RX Deer East Wildfire, Franklin, Arkansas",False,https://eonet.gsfc.nasa.gov/api/v3/events/EONET_12840
EONET_12836,wildfires,"RX Little Round Wildfire, Scott, Arkansas",False,https://eonet.gsfc.nasa.gov/api/v3/events/EONET_12836
EONET_12837,wildfires,"OSF CPT 60 65 66 Rx 0227 Wildfire, Columbia, Florida",False,https://eonet.gsfc.nasa.gov/api/v3/events/EONET_12837
EONET_12835,wildfires,"OCF CPT 7 Rx 0227 Wildfire, Putnam, Florida",False,https://eonet.gsfc.nasa.gov/api/v3/events/EONET_12835
EONET_12809,wildfires,Wildfire in Australia 1023551,False,https://eonet.gsfc.nasa.gov/api/v3/events/EONET_12809
EONET_12811,wildfires,Wildfire in Colombia 1023553,False,https://eonet.gsfc.nasa.gov/api/v3/events/EONET_12811
EONET_12812,wildfires,Wildfire in Venezuela 1023554,False,https://eonet.gsfc.nasa.gov/api/v3/events/EONET_12812
EONET_12844,wildfires,Wildfire in Australia 1023555,False,https://eonet.gsfc.nasa.gov/api/v3/events/EONET_12844
EONET_12845,wildfires,Wildfire in Colombia 1023557,False,https://eonet.gsfc.nasa.gov/api/v3/events/EONET_12845
EONET_12772,wildfires,"Chinnabee/Cheaha RX Wildfire, Clay, Alabama",False,https://eonet.gsfc.nasa.gov/api/v3/events/EONET_12772
EONET_12766,wildfires,"OKSLR-HFR-FY25-RX-Wilderness Wildfire, Alfalfa, Oklahoma",False,https://eonet.gsfc.nasa.gov/api/v3/events/EONET_12766
EONET_12769,wildfires,"Two Barrel Wildfire, Liberty, Florida",False,https://eonet.gsfc.nasa.gov/api/v3/events/EONET_12769
EONET_12777,wildfires,"Holly Springs IU 107 1 RX Wildfire, Lafayette, Mississippi",False,https://eonet.gsfc.nasa.gov/api/v3/events/EONET_12777
EONET_12779,wildfires,"Tombigbee CPT 74 75 RX Wildfire, Choctaw, Mississippi",False,https://eonet.gsfc.nasa.gov/api/v3/events/EONET_12779
EONET_12776,wildfires,"RX Barkshed 3 Wildfire, Stone, Arkansas",False,https://eonet.gsfc.nasa.gov/api/v3/events/EONET_12776
EONET_12782,wildfires,"Rx Brown 0560 Wildfire, Brown, Texas",False,https://eonet.gsfc.nasa.gov/api/v3/events/EONET_12782
EONET_12783,wildfires,"Rx McMullen 0558 Wildfire, McMullen, Texas",False,https://eonet.gsfc.nasa.gov/api/v3/events/EONET_12783
EONET_12820,wildfires,"DCNF Comp 76/79 RX Wildfire, Trinity, Texas",False,https://eonet.gsfc.nasa.gov/api/v3/events/EONET_12820
EONET_12774,wildfires,"RX Falling Water - Raspberry Wildfire, Pope, Arkansas",False,https://eonet.gsfc.nasa.gov/api/v3/events/EONET_12774
EONET_12773,wildfires,"RX Private Line Wildfire, Searcy, Arkansas",False,https://eonet.gsfc.nasa.gov/api/v3/events/EONET_12773
EONET_12778,wildfires,"RX CALE C-17 Wildfire, Rapides, Louisiana",False,https://eonet.gsfc.nasa.gov/api/v3/events/EONET_12778
EONET_12819,wildfires,"SHNF Comp 83 RX Wildfire, San Jacinto, Texas",False,https://eonet.gsfc.nasa.gov/api/v3/events/EONET_12819
EONET_12775,wildfires,"OSF CPT 131 Rx 0226 Wildfire, Columbia, Florida",False,https://eonet.gsfc.nasa.gov/api/v3/events/EONET_12775
EONET_12771,wildfires,"MIC 03/05 RX Wildfire, Escambia, Alabama",False,https://eonet.gsfc.nasa.gov/api/v3/events/EONET_12771
EONET_12838,wildfires,"Calhoun Co Wildfire, Calhoun, Alabama",False,https://eonet.gsfc.nasa.gov/api/v3/events/EONET_12838
EONET_12781,wildfires,"East Table Wildfire, Custer, Nebraska",False,https://eonet.gsfc.nasa.gov/api/v3/events/EONET_12781
EONET_12802,wildfires,Wildfire in Australia 1023545,False,https://eonet.gsfc.nasa.gov/api/v3/events/EONET_12802
EONET_12765,wildfires,"KC 450 Wildfire, Kimble, Texas",False,https://eonet.gsfc.nasa.gov/api/v3/events/EONET_12765
EONET_12822,wildfires,"COLBIN GAP Wildfire, Etowah, Alabama",False,https://eonet.gsfc.nasa.gov/api/v3/events/EONET_12822
EONET_12785,wildfires,"RX Harvey Mtn East Wildfire, Le Flore, Oklahoma",False,https://eonet.gsfc.nasa.gov/api/v3/events/EONET_12785
EONET_12784,wildfires,"Range 141 Wildfire, El Paso, Colorado",False,https://eonet.gsfc.nasa.gov/api/v3/events/EONET_12784
EONET_12791,wildfires,"Rx Cottle 0536 Wildfire, Cottle, Texas",False,https://eonet.gsfc.nasa.gov/api/v3/events/EONET_12791
EONET_12792,wildfires,"RX Kerr 0537 Wildfire, Kerr, Texas",False,https://eonet.gsfc.nasa.gov/api/v3/events/EONET_12792
EONET_12793,wildfires,"Rx McMullen 0538 Wildfire, McMullen, Texas",False,https://eonet.gsfc.nasa.gov/api/v3/events/EONET_12793
EONET_12788,wildfires,"Walt RX Wildfire, Clay, Alabama",False,https://eonet.gsfc.nasa.gov/api/v3/events/EONET_12788
EONET_12787,wildfires,"RX Reeve&#039;s Branch Wildfire, Pope, Arkansas",False,https://eonet.gsfc.nasa.gov/api/v3/events/EONET_12787
EONET_12789,wildfires,"RX Harvey Ridge Wildfire, Scott, Arkansas",False,https://eonet.gsfc.nasa.gov/api/v3/events/EONET_12789
EONET_12790,wildfires,"DXS 01/02/03 RX Wildfire, Escambia, Alabama",False,https://eonet.gsfc.nasa.gov/api/v3/events/EONET_12790
EONET_12786,wildfires,"Saw Mill Wildfire, Platte, Wyoming",False,https://eonet.gsfc.nasa.gov/api/v3/events/EONET_12786
EONET_12795,wildfires,Wildfire in Venezuela 1023542,False,https://eonet.gsfc.nasa.gov/api/v3/events/EONET_12795
EONET_12796,wildfires,Wildfire in Ethiopia 1023537,False,https://eonet.gsfc.nasa.gov/api/v3/events/EONET_12796
EONET_12846,wildfires,Wildfire in Ethiopia 1023556,False,https://eonet.gsfc.nasa.gov/api/v3/events/EONET_12846
EONET_12780,wildfires,"YO Ranch Road Wildfire, Platte, Wyoming",False,https://eonet.gsfc.nasa.gov/api/v3/events/EONET_12780
EONET_12794,wildfires,"RX South Ringer Branch Wildfire, Scott, Arkansas",False,https://eonet.gsfc.nasa.gov/api/v3/events/EONET_12794
EONET_12797,wildfires,Wildfire in Senegal 1023539,False,https://eonet.gsfc.nasa.gov/api/v3/events/EONET_12797
EONET_12798,wildfires,Wildfire in Australia 1023540,False,https://eonet.gsfc.nasa.gov/api/v3/events/EONET_12798
EONET_12853,wildfires,"Wildfire in Liberia, Guinea 1023564",False,https://eonet.gsfc.nasa.gov/api/v3/events/EONET_12853
EONET_12726,wildfires,"RX Harvey Mountain East Wildfire, Le Flore, Oklahoma",False,https://eonet.gsfc.nasa.gov/api/v3/events/EONET_12726
EONET_12754,wildfires,Wildfire in Australia 1023531,False,https://eonet.gsfc.nasa.gov/api/v3/events/EONET_12754
EONET_12803,wildfires,Wildfire in Mali 1023544,False,https://eonet.gsfc.nasa.gov/api/v3/events/EONET_12803
EONET_12804,wildfires,Wildfire in Australia 1023547,False,https://eonet.gsfc.nasa.gov/api/v3/events/EONET_12804
EONET_12805,wildfires,Wildfire in Australia 1023548,False,https://eonet.gsfc.nasa.gov/api/v3/events/EONET_12805
EONET_12730,wildfires,"RX OKWMR Phelan Wildfire, Comanche, Oklahoma",False,https://eonet.gsfc.nasa.gov/api/v3/events/EONET_12730
EONET_12731,wildfires,"Quail RX Wildfire, Cleburne, Alabama",False,https://eonet.gsfc.nasa.gov/api/v3/events/EONET_12731
EONET_12728,wildfires,"Comp 49 RX Wildfire, Bibb, Alabama",False,https://eonet.gsfc.nasa.gov/api/v3/events/EONET_12728
EONET_12721,wildfires,Wildfire in Mali 1023524,False,https://eonet.gsfc.nasa.gov/api/v3/events/EONET_12721
EONET_12799,wildfires,Wildfire in Russian Federation 1023541,False,https://eonet.gsfc.nasa.gov/api/v3/events/EONET_12799
EONET_12800,wildfires,Wildfire in Ethiopia 1023538,False,https://eonet.gsfc.nasa.gov/api/v3/events/EONET_12800
EONET_12806,wildfires,Wildfire in Venezuela 1023546,False,https://eonet.gsfc.nasa.gov/api/v3/events/EONET_12806
EONET_12727,wildfires,"Comp 05 RX Wildfire, Tuscaloosa, Alabama",False,https://eonet.gsfc.nasa.gov/api/v3/events/EONET_12727
EONET_12734,wildfires,"LXR Strazulla Rx 0221 Wildfire, Palm Beach, Florida",False,https://eonet.gsfc.nasa.gov/api/v3/events/EONET_12734
EONET_12716,seaLakeIce,Iceberg A85,False,https://eonet.gsfc.nasa.gov/api/v3/events/EONET_12716
EONET_12717,seaLakeIce,Iceberg D37,False,https://eonet.gsfc.nasa.gov/api/v3/events/EONET_12717
EONET_12711,wildfires,Wildfire in Sudan 1023519,False,https://eonet.gsfc.nasa.gov/api/v3/events/EONET_12711
EONET_12722,wildfires,Wildfire in Ethiopia 1023525,False,https://eonet.gsfc.nasa.gov/api/v3/events/EONET_12722
EONET_12723,wildfires,Wildfire in Australia 1023527,False,https://eonet.gsfc.nasa.gov/api/v3/events/EONET_12723
EONET_12762,wildfires,Wildfire in Australia 1023536,False,https://eonet.gsfc.nasa.gov/api/v3/events/EONET_12762
EONET_12737,wildfires,"Blue Springs 06 RX Wildfire, Covington, Alabama",False,https://eonet.gsfc.nasa.gov/api/v3/events/EONET_12737
EONET_12732,wildfires,"Comp 57 RX Wildfire, Bibb, Alabama",False,https://eonet.gsfc.nasa.gov/api/v3/events/EONET_12732
EONET_12712,wildfires,Wildfire in Central African Republic 1023520,False,https://eonet.gsfc.nasa.gov/api/v3/events/EONET_12712
EONET_12724,wildfires,Wildfire in Ethiopia 1023526,False,https://eonet.gsfc.nasa.gov/api/v3/events/EONET_12724
EONET_12755,wildfires,Wildfire in South Africa 1023530,False,https://eonet.gsfc.nasa.gov/api/v3/events/EONET_12755
EONET_12763,wildfires,"Wildfire in Sudan, Ethiopia 1023535",False,https://eonet.gsfc.nasa.gov/api/v3/events/EONET_12763
EONET_12807,wildfires,Wildfire in Sudan 1023543,False,https://eonet.gsfc.nasa.gov/api/v3/events/EONET_12807
EONET_12742,wildfires,"Rx San Jacinto 0486 Wildfire, San Jacinto, Texas",False,https://eonet.gsfc.nasa.gov/api/v3/events/EONET_12742
EONET_12813,volcanoes,"Lewotolok Volcano, Indonesia",False,https://eonet.gsfc.nasa.gov/api/v3/events/EONET_12813
EONET_12708,wildfires,Wildfire in Sudan 1023516,False,https://eonet.gsfc.nasa.gov/api/v3/events/EONET_12708
EONET_12744,wildfires,"OSF CPT 1 Rx 0218 Wildfire, Baker, Florida",False,https://eonet.gsfc.nasa.gov/api/v3/events/EONET_12744
EONET_12725,wildfires,Wildfire in Senegal 1023528,False,https://eonet.gsfc.nasa.gov/api/v3/events/EONET_12725
EONET_12756,wildfires,Wildfire in Russian Federation 1023532,False,https://eonet.gsfc.nasa.gov/api/v3/events/EONET_12756
EONET_12733,wildfires,"Comp 20 RX Wildfire, Macon, Alabama",False,https://eonet.gsfc.nasa.gov/api/v3/events/EONET_12733
EONET_12746,wildfires,"RX Cottle 0479 Wildfire, Cottle, Texas",False,https://eonet.gsfc.nasa.gov/api/v3/events/EONET_12746
EONET_12703,wildfires,Wildfire in Australia 1023511,False,https://eonet.gsfc.nasa.gov/api/v3/events/EONET_12703
EONET_12713,wildfires,Wildfire in Australia 1023523,False,https://eonet.gsfc.nasa.gov/api/v3/events/EONET_12713
EONET_12760,wildfires,Wildfire in Senegal 1023533,False,https://eonet.gsfc.nasa.gov/api/v3/events/EONET_12760
EONET_12740,wildfires,"BUENOS ARIES PILES RX Wildfire, Pima, Arizona",False,https://eonet.gsfc.nasa.gov/api/v3/events/EONET_12740
EONET_12704,wildfires,Wildfire in Ethiopia 1023514,False,https://eonet.gsfc.nasa.gov/api/v3/events/EONET_12704
EONET_12705,wildfires,Wildfire in Ethiopia 1023512,False,https://eonet.gsfc.nasa.gov/api/v3/events/EONET_12705
EONET_12706,wildfires,Wildfire in Cameroon 1023513,False,https://eonet.gsfc.nasa.gov/api/v3/events/EONET_12706
EONET_12707,wildfires,Wildfire in Central African Republic 1023515,False,https://eonet.gsfc.nasa.gov/api/v3/events/EONET_12707
EONET_12709,wildfires,Wildfire in Cameroon 1023517,False,https://eonet.gsfc.nasa.gov/api/v3/events/EONET_12709
EONET_12710,wildfires,Wildfire in Cameroon 1023518,False,https://eonet.gsfc.nasa.gov/api/v3/events/EONET_12710
EONET_12714,wildfires,Wildfire in Sudan 1023521,False,https://eonet.gsfc.nasa.gov/api/v3/events/EONET_12714
EONET_12715,wildfires,Wildfire in Ethiopia 1023522,False,https://eonet.gsfc.nasa.gov/api/v3/events/EONET_12715
EONET_12757,wildfires,Wildfire in Sudan 1023529,False,https://eonet.gsfc.nasa.gov/api/v3/events/EONET_12757
EONET_12761,wildfires,Wildfire in The Democratic Republic of Congo 1023534,False,https://eonet.gsfc.nasa.gov/api/v3/events/EONET_12761
EONET_12743,wildfires,"Stillwater NWR FY25 RX Wildfire, Churchill, Nevada",False,https://eonet.gsfc.nasa.gov/api/v3/events/EONET_12743
EONET_12738,wildfires,"SUNNYSIDE RX Wildfire, Cochise, Arizona",False,https://eonet.gsfc.nasa.gov/api/v3/events/EONET_12738
EONET_12729,wildfires,"RKC 02/03 RX Wildfire, Escambia, Alabama",False,https://eonet.gsfc.nasa.gov/api/v3/events/EONET_12729
EONET_12749,wildfires,"OKR Minnies Island Rx 0212 Wildfire, Charlton, Georgia",False,https://eonet.gsfc.nasa.gov/api/v3/events/EONET_12749
EONET_12750,wildfires,"OSF CPT 43 50 Rx 0212 Wildfire, Columbia, Florida",False,https://eonet.gsfc.nasa.gov/api/v3/events/EONET_12750
EONET_12748,wildfires,"MIR T-27A Rx 0212 Wildfire, Brevard, Florida",False,https://eonet.gsfc.nasa.gov/api/v3/events/EONET_12748
EONET_12747,wildfires,"OKR CPT 6 Mims Island Rx 0212 Wildfire, Ware, Georgia",False,https://eonet.gsfc.nasa.gov/api/v3/events/EONET_12747
EONET_12752,wildfires,"OSF CPT 23 24 Rx 0211 Wildfire, Columbia, Florida",False,https://eonet.gsfc.nasa.gov/api/v3/events/EONET_12752
EONET_12675,wildfires,"Rx Trinity 0423 Wildfire, Trinity, Texas",False,https://eonet.gsfc.nasa.gov/api/v3/events/EONET_12675
EONET_12751,wildfires,"Dismal West RX Wildfire, Thomas, Nebraska",False,https://eonet.gsfc.nasa.gov/api/v3/events/EONET_12751
EONET_12671,wildfires,Wildfire in Australia 1023510,False,https://eonet.gsfc.nasa.gov/api/v3/events/EONET_12671
EONET_12681,wildfires,"RX Kimble 0417 Wildfire, Kimble, Texas",False,https://eonet.gsfc.nasa.gov/api/v3/events/EONET_12681
EONET_12672,wildfires,Wildfire in Australia 1023509,False,https://eonet.gsfc.nasa.gov/api/v3/events/EONET_12672
EONET_12676,wildfires,"COTTONWOOD CANYON Wildfire, Lincoln, New Mexico",False,https://eonet.gsfc.nasa.gov/api/v3/events/EONET_12676
EONET_12682,wildfires,"BAR Rogers Bee Creek RX Wildfire, Travis, Texas",False,https://eonet.gsfc.nasa.gov/api/v3/events/EONET_12682
EONET_12666,wildfires,Wildfire in Australia 1023505,False,https://eonet.gsfc.nasa.gov/api/v3/events/EONET_12666
EONET_12673,wildfires,Wildfire in Cameroon 1023507,False,https://eonet.gsfc.nasa.gov/api/v3/events/EONET_12673
EONET_12739,wildfires,"Iceman RX Wildfire, Lawrence, South Dakota",False,https://eonet.gsfc.nasa.gov/api/v3/events/EONET_12739
EONET_12687,wildfires,"RX KIS C-44-51 Wildfire, Natchitoches, Louisiana",False,https://eonet.gsfc.nasa.gov/api/v3/events/EONET_12687
EONET_12686,wildfires,"RX CAT C-95 Wildfire, Grant, Louisiana",False,https://eonet.gsfc.nasa.gov/api/v3/events/EONET_12686
EONET_12684,wildfires,"SHNF C-105 RX Wildfire, San Jacinto, Texas",False,https://eonet.gsfc.nasa.gov/api/v3/events/EONET_12684
EONET_12685,wildfires,"MiC04 RX Wildfire, Escambia, Alabama",False,https://eonet.gsfc.nasa.gov/api/v3/events/EONET_12685
EONET_12693,wildfires,"RX KIS C-28-41 Wildfire, Natchitoches, Louisiana",False,https://eonet.gsfc.nasa.gov/api/v3/events/EONET_12693
EONET_12677,wildfires,"Kings Ferry Wildfire, Franklin, Mississippi",False,https://eonet.gsfc.nasa.gov/api/v3/events/EONET_12677
EONET_12689,wildfires,"LBJ COMP 908 S RX Wildfire, Wise, Texas",False,https://eonet.gsfc.nasa.gov/api/v3/events/EONET_12689
EONET_12695,wildfires,"RX Cottle 0384 Wildfire, Cottle, Texas",False,https://eonet.gsfc.nasa.gov/api/v3/events/EONET_12695
EONET_12690,wildfires,"SNF Indian Mounds C-102 RX Wildfire, Sabine, Texas",False,https://eonet.gsfc.nasa.gov/api/v3/events/EONET_12690
EONET_12692,wildfires,"RX CALV C-111 Wildfire, Vernon, Louisiana",False,https://eonet.gsfc.nasa.gov/api/v3/events/EONET_12692
EONET_12694,wildfires,"DCNF COMP 34 RX Wildfire, Houston, Texas",False,https://eonet.gsfc.nasa.gov/api/v3/events/EONET_12694
EONET_12688,wildfires,"ANF Mud Creek RX Wildfire, Angelina, Texas",False,https://eonet.gsfc.nasa.gov/api/v3/events/EONET_12688
EONET_12824,wildfires,"RX Compartment 166-170 Wildfire, Oglethorpe, Georgia",False,https://eonet.gsfc.nasa.gov/api/v3/events/EONET_12824
EONET_12696,wildfires,"DCNF COMP 28 RX Wildfire, Houston, Texas",False,https://eonet.gsfc.nasa.gov/api/v3/events/EONET_12696
EONET_12697,wildfires,"SHNF COMP 21 RX Wildfire, Montgomery, Texas",False,https://eonet.gsfc.nasa.gov/api/v3/events/EONET_12697
EONET_12679,wildfires,"RKC 06/07 RX Wildfire, Escambia, Alabama",False,https://eonet.gsfc.nasa.gov/api/v3/events/EONET_12679
EONET_12691,wildfires,"Rx Polk 0366 Wildfire, Polk, Texas",False,https://eonet.gsfc.nasa.gov/api/v3/events/EONET_12691
EONET_12654,wildfires,Wildfire in Sudan 1023495,False,https://eonet.gsfc.nasa.gov/api/v3/events/EONET_12654
EONET_12667,wildfires,Wildfire in Ethiopia 1023502,False,https://eonet.gsfc.nasa.gov/api/v3/events/EONET_12667
EONET_12700,wildfires,"RKC04/05 RX Wildfire, Escambia, Alabama",False,https://eonet.gsfc.nasa.gov/api/v3/events/EONET_12700
EONET_12680,wildfires,"BrB 04 RX Wildfire, Covington, Alabama",False,https://eonet.gsfc.nasa.gov/api/v3/events/EONET_12680
EONET_12683,wildfires,"MiC 07 RX Wildfire, Escambia, Alabama",False,https://eonet.gsfc.nasa.gov/api/v3/events/EONET_12683
EONET_12741,wildfires,"BrB05 Rx Wildfire, Covington, Alabama",False,https://eonet.gsfc.nasa.gov/api/v3/events/EONET_12741
EONET_12647,wildfires,Wildfire in Chad 1023486,False,https://eonet.gsfc.nasa.gov/api/v3/events/EONET_12647
EONET_12655,wildfires,Wildfire in Sudan 1023496,False,https://eonet.gsfc.nasa.gov/api/v3/events/EONET_12655
EONET_12664,wildfires,Wildfire in The Democratic Republic of Congo 1023500,False,https://eonet.gsfc.nasa.gov/api/v3/events/EONET_12664
EONET_12668,wildfires,Wildfire in The Democratic Republic of Congo 1023506,False,https://eonet.gsfc.nasa.gov/api/v3/events/EONET_12668
EONET_12669,wildfires,Wildfire in Central African Republic 1023503,False,https://eonet.gsfc.nasa.gov/api/v3/events/EONET_12669
EONET_12670,wildfires,Wildfire in Venezuela 1023504,False,https://eonet.gsfc.nasa.gov/api/v3/events/EONET_12670
EONET_12620,wildfires,"Rx Cedar Lake N Shore Wildfire, Le Flore, Oklahoma",False,https://eonet.gsfc.nasa.gov/api/v3/events/EONET_12620
EONET_12622,wildfires,"Comp 2 RX Wildfire, Hale, Alabama",False,https://eonet.gsfc.nasa.gov/api/v3/events/EONET_12622
EONET_12699,wildfires,"Pyramid SRA 2 RX Wildfire, Perry, Illinois",False,https://eonet.gsfc.nasa.gov/api/v3/events/EONET_12699
EONET_12621,wildfires,"RX - Cades Cove Wildfire, Blount, Tennessee",False,https://eonet.gsfc.nasa.gov/api/v3/events/EONET_12621
EONET_12642,wildfires,Wildfire in Australia 1023479,False,https://eonet.gsfc.nasa.gov/api/v3/events/EONET_12642
EONET_12648,wildfires,Wildfire in Chad 1023483,False,https://eonet.gsfc.nasa.gov/api/v3/events/EONET_12648
EONET_12649,wildfires,Wildfire in Argentina 1023485,False,https://eonet.gsfc.nasa.gov/api/v3/events/EONET_12649
EONET_12656,wildfires,Wildfire in Australia 1023493,False,https://eonet.gsfc.nasa.gov/api/v3/events/EONET_12656
EONET_12657,wildfires,Wildfire in Australia 1023494,False,https://eonet.gsfc.nasa.gov/api/v3/events/EONET_12657
EONET_12665,wildfires,Wildfire in Australia 1023501,False,https://eonet.gsfc.nasa.gov/api/v3/events/EONET_12665
EONET_12674,wildfires,Wildfire in Australia 1023508,False,https://eonet.gsfc.nasa.gov/api/v3/events/EONET_12674
EONET_12626,wildfires,"ANF Bannister East RX Wildfire, San Augustine, Texas",False,https://eonet.gsfc.nasa.gov/api/v3/events/EONET_12626
EONET_12625,wildfires,"ANF Bullet Creek RX Wildfire, San Augustine, Texas",False,https://eonet.gsfc.nasa.gov/api/v3/events/EONET_12625
EONET_12611,wildfires,Wildfire in Australia 1023472,False,https://eonet.gsfc.nasa.gov/api/v3/events/EONET_12611
EONET_12612,wildfires,Wildfire in Australia 1023474,False,https://eonet.gsfc.nasa.gov/api/v3/events/EONET_12612
EONET_12658,wildfires,Wildfire in Sudan 1023490,False,https://eonet.gsfc.nasa.gov/api/v3/events/EONET_12658
EONET_12659,wildfires,Wildfire in Central African Republic 1023497,False,https://eonet.gsfc.nasa.gov/api/v3/events/EONET_12659
EONET_12663,wildfires,Wildfire in Guinea 1023499,False,https://eonet.gsfc.nasa.gov/api/v3/events/EONET_12663
EONET_12619,wildfires,"Blue Hills Wildfire, Moore, Texas",False,https://eonet.gsfc.nasa.gov/api/v3/events/EONET_12619
EONET_12594,wildfires,Wildfire in Australia 1023459,False,https://eonet.gsfc.nasa.gov/api/v3/events/EONET_12594
EONET_12638,wildfires,Wildfire in The Democratic Republic of Congo 1023476,False,https://eonet.gsfc.nasa.gov/api/v3/events/EONET_12638
EONET_12639,wildfires,Wildfire in Australia 1023477,False,https://eonet.gsfc.nasa.gov/api/v3/events/EONET_12639
EONET_12630,wildfires,"BFR HFR Unit 9/10 RX Wildfire, Randall, Texas",False,https://eonet.gsfc.nasa.gov/api/v3/events/EONET_12630
EONET_12628,wildfires,"APQ Recreation Area 10 Rx  0131 Wildfire, Highlands, Florida",False,https://eonet.gsfc.nasa.gov/api/v3/events/EONET_12628
EONET_12618,seaLakeIce,Iceberg A84,False,https://eonet.gsfc.nasa.gov/api/v3/events/EONET_12618
EONET_12595,wildfires,Wildfire in Australia 1023460,False,https://eonet.gsfc.nasa.gov/api/v3/events/EONET_12595
EONET_12596,wildfires,Wildfire in Australia 1023461,False,https://eonet.gsfc.nasa.gov/api/v3/events/EONET_12596
EONET_12660,wildfires,Wildfire in Central African Republic 1023491,False,https://eonet.gsfc.nasa.gov/api/v3/events/EONET_12660
EONET_12661,wildfires,Wildfire in Australia 1023498,False,https://eonet.gsfc.nasa.gov/api/v3/events/EONET_12661
EONET_12635,wildfires,"Rx Camp 0251 Wildfire, Camp, Texas",False,https://eonet.gsfc.nasa.gov/api/v3/events/EONET_12635
EONET_12632,wildfires,"APQ Recreation Area 10 Rx 0130 Wildfire, Highlands, Florida",False,https://eonet.gsfc.nasa.gov/api/v3/events/EONET_12632
EONET_12634,wildfires,"MiC 02 RX Wildfire, Escambia, Alabama",False,https://eonet.gsfc.nasa.gov/api/v3/events/EONET_12634
EONET_12631,wildfires,"OSF CPT 34 35 Rx 0130 Wildfire, Baker, Florida",False,https://eonet.gsfc.nasa.gov/api/v3/events/EONET_12631
EONET_12633,wildfires,"FPR Big Pine Island Rx 0130 Wildfire, Collier, Florida",False,https://eonet.gsfc.nasa.gov/api/v3/events/EONET_12633
EONET_12623,wildfires,"NORTH FORK Wildfire, McDowell, North Carolina",False,https://eonet.gsfc.nasa.gov/api/v3/events/EONET_12623
EONET_12576,wildfires,Wildfire in Australia 1023446,False,https://eonet.gsfc.nasa.gov/api/v3/events/EONET_12576
EONET_12577,wildfires,Wildfire in Australia 1023447,False,https://eonet.gsfc.nasa.gov/api/v3/events/EONET_12577
EONET_12578,wildfires,Wildfire in Australia 1023448,False,https://eonet.gsfc.nasa.gov/api/v3/events/EONET_12578
EONET_12579,wildfires,Wildfire in Australia 1023449,False,https://eonet.gsfc.nasa.gov/api/v3/events/EONET_12579
EONET_12580,wildfires,Wildfire in Australia 1023450,False,https://eonet.gsfc.nasa.gov/api/v3/events/EONET_12580
EONET_12581,wildfires,Wildfire in Argentina 1023453,False,https://eonet.gsfc.nasa.gov/api/v3/events/EONET_12581
EONET_12597,wildfires,Wildfire in Australia 1023458,False,https://eonet.gsfc.nasa.gov/api/v3/events/EONET_12597
EONET_12601,wildfires,Wildfire in Australia 1023464,False,https://eonet.gsfc.nasa.gov/api/v3/events/EONET_12601
EONET_12602,wildfires,Wildfire in Australia 1023465,False,https://eonet.gsfc.nasa.gov/api/v3/events/EONET_12602
EONET_12603,wildfires,Wildfire in Argentina 1023466,False,https://eonet.gsfc.nasa.gov/api/v3/events/EONET_12603
EONET_12604,wildfires,Wildfire in The Democratic Republic of Congo 1023467,False,https://eonet.gsfc.nasa.gov/api/v3/events/EONET_12604
EONET_12605,wildfires,Wildfire in Australia 1023468,False,https://eonet.gsfc.nasa.gov/api/v3/events/EONET_12605
EONET_12613,wildfires,Wildfire in The Democratic Republic of Congo 1023473,False,https://eonet.gsfc.nasa.gov/api/v3/events/EONET_12613
EONET_12643,wildfires,Wildfire in Australia 1023482,False,https://eonet.gsfc.nasa.gov/api/v3/events/EONET_12643
EONET_12650,wildfires,Wildfire in Argentina 1023484,False,https://eonet.gsfc.nasa.gov/api/v3/events/EONET_12650
EONET_12662,wildfires,Wildfire in Central African Republic 1023492,False,https://eonet.gsfc.nasa.gov/api/v3/events/EONET_12662
EONET_12627,wildfires,"Cahas Mounttain Fire Wildfire, Franklin, Virginia",False,https://eonet.gsfc.nasa.gov/api/v3/events/EONET_12627
EONET_12637,wildfires,"OSF CPT 129 19 RX 0129 Wildfire, Columbia, Florida",False,https://eonet.gsfc.nasa.gov/api/v3/events/EONET_12637
EONET_12636,wildfires,"EVP HID Rx 0129 Wildfire, Miami-Dade, Florida",False,https://eonet.gsfc.nasa.gov/api/v3/events/EONET_12636
EONET_12606,wildfires,Wildfire in Central African Republic 1023462,False,https://eonet.gsfc.nasa.gov/api/v3/events/EONET_12606
EONET_12607,wildfires,Wildfire in Argentina 1023469,False,https://eonet.gsfc.nasa.gov/api/v3/events/EONET_12607
EONET_12608,wildfires,Wildfire in Central African Republic 1023463,False,https://eonet.gsfc.nasa.gov/api/v3/events/EONET_12608
EONET_12614,wildfires,Wildfire in The Democratic Republic of Congo 1023470,False,https://eonet.gsfc.nasa.gov/api/v3/events/EONET_12614
EONET_12644,wildfires,Wildfire in Central African Republic 1023480,False,https://eonet.gsfc.nasa.gov/api/v3/events/EONET_12644
EONET_12651,wildfires,Wildfire in Central African Republic 1023487,False,https://eonet.gsfc.nasa.gov/api/v3/events/EONET_12651
EONET_12652,wildfires,Wildfire in Argentina 1023488,False,https://eonet.gsfc.nasa.gov/api/v3/events/EONET_12652
EONET_12549,wildfires,"RX Cottle 0244 Wildfire, Cottle, Texas",False,https://eonet.gsfc.nasa.gov/api/v3/events/EONET_12549
EONET_12547,wildfires,"Rx Big Flat Wildfire, Johnson, Arkansas",False,https://eonet.gsfc.nasa.gov/api/v3/events/EONET_12547
EONET_12548,wildfires,"Buttram RX Wildfire, Ozark, Missouri",False,https://eonet.gsfc.nasa.gov/api/v3/events/EONET_12548
EONET_12546,wildfires,"ANF BU 312 Rx 0128 Wildfire, Wakulla, Florida",False,https://eonet.gsfc.nasa.gov/api/v3/events/EONET_12546
EONET_12565,wildfires,Wildfire in Australia 1023430,False,https://eonet.gsfc.nasa.gov/api/v3/events/EONET_12565
EONET_12566,wildfires,Wildfire in Australia 1023431,False,https://eonet.gsfc.nasa.gov/api/v3/events/EONET_12566
EONET_12567,wildfires,Wildfire in Australia 1023434,False,https://eonet.gsfc.nasa.gov/api/v3/events/EONET_12567
EONET_12582,wildfires,Wildfire in The Democratic Republic of Congo 1023439,False,https://eonet.gsfc.nasa.gov/api/v3/events/EONET_12582
EONET_12583,wildfires,Wildfire in Australia 1023454,False,https://eonet.gsfc.nasa.gov/api/v3/events/EONET_12583
EONET_12584,wildfires,Wildfire in Australia 1023451,False,https://eonet.gsfc.nasa.gov/api/v3/events/EONET_12584
EONET_12585,wildfires,Wildfire in Senegal 1023452,False,https://eonet.gsfc.nasa.gov/api/v3/events/EONET_12585
EONET_12586,wildfires,Wildfire in Sudan 1023438,False,https://eonet.gsfc.nasa.gov/api/v3/events/EONET_12586
EONET_12598,wildfires,Wildfire in Central African Republic 1023456,False,https://eonet.gsfc.nasa.gov/api/v3/events/EONET_12598
EONET_12615,wildfires,Wildfire in Central African Republic 1023471,False,https://eonet.gsfc.nasa.gov/api/v3/events/EONET_12615
EONET_12645,wildfires,Wildfire in Chad 1023478,False,https://eonet.gsfc.nasa.gov/api/v3/events/EONET_12645
EONET_12653,wildfires,Wildfire in Australia 1023489,False,https://eonet.gsfc.nasa.gov/api/v3/events/EONET_12653
EONET_12551,wildfires,"GRASS RX Wildfire, Bernalillo, New Mexico",False,https://eonet.gsfc.nasa.gov/api/v3/events/EONET_12551
EONET_12550,wildfires,"FPR Ridge Road Rx 0127 Wildfire, Collier, Florida",False,https://eonet.gsfc.nasa.gov/api/v3/events/EONET_12550
EONET_12531,wildfires,Wildfire in Australia 1023424,False,https://eonet.gsfc.nasa.gov/api/v3/events/EONET_12531
EONET_12568,wildfires,Wildfire in Sudan 1023433,False,https://eonet.gsfc.nasa.gov/api/v3/events/EONET_12568
EONET_12569,wildfires,Wildfire in Australia 1023435,False,https://eonet.gsfc.nasa.gov/api/v3/events/EONET_12569
EONET_12570,wildfires,Wildfire in Burkina Faso 1023436,False,https://eonet.gsfc.nasa.gov/api/v3/events/EONET_12570
EONET_12587,wildfires,Wildfire in Australia 1023455,False,https://eonet.gsfc.nasa.gov/api/v3/events/EONET_12587
EONET_12599,wildfires,Wildfire in Guinea 1023457,False,https://eonet.gsfc.nasa.gov/api/v3/events/EONET_12599
EONET_12553,wildfires,"BCP Boot Hill Echo 0126 Rx Wildfire, Collier, Florida",False,https://eonet.gsfc.nasa.gov/api/v3/events/EONET_12553
EONET_12571,wildfires,Wildfire in Australia 1023432,False,https://eonet.gsfc.nasa.gov/api/v3/events/EONET_12571
EONET_12559,wildfires,"Rx Anderson 0224 Wildfire, Anderson, Texas",False,https://eonet.gsfc.nasa.gov/api/v3/events/EONET_12559
EONET_12560,wildfires,"Rx Camp 0219 Wildfire, Camp, Texas",False,https://eonet.gsfc.nasa.gov/api/v3/events/EONET_12560
EONET_12556,wildfires,"ANF Sandy Creek COMP 73/74/75 RX Wildfire, Angelina, Texas",False,https://eonet.gsfc.nasa.gov/api/v3/events/EONET_12556
EONET_12558,wildfires,"RX CALE C-373 Wildfire, Rapides, Louisiana",False,https://eonet.gsfc.nasa.gov/api/v3/events/EONET_12558
EONET_12557,wildfires,"BCP Boot Hill Echo Rx 0125 Wildfire, Collier, Florida",False,https://eonet.gsfc.nasa.gov/api/v3/events/EONET_12557
EONET_12516,wildfires,Wildfire in Australia 1023406,False,https://eonet.gsfc.nasa.gov/api/v3/events/EONET_12516
EONET_12532,wildfires,"Wildfire in Sudan, Central African Republic 1023417",False,https://eonet.gsfc.nasa.gov/api/v3/events/EONET_12532
EONET_12572,wildfires,Wildfire in Central African Republic 1023428,False,https://eonet.gsfc.nasa.gov/api/v3/events/EONET_12572
EONET_12573,wildfires,Wildfire in Benin 1023437,False,https://eonet.gsfc.nasa.gov/api/v3/events/EONET_12573
EONET_12588,wildfires,Wildfire in Central African Republic 1023440,False,https://eonet.gsfc.nasa.gov/api/v3/events/EONET_12588
EONET_12616,wildfires,Wildfire in Central African Republic 1023475,False,https://eonet.gsfc.nasa.gov/api/v3/events/EONET_12616
EONET_12646,wildfires,Wildfire in Ghana 1023481,False,https://eonet.gsfc.nasa.gov/api/v3/events/EONET_12646
EONET_12843,wildfires,"RX WINN C-84 Wildfire, Winn, Louisiana",False,https://eonet.gsfc.nasa.gov/api/v3/events/EONET_12843
EONET_12561,wildfires,"RX CAT C65-66 Wildfire, Grant, Louisiana",False,https://eonet.gsfc.nasa.gov/api/v3/events/EONET_12561
EONET_12562,wildfires,"BCP Boothill Echo Rx 0124 Wildfire, Collier, Florida",False,https://eonet.gsfc.nasa.gov/api/v3/events/EONET_12562
EONET_12552,wildfires,"Hubbard Barbaree RX Wildfire, Clay, Alabama",False,https://eonet.gsfc.nasa.gov/api/v3/events/EONET_12552
EONET_12507,wildfires,Wildfire in Mexico 1023393,False,https://eonet.gsfc.nasa.gov/api/v3/events/EONET_12507
EONET_12508,wildfires,Wildfire in Mali 1023400,False,https://eonet.gsfc.nasa.gov/api/v3/events/EONET_12508
EONET_12509,wildfires,Wildfire in Australia 1023396,False,https://eonet.gsfc.nasa.gov/api/v3/events/EONET_12509
EONET_12517,wildfires,Wildfire in Australia 1023407,False,https://eonet.gsfc.nasa.gov/api/v3/events/EONET_12517
EONET_12518,wildfires,Wildfire in Australia 1023408,False,https://eonet.gsfc.nasa.gov/api/v3/events/EONET_12518
EONET_12519,wildfires,Wildfire in Central African Republic 1023402,False,https://eonet.gsfc.nasa.gov/api/v3/events/EONET_12519
EONET_12533,wildfires,Wildfire in Australia 1023422,False,https://eonet.gsfc.nasa.gov/api/v3/events/EONET_12533
EONET_12534,wildfires,Wildfire in Central African Republic 1023419,False,https://eonet.gsfc.nasa.gov/api/v3/events/EONET_12534
EONET_12535,wildfires,Wildfire in Australia 1023425,False,https://eonet.gsfc.nasa.gov/api/v3/events/EONET_12535
EONET_12589,wildfires,Wildfire in Central African Republic 1023442,False,https://eonet.gsfc.nasa.gov/api/v3/events/EONET_12589
EONET_12590,wildfires,Wildfire in Sudan 1023441,False,https://eonet.gsfc.nasa.gov/api/v3/events/EONET_12590
EONET_12543,wildfires,"BORDER 2 Wildfire, San Diego, California",False,https://eonet.gsfc.nasa.gov/api/v3/events/EONET_12543
EONET_12555,wildfires,"DCNF COMP 27 RX Wildfire, Houston, Texas",False,https://eonet.gsfc.nasa.gov/api/v3/events/EONET_12555
EONET_12563,wildfires,"Redbank RX Wildfire, Pennington, South Dakota",False,https://eonet.gsfc.nasa.gov/api/v3/events/EONET_12563
EONET_12502,wildfires,Wildfire in Australia 1023391,False,https://eonet.gsfc.nasa.gov/api/v3/events/EONET_12502
EONET_12503,wildfires,Wildfire in Australia 1023392,False,https://eonet.gsfc.nasa.gov/api/v3/events/EONET_12503
EONET_12510,wildfires,Wildfire in Burkina Faso 1023401,False,https://eonet.gsfc.nasa.gov/api/v3/events/EONET_12510
EONET_12511,wildfires,"Wildfire in Sudan, Central African Republic 1023397",False,https://eonet.gsfc.nasa.gov/api/v3/events/EONET_12511
EONET_12520,wildfires,Wildfire in Australia 1023409,False,https://eonet.gsfc.nasa.gov/api/v3/events/EONET_12520
EONET_12521,wildfires,Wildfire in Central African Republic 1023403,False,https://eonet.gsfc.nasa.gov/api/v3/events/EONET_12521
EONET_12526,wildfires,Wildfire in Central African Republic 1023415,False,https://eonet.gsfc.nasa.gov/api/v3/events/EONET_12526
EONET_12527,wildfires,Wildfire in Central African Republic 1023416,False,https://eonet.gsfc.nasa.gov/api/v3/events/EONET_12527
EONET_12536,wildfires,Wildfire in Central African Republic 1023426,False,https://eonet.gsfc.nasa.gov/api/v3/events/EONET_12536
EONET_12537,wildfires,Wildfire in The Democratic Republic of Congo 1023423,False,https://eonet.gsfc.nasa.gov/api/v3/events/EONET_12537
EONET_12538,wildfires,Wildfire in Central African Republic 1023420,False,https://eonet.gsfc.nasa.gov/api/v3/events/EONET_12538
EONET_12574,wildfires,Wildfire in Sudan 1023427,False,https://eonet.gsfc.nasa.gov/api/v3/events/EONET_12574
EONET_12591,wildfires,Wildfire in The Democratic Republic of Congo 1023443,False,https://eonet.gsfc.nasa.gov/api/v3/events/EONET_12591
EONET_12544,wildfires,"HUGHES Wildfire, Los Angeles, California",False,https://eonet.gsfc.nasa.gov/api/v3/events/EONET_12544
EONET_12564,wildfires,"D-7 Bear RX Wildfire, Navajo, Arizona",False,https://eonet.gsfc.nasa.gov/api/v3/events/EONET_12564
EONET_12522,wildfires,Wildfire in Sudan 1023404,False,https://eonet.gsfc.nasa.gov/api/v3/events/EONET_12522
EONET_12528,wildfires,Wildfire in Central African Republic 1023412,False,https://eonet.gsfc.nasa.gov/api/v3/events/EONET_12528
EONET_12529,wildfires,Wildfire in Central African Republic 1023413,False,https://eonet.gsfc.nasa.gov/api/v3/events/EONET_12529
EONET_12575,wildfires,Wildfire in Nigeria 1023429,False,https://eonet.gsfc.nasa.gov/api/v3/events/EONET_12575
EONET_12592,wildfires,Wildfire in Central African Republic 1023444,False,https://eonet.gsfc.nasa.gov/api/v3/events/EONET_12592
EONET_12593,wildfires,Wildfire in Nigeria 1023445,False,https://eonet.gsfc.nasa.gov/api/v3/events/EONET_12593
EONET_12498,wildfires,Wildfire in Sudan 1023384,False,https://eonet.gsfc.nasa.gov/api/v3/events/EONET_12498
EONET_12504,wildfires,Wildfire in Colombia 1023390,False,https://eonet.gsfc.nasa.gov/api/v3/events/EONET_12504
EONET_12512,wildfires,Wildfire in Central African Republic 1023398,False,https://eonet.gsfc.nasa.gov/api/v3/events/EONET_12512
EONET_12513,wildfires,Wildfire in Central African Republic 1023394,False,https://eonet.gsfc.nasa.gov/api/v3/events/EONET_12513
EONET_12539,wildfires,Wildfire in Sudan 1023418,False,https://eonet.gsfc.nasa.gov/api/v3/events/EONET_12539
EONET_12540,wildfires,Wildfire in Central African Republic 1023421,False,https://eonet.gsfc.nasa.gov/api/v3/events/EONET_12540
EONET_12514,wildfires,Wildfire in Chad 1023399,False,https://eonet.gsfc.nasa.gov/api/v3/events/EONET_12514
EONET_12515,wildfires,Wildfire in Ethiopia 1023395,False,https://eonet.gsfc.nasa.gov/api/v3/events/EONET_12515
EONET_12530,wildfires,Wildfire in Central African Republic 1023414,False,https://eonet.gsfc.nasa.gov/api/v3/events/EONET_12530
EONET_12499,wildfires,Wildfire in Central African Republic 1023385,False,https://eonet.gsfc.nasa.gov/api/v3/events/EONET_12499
EONET_12505,wildfires,Wildfire in Chile 1023388,False,https://eonet.gsfc.nasa.gov/api/v3/events/EONET_12505
EONET_12506,wildfires,Wildfire in Senegal 1023389,False,https://eonet.gsfc.nasa.gov/api/v3/events/EONET_12506
EONET_12523,wildfires,Wildfire in Central African Republic 1023410,False,https://eonet.gsfc.nasa.gov/api/v3/events/EONET_12523
EONET_12524,wildfires,Wildfire in Central African Republic 1023411,False,https://eonet.gsfc.nasa.gov/api/v3/events/EONET_12524
EONET_12487,wildfires,"BRR Canvasback RX Wildfire, Brazoria, Texas",False,https://eonet.gsfc.nasa.gov/api/v3/events/EONET_12487
EONET_12488,wildfires,"BRR Walker Ditch RX Wildfire, Brazoria, Texas",False,https://eonet.gsfc.nasa.gov/api/v3/events/EONET_12488
EONET_12481,wildfires,Wildfire in Burkina Faso 1023378,False,https://eonet.gsfc.nasa.gov/api/v3/events/EONET_12481
EONET_12494,wildfires,Wildfire in Senegal 1023381,False,https://eonet.gsfc.nasa.gov/api/v3/events/EONET_12494
EONET_12489,wildfires,"Coyote Run Wildfire, Hockley, Texas",False,https://eonet.gsfc.nasa.gov/api/v3/events/EONET_12489
EONET_12490,wildfires,"RX CALV C-240-241-242 Wildfire, Vernon, Louisiana",False,https://eonet.gsfc.nasa.gov/api/v3/events/EONET_12490
EONET_12467,wildfires,Wildfire in Australia 1023365,False,https://eonet.gsfc.nasa.gov/api/v3/events/EONET_12467
EONET_12482,wildfires,Wildfire in Australia 1023379,False,https://eonet.gsfc.nasa.gov/api/v3/events/EONET_12482
EONET_12493,wildfires,Wildfire in Kenya 1023380,False,https://eonet.gsfc.nasa.gov/api/v3/events/EONET_12493
EONET_12495,wildfires,Wildfire in Australia 1023382,False,https://eonet.gsfc.nasa.gov/api/v3/events/EONET_12495
EONET_12486,wildfires,"RX WINN C-88-89 Wildfire, Winn, Louisiana",False,https://eonet.gsfc.nasa.gov/api/v3/events/EONET_12486
EONET_12491,wildfires,"RX CAT C-88 Wildfire, Grant, Louisiana",False,https://eonet.gsfc.nasa.gov/api/v3/events/EONET_12491
EONET_12459,wildfires,Wildfire in Australia 1023359,False,https://eonet.gsfc.nasa.gov/api/v3/events/EONET_12459
EONET_12468,wildfires,Wildfire in Australia 1023368,False,https://eonet.gsfc.nasa.gov/api/v3/events/EONET_12468
EONET_12475,wildfires,Wildfire in Australia 1023372,False,https://eonet.gsfc.nasa.gov/api/v3/events/EONET_12475
EONET_12476,wildfires,Wildfire in Australia 1023373,False,https://eonet.gsfc.nasa.gov/api/v3/events/EONET_12476
EONET_12496,wildfires,Wildfire in Australia 1023383,False,https://eonet.gsfc.nasa.gov/api/v3/events/EONET_12496
EONET_12525,wildfires,Wildfire in Sudan 1023405,False,https://eonet.gsfc.nasa.gov/api/v3/events/EONET_12525
EONET_12492,wildfires,"APQ NC Range Rx 0115 Wildfire, Polk, Florida",False,https://eonet.gsfc.nasa.gov/api/v3/events/EONET_12492
EONET_12460,wildfires,Wildfire in Australia 1023358,False,https://eonet.gsfc.nasa.gov/api/v3/events/EONET_12460
EONET_12477,wildfires,Wildfire in Australia 1023374,False,https://eonet.gsfc.nasa.gov/api/v3/events/EONET_12477
EONET_12483,wildfires,Wildfire in Kenya 1023375,False,https://eonet.gsfc.nasa.gov/api/v3/events/EONET_12483
EONET_12500,wildfires,Wildfire in Venezuela 1023387,False,https://eonet.gsfc.nasa.gov/api/v3/events/EONET_12500
EONET_12448,wildfires,Wildfire in Sudan 1023342,False,https://eonet.gsfc.nasa.gov/api/v3/events/EONET_12448
EONET_12461,wildfires,Wildfire in Sudan 1023353,False,https://eonet.gsfc.nasa.gov/api/v3/events/EONET_12461
EONET_12469,wildfires,Wildfire in Central African Republic 1023361,False,https://eonet.gsfc.nasa.gov/api/v3/events/EONET_12469
EONET_12470,wildfires,Wildfire in Australia 1023366,False,https://eonet.gsfc.nasa.gov/api/v3/events/EONET_12470
EONET_12478,wildfires,Wildfire in Australia 1023369,False,https://eonet.gsfc.nasa.gov/api/v3/events/EONET_12478
EONET_12501,wildfires,Wildfire in Nigeria 1023386,False,https://eonet.gsfc.nasa.gov/api/v3/events/EONET_12501
EONET_12449,wildfires,Wildfire in The Democratic Republic of Congo 1023343,False,https://eonet.gsfc.nasa.gov/api/v3/events/EONET_12449
EONET_12462,wildfires,Wildfire in Sudan 1023354,False,https://eonet.gsfc.nasa.gov/api/v3/events/EONET_12462
EONET_12463,wildfires,Wildfire in Sudan 1023355,False,https://eonet.gsfc.nasa.gov/api/v3/events/EONET_12463
EONET_12479,wildfires,Wildfire in Australia 1023370,False,https://eonet.gsfc.nasa.gov/api/v3/events/EONET_12479
EONET_12484,wildfires,Wildfire in Ghana 1023376,False,https://eonet.gsfc.nasa.gov/api/v3/events/EONET_12484
EONET_12485,wildfires,Wildfire in Central African Republic 1023377,False,https://eonet.gsfc.nasa.gov/api/v3/events/EONET_12485
EONET_12432,wildfires,Wildfire in Nigeria 1023333,False,https://eonet.gsfc.nasa.gov/api/v3/events/EONET_12432
EONET_12433,wildfires,Wildfire in Australia 1023334,False,https://eonet.gsfc.nasa.gov/api/v3/events/EONET_12433
EONET_12442,wildfires,Wildfire in The Democratic Republic of Congo 1023337,False,https://eonet.gsfc.nasa.gov/api/v3/events/EONET_12442
EONET_12443,wildfires,Wildfire in Nigeria 1023336,False,https://eonet.gsfc.nasa.gov/api/v3/events/EONET_12443
EONET_12450,wildfires,Wildfire in Central African Republic 1023344,False,https://eonet.gsfc.nasa.gov/api/v3/events/EONET_12450
EONET_12471,wildfires,Wildfire in Sudan 1023362,False,https://eonet.gsfc.nasa.gov/api/v3/events/EONET_12471
EONET_12472,wildfires,Wildfire in Central African Republic 1023363,False,https://eonet.gsfc.nasa.gov/api/v3/events/EONET_12472
EONET_12473,wildfires,Wildfire in Central African Republic 1023367,False,https://eonet.gsfc.nasa.gov/api/v3/events/EONET_12473
EONET_12480,wildfires,Wildfire in Australia 1023371,False,https://eonet.gsfc.nasa.gov/api/v3/events/EONET_12480
EONET_12444,wildfires,Wildfire in Nigeria 1023340,False,https://eonet.gsfc.nasa.gov/api/v3/events/EONET_12444
EONET_12445,wildfires,Wildfire in Sudan 1023338,False,https://eonet.gsfc.nasa.gov/api/v3/events/EONET_12445
EONET_12451,wildfires,Wildfire in Central African Republic 1023345,False,https://eonet.gsfc.nasa.gov/api/v3/events/EONET_12451
EONET_12452,wildfires,Wildfire in Central African Republic 1023346,False,https://eonet.gsfc.nasa.gov/api/v3/events/EONET_12452
EONET_12464,wildfires,Wildfire in Central African Republic 1023356,False,https://eonet.gsfc.nasa.gov/api/v3/events/EONET_12464
EONET_12465,wildfires,Wildfire in Central African Republic 1023357,False,https://eonet.gsfc.nasa.gov/api/v3/events/EONET_12465
EONET_12466,wildfires,Wildfire in Australia 1023360,False,https://eonet.gsfc.nasa.gov/api/v3/events/EONET_12466
EONET_12474,wildfires,"Wildfire in Central African Republic, Sudan 1023364",False,https://eonet.gsfc.nasa.gov/api/v3/events/EONET_12474
EONET_12418,wildfires,"BCP Boot Hill C/D Rx 0110 Wildfire, Collier, Florida",False,https://eonet.gsfc.nasa.gov/api/v3/events/EONET_12418
EONET_12378,wildfires,Wildfire in Australia 1023278,False,https://eonet.gsfc.nasa.gov/api/v3/events/EONET_12378
EONET_12379,wildfires,Wildfire in Australia 1023302,False,https://eonet.gsfc.nasa.gov/api/v3/events/EONET_12379
EONET_12403,wildfires,Wildfire in Central African Republic 1023303,False,https://eonet.gsfc.nasa.gov/api/v3/events/EONET_12403
EONET_12434,wildfires,Wildfire in Australia 1023326,False,https://eonet.gsfc.nasa.gov/api/v3/events/EONET_12434
EONET_12435,wildfires,Wildfire in Australia 1023331,False,https://eonet.gsfc.nasa.gov/api/v3/events/EONET_12435
EONET_12453,wildfires,Wildfire in Sudan 1023347,False,https://eonet.gsfc.nasa.gov/api/v3/events/EONET_12453
EONET_12419,wildfires,"KENNETH Wildfire, Ventura, California",False,https://eonet.gsfc.nasa.gov/api/v3/events/EONET_12419
EONET_12422,wildfires,"APQ Rec Area 5  Rx 0109 Wildfire, Polk, Florida",False,https://eonet.gsfc.nasa.gov/api/v3/events/EONET_12422
EONET_12421,wildfires,"BCP Boot Hill Rx 0109 Wildfire, Collier, Florida",False,https://eonet.gsfc.nasa.gov/api/v3/events/EONET_12421
EONET_12380,wildfires,Wildfire in Mauritania 1023279,False,https://eonet.gsfc.nasa.gov/api/v3/events/EONET_12380
EONET_12381,wildfires,Wildfire in The Democratic Republic of Congo 1023280,False,https://eonet.gsfc.nasa.gov/api/v3/events/EONET_12381
EONET_12382,wildfires,Wildfire in Central African Republic 1023294,False,https://eonet.gsfc.nasa.gov/api/v3/events/EONET_12382
EONET_12404,wildfires,Wildfire in Sudan 1023304,False,https://eonet.gsfc.nasa.gov/api/v3/events/EONET_12404
EONET_12405,wildfires,Wildfire in Central African Republic 1023314,False,https://eonet.gsfc.nasa.gov/api/v3/events/EONET_12405
EONET_12423,wildfires,Wildfire in Central African Republic 1023323,False,https://eonet.gsfc.nasa.gov/api/v3/events/EONET_12423
EONET_12424,wildfires,Wildfire in Nigeria 1023325,False,https://eonet.gsfc.nasa.gov/api/v3/events/EONET_12424
EONET_12446,wildfires,Wildfire in Central African Republic 1023341,False,https://eonet.gsfc.nasa.gov/api/v3/events/EONET_12446
EONET_12454,wildfires,Wildfire in Central African Republic 1023348,False,https://eonet.gsfc.nasa.gov/api/v3/events/EONET_12454
EONET_12354,wildfires,"RX KIS C-49 Wildfire, Natchitoches, Louisiana",False,https://eonet.gsfc.nasa.gov/api/v3/events/EONET_12354
EONET_12842,wildfires,"RX CALE C-13 Wildfire, Rapides, Louisiana",False,https://eonet.gsfc.nasa.gov/api/v3/events/EONET_12842
EONET_12353,wildfires,"APQ Area 5A Rx 0108 Wildfire, Polk, Florida",False,https://eonet.gsfc.nasa.gov/api/v3/events/EONET_12353
EONET_12352,wildfires,"BCP Boot Hill C/D Rx 0108 Wildfire, Collier, Florida",False,https://eonet.gsfc.nasa.gov/api/v3/events/EONET_12352
EONET_12350,wildfires,"HURST Wildfire, Los Angeles, California",False,https://eonet.gsfc.nasa.gov/api/v3/events/EONET_12350
EONET_12349,wildfires,"EATON Wildfire, Los Angeles, California",False,https://eonet.gsfc.nasa.gov/api/v3/events/EONET_12349
EONET_12356,wildfires,Wildfire in Argentina 1023260,False,https://eonet.gsfc.nasa.gov/api/v3/events/EONET_12356
EONET_12370,wildfires,Wildfire in Sudan 1023271,False,https://eonet.gsfc.nasa.gov/api/v3/events/EONET_12370
EONET_12383,wildfires,Wildfire in Central African Republic 1023281,False,https://eonet.gsfc.nasa.gov/api/v3/events/EONET_12383
EONET_12384,wildfires,Wildfire in Central African Republic 1023295,False,https://eonet.gsfc.nasa.gov/api/v3/events/EONET_12384
EONET_12385,wildfires,Wildfire in Sudan 1023282,False,https://eonet.gsfc.nasa.gov/api/v3/events/EONET_12385
EONET_12386,wildfires,Wildfire in Sudan 1023283,False,https://eonet.gsfc.nasa.gov/api/v3/events/EONET_12386
EONET_12387,wildfires,Wildfire in Sudan 1023284,False,https://eonet.gsfc.nasa.gov/api/v3/events/EONET_12387
EONET_12406,wildfires,Wildfire in Sudan 1023305,False,https://eonet.gsfc.nasa.gov/api/v3/events/EONET_12406
EONET_12436,wildfires,Wildfire in Central African Republic 1023327,False,https://eonet.gsfc.nasa.gov/api/v3/events/EONET_12436
EONET_12437,wildfires,Wildfire in Central African Republic 1023328,False,https://eonet.gsfc.nasa.gov/api/v3/events/EONET_12437
EONET_12455,wildfires,Wildfire in Central African Republic 1023349,False,https://eonet.gsfc.nasa.gov/api/v3/events/EONET_12455
EONET_12456,wildfires,Wildfire in Central African Republic 1023350,False,https://eonet.gsfc.nasa.gov/api/v3/events/EONET_12456
EONET_12457,wildfires,Wildfire in Argentina 1023352,False,https://eonet.gsfc.nasa.gov/api/v3/events/EONET_12457
EONET_12337,wildfires,Wildfire in Australia 1023253,False,https://eonet.gsfc.nasa.gov/api/v3/events/EONET_12337
EONET_12346,wildfires,"Wildfire in United States 1023255 (Palisades Wildfire, Los Angeles, California)",False,https://eonet.gsfc.nasa.gov/api/v3/events/EONET_12346
EONET_12388,wildfires,Wildfire in Central African Republic 1023291,False,https://eonet.gsfc.nasa.gov/api/v3/events/EONET_12388
EONET_12389,wildfires,Wildfire in Central African Republic 1023292,False,https://eonet.gsfc.nasa.gov/api/v3/events/EONET_12389
EONET_12390,wildfires,Wildfire in Sudan 1023285,False,https://eonet.gsfc.nasa.gov/api/v3/events/EONET_12390
EONET_12391,wildfires,Wildfire in Sudan 1023296,False,https://eonet.gsfc.nasa.gov/api/v3/events/EONET_12391
EONET_12392,wildfires,Wildfire in Central African Republic 1023297,False,https://eonet.gsfc.nasa.gov/api/v3/events/EONET_12392
EONET_12407,wildfires,Wildfire in Central African Republic 1023306,False,https://eonet.gsfc.nasa.gov/api/v3/events/EONET_12407
EONET_12408,wildfires,Wildfire in Central African Republic 1023316,False,https://eonet.gsfc.nasa.gov/api/v3/events/EONET_12408
EONET_12409,wildfires,Wildfire in Sudan 1023317,False,https://eonet.gsfc.nasa.gov/api/v3/events/EONET_12409
EONET_12425,wildfires,Wildfire in Central African Republic 1023318,False,https://eonet.gsfc.nasa.gov/api/v3/events/EONET_12425
EONET_12438,wildfires,Wildfire in Central African Republic 1023335,False,https://eonet.gsfc.nasa.gov/api/v3/events/EONET_12438
EONET_12357,wildfires,Wildfire in Australia 1023268,False,https://eonet.gsfc.nasa.gov/api/v3/events/EONET_12357
EONET_12371,wildfires,Wildfire in Sudan 1023272,False,https://eonet.gsfc.nasa.gov/api/v3/events/EONET_12371
EONET_12393,wildfires,Wildfire in Sudan 1023298,False,https://eonet.gsfc.nasa.gov/api/v3/events/EONET_12393
EONET_12394,wildfires,Wildfire in Central African Republic 1023299,False,https://eonet.gsfc.nasa.gov/api/v3/events/EONET_12394
EONET_12395,wildfires,Wildfire in Central African Republic 1023286,False,https://eonet.gsfc.nasa.gov/api/v3/events/EONET_12395
EONET_12396,wildfires,Wildfire in Sudan 1023287,False,https://eonet.gsfc.nasa.gov/api/v3/events/EONET_12396
EONET_12397,wildfires,Wildfire in Central African Republic 1023288,False,https://eonet.gsfc.nasa.gov/api/v3/events/EONET_12397
EONET_12398,wildfires,Wildfire in Ghana 1023293,False,https://eonet.gsfc.nasa.gov/api/v3/events/EONET_12398
EONET_12426,wildfires,Wildfire in Sudan 1023319,False,https://eonet.gsfc.nasa.gov/api/v3/events/EONET_12426
EONET_12427,wildfires,"Wildfire in Sudan, Central African Republic 1023320",False,https://eonet.gsfc.nasa.gov/api/v3/events/EONET_12427
EONET_12439,wildfires,Wildfire in Sudan 1023332,False,https://eonet.gsfc.nasa.gov/api/v3/events/EONET_12439
EONET_12440,wildfires,Wildfire in Sudan 1023329,False,https://eonet.gsfc.nasa.gov/api/v3/events/EONET_12440
EONET_12447,wildfires,Wildfire in Sudan 1023339,False,https://eonet.gsfc.nasa.gov/api/v3/events/EONET_12447
EONET_12315,wildfires,Wildfire in Australia 1023235,False,https://eonet.gsfc.nasa.gov/api/v3/events/EONET_12315
EONET_12338,wildfires,Wildfire in Sudan 1023247,False,https://eonet.gsfc.nasa.gov/api/v3/events/EONET_12338
EONET_12339,wildfires,Wildfire in Nigeria 1023257,False,https://eonet.gsfc.nasa.gov/api/v3/events/EONET_12339
EONET_12358,wildfires,Wildfire in Australia 1023269,False,https://eonet.gsfc.nasa.gov/api/v3/events/EONET_12358
EONET_12359,wildfires,Wildfire in Sudan 1023261,False,https://eonet.gsfc.nasa.gov/api/v3/events/EONET_12359
EONET_12410,wildfires,Wildfire in Central African Republic 1023308,False,https://eonet.gsfc.nasa.gov/api/v3/events/EONET_12410
EONET_12411,wildfires,Wildfire in Sudan 1023307,False,https://eonet.gsfc.nasa.gov/api/v3/events/EONET_12411
EONET_12428,wildfires,Wildfire in Sudan 1023321,False,https://eonet.gsfc.nasa.gov/api/v3/events/EONET_12428
EONET_12429,wildfires,"Wildfire in Central African Republic, Sudan 1023322",False,https://eonet.gsfc.nasa.gov/api/v3/events/EONET_12429
EONET_12458,wildfires,Wildfire in Sudan 1023351,False,https://eonet.gsfc.nasa.gov/api/v3/events/EONET_12458
EONET_12326,wildfires,Wildfire in Sudan 1023236,False,https://eonet.gsfc.nasa.gov/api/v3/events/EONET_12326
EONET_12340,wildfires,Wildfire in Ghana 1023254,False,https://eonet.gsfc.nasa.gov/api/v3/events/EONET_12340
EONET_12360,wildfires,Wildfire in Sudan 1023262,False,https://eonet.gsfc.nasa.gov/api/v3/events/EONET_12360
EONET_12361,wildfires,Wildfire in Australia 1023263,False,https://eonet.gsfc.nasa.gov/api/v3/events/EONET_12361
EONET_12372,wildfires,Wildfire in Sudan 1023273,False,https://eonet.gsfc.nasa.gov/api/v3/events/EONET_12372
EONET_12399,wildfires,Wildfire in Central African Republic 1023300,False,https://eonet.gsfc.nasa.gov/api/v3/events/EONET_12399
EONET_12441,wildfires,Wildfire in Benin 1023330,False,https://eonet.gsfc.nasa.gov/api/v3/events/EONET_12441
EONET_12299,wildfires,Wildfire in Sudan 1023215,False,https://eonet.gsfc.nasa.gov/api/v3/events/EONET_12299
EONET_12300,wildfires,Wildfire in Central African Republic 1023216,False,https://eonet.gsfc.nasa.gov/api/v3/events/EONET_12300
EONET_12301,wildfires,Wildfire in Australia 1023221,False,https://eonet.gsfc.nasa.gov/api/v3/events/EONET_12301
EONET_12327,wildfires,Wildfire in Australia 1023245,False,https://eonet.gsfc.nasa.gov/api/v3/events/EONET_12327
EONET_12341,wildfires,Wildfire in Central African Republic 1023251,False,https://eonet.gsfc.nasa.gov/api/v3/events/EONET_12341
EONET_12347,wildfires,Wildfire in Sudan 1023258,False,https://eonet.gsfc.nasa.gov/api/v3/events/EONET_12347
EONET_12362,wildfires,Wildfire in Sudan 1023264,False,https://eonet.gsfc.nasa.gov/api/v3/events/EONET_12362
EONET_12373,wildfires,Wildfire in Central African Republic 1023274,False,https://eonet.gsfc.nasa.gov/api/v3/events/EONET_12373
EONET_12412,wildfires,Wildfire in Sudan 1023309,False,https://eonet.gsfc.nasa.gov/api/v3/events/EONET_12412
EONET_12413,wildfires,Wildfire in Sudan 1023310,False,https://eonet.gsfc.nasa.gov/api/v3/events/EONET_12413
EONET_12414,wildfires,Wildfire in Cambodia 1023315,False,https://eonet.gsfc.nasa.gov/api/v3/events/EONET_12414
EONET_12289,wildfires,Wildfire in Australia 1023209,False,https://eonet.gsfc.nasa.gov/api/v3/events/EONET_12289
EONET_12302,wildfires,Wildfire in Sudan 1023217,False,https://eonet.gsfc.nasa.gov/api/v3/events/EONET_12302
EONET_12303,wildfires,"Wildfire in Central African Republic, Sudan 1023214",False,https://eonet.gsfc.nasa.gov/api/v3/events/EONET_12303
EONET_12304,wildfires,Wildfire in Central African Republic 1023218,False,https://eonet.gsfc.nasa.gov/api/v3/events/EONET_12304
EONET_12316,wildfires,Wildfire in Central African Republic 1023225,False,https://eonet.gsfc.nasa.gov/api/v3/events/EONET_12316
EONET_12317,wildfires,Wildfire in Central African Republic 1023226,False,https://eonet.gsfc.nasa.gov/api/v3/events/EONET_12317
EONET_12318,wildfires,"Wildfire in Central African Republic, Sudan 1023232",False,https://eonet.gsfc.nasa.gov/api/v3/events/EONET_12318
EONET_12319,wildfires,"Wildfire in Central African Republic, Sudan 1023233",False,https://eonet.gsfc.nasa.gov/api/v3/events/EONET_12319
EONET_12328,wildfires,Wildfire in Sudan 1023246,False,https://eonet.gsfc.nasa.gov/api/v3/events/EONET_12328
EONET_12329,wildfires,Wildfire in Central African Republic 1023237,False,https://eonet.gsfc.nasa.gov/api/v3/events/EONET_12329
EONET_12342,wildfires,Wildfire in Sudan 1023248,False,https://eonet.gsfc.nasa.gov/api/v3/events/EONET_12342
EONET_12348,wildfires,Wildfire in Sudan 1023259,False,https://eonet.gsfc.nasa.gov/api/v3/events/EONET_12348
EONET_12363,wildfires,Wildfire in Sudan 1023270,False,https://eonet.gsfc.nasa.gov/api/v3/events/EONET_12363
EONET_12400,wildfires,Wildfire in Central African Republic 1023301,False,https://eonet.gsfc.nasa.gov/api/v3/events/EONET_12400
EONET_12401,wildfires,Wildfire in Sudan 1023289,False,https://eonet.gsfc.nasa.gov/api/v3/events/EONET_12401
EONET_12402,wildfires,Wildfire in Sudan 1023290,False,https://eonet.gsfc.nasa.gov/api/v3/events/EONET_12402
EONET_12415,wildfires,Wildfire in Nigeria 1023313,False,https://eonet.gsfc.nasa.gov/api/v3/events/EONET_12415
EONET_12416,wildfires,Wildfire in Sudan 1023311,False,https://eonet.gsfc.nasa.gov/api/v3/events/EONET_12416
EONET_12417,wildfires,Wildfire in Central African Republic 1023312,False,https://eonet.gsfc.nasa.gov/api/v3/events/EONET_12417
EONET_12430,wildfires,Wildfire in Nigeria 1023324,False,https://eonet.gsfc.nasa.gov/api/v3/events/EONET_12430
EONET_12305,wildfires,Wildfire in Sudan 1023210,False,https://eonet.gsfc.nasa.gov/api/v3/events/EONET_12305
EONET_12306,wildfires,Wildfire in Central African Republic 1023222,False,https://eonet.gsfc.nasa.gov/api/v3/events/EONET_12306
EONET_12307,wildfires,Wildfire in Sudan 1023223,False,https://eonet.gsfc.nasa.gov/api/v3/events/EONET_12307
EONET_12320,wildfires,Wildfire in Central African Republic 1023227,False,https://eonet.gsfc.nasa.gov/api/v3/events/EONET_12320
EONET_12330,wildfires,Wildfire in Sudan 1023238,False,https://eonet.gsfc.nasa.gov/api/v3/events/EONET_12330
EONET_12331,wildfires,Wildfire in Sudan 1023244,False,https://eonet.gsfc.nasa.gov/api/v3/events/EONET_12331
EONET_12343,wildfires,Wildfire in Central African Republic 1023249,False,https://eonet.gsfc.nasa.gov/api/v3/events/EONET_12343
EONET_12364,wildfires,Wildfire in Central African Republic 1023265,False,https://eonet.gsfc.nasa.gov/api/v3/events/EONET_12364
EONET_12365,wildfires,Wildfire in Central African Republic 1023266,False,https://eonet.gsfc.nasa.gov/api/v3/events/EONET_12365
EONET_12374,wildfires,Wildfire in Sudan 1023275,False,https://eonet.gsfc.nasa.gov/api/v3/events/EONET_12374
EONET_12375,wildfires,Wildfire in Nigeria 1023276,False,https://eonet.gsfc.nasa.gov/api/v3/events/EONET_12375
EONET_12290,wildfires,Wildfire in Sudan 1023202,False,https://eonet.gsfc.nasa.gov/api/v3/events/EONET_12290
EONET_12308,wildfires,Wildfire in Sudan 1023212,False,https://eonet.gsfc.nasa.gov/api/v3/events/EONET_12308
EONET_12321,wildfires,Wildfire in Sudan 1023228,False,https://eonet.gsfc.nasa.gov/api/v3/events/EONET_12321
EONET_12322,wildfires,"Wildfire in Central African Republic, Sudan 1023229",False,https://eonet.gsfc.nasa.gov/api/v3/events/EONET_12322
EONET_12323,wildfires,Wildfire in Sudan 1023234,False,https://eonet.gsfc.nasa.gov/api/v3/events/EONET_12323
EONET_12332,wildfires,Wildfire in Central African Republic 1023240,False,https://eonet.gsfc.nasa.gov/api/v3/events/EONET_12332
EONET_12333,wildfires,Wildfire in Sudan 1023239,False,https://eonet.gsfc.nasa.gov/api/v3/events/EONET_12333
EONET_12344,wildfires,Wildfire in Sudan 1023252,False,https://eonet.gsfc.nasa.gov/api/v3/events/EONET_12344
EONET_12243,wildfires,Wildfire in Australia 1023173,False,https://eonet.gsfc.nasa.gov/api/v3/events/EONET_12243
EONET_12244,wildfires,Wildfire in Sudan 1023165,False,https://eonet.gsfc.nasa.gov/api/v3/events/EONET_12244
EONET_12264,wildfires,Wildfire in Australia 1023185,False,https://eonet.gsfc.nasa.gov/api/v3/events/EONET_12264
EONET_12280,wildfires,Wildfire in Sudan 1023191,False,https://eonet.gsfc.nasa.gov/api/v3/events/EONET_12280
EONET_12324,wildfires,Wildfire in Sudan 1023230,False,https://eonet.gsfc.nasa.gov/api/v3/events/EONET_12324
EONET_12325,wildfires,Wildfire in Sudan 1023231,False,https://eonet.gsfc.nasa.gov/api/v3/events/EONET_12325
EONET_12334,wildfires,Wildfire in Nigeria 1023243,False,https://eonet.gsfc.nasa.gov/api/v3/events/EONET_12334
EONET_12345,wildfires,Wildfire in Central African Republic 1023250,False,https://eonet.gsfc.nasa.gov/api/v3/events/EONET_12345
EONET_12245,wildfires,Wildfire in Sudan 1023154,False,https://eonet.gsfc.nasa.gov/api/v3/events/EONET_12245
EONET_12246,wildfires,Wildfire in Central African Republic 1023166,False,https://eonet.gsfc.nasa.gov/api/v3/events/EONET_12246
EONET_12247,wildfires,"Wildfire in Central African Republic, Sudan 1023167",False,https://eonet.gsfc.nasa.gov/api/v3/events/EONET_12247
EONET_12248,wildfires,Wildfire in Central African Republic 1023163,False,https://eonet.gsfc.nasa.gov/api/v3/events/EONET_12248
EONET_12265,wildfires,Wildfire in Australia 1023187,False,https://eonet.gsfc.nasa.gov/api/v3/events/EONET_12265
EONET_12266,wildfires,Wildfire in Senegal 1023183,False,https://eonet.gsfc.nasa.gov/api/v3/events/EONET_12266
EONET_12267,wildfires,Wildfire in Central African Republic 1023186,False,https://eonet.gsfc.nasa.gov/api/v3/events/EONET_12267
EONET_12268,wildfires,Wildfire in Sudan 1023175,False,https://eonet.gsfc.nasa.gov/api/v3/events/EONET_12268
EONET_12281,wildfires,Wildfire in Chad 1023196,False,https://eonet.gsfc.nasa.gov/api/v3/events/EONET_12281
EONET_12282,wildfires,"Wildfire in Central African Republic, Sudan 1023192",False,https://eonet.gsfc.nasa.gov/api/v3/events/EONET_12282
EONET_12291,wildfires,Wildfire in Central African Republic 1023203,False,https://eonet.gsfc.nasa.gov/api/v3/events/EONET_12291
EONET_12292,wildfires,Wildfire in Australia 1023207,False,https://eonet.gsfc.nasa.gov/api/v3/events/EONET_12292
EONET_12309,wildfires,Wildfire in Sudan 1023224,False,https://eonet.gsfc.nasa.gov/api/v3/events/EONET_12309
EONET_12310,wildfires,Wildfire in Australia 1023220,False,https://eonet.gsfc.nasa.gov/api/v3/events/EONET_12310
EONET_12311,wildfires,Wildfire in Australia 1023213,False,https://eonet.gsfc.nasa.gov/api/v3/events/EONET_12311
EONET_12366,wildfires,Wildfire in Sudan 1023267,False,https://eonet.gsfc.nasa.gov/api/v3/events/EONET_12366
EONET_12236,wildfires,Wildfire in Senegal 1023149,False,https://eonet.gsfc.nasa.gov/api/v3/events/EONET_12236
EONET_12237,wildfires,Wildfire in Sudan 1023150,False,https://eonet.gsfc.nasa.gov/api/v3/events/EONET_12237
EONET_12249,wildfires,"Wildfire in Central African Republic, Sudan 1023168",False,https://eonet.gsfc.nasa.gov/api/v3/events/EONET_12249
EONET_12250,wildfires,Wildfire in Central African Republic 1023169,False,https://eonet.gsfc.nasa.gov/api/v3/events/EONET_12250
EONET_12251,wildfires,"Wildfire in Sudan, Central African Republic 1023170",False,https://eonet.gsfc.nasa.gov/api/v3/events/EONET_12251
EONET_12252,wildfires,Wildfire in Sudan 1023171,False,https://eonet.gsfc.nasa.gov/api/v3/events/EONET_12252
EONET_12253,wildfires,Wildfire in Central African Republic 1023174,False,https://eonet.gsfc.nasa.gov/api/v3/events/EONET_12253
EONET_12269,wildfires,Wildfire in Central African Republic 1023176,False,https://eonet.gsfc.nasa.gov/api/v3/events/EONET_12269
EONET_12270,wildfires,Wildfire in Central African Republic 1023177,False,https://eonet.gsfc.nasa.gov/api/v3/events/EONET_12270
EONET_12271,wildfires,Wildfire in Central African Republic 1023178,False,https://eonet.gsfc.nasa.gov/api/v3/events/EONET_12271
EONET_12272,wildfires,Wildfire in Central African Republic 1023179,False,https://eonet.gsfc.nasa.gov/api/v3/events/EONET_12272
EONET_12283,wildfires,Wildfire in Sudan 1023193,False,https://eonet.gsfc.nasa.gov/api/v3/events/EONET_12283
EONET_12284,wildfires,Wildfire in Central African Republic 1023198,False,https://eonet.gsfc.nasa.gov/api/v3/events/EONET_12284
EONET_12293,wildfires,Wildfire in Ghana 1023200,False,https://eonet.gsfc.nasa.gov/api/v3/events/EONET_12293
EONET_12294,wildfires,Wildfire in Central African Republic 1023204,False,https://eonet.gsfc.nasa.gov/api/v3/events/EONET_12294
EONET_12295,wildfires,Wildfire in Central African Republic 1023205,False,https://eonet.gsfc.nasa.gov/api/v3/events/EONET_12295
EONET_12312,wildfires,Wildfire in Central African Republic 1023211,False,https://eonet.gsfc.nasa.gov/api/v3/events/EONET_12312
EONET_12313,wildfires,Wildfire in Central African Republic 1023219,False,https://eonet.gsfc.nasa.gov/api/v3/events/EONET_12313
EONET_12335,wildfires,Wildfire in Sudan 1023241,False,https://eonet.gsfc.nasa.gov/api/v3/events/EONET_12335
EONET_12238,wildfires,Wildfire in Australia 1023151,False,https://eonet.gsfc.nasa.gov/api/v3/events/EONET_12238
EONET_12254,wildfires,Wildfire in Ghana 1023164,False,https://eonet.gsfc.nasa.gov/api/v3/events/EONET_12254
EONET_12273,wildfires,Wildfire in Sudan 1023182,False,https://eonet.gsfc.nasa.gov/api/v3/events/EONET_12273
EONET_12274,wildfires,Wildfire in South Africa 1023184,False,https://eonet.gsfc.nasa.gov/api/v3/events/EONET_12274
EONET_12275,wildfires,Wildfire in Australia 1023188,False,https://eonet.gsfc.nasa.gov/api/v3/events/EONET_12275
EONET_12276,wildfires,Wildfire in Central African Republic 1023180,False,https://eonet.gsfc.nasa.gov/api/v3/events/EONET_12276
EONET_12277,wildfires,Wildfire in Sudan 1023181,False,https://eonet.gsfc.nasa.gov/api/v3/events/EONET_12277
EONET_12285,wildfires,Wildfire in Sudan 1023199,False,https://eonet.gsfc.nasa.gov/api/v3/events/EONET_12285
EONET_12286,wildfires,Wildfire in Sudan 1023194,False,https://eonet.gsfc.nasa.gov/api/v3/events/EONET_12286
EONET_12296,wildfires,Wildfire in Sudan 1023201,False,https://eonet.gsfc.nasa.gov/api/v3/events/EONET_12296
EONET_12297,wildfires,Wildfire in Sudan 1023206,False,https://eonet.gsfc.nasa.gov/api/v3/events/EONET_12297
EONET_12336,wildfires,Wildfire in Sudan 1023242,False,https://eonet.gsfc.nasa.gov/api/v3/events/EONET_12336
EONET_12255,wildfires,"Wildfire in Central African Republic, Sudan 1023155",False,https://eonet.gsfc.nasa.gov/api/v3/events/EONET_12255
EONET_12256,wildfires,Wildfire in Central African Republic 1023172,False,https://eonet.gsfc.nasa.gov/api/v3/events/EONET_12256
EONET_12278,wildfires,Wildfire in Australia 1023190,False,https://eonet.gsfc.nasa.gov/api/v3/events/EONET_12278
EONET_12287,wildfires,Wildfire in Ghana 1023197,False,https://eonet.gsfc.nasa.gov/api/v3/events/EONET_12287
EONET_12298,wildfires,Wildfire in Central African Republic 1023208,False,https://eonet.gsfc.nasa.gov/api/v3/events/EONET_12298
EONET_12228,wildfires,Wildfire in Sudan 1023140,False,https://eonet.gsfc.nasa.gov/api/v3/events/EONET_12228
EONET_12229,wildfires,Wildfire in Australia 1023145,False,https://eonet.gsfc.nasa.gov/api/v3/events/EONET_12229
EONET_12239,wildfires,Wildfire in Australia 1023147,False,https://eonet.gsfc.nasa.gov/api/v3/events/EONET_12239
EONET_12240,wildfires,Wildfire in Sudan 1023148,False,https://eonet.gsfc.nasa.gov/api/v3/events/EONET_12240
EONET_12257,wildfires,Wildfire in Sudan 1023156,False,https://eonet.gsfc.nasa.gov/api/v3/events/EONET_12257
EONET_12258,wildfires,Wildfire in Sudan 1023157,False,https://eonet.gsfc.nasa.gov/api/v3/events/EONET_12258
EONET_12259,wildfires,Wildfire in Senegal 1023161,False,https://eonet.gsfc.nasa.gov/api/v3/events/EONET_12259
EONET_12203,wildfires,Wildfire in Sudan 1023118,False,https://eonet.gsfc.nasa.gov/api/v3/events/EONET_12203
EONET_12204,wildfires,Wildfire in Australia 1023130,False,https://eonet.gsfc.nasa.gov/api/v3/events/EONET_12204
EONET_12205,wildfires,Wildfire in Australia 1023117,False,https://eonet.gsfc.nasa.gov/api/v3/events/EONET_12205
EONET_12206,wildfires,Wildfire in Australia 1023125,False,https://eonet.gsfc.nasa.gov/api/v3/events/EONET_12206
EONET_12220,wildfires,Wildfire in Australia 1023138,False,https://eonet.gsfc.nasa.gov/api/v3/events/EONET_12220
EONET_12230,wildfires,Wildfire in Australia 1023146,False,https://eonet.gsfc.nasa.gov/api/v3/events/EONET_12230
EONET_12231,wildfires,Wildfire in Sudan 1023141,False,https://eonet.gsfc.nasa.gov/api/v3/events/EONET_12231
EONET_12241,wildfires,Wildfire in Australia 1023152,False,https://eonet.gsfc.nasa.gov/api/v3/events/EONET_12241
EONET_12242,wildfires,Wildfire in Australia 1023153,False,https://eonet.gsfc.nasa.gov/api/v3/events/EONET_12242
EONET_12260,wildfires,Wildfire in Sudan 1023158,False,https://eonet.gsfc.nasa.gov/api/v3/events/EONET_12260
EONET_12219,wildfires,"Landville #2 Wildfire, Logan, West Virginia",False,https://eonet.gsfc.nasa.gov/api/v3/events/EONET_12219
EONET_12367,volcanoes,"Kilauea Volcano, Hawaii",False,https://eonet.gsfc.nasa.gov/api/v3/events/EONET_12367
EONET_12207,wildfires,Wildfire in Central African Republic 1023126,False,https://eonet.gsfc.nasa.gov/api/v3/events/EONET_12207
EONET_12221,wildfires,Wildfire in Central African Republic 1023139,False,https://eonet.gsfc.nasa.gov/api/v3/events/EONET_12221
EONET_12222,wildfires,Wildfire in Sudan 1023132,False,https://eonet.gsfc.nasa.gov/api/v3/events/EONET_12222
EONET_12232,wildfires,Wildfire in Sudan 1023142,False,https://eonet.gsfc.nasa.gov/api/v3/events/EONET_12232
EONET_12233,wildfires,Wildfire in Sudan 1023143,False,https://eonet.gsfc.nasa.gov/api/v3/events/EONET_12233
EONET_12234,wildfires,Wildfire in Nigeria 1023144,False,https://eonet.gsfc.nasa.gov/api/v3/events/EONET_12234
EONET_12261,wildfires,Wildfire in Central African Republic 1023159,False,https://eonet.gsfc.nasa.gov/api/v3/events/EONET_12261
EONET_12262,wildfires,Wildfire in Sudan 1023160,False,https://eonet.gsfc.nasa.gov/api/v3/events/EONET_12262
EONET_12263,wildfires,Wildfire in Nigeria 1023162,False,https://eonet.gsfc.nasa.gov/api/v3/events/EONET_12263
EONET_12197,wildfires,Wildfire in Australia 1023115,False,https://eonet.gsfc.nasa.gov/api/v3/events/EONET_12197
EONET_12198,wildfires,Wildfire in Sudan 1023111,False,https://eonet.gsfc.nasa.gov/api/v3/events/EONET_12198
EONET_12199,wildfires,Wildfire in The Democratic Republic of Congo 1023112,False,https://eonet.gsfc.nasa.gov/api/v3/events/EONET_12199
EONET_12208,wildfires,Wildfire in Sudan 1023119,False,https://eonet.gsfc.nasa.gov/api/v3/events/EONET_12208
EONET_12209,wildfires,Wildfire in Sudan 1023120,False,https://eonet.gsfc.nasa.gov/api/v3/events/EONET_12209
EONET_12210,wildfires,Wildfire in Sudan 1023121,False,https://eonet.gsfc.nasa.gov/api/v3/events/EONET_12210
EONET_12223,wildfires,Wildfire in Sudan 1023133,False,https://eonet.gsfc.nasa.gov/api/v3/events/EONET_12223
EONET_12224,wildfires,Wildfire in Sudan 1023134,False,https://eonet.gsfc.nasa.gov/api/v3/events/EONET_12224
EONET_12279,wildfires,Wildfire in Australia 1023189,False,https://eonet.gsfc.nasa.gov/api/v3/events/EONET_12279
EONET_12288,wildfires,Wildfire in Sudan 1023195,False,https://eonet.gsfc.nasa.gov/api/v3/events/EONET_12288
EONET_12200,wildfires,Wildfire in Central African Republic 1023113,False,https://eonet.gsfc.nasa.gov/api/v3/events/EONET_12200
EONET_12211,wildfires,Wildfire in Australia 1023127,False,https://eonet.gsfc.nasa.gov/api/v3/events/EONET_12211
EONET_12225,wildfires,Wildfire in Sudan 1023135,False,https://eonet.gsfc.nasa.gov/api/v3/events/EONET_12225
EONET_12226,wildfires,Wildfire in Sudan 1023137,False,https://eonet.gsfc.nasa.gov/api/v3/events/EONET_12226
EONET_12182,wildfires,Wildfire in Australia 1023099,False,https://eonet.gsfc.nasa.gov/api/v3/events/EONET_12182
EONET_12191,wildfires,Wildfire in Benin 1023106,False,https://eonet.gsfc.nasa.gov/api/v3/events/EONET_12191
EONET_12201,wildfires,Wildfire in Sudan 1023114,False,https://eonet.gsfc.nasa.gov/api/v3/events/EONET_12201
EONET_12202,wildfires,Wildfire in Sudan 1023116,False,https://eonet.gsfc.nasa.gov/api/v3/events/EONET_12202
EONET_12212,wildfires,Wildfire in Central African Republic 1023128,False,https://eonet.gsfc.nasa.gov/api/v3/events/EONET_12212
EONET_12213,wildfires,Wildfire in Benin 1023129,False,https://eonet.gsfc.nasa.gov/api/v3/events/EONET_12213
EONET_12214,wildfires,Wildfire in Sudan 1023122,False,https://eonet.gsfc.nasa.gov/api/v3/events/EONET_12214
EONET_12215,wildfires,Wildfire in Australia 1023131,False,https://eonet.gsfc.nasa.gov/api/v3/events/EONET_12215
EONET_12188,wildfires,Wildfire in Ghana 1023104,False,https://eonet.gsfc.nasa.gov/api/v3/events/EONET_12188
EONET_12192,wildfires,Wildfire in Ghana 1023107,False,https://eonet.gsfc.nasa.gov/api/v3/events/EONET_12192
EONET_12193,wildfires,Wildfire in Sudan 1023105,False,https://eonet.gsfc.nasa.gov/api/v3/events/EONET_12193
EONET_12216,wildfires,Wildfire in Sudan 1023123,False,https://eonet.gsfc.nasa.gov/api/v3/events/EONET_12216
EONET_12178,wildfires,"Obar Railroad Wildfire, Quay, New Mexico",False,https://eonet.gsfc.nasa.gov/api/v3/events/EONET_12178
EONET_12183,wildfires,Wildfire in Sudan 1023101,False,https://eonet.gsfc.nasa.gov/api/v3/events/EONET_12183
EONET_12189,wildfires,Wildfire in Sudan 1023102,False,https://eonet.gsfc.nasa.gov/api/v3/events/EONET_12189
EONET_12217,wildfires,Wildfire in Sudan 1023124,False,https://eonet.gsfc.nasa.gov/api/v3/events/EONET_12217
EONET_12227,wildfires,Wildfire in Sudan 1023136,False,https://eonet.gsfc.nasa.gov/api/v3/events/EONET_12227
EONET_12179,wildfires,"RX CALV C-262-265 Wildfire, Vernon, Louisiana",False,https://eonet.gsfc.nasa.gov/api/v3/events/EONET_12179
EONET_12161,wildfires,"Wildfire in Burkina Faso, Mali 1023086",False,https://eonet.gsfc.nasa.gov/api/v3/events/EONET_12161
EONET_12167,wildfires,Wildfire in Australia 1023090,False,https://eonet.gsfc.nasa.gov/api/v3/events/EONET_12167
EONET_12184,wildfires,Wildfire in Sudan 1023096,False,https://eonet.gsfc.nasa.gov/api/v3/events/EONET_12184
EONET_12185,wildfires,Wildfire in Sudan 1023097,False,https://eonet.gsfc.nasa.gov/api/v3/events/EONET_12185
EONET_12190,wildfires,Wildfire in Sudan 1023103,False,https://eonet.gsfc.nasa.gov/api/v3/events/EONET_12190
EONET_12196,wildfires,Wildfire in Nigeria 1023110,False,https://eonet.gsfc.nasa.gov/api/v3/events/EONET_12196
EONET_12181,wildfires,"APQ Rec Area 13 Rx 1214 Wildfire, Highlands, Florida",False,https://eonet.gsfc.nasa.gov/api/v3/events/EONET_12181
EONET_12148,wildfires,"Rx Lamar 3440 Wildfire, Lamar, Texas",False,https://eonet.gsfc.nasa.gov/api/v3/events/EONET_12148
EONET_12168,wildfires,Wildfire in Sudan 1023088,False,https://eonet.gsfc.nasa.gov/api/v3/events/EONET_12168
EONET_12186,wildfires,Wildfire in Ghana 1023100,False,https://eonet.gsfc.nasa.gov/api/v3/events/EONET_12186
EONET_12194,wildfires,Wildfire in Burkina Faso 1023108,False,https://eonet.gsfc.nasa.gov/api/v3/events/EONET_12194
EONET_12147,wildfires,"Soap Wildfire, Yavapai, Arizona",False,https://eonet.gsfc.nasa.gov/api/v3/events/EONET_12147
EONET_12150,wildfires,"APQ Rec Area 4 Rx 1215 Wildfire, Polk, Florida",False,https://eonet.gsfc.nasa.gov/api/v3/events/EONET_12150
EONET_12162,wildfires,Wildfire in Sudan 1023082,False,https://eonet.gsfc.nasa.gov/api/v3/events/EONET_12162
EONET_12169,wildfires,Wildfire in Cote d&#039;Ivoire 1023091,False,https://eonet.gsfc.nasa.gov/api/v3/events/EONET_12169
EONET_12195,wildfires,Wildfire in Cote d&#039;Ivoire 1023109,False,https://eonet.gsfc.nasa.gov/api/v3/events/EONET_12195
EONET_12132,wildfires,Wildfire in Niger 1023069,False,https://eonet.gsfc.nasa.gov/api/v3/events/EONET_12132
EONET_12139,wildfires,Wildfire in Cote d&#039;Ivoire 1023074,False,https://eonet.gsfc.nasa.gov/api/v3/events/EONET_12139
EONET_12140,wildfires,Wildfire in Sudan 1023076,False,https://eonet.gsfc.nasa.gov/api/v3/events/EONET_12140
EONET_12141,wildfires,Wildfire in Australia 1023077,False,https://eonet.gsfc.nasa.gov/api/v3/events/EONET_12141
EONET_12158,wildfires,Wildfire in Australia 1023080,False,https://eonet.gsfc.nasa.gov/api/v3/events/EONET_12158
EONET_12163,wildfires,Wildfire in Australia 1023087,False,https://eonet.gsfc.nasa.gov/api/v3/events/EONET_12163
EONET_12175,wildfires,Wildfire in Ghana 1023094,False,https://eonet.gsfc.nasa.gov/api/v3/events/EONET_12175
EONET_12151,wildfires,"APQ Recreation Area 3 Rx 1213 Wildfire, Polk, Florida",False,https://eonet.gsfc.nasa.gov/api/v3/events/EONET_12151
EONET_12142,wildfires,Wildfire in Sudan 1023071,False,https://eonet.gsfc.nasa.gov/api/v3/events/EONET_12142
EONET_12159,wildfires,Wildfire in Cote d&#039;Ivoire 1023081,False,https://eonet.gsfc.nasa.gov/api/v3/events/EONET_12159
EONET_12164,wildfires,Wildfire in Mali 1023085,False,https://eonet.gsfc.nasa.gov/api/v3/events/EONET_12164
EONET_12170,wildfires,Wildfire in Ghana 1023092,False,https://eonet.gsfc.nasa.gov/api/v3/events/EONET_12170
EONET_12176,wildfires,Wildfire in Ghana 1023093,False,https://eonet.gsfc.nasa.gov/api/v3/events/EONET_12176
EONET_12177,wildfires,Wildfire in Ghana 1023095,False,https://eonet.gsfc.nasa.gov/api/v3/events/EONET_12177
EONET_12187,wildfires,Wildfire in Sudan 1023098,False,https://eonet.gsfc.nasa.gov/api/v3/events/EONET_12187
EONET_12153,wildfires,"APQ Recreation Area 1 &amp; 2 Rx 1212 Wildfire, Polk, Florida",False,https://eonet.gsfc.nasa.gov/api/v3/events/EONET_12153
EONET_12156,wildfires,"RX CALV C-133 Wildfire, Vernon, Louisiana",False,https://eonet.gsfc.nasa.gov/api/v3/events/EONET_12156
EONET_12133,wildfires,Wildfire in Sudan 1023070,False,https://eonet.gsfc.nasa.gov/api/v3/events/EONET_12133
EONET_12160,wildfires,Wildfire in Sudan 1023079,False,https://eonet.gsfc.nasa.gov/api/v3/events/EONET_12160
EONET_12171,wildfires,Wildfire in Central African Republic 1023089,False,https://eonet.gsfc.nasa.gov/api/v3/events/EONET_12171
EONET_12152,wildfires,"LBJ Bois d&#039;Arc RX Wildfire, Fannin, Texas",False,https://eonet.gsfc.nasa.gov/api/v3/events/EONET_12152
EONET_12134,wildfires,Wildfire in Chad 1023064,False,https://eonet.gsfc.nasa.gov/api/v3/events/EONET_12134
EONET_12143,wildfires,Wildfire in Mali 1023078,False,https://eonet.gsfc.nasa.gov/api/v3/events/EONET_12143
EONET_12165,wildfires,Wildfire in Cote d&#039;Ivoire 1023083,False,https://eonet.gsfc.nasa.gov/api/v3/events/EONET_12165
EONET_12157,wildfires,"APQ Recreation Area 3 Rx 1210 Wildfire, Polk, Florida",False,https://eonet.gsfc.nasa.gov/api/v3/events/EONET_12157
EONET_12149,wildfires,"FRANKLIN Wildfire, Los Angeles, California",False,https://eonet.gsfc.nasa.gov/api/v3/events/EONET_12149
EONET_12120,wildfires,Wildfire in Australia 1023057,False,https://eonet.gsfc.nasa.gov/api/v3/events/EONET_12120
EONET_12126,wildfires,Wildfire in Sudan 1023058,False,https://eonet.gsfc.nasa.gov/api/v3/events/EONET_12126
EONET_12135,wildfires,Wildfire in Burkina Faso 1023067,False,https://eonet.gsfc.nasa.gov/api/v3/events/EONET_12135
EONET_12136,wildfires,Wildfire in Ethiopia 1023065,False,https://eonet.gsfc.nasa.gov/api/v3/events/EONET_12136
EONET_12144,wildfires,Wildfire in Sudan 1023072,False,https://eonet.gsfc.nasa.gov/api/v3/events/EONET_12144
EONET_12104,wildfires,"APQ Recreation Area 1 Rx 1209 Wildfire, Polk, Florida",False,https://eonet.gsfc.nasa.gov/api/v3/events/EONET_12104
EONET_12103,wildfires,"Coyote Wildfire, Gaston, North Carolina",False,https://eonet.gsfc.nasa.gov/api/v3/events/EONET_12103
EONET_12129,wildfires,Wildfire in Sudan 1023061,False,https://eonet.gsfc.nasa.gov/api/v3/events/EONET_12129
EONET_12145,wildfires,Wildfire in Ghana 1023075,False,https://eonet.gsfc.nasa.gov/api/v3/events/EONET_12145
EONET_12166,wildfires,Wildfire in Sudan 1023084,False,https://eonet.gsfc.nasa.gov/api/v3/events/EONET_12166
EONET_12105,wildfires,"Radue Wildfire, Custer, Montana",False,https://eonet.gsfc.nasa.gov/api/v3/events/EONET_12105
EONET_12106,wildfires,"APQ Recreation Area 3 Rx 1208 Wildfire, Polk, Florida",False,https://eonet.gsfc.nasa.gov/api/v3/events/EONET_12106
EONET_12109,wildfires,Wildfire in Australia 1023050,False,https://eonet.gsfc.nasa.gov/api/v3/events/EONET_12109
EONET_12110,wildfires,Wildfire in Australia 1023051,False,https://eonet.gsfc.nasa.gov/api/v3/events/EONET_12110
EONET_12121,wildfires,Wildfire in Australia 1023056,False,https://eonet.gsfc.nasa.gov/api/v3/events/EONET_12121
EONET_12122,wildfires,Wildfire in Sudan 1023052,False,https://eonet.gsfc.nasa.gov/api/v3/events/EONET_12122
EONET_12137,wildfires,Wildfire in Sudan 1023066,False,https://eonet.gsfc.nasa.gov/api/v3/events/EONET_12137
EONET_12107,wildfires,"APQ Recreation Area 2 Rx 1207 Wildfire, Polk, Florida",False,https://eonet.gsfc.nasa.gov/api/v3/events/EONET_12107
EONET_12098,wildfires,Wildfire in Sudan 1023037,False,https://eonet.gsfc.nasa.gov/api/v3/events/EONET_12098
EONET_12111,wildfires,Wildfire in Central African Republic 1023047,False,https://eonet.gsfc.nasa.gov/api/v3/events/EONET_12111
EONET_12112,wildfires,Wildfire in Sudan 1023049,False,https://eonet.gsfc.nasa.gov/api/v3/events/EONET_12112
EONET_12127,wildfires,Wildfire in Sudan 1023059,False,https://eonet.gsfc.nasa.gov/api/v3/events/EONET_12127
EONET_12130,wildfires,Wildfire in Central African Republic 1023062,False,https://eonet.gsfc.nasa.gov/api/v3/events/EONET_12130
EONET_12146,wildfires,Wildfire in Sudan 1023073,False,https://eonet.gsfc.nasa.gov/api/v3/events/EONET_12146
EONET_12123,wildfires,Wildfire in Madagascar 1023055,False,https://eonet.gsfc.nasa.gov/api/v3/events/EONET_12123
EONET_12124,wildfires,Wildfire in Madagascar 1023053,False,https://eonet.gsfc.nasa.gov/api/v3/events/EONET_12124
EONET_12125,wildfires,Wildfire in Sudan 1023054,False,https://eonet.gsfc.nasa.gov/api/v3/events/EONET_12125
EONET_12128,wildfires,Wildfire in Madagascar 1023060,False,https://eonet.gsfc.nasa.gov/api/v3/events/EONET_12128
EONET_12131,wildfires,Wildfire in Burkina Faso 1023063,False,https://eonet.gsfc.nasa.gov/api/v3/events/EONET_12131
EONET_12092,wildfires,Wildfire in Australia 1023034,False,https://eonet.gsfc.nasa.gov/api/v3/events/EONET_12092
EONET_12096,wildfires,Wildfire in Sudan 1023035,False,https://eonet.gsfc.nasa.gov/api/v3/events/EONET_12096
EONET_12099,wildfires,Wildfire in Australia 1023038,False,https://eonet.gsfc.nasa.gov/api/v3/events/EONET_12099
EONET_12100,wildfires,Wildfire in Benin 1023039,False,https://eonet.gsfc.nasa.gov/api/v3/events/EONET_12100
EONET_12113,wildfires,Wildfire in Sudan 1023042,False,https://eonet.gsfc.nasa.gov/api/v3/events/EONET_12113
EONET_12138,wildfires,Wildfire in Ghana 1023068,False,https://eonet.gsfc.nasa.gov/api/v3/events/EONET_12138
EONET_12093,wildfires,Wildfire in Sudan 1023033,False,https://eonet.gsfc.nasa.gov/api/v3/events/EONET_12093
EONET_12114,wildfires,Wildfire in Sudan 1023048,False,https://eonet.gsfc.nasa.gov/api/v3/events/EONET_12114
EONET_12094,wildfires,Wildfire in Sudan 1023032,False,https://eonet.gsfc.nasa.gov/api/v3/events/EONET_12094
EONET_12088,wildfires,"KDF - Confluence 2 Wildfire, Leslie, Kentucky",False,https://eonet.gsfc.nasa.gov/api/v3/events/EONET_12088
EONET_12091,wildfires,Wildfire in Sudan 1023031,False,https://eonet.gsfc.nasa.gov/api/v3/events/EONET_12091
EONET_12101,wildfires,Wildfire in Benin 1023040,False,https://eonet.gsfc.nasa.gov/api/v3/events/EONET_12101
EONET_12115,wildfires,Wildfire in Australia 1023045,False,https://eonet.gsfc.nasa.gov/api/v3/events/EONET_12115
EONET_12116,wildfires,Wildfire in Central African Republic 1023046,False,https://eonet.gsfc.nasa.gov/api/v3/events/EONET_12116
EONET_12086,wildfires,Wildfire in Burkina Faso 1023028,False,https://eonet.gsfc.nasa.gov/api/v3/events/EONET_12086
EONET_12089,wildfires,Wildfire in Benin 1023029,False,https://eonet.gsfc.nasa.gov/api/v3/events/EONET_12089
EONET_12117,wildfires,Wildfire in Sudan 1023043,False,https://eonet.gsfc.nasa.gov/api/v3/events/EONET_12117
EONET_12118,wildfires,Wildfire in Sudan 1023044,False,https://eonet.gsfc.nasa.gov/api/v3/events/EONET_12118
EONET_12080,wildfires,Wildfire in Brazil 1023024,False,https://eonet.gsfc.nasa.gov/api/v3/events/EONET_12080
EONET_12097,wildfires,Wildfire in Benin 1023036,False,https://eonet.gsfc.nasa.gov/api/v3/events/EONET_12097
EONET_12081,wildfires,Wildfire in Sudan 1023021,False,https://eonet.gsfc.nasa.gov/api/v3/events/EONET_12081
EONET_12090,wildfires,Wildfire in Benin 1023030,False,https://eonet.gsfc.nasa.gov/api/v3/events/EONET_12090
EONET_12074,wildfires,Wildfire in Niger 1023016,False,https://eonet.gsfc.nasa.gov/api/v3/events/EONET_12074
EONET_12076,wildfires,Wildfire in Sudan 1023018,False,https://eonet.gsfc.nasa.gov/api/v3/events/EONET_12076
EONET_12077,wildfires,Wildfire in Brazil 1023020,False,https://eonet.gsfc.nasa.gov/api/v3/events/EONET_12077
EONET_12087,wildfires,Wildfire in Sudan 1023027,False,https://eonet.gsfc.nasa.gov/api/v3/events/EONET_12087
EONET_12082,wildfires,Wildfire in Burkina Faso 1023025,False,https://eonet.gsfc.nasa.gov/api/v3/events/EONET_12082
EONET_12055,wildfires,Wildfire in Australia 1023001,False,https://eonet.gsfc.nasa.gov/api/v3/events/EONET_12055
EONET_12062,wildfires,Wildfire in Niger 1023007,False,https://eonet.gsfc.nasa.gov/api/v3/events/EONET_12062
EONET_12063,wildfires,Wildfire in Australia 1023008,False,https://eonet.gsfc.nasa.gov/api/v3/events/EONET_12063
EONET_12067,wildfires,Wildfire in Australia 1023010,False,https://eonet.gsfc.nasa.gov/api/v3/events/EONET_12067
EONET_12083,wildfires,Wildfire in Sudan 1023022,False,https://eonet.gsfc.nasa.gov/api/v3/events/EONET_12083
EONET_12084,wildfires,Wildfire in Sudan 1023023,False,https://eonet.gsfc.nasa.gov/api/v3/events/EONET_12084
EONET_12044,wildfires,"B ANAYA Wildfire, Santa Fe, New Mexico",False,https://eonet.gsfc.nasa.gov/api/v3/events/EONET_12044
EONET_12071,wildfires,Wildfire in Brazil 1023015,False,https://eonet.gsfc.nasa.gov/api/v3/events/EONET_12071
EONET_12085,wildfires,Wildfire in Benin 1023026,False,https://eonet.gsfc.nasa.gov/api/v3/events/EONET_12085
EONET_12056,wildfires,Wildfire in Australia 1022999,False,https://eonet.gsfc.nasa.gov/api/v3/events/EONET_12056
EONET_12057,wildfires,Wildfire in Australia 1023003,False,https://eonet.gsfc.nasa.gov/api/v3/events/EONET_12057
EONET_12072,wildfires,Wildfire in Australia 1023013,False,https://eonet.gsfc.nasa.gov/api/v3/events/EONET_12072
EONET_12075,wildfires,Wildfire in Benin 1023017,False,https://eonet.gsfc.nasa.gov/api/v3/events/EONET_12075
EONET_12046,wildfires,"Newsome Ridge 2 Wildfire, Mingo, West Virginia",False,https://eonet.gsfc.nasa.gov/api/v3/events/EONET_12046
EONET_12038,wildfires,Wildfire in Australia 1022995,False,https://eonet.gsfc.nasa.gov/api/v3/events/EONET_12038
EONET_12039,wildfires,Wildfire in Australia 1022997,False,https://eonet.gsfc.nasa.gov/api/v3/events/EONET_12039
EONET_12040,wildfires,Wildfire in Australia 1022994,False,https://eonet.gsfc.nasa.gov/api/v3/events/EONET_12040
EONET_12064,wildfires,Wildfire in Australia 1023006,False,https://eonet.gsfc.nasa.gov/api/v3/events/EONET_12064
EONET_12068,wildfires,Wildfire in Mali 1023011,False,https://eonet.gsfc.nasa.gov/api/v3/events/EONET_12068
EONET_12073,wildfires,Wildfire in Sudan 1023014,False,https://eonet.gsfc.nasa.gov/api/v3/events/EONET_12073
EONET_12048,wildfires,"RX CALE C-16 Wildfire, Rapides, Louisiana",False,https://eonet.gsfc.nasa.gov/api/v3/events/EONET_12048
EONET_12047,wildfires,"APQ Recreation Area 1 Rx 1121 Wildfire, Polk, Florida",False,https://eonet.gsfc.nasa.gov/api/v3/events/EONET_12047
EONET_12033,wildfires,Wildfire in Iceland 1022991,False,https://eonet.gsfc.nasa.gov/api/v3/events/EONET_12033
EONET_12041,wildfires,Wildfire in Australia 1022996,False,https://eonet.gsfc.nasa.gov/api/v3/events/EONET_12041
EONET_12058,wildfires,Wildfire in Australia 1023004,False,https://eonet.gsfc.nasa.gov/api/v3/events/EONET_12058
EONET_12065,wildfires,Wildfire in Australia 1023005,False,https://eonet.gsfc.nasa.gov/api/v3/events/EONET_12065
EONET_12078,wildfires,Wildfire in Sudan 1023019,False,https://eonet.gsfc.nasa.gov/api/v3/events/EONET_12078
EONET_12027,wildfires,Wildfire in Mali 1022986,False,https://eonet.gsfc.nasa.gov/api/v3/events/EONET_12027
EONET_12059,wildfires,Wildfire in Burkina Faso 1023000,False,https://eonet.gsfc.nasa.gov/api/v3/events/EONET_12059
EONET_12043,wildfires,"Butternut Wildfire, Berkshire, Massachusetts",False,https://eonet.gsfc.nasa.gov/api/v3/events/EONET_12043
EONET_12053,wildfires,"Laurel Fork/Coal Fork Wildfire, Kanawha, West Virginia",False,https://eonet.gsfc.nasa.gov/api/v3/events/EONET_12053
EONET_12042,wildfires,"Thomas Road Wildfire, Albany, New York",False,https://eonet.gsfc.nasa.gov/api/v3/events/EONET_12042
EONET_12060,wildfires,Wildfire in Burkina Faso 1023002,False,https://eonet.gsfc.nasa.gov/api/v3/events/EONET_12060
EONET_12066,wildfires,Wildfire in Brazil 1023009,False,https://eonet.gsfc.nasa.gov/api/v3/events/EONET_12066
EONET_12069,wildfires,Wildfire in Brazil 1023012,False,https://eonet.gsfc.nasa.gov/api/v3/events/EONET_12069
EONET_12019,wildfires,"BRIDGE BAER IMPLEMENTATION Wildfire, Los Angeles, California",False,https://eonet.gsfc.nasa.gov/api/v3/events/EONET_12019
EONET_12018,wildfires,"White Oak Wildfire, Forrest, Mississippi",False,https://eonet.gsfc.nasa.gov/api/v3/events/EONET_12018
EONET_12022,wildfires,Wildfire in Australia 1022981,False,https://eonet.gsfc.nasa.gov/api/v3/events/EONET_12022
EONET_12028,wildfires,Wildfire in Australia 1022987,False,https://eonet.gsfc.nasa.gov/api/v3/events/EONET_12028
EONET_12029,wildfires,Wildfire in Australia 1022983,False,https://eonet.gsfc.nasa.gov/api/v3/events/EONET_12029
EONET_12034,wildfires,Wildfire in Mali 1022989,False,https://eonet.gsfc.nasa.gov/api/v3/events/EONET_12034
EONET_12035,wildfires,Wildfire in Burkina Faso 1022990,False,https://eonet.gsfc.nasa.gov/api/v3/events/EONET_12035
EONET_12036,wildfires,Wildfire in Australia 1022992,False,https://eonet.gsfc.nasa.gov/api/v3/events/EONET_12036
EONET_12061,wildfires,Wildfire in Sudan 1022998,False,https://eonet.gsfc.nasa.gov/api/v3/events/EONET_12061
EONET_12021,wildfires,"SEA CPI-1 Rx 1116 Wildfire, Hendry, Florida",False,https://eonet.gsfc.nasa.gov/api/v3/events/EONET_12021
EONET_12006,wildfires,Wildfire in Australia 1022970,False,https://eonet.gsfc.nasa.gov/api/v3/events/EONET_12006
EONET_12014,wildfires,Wildfire in Australia 1022975,False,https://eonet.gsfc.nasa.gov/api/v3/events/EONET_12014
EONET_12015,wildfires,Wildfire in Australia 1022977,False,https://eonet.gsfc.nasa.gov/api/v3/events/EONET_12015
EONET_12023,wildfires,Wildfire in Australia 1022978,False,https://eonet.gsfc.nasa.gov/api/v3/events/EONET_12023
EONET_12024,wildfires,Wildfire in Australia 1022982,False,https://eonet.gsfc.nasa.gov/api/v3/events/EONET_12024
EONET_12025,wildfires,Wildfire in Australia 1022979,False,https://eonet.gsfc.nasa.gov/api/v3/events/EONET_12025
EONET_12030,wildfires,Wildfire in Burkina Faso 1022984,False,https://eonet.gsfc.nasa.gov/api/v3/events/EONET_12030
EONET_12037,wildfires,Wildfire in Brazil 1022993,False,https://eonet.gsfc.nasa.gov/api/v3/events/EONET_12037
EONET_12020,wildfires,"Tadra 31 74 RX Wildfire, Bowie, Texas",False,https://eonet.gsfc.nasa.gov/api/v3/events/EONET_12020
EONET_11976,wildfires,Wildfire in Australia 1022956,False,https://eonet.gsfc.nasa.gov/api/v3/events/EONET_11976
EONET_12000,wildfires,Wildfire in Mali 1022964,False,https://eonet.gsfc.nasa.gov/api/v3/events/EONET_12000
EONET_12001,wildfires,Wildfire in Australia 1022965,False,https://eonet.gsfc.nasa.gov/api/v3/events/EONET_12001
EONET_12007,wildfires,Wildfire in Australia 1022971,False,https://eonet.gsfc.nasa.gov/api/v3/events/EONET_12007
EONET_12008,wildfires,Wildfire in Burkina Faso 1022968,False,https://eonet.gsfc.nasa.gov/api/v3/events/EONET_12008
EONET_12009,wildfires,Wildfire in Burkina Faso 1022969,False,https://eonet.gsfc.nasa.gov/api/v3/events/EONET_12009
EONET_12016,wildfires,Wildfire in Australia 1022976,False,https://eonet.gsfc.nasa.gov/api/v3/events/EONET_12016
EONET_12031,wildfires,Wildfire in Nigeria 1022985,False,https://eonet.gsfc.nasa.gov/api/v3/events/EONET_12031
EONET_11977,wildfires,Wildfire in Australia 1022957,False,https://eonet.gsfc.nasa.gov/api/v3/events/EONET_11977
EONET_11978,wildfires,Wildfire in Australia 1022958,False,https://eonet.gsfc.nasa.gov/api/v3/events/EONET_11978
EONET_11979,wildfires,Wildfire in Australia 1022951,False,https://eonet.gsfc.nasa.gov/api/v3/events/EONET_11979
EONET_12002,wildfires,Wildfire in Australia 1022960,False,https://eonet.gsfc.nasa.gov/api/v3/events/EONET_12002
EONET_12003,wildfires,Wildfire in Australia 1022961,False,https://eonet.gsfc.nasa.gov/api/v3/events/EONET_12003
EONET_12010,wildfires,Wildfire in Australia 1022972,False,https://eonet.gsfc.nasa.gov/api/v3/events/EONET_12010
EONET_12026,wildfires,Wildfire in Australia 1022980,False,https://eonet.gsfc.nasa.gov/api/v3/events/EONET_12026
EONET_12032,wildfires,Wildfire in Chad 1022988,False,https://eonet.gsfc.nasa.gov/api/v3/events/EONET_12032
EONET_11964,wildfires,Wildfire in Australia 1022939,False,https://eonet.gsfc.nasa.gov/api/v3/events/EONET_11964
EONET_11965,wildfires,Wildfire in Australia 1022938,False,https://eonet.gsfc.nasa.gov/api/v3/events/EONET_11965
EONET_11966,wildfires,Wildfire in Australia 1022942,False,https://eonet.gsfc.nasa.gov/api/v3/events/EONET_11966
EONET_11980,wildfires,Wildfire in Australia 1022948,False,https://eonet.gsfc.nasa.gov/api/v3/events/EONET_11980
EONET_11981,wildfires,Wildfire in Australia 1022952,False,https://eonet.gsfc.nasa.gov/api/v3/events/EONET_11981
EONET_11982,wildfires,Wildfire in Australia 1022953,False,https://eonet.gsfc.nasa.gov/api/v3/events/EONET_11982
EONET_11983,wildfires,Wildfire in Australia 1022949,False,https://eonet.gsfc.nasa.gov/api/v3/events/EONET_11983
EONET_12004,wildfires,Wildfire in Australia 1022962,False,https://eonet.gsfc.nasa.gov/api/v3/events/EONET_12004
EONET_12011,wildfires,Wildfire in Sudan 1022966,False,https://eonet.gsfc.nasa.gov/api/v3/events/EONET_12011
EONET_11954,wildfires,Wildfire in Australia 1022927,False,https://eonet.gsfc.nasa.gov/api/v3/events/EONET_11954
EONET_11955,wildfires,Wildfire in Australia 1022928,False,https://eonet.gsfc.nasa.gov/api/v3/events/EONET_11955
EONET_11956,wildfires,Wildfire in Australia 1022932,False,https://eonet.gsfc.nasa.gov/api/v3/events/EONET_11956
EONET_11957,wildfires,Wildfire in Australia 1022933,False,https://eonet.gsfc.nasa.gov/api/v3/events/EONET_11957
EONET_11967,wildfires,Wildfire in Australia 1022943,False,https://eonet.gsfc.nasa.gov/api/v3/events/EONET_11967
EONET_11968,wildfires,Wildfire in Australia 1022941,False,https://eonet.gsfc.nasa.gov/api/v3/events/EONET_11968
EONET_11984,wildfires,Wildfire in Australia 1022954,False,https://eonet.gsfc.nasa.gov/api/v3/events/EONET_11984
EONET_12005,wildfires,Wildfire in Australia 1022963,False,https://eonet.gsfc.nasa.gov/api/v3/events/EONET_12005
EONET_11933,wildfires,Wildfire in Niger 1022913,False,https://eonet.gsfc.nasa.gov/api/v3/events/EONET_11933
EONET_11934,wildfires,Wildfire in Burkina Faso 1022917,False,https://eonet.gsfc.nasa.gov/api/v3/events/EONET_11934
EONET_11935,wildfires,Wildfire in Australia 1022914,False,https://eonet.gsfc.nasa.gov/api/v3/events/EONET_11935
EONET_11936,wildfires,Wildfire in Australia 1022919,False,https://eonet.gsfc.nasa.gov/api/v3/events/EONET_11936
EONET_11958,wildfires,Wildfire in Australia 1022934,False,https://eonet.gsfc.nasa.gov/api/v3/events/EONET_11958
EONET_11959,wildfires,Wildfire in Australia 1022935,False,https://eonet.gsfc.nasa.gov/api/v3/events/EONET_11959
EONET_11937,wildfires,Wildfire in Niger 1022906,False,https://eonet.gsfc.nasa.gov/api/v3/events/EONET_11937
EONET_11938,wildfires,Wildfire in Australia 1022920,False,https://eonet.gsfc.nasa.gov/api/v3/events/EONET_11938
EONET_11939,wildfires,Wildfire in Australia 1022916,False,https://eonet.gsfc.nasa.gov/api/v3/events/EONET_11939
EONET_11940,wildfires,Wildfire in Australia 1022907,False,https://eonet.gsfc.nasa.gov/api/v3/events/EONET_11940
EONET_11960,wildfires,Wildfire in Australia 1022929,False,https://eonet.gsfc.nasa.gov/api/v3/events/EONET_11960
EONET_11961,wildfires,Wildfire in Australia 1022931,False,https://eonet.gsfc.nasa.gov/api/v3/events/EONET_11961
EONET_11985,wildfires,Wildfire in Australia 1022950,False,https://eonet.gsfc.nasa.gov/api/v3/events/EONET_11985
EONET_11989,wildfires,"Whitehouse Wildfire, Ulster, New York",False,https://eonet.gsfc.nasa.gov/api/v3/events/EONET_11989
EONET_11915,wildfires,Wildfire in Australia 1022895,False,https://eonet.gsfc.nasa.gov/api/v3/events/EONET_11915
EONET_11916,wildfires,Wildfire in Australia 1022896,False,https://eonet.gsfc.nasa.gov/api/v3/events/EONET_11916
EONET_11926,wildfires,Wildfire in Australia 1022902,False,https://eonet.gsfc.nasa.gov/api/v3/events/EONET_11926
EONET_11927,wildfires,Wildfire in Australia 1022903,False,https://eonet.gsfc.nasa.gov/api/v3/events/EONET_11927
EONET_11928,wildfires,Wildfire in Australia 1022904,False,https://eonet.gsfc.nasa.gov/api/v3/events/EONET_11928
EONET_11929,wildfires,Wildfire in Australia 1022900,False,https://eonet.gsfc.nasa.gov/api/v3/events/EONET_11929
EONET_11930,wildfires,Wildfire in Australia 1022901,False,https://eonet.gsfc.nasa.gov/api/v3/events/EONET_11930
EONET_11941,wildfires,Wildfire in Australia 1022908,False,https://eonet.gsfc.nasa.gov/api/v3/events/EONET_11941
EONET_11942,wildfires,Wildfire in Australia 1022909,False,https://eonet.gsfc.nasa.gov/api/v3/events/EONET_11942
EONET_11943,wildfires,Wildfire in Australia 1022915,False,https://eonet.gsfc.nasa.gov/api/v3/events/EONET_11943
EONET_11944,wildfires,Wildfire in Australia 1022921,False,https://eonet.gsfc.nasa.gov/api/v3/events/EONET_11944
EONET_11945,wildfires,Wildfire in Australia 1022922,False,https://eonet.gsfc.nasa.gov/api/v3/events/EONET_11945
EONET_11962,wildfires,Wildfire in Australia 1022936,False,https://eonet.gsfc.nasa.gov/api/v3/events/EONET_11962
EONET_11969,wildfires,Wildfire in Australia 1022940,False,https://eonet.gsfc.nasa.gov/api/v3/events/EONET_11969
EONET_11970,wildfires,Wildfire in Brazil 1022947,False,https://eonet.gsfc.nasa.gov/api/v3/events/EONET_11970
EONET_11986,wildfires,Wildfire in Australia 1022955,False,https://eonet.gsfc.nasa.gov/api/v3/events/EONET_11986
EONET_11987,wildfires,Wildfire in Brazil 1022959,False,https://eonet.gsfc.nasa.gov/api/v3/events/EONET_11987
EONET_12012,wildfires,Wildfire in Brazil 1022973,False,https://eonet.gsfc.nasa.gov/api/v3/events/EONET_12012
EONET_11909,wildfires,"Bob White Wildfire, Raleigh, West Virginia",False,https://eonet.gsfc.nasa.gov/api/v3/events/EONET_11909
EONET_11917,wildfires,Wildfire in Australia 1022897,False,https://eonet.gsfc.nasa.gov/api/v3/events/EONET_11917
EONET_11918,wildfires,Wildfire in Australia 1022898,False,https://eonet.gsfc.nasa.gov/api/v3/events/EONET_11918
EONET_11919,wildfires,Wildfire in Mali 1022889,False,https://eonet.gsfc.nasa.gov/api/v3/events/EONET_11919
EONET_11920,wildfires,Wildfire in Australia 1022893,False,https://eonet.gsfc.nasa.gov/api/v3/events/EONET_11920
EONET_11931,wildfires,Wildfire in Australia 1022905,False,https://eonet.gsfc.nasa.gov/api/v3/events/EONET_11931
EONET_11946,wildfires,Wildfire in Australia 1022910,False,https://eonet.gsfc.nasa.gov/api/v3/events/EONET_11946
EONET_11947,wildfires,Wildfire in Australia 1022911,False,https://eonet.gsfc.nasa.gov/api/v3/events/EONET_11947
EONET_11963,wildfires,Wildfire in Australia 1022930,False,https://eonet.gsfc.nasa.gov/api/v3/events/EONET_11963
EONET_11971,wildfires,Wildfire in India 1022937,False,https://eonet.gsfc.nasa.gov/api/v3/events/EONET_11971
EONET_11972,wildfires,Wildfire in Australia 1022944,False,https://eonet.gsfc.nasa.gov/api/v3/events/EONET_11972
EONET_11973,wildfires,Wildfire in Australia 1022945,False,https://eonet.gsfc.nasa.gov/api/v3/events/EONET_11973
EONET_12013,wildfires,Wildfire in India 1022967,False,https://eonet.gsfc.nasa.gov/api/v3/events/EONET_12013
EONET_12017,wildfires,Wildfire in India 1022974,False,https://eonet.gsfc.nasa.gov/api/v3/events/EONET_12017
EONET_11913,wildfires,"Whitman Wildfire, Logan, West Virginia",False,https://eonet.gsfc.nasa.gov/api/v3/events/EONET_11913
EONET_11914,wildfires,"Lost Run Wildfire, Wayne, West Virginia",False,https://eonet.gsfc.nasa.gov/api/v3/events/EONET_11914
EONET_11912,wildfires,"Tom Bailey Wildfire, Wyoming, West Virginia",False,https://eonet.gsfc.nasa.gov/api/v3/events/EONET_11912
EONET_11911,wildfires,"Romont Rich Creek Wildfire, Fayette, West Virginia",False,https://eonet.gsfc.nasa.gov/api/v3/events/EONET_11911
EONET_11921,wildfires,Wildfire in Australia 1022890,False,https://eonet.gsfc.nasa.gov/api/v3/events/EONET_11921
EONET_11948,wildfires,Wildfire in Australia 1022923,False,https://eonet.gsfc.nasa.gov/api/v3/events/EONET_11948
EONET_11949,wildfires,Wildfire in Australia 1022924,False,https://eonet.gsfc.nasa.gov/api/v3/events/EONET_11949
EONET_11950,wildfires,Wildfire in Australia 1022925,False,https://eonet.gsfc.nasa.gov/api/v3/events/EONET_11950
EONET_11951,wildfires,Wildfire in Australia 1022926,False,https://eonet.gsfc.nasa.gov/api/v3/events/EONET_11951
EONET_11910,wildfires,"Poplar Creek Fire Wildfire, Buchanan, Virginia",False,https://eonet.gsfc.nasa.gov/api/v3/events/EONET_11910
EONET_11908,wildfires,"MOUNTAIN Wildfire, Ventura, California",False,https://eonet.gsfc.nasa.gov/api/v3/events/EONET_11908
EONET_11922,wildfires,Wildfire in Australia 1022891,False,https://eonet.gsfc.nasa.gov/api/v3/events/EONET_11922
EONET_11952,wildfires,Wildfire in Australia 1022912,False,https://eonet.gsfc.nasa.gov/api/v3/events/EONET_11952
EONET_11974,wildfires,Wildfire in Australia 1022946,False,https://eonet.gsfc.nasa.gov/api/v3/events/EONET_11974
EONET_11901,wildfires,"Blue Mountain Wildfire, Northampton, Pennsylvania",False,https://eonet.gsfc.nasa.gov/api/v3/events/EONET_11901
EONET_11902,wildfires,Wildfire in Australia 1022887,False,https://eonet.gsfc.nasa.gov/api/v3/events/EONET_11902
EONET_11923,wildfires,Wildfire in Australia 1022894,False,https://eonet.gsfc.nasa.gov/api/v3/events/EONET_11923
EONET_11953,wildfires,Wildfire in Australia 1022918,False,https://eonet.gsfc.nasa.gov/api/v3/events/EONET_11953
EONET_11900,wildfires,"Gap Wildfire, Northampton, Pennsylvania",False,https://eonet.gsfc.nasa.gov/api/v3/events/EONET_11900
EONET_11924,wildfires,Wildfire in Australia 1022892,False,https://eonet.gsfc.nasa.gov/api/v3/events/EONET_11924
EONET_11925,wildfires,Wildfire in Australia 1022899,False,https://eonet.gsfc.nasa.gov/api/v3/events/EONET_11925
EONET_11904,wildfires,Wildfire in Australia 1022888,False,https://eonet.gsfc.nasa.gov/api/v3/events/EONET_11904
EONET_11893,wildfires,Wildfire in Australia 1022883,False,https://eonet.gsfc.nasa.gov/api/v3/events/EONET_11893
EONET_11884,wildfires,Wildfire in Australia 1022875,False,https://eonet.gsfc.nasa.gov/api/v3/events/EONET_11884
EONET_11885,wildfires,Wildfire in Australia 1022876,False,https://eonet.gsfc.nasa.gov/api/v3/events/EONET_11885
EONET_11903,wildfires,Wildfire in Australia 1022886,False,https://eonet.gsfc.nasa.gov/api/v3/events/EONET_11903
EONET_11886,wildfires,Wildfire in Australia 1022877,False,https://eonet.gsfc.nasa.gov/api/v3/events/EONET_11886
EONET_11887,wildfires,Wildfire in Australia 1022878,False,https://eonet.gsfc.nasa.gov/api/v3/events/EONET_11887
EONET_11888,wildfires,Wildfire in Australia 1022879,False,https://eonet.gsfc.nasa.gov/api/v3/events/EONET_11888
EONET_11894,wildfires,Wildfire in Australia 1022884,False,https://eonet.gsfc.nasa.gov/api/v3/events/EONET_11894
EONET_11898,wildfires,Wildfire in Australia 1022885,False,https://eonet.gsfc.nasa.gov/api/v3/events/EONET_11898
EONET_11879,wildfires,"Indian Creek Wildfire, Dewey, Oklahoma",False,https://eonet.gsfc.nasa.gov/api/v3/events/EONET_11879
EONET_11880,wildfires,"Euchee Creek Wildfire, Payne, Oklahoma",False,https://eonet.gsfc.nasa.gov/api/v3/events/EONET_11880
EONET_11863,wildfires,Wildfire in Australia 1022861,False,https://eonet.gsfc.nasa.gov/api/v3/events/EONET_11863
EONET_11869,wildfires,Wildfire in Australia 1022867,False,https://eonet.gsfc.nasa.gov/api/v3/events/EONET_11869
EONET_11870,wildfires,Wildfire in Australia 1022868,False,https://eonet.gsfc.nasa.gov/api/v3/events/EONET_11870
EONET_11871,wildfires,Wildfire in Australia 1022870,False,https://eonet.gsfc.nasa.gov/api/v3/events/EONET_11871
EONET_11878,wildfires,"CIMARRON BEND Wildfire, Kingfisher, Oklahoma",False,https://eonet.gsfc.nasa.gov/api/v3/events/EONET_11878
EONET_11881,wildfires,"NORTH ROAD Wildfire, Osage, Oklahoma",False,https://eonet.gsfc.nasa.gov/api/v3/events/EONET_11881
EONET_11748,wildfires,"Rupe-Market Fire Wildfire, Garfield, Oklahoma",False,https://eonet.gsfc.nasa.gov/api/v3/events/EONET_11748
EONET_11848,wildfires,Wildfire in Australia 1022853,False,https://eonet.gsfc.nasa.gov/api/v3/events/EONET_11848
EONET_11864,wildfires,Wildfire in Australia 1022862,False,https://eonet.gsfc.nasa.gov/api/v3/events/EONET_11864
EONET_11865,wildfires,Wildfire in Brazil 1022863,False,https://eonet.gsfc.nasa.gov/api/v3/events/EONET_11865
EONET_11866,wildfires,Wildfire in Brazil 1022864,False,https://eonet.gsfc.nasa.gov/api/v3/events/EONET_11866
EONET_11872,wildfires,Wildfire in Australia 1022871,False,https://eonet.gsfc.nasa.gov/api/v3/events/EONET_11872
EONET_11873,wildfires,Wildfire in Brazil 1022872,False,https://eonet.gsfc.nasa.gov/api/v3/events/EONET_11873
EONET_11874,wildfires,Wildfire in Mali 1022869,False,https://eonet.gsfc.nasa.gov/api/v3/events/EONET_11874
EONET_11889,wildfires,Wildfire in Bolivia 1022881,False,https://eonet.gsfc.nasa.gov/api/v3/events/EONET_11889
EONET_11890,wildfires,Wildfire in Australia 1022880,False,https://eonet.gsfc.nasa.gov/api/v3/events/EONET_11890
EONET_11746,wildfires,"Sugar Wildfire, Ozark, Missouri",False,https://eonet.gsfc.nasa.gov/api/v3/events/EONET_11746
EONET_11747,wildfires,"SECOND MTN Wildfire, McCurtain, Oklahoma",False,https://eonet.gsfc.nasa.gov/api/v3/events/EONET_11747
EONET_11758,wildfires,Wildfire in Australia 1022837,False,https://eonet.gsfc.nasa.gov/api/v3/events/EONET_11758
EONET_11759,wildfires,Wildfire in Australia 1022838,False,https://eonet.gsfc.nasa.gov/api/v3/events/EONET_11759
EONET_11760,wildfires,Wildfire in Botswana 1022829,False,https://eonet.gsfc.nasa.gov/api/v3/events/EONET_11760
EONET_11761,wildfires,Wildfire in Australia 1022830,False,https://eonet.gsfc.nasa.gov/api/v3/events/EONET_11761
EONET_11762,wildfires,Wildfire in Australia 1022831,False,https://eonet.gsfc.nasa.gov/api/v3/events/EONET_11762
EONET_11849,wildfires,Wildfire in Australia 1022854,False,https://eonet.gsfc.nasa.gov/api/v3/events/EONET_11849
EONET_11850,wildfires,Wildfire in Australia 1022845,False,https://eonet.gsfc.nasa.gov/api/v3/events/EONET_11850
EONET_11875,wildfires,Wildfire in Australia 1022865,False,https://eonet.gsfc.nasa.gov/api/v3/events/EONET_11875
EONET_11763,wildfires,Wildfire in Australia 1022744,False,https://eonet.gsfc.nasa.gov/api/v3/events/EONET_11763
EONET_11764,wildfires,Wildfire in Australia 1022745,False,https://eonet.gsfc.nasa.gov/api/v3/events/EONET_11764
EONET_11765,wildfires,Wildfire in Australia 1022832,False,https://eonet.gsfc.nasa.gov/api/v3/events/EONET_11765
EONET_11766,wildfires,Wildfire in Botswana 1022833,False,https://eonet.gsfc.nasa.gov/api/v3/events/EONET_11766
EONET_11767,wildfires,Wildfire in Australia 1022839,False,https://eonet.gsfc.nasa.gov/api/v3/events/EONET_11767
EONET_11851,wildfires,Wildfire in Australia 1022846,False,https://eonet.gsfc.nasa.gov/api/v3/events/EONET_11851
EONET_11852,wildfires,Wildfire in Australia 1022847,False,https://eonet.gsfc.nasa.gov/api/v3/events/EONET_11852
EONET_11853,wildfires,Wildfire in Australia 1022848,False,https://eonet.gsfc.nasa.gov/api/v3/events/EONET_11853
EONET_11854,wildfires,Wildfire in Australia 1022850,False,https://eonet.gsfc.nasa.gov/api/v3/events/EONET_11854
EONET_11867,wildfires,Wildfire in Burkina Faso 1022860,False,https://eonet.gsfc.nasa.gov/api/v3/events/EONET_11867
EONET_11876,wildfires,Wildfire in Australia 1022873,False,https://eonet.gsfc.nasa.gov/api/v3/events/EONET_11876
EONET_11751,wildfires,"Willow RX Wildfire, Apache, Arizona",False,https://eonet.gsfc.nasa.gov/api/v3/events/EONET_11751
EONET_11768,wildfires,Wildfire in Namibia 1022746,False,https://eonet.gsfc.nasa.gov/api/v3/events/EONET_11768
EONET_11769,wildfires,Wildfire in Australia 1022747,False,https://eonet.gsfc.nasa.gov/api/v3/events/EONET_11769
EONET_11770,wildfires,Wildfire in Australia 1022840,False,https://eonet.gsfc.nasa.gov/api/v3/events/EONET_11770
EONET_11771,wildfires,Wildfire in Australia 1022841,False,https://eonet.gsfc.nasa.gov/api/v3/events/EONET_11771
EONET_11772,wildfires,"Wildfire in Namibia, Botswana 1022834",False,https://eonet.gsfc.nasa.gov/api/v3/events/EONET_11772
EONET_11855,wildfires,Wildfire in Australia 1022849,False,https://eonet.gsfc.nasa.gov/api/v3/events/EONET_11855
EONET_11856,wildfires,Wildfire in Australia 1022851,False,https://eonet.gsfc.nasa.gov/api/v3/events/EONET_11856
EONET_11891,wildfires,Wildfire in Madagascar 1022874,False,https://eonet.gsfc.nasa.gov/api/v3/events/EONET_11891
EONET_11773,wildfires,Wildfire in Nigeria 1022752,False,https://eonet.gsfc.nasa.gov/api/v3/events/EONET_11773
EONET_11774,wildfires,Wildfire in Australia 1022751,False,https://eonet.gsfc.nasa.gov/api/v3/events/EONET_11774
EONET_11775,wildfires,Wildfire in Australia 1022754,False,https://eonet.gsfc.nasa.gov/api/v3/events/EONET_11775
EONET_11776,wildfires,Wildfire in United States 1022748,False,https://eonet.gsfc.nasa.gov/api/v3/events/EONET_11776
EONET_11777,wildfires,Wildfire in Australia 1022749,False,https://eonet.gsfc.nasa.gov/api/v3/events/EONET_11777
EONET_11778,wildfires,Wildfire in Australia 1022750,False,https://eonet.gsfc.nasa.gov/api/v3/events/EONET_11778
EONET_11779,wildfires,Wildfire in Australia 1022753,False,https://eonet.gsfc.nasa.gov/api/v3/events/EONET_11779
EONET_11780,wildfires,Wildfire in Australia 1022755,False,https://eonet.gsfc.nasa.gov/api/v3/events/EONET_11780
EONET_11781,wildfires,Wildfire in Australia 1022842,False,https://eonet.gsfc.nasa.gov/api/v3/events/EONET_11781
EONET_11857,wildfires,Wildfire in Australia 1022852,False,https://eonet.gsfc.nasa.gov/api/v3/events/EONET_11857
EONET_11858,wildfires,Wildfire in Australia 1022855,False,https://eonet.gsfc.nasa.gov/api/v3/events/EONET_11858
EONET_11859,wildfires,Wildfire in Australia 1022856,False,https://eonet.gsfc.nasa.gov/api/v3/events/EONET_11859
EONET_11749,wildfires,"RUSH Wildfire, Comanche, Oklahoma",False,https://eonet.gsfc.nasa.gov/api/v3/events/EONET_11749
EONET_11753,wildfires,"Calhoun Fire Wildfire, Calhoun, Alabama",False,https://eonet.gsfc.nasa.gov/api/v3/events/EONET_11753
EONET_11782,wildfires,Wildfire in Australia 1022757,False,https://eonet.gsfc.nasa.gov/api/v3/events/EONET_11782
EONET_11783,wildfires,Wildfire in Australia 1022759,False,https://eonet.gsfc.nasa.gov/api/v3/events/EONET_11783
EONET_11784,wildfires,Wildfire in Australia 1022761,False,https://eonet.gsfc.nasa.gov/api/v3/events/EONET_11784
EONET_11785,wildfires,Wildfire in Australia 1022756,False,https://eonet.gsfc.nasa.gov/api/v3/events/EONET_11785
EONET_11786,wildfires,Wildfire in Australia 1022758,False,https://eonet.gsfc.nasa.gov/api/v3/events/EONET_11786
EONET_11787,wildfires,Wildfire in Australia 1022760,False,https://eonet.gsfc.nasa.gov/api/v3/events/EONET_11787
EONET_11788,wildfires,Wildfire in Australia 1022826,False,https://eonet.gsfc.nasa.gov/api/v3/events/EONET_11788
EONET_11789,wildfires,Wildfire in Australia 1022827,False,https://eonet.gsfc.nasa.gov/api/v3/events/EONET_11789
EONET_11860,wildfires,Wildfire in Brazil 1022857,False,https://eonet.gsfc.nasa.gov/api/v3/events/EONET_11860
EONET_11754,wildfires,"rx-108 Wildfire, Douglas, Wisconsin",False,https://eonet.gsfc.nasa.gov/api/v3/events/EONET_11754
EONET_11752,wildfires,"North Hart RX Wildfire, Colfax, New Mexico",False,https://eonet.gsfc.nasa.gov/api/v3/events/EONET_11752
EONET_11790,wildfires,Wildfire in Brazil 1022765,False,https://eonet.gsfc.nasa.gov/api/v3/events/EONET_11790
EONET_11791,wildfires,Wildfire in Australia 1022762,False,https://eonet.gsfc.nasa.gov/api/v3/events/EONET_11791
EONET_11792,wildfires,Wildfire in Australia 1022763,False,https://eonet.gsfc.nasa.gov/api/v3/events/EONET_11792
EONET_11793,wildfires,Wildfire in Australia 1022764,False,https://eonet.gsfc.nasa.gov/api/v3/events/EONET_11793
EONET_11794,wildfires,Wildfire in Australia 1022766,False,https://eonet.gsfc.nasa.gov/api/v3/events/EONET_11794
EONET_11795,wildfires,Wildfire in Australia 1022835,False,https://eonet.gsfc.nasa.gov/api/v3/events/EONET_11795
EONET_11861,wildfires,Wildfire in Australia 1022858,False,https://eonet.gsfc.nasa.gov/api/v3/events/EONET_11861
EONET_11877,wildfires,Wildfire in Australia 1022866,False,https://eonet.gsfc.nasa.gov/api/v3/events/EONET_11877
EONET_11892,wildfires,Wildfire in Brazil 1022882,False,https://eonet.gsfc.nasa.gov/api/v3/events/EONET_11892
EONET_11750,wildfires,"CAPILLA RX Wildfire, Torrance, New Mexico",False,https://eonet.gsfc.nasa.gov/api/v3/events/EONET_11750
EONET_11757,wildfires,"Hound Dog Wildfire, Scotland, North Carolina",False,https://eonet.gsfc.nasa.gov/api/v3/events/EONET_11757
EONET_11796,wildfires,Wildfire in Australia 1022843,False,https://eonet.gsfc.nasa.gov/api/v3/events/EONET_11796
EONET_11797,wildfires,Wildfire in Australia 1022769,False,https://eonet.gsfc.nasa.gov/api/v3/events/EONET_11797
EONET_11798,wildfires,Wildfire in Australia 1022770,False,https://eonet.gsfc.nasa.gov/api/v3/events/EONET_11798
EONET_11799,wildfires,Wildfire in Australia 1022771,False,https://eonet.gsfc.nasa.gov/api/v3/events/EONET_11799
EONET_11800,wildfires,Wildfire in Australia 1022773,False,https://eonet.gsfc.nasa.gov/api/v3/events/EONET_11800
EONET_11801,wildfires,Wildfire in Australia 1022775,False,https://eonet.gsfc.nasa.gov/api/v3/events/EONET_11801
EONET_11802,wildfires,Wildfire in Australia 1022776,False,https://eonet.gsfc.nasa.gov/api/v3/events/EONET_11802
EONET_11803,wildfires,Wildfire in Australia 1022778,False,https://eonet.gsfc.nasa.gov/api/v3/events/EONET_11803
EONET_11804,wildfires,Wildfire in Australia 1022774,False,https://eonet.gsfc.nasa.gov/api/v3/events/EONET_11804
EONET_11805,wildfires,Wildfire in Australia 1022768,False,https://eonet.gsfc.nasa.gov/api/v3/events/EONET_11805
EONET_11806,wildfires,Wildfire in Australia 1022772,False,https://eonet.gsfc.nasa.gov/api/v3/events/EONET_11806
EONET_11807,wildfires,Wildfire in Australia 1022777,False,https://eonet.gsfc.nasa.gov/api/v3/events/EONET_11807
EONET_11730,wildfires,"Eagle Butte Wildfire, Blaine, Montana",False,https://eonet.gsfc.nasa.gov/api/v3/events/EONET_11730
EONET_11808,wildfires,Wildfire in Malawi 1022779,False,https://eonet.gsfc.nasa.gov/api/v3/events/EONET_11808
EONET_11809,wildfires,Wildfire in Angola 1022789,False,https://eonet.gsfc.nasa.gov/api/v3/events/EONET_11809
EONET_11810,wildfires,Wildfire in Australia 1022791,False,https://eonet.gsfc.nasa.gov/api/v3/events/EONET_11810
EONET_11811,wildfires,Wildfire in Australia 1022780,False,https://eonet.gsfc.nasa.gov/api/v3/events/EONET_11811
EONET_11812,wildfires,Wildfire in Australia 1022785,False,https://eonet.gsfc.nasa.gov/api/v3/events/EONET_11812
EONET_11813,wildfires,Wildfire in Brazil 1022787,False,https://eonet.gsfc.nasa.gov/api/v3/events/EONET_11813
EONET_11814,wildfires,Wildfire in Australia 1022788,False,https://eonet.gsfc.nasa.gov/api/v3/events/EONET_11814
EONET_11815,wildfires,Wildfire in Australia 1022790,False,https://eonet.gsfc.nasa.gov/api/v3/events/EONET_11815
EONET_11816,wildfires,Wildfire in Australia 1022784,False,https://eonet.gsfc.nasa.gov/api/v3/events/EONET_11816
EONET_11817,wildfires,Wildfire in Australia 1022793,False,https://eonet.gsfc.nasa.gov/api/v3/events/EONET_11817
EONET_11818,wildfires,Wildfire in Australia 1022794,False,https://eonet.gsfc.nasa.gov/api/v3/events/EONET_11818
EONET_11819,wildfires,Wildfire in Australia 1022795,False,https://eonet.gsfc.nasa.gov/api/v3/events/EONET_11819
EONET_11820,wildfires,Wildfire in Australia 1022796,False,https://eonet.gsfc.nasa.gov/api/v3/events/EONET_11820
EONET_11821,wildfires,Wildfire in Australia 1022836,False,https://eonet.gsfc.nasa.gov/api/v3/events/EONET_11821
EONET_11862,wildfires,Wildfire in Malawi 1022844,False,https://eonet.gsfc.nasa.gov/api/v3/events/EONET_11862
EONET_11822,wildfires,Wildfire in Brazil 1022799,False,https://eonet.gsfc.nasa.gov/api/v3/events/EONET_11822
EONET_11823,wildfires,Wildfire in Australia 1022805,False,https://eonet.gsfc.nasa.gov/api/v3/events/EONET_11823
EONET_11824,wildfires,Wildfire in Australia 1022806,False,https://eonet.gsfc.nasa.gov/api/v3/events/EONET_11824
EONET_11825,wildfires,Wildfire in Brazil 1022804,False,https://eonet.gsfc.nasa.gov/api/v3/events/EONET_11825
EONET_11826,wildfires,Wildfire in Malawi 1022797,False,https://eonet.gsfc.nasa.gov/api/v3/events/EONET_11826
EONET_11827,wildfires,Wildfire in Australia 1022800,False,https://eonet.gsfc.nasa.gov/api/v3/events/EONET_11827
EONET_11828,wildfires,Wildfire in Australia 1022802,False,https://eonet.gsfc.nasa.gov/api/v3/events/EONET_11828
EONET_11829,wildfires,Wildfire in Australia 1022803,False,https://eonet.gsfc.nasa.gov/api/v3/events/EONET_11829
EONET_11830,wildfires,Wildfire in Australia 1022828,False,https://eonet.gsfc.nasa.gov/api/v3/events/EONET_11830
EONET_11831,wildfires,Wildfire in Australia 1022807,False,https://eonet.gsfc.nasa.gov/api/v3/events/EONET_11831
EONET_11868,wildfires,Wildfire in Malawi 1022859,False,https://eonet.gsfc.nasa.gov/api/v3/events/EONET_11868
EONET_11731,wildfires,"DOVE Wildfire, Kern, California",False,https://eonet.gsfc.nasa.gov/api/v3/events/EONET_11731
EONET_11832,wildfires,Wildfire in Australia 1022809,False,https://eonet.gsfc.nasa.gov/api/v3/events/EONET_11832
EONET_11833,wildfires,Wildfire in Australia 1022811,False,https://eonet.gsfc.nasa.gov/api/v3/events/EONET_11833
EONET_11834,wildfires,Wildfire in Australia 1022814,False,https://eonet.gsfc.nasa.gov/api/v3/events/EONET_11834
EONET_11835,wildfires,Wildfire in Australia 1022815,False,https://eonet.gsfc.nasa.gov/api/v3/events/EONET_11835
EONET_11836,wildfires,Wildfire in Australia 1022818,False,https://eonet.gsfc.nasa.gov/api/v3/events/EONET_11836
EONET_11837,wildfires,Wildfire in Australia 1022808,False,https://eonet.gsfc.nasa.gov/api/v3/events/EONET_11837
EONET_11838,wildfires,Wildfire in Malawi 1022816,False,https://eonet.gsfc.nasa.gov/api/v3/events/EONET_11838
EONET_11742,wildfires,"4 Mile Wildfire, Sanborn, South Dakota",False,https://eonet.gsfc.nasa.gov/api/v3/events/EONET_11742
EONET_11740,wildfires,"Puchyan Wildfire, Green Lake, Wisconsin",False,https://eonet.gsfc.nasa.gov/api/v3/events/EONET_11740
EONET_11739,wildfires,"287 Cryer Fire Wildfire, Cimarron, Oklahoma",False,https://eonet.gsfc.nasa.gov/api/v3/events/EONET_11739
EONET_11839,wildfires,Wildfire in Australia 1022822,False,https://eonet.gsfc.nasa.gov/api/v3/events/EONET_11839
EONET_11840,wildfires,Wildfire in Mozambique 1022823,False,https://eonet.gsfc.nasa.gov/api/v3/events/EONET_11840
EONET_11841,wildfires,Wildfire in Australia 1022824,False,https://eonet.gsfc.nasa.gov/api/v3/events/EONET_11841
EONET_11842,wildfires,Wildfire in Australia 1022819,False,https://eonet.gsfc.nasa.gov/api/v3/events/EONET_11842
EONET_11843,wildfires,Wildfire in Australia 1022821,False,https://eonet.gsfc.nasa.gov/api/v3/events/EONET_11843
EONET_11844,wildfires,Wildfire in Mozambique 1022820,False,https://eonet.gsfc.nasa.gov/api/v3/events/EONET_11844
EONET_11845,wildfires,Wildfire in Australia 1022825,False,https://eonet.gsfc.nasa.gov/api/v3/events/EONET_11845
EONET_11732,wildfires,"Midnight Wildfire, Oglala Lakota, South Dakota",False,https://eonet.gsfc.nasa.gov/api/v3/events/EONET_11732
EONET_11718,wildfires,"Carson Six Wildfire, Harrison, Mississippi",False,https://eonet.gsfc.nasa.gov/api/v3/events/EONET_11718
EONET_11721,wildfires,"Buffalo Gap Wildfire, Golden Valley, North Dakota",False,https://eonet.gsfc.nasa.gov/api/v3/events/EONET_11721
EONET_11719,wildfires,"Cherry Creek Road Wildfire, Juab, Utah",False,https://eonet.gsfc.nasa.gov/api/v3/events/EONET_11719
EONET_11699,wildfires,Wildfire in Australia 1022738,False,https://eonet.gsfc.nasa.gov/api/v3/events/EONET_11699
EONET_11700,wildfires,Wildfire in Australia 1022739,False,https://eonet.gsfc.nasa.gov/api/v3/events/EONET_11700
EONET_11671,wildfires,"Wildfire in Mongolia, Russian Federation 1022710",False,https://eonet.gsfc.nasa.gov/api/v3/events/EONET_11671
EONET_11688,wildfires,Wildfire in Russian Federation 1022720,False,https://eonet.gsfc.nasa.gov/api/v3/events/EONET_11688
EONET_11689,wildfires,Wildfire in Mongolia 1022721,False,https://eonet.gsfc.nasa.gov/api/v3/events/EONET_11689
EONET_11701,wildfires,Wildfire in Australia 1022740,False,https://eonet.gsfc.nasa.gov/api/v3/events/EONET_11701
EONET_11702,wildfires,Wildfire in Russian Federation 1022733,False,https://eonet.gsfc.nasa.gov/api/v3/events/EONET_11702
EONET_11703,wildfires,Wildfire in Bolivia 1022734,False,https://eonet.gsfc.nasa.gov/api/v3/events/EONET_11703
EONET_11704,wildfires,Wildfire in Australia 1022735,False,https://eonet.gsfc.nasa.gov/api/v3/events/EONET_11704
EONET_11705,wildfires,Wildfire in Australia 1022736,False,https://eonet.gsfc.nasa.gov/api/v3/events/EONET_11705
EONET_11706,wildfires,Wildfire in Australia 1022737,False,https://eonet.gsfc.nasa.gov/api/v3/events/EONET_11706
EONET_11707,wildfires,Wildfire in Russian Federation 1022732,False,https://eonet.gsfc.nasa.gov/api/v3/events/EONET_11707
EONET_11672,wildfires,Wildfire in Brazil 1022711,False,https://eonet.gsfc.nasa.gov/api/v3/events/EONET_11672
EONET_11673,wildfires,Wildfire in Australia 1022703,False,https://eonet.gsfc.nasa.gov/api/v3/events/EONET_11673
EONET_11674,wildfires,Wildfire in Australia 1022704,False,https://eonet.gsfc.nasa.gov/api/v3/events/EONET_11674
EONET_11690,wildfires,Wildfire in Bolivia 1022722,False,https://eonet.gsfc.nasa.gov/api/v3/events/EONET_11690
EONET_11691,wildfires,"Wildfire in Mongolia, Russian Federation 1022723",False,https://eonet.gsfc.nasa.gov/api/v3/events/EONET_11691
EONET_11708,wildfires,Wildfire in Brazil 1022741,False,https://eonet.gsfc.nasa.gov/api/v3/events/EONET_11708
EONET_11709,wildfires,Wildfire in Australia 1022742,False,https://eonet.gsfc.nasa.gov/api/v3/events/EONET_11709
EONET_11648,wildfires,"GOR - Flood Wildfire, Pinal, Arizona",False,https://eonet.gsfc.nasa.gov/api/v3/events/EONET_11648
EONET_11655,wildfires,Wildfire in Australia 1022689,False,https://eonet.gsfc.nasa.gov/api/v3/events/EONET_11655
EONET_11656,wildfires,Wildfire in Australia 1022693,False,https://eonet.gsfc.nasa.gov/api/v3/events/EONET_11656
EONET_11675,wildfires,Wildfire in Brazil 1022705,False,https://eonet.gsfc.nasa.gov/api/v3/events/EONET_11675
EONET_11676,wildfires,Wildfire in Australia 1022712,False,https://eonet.gsfc.nasa.gov/api/v3/events/EONET_11676
EONET_11677,wildfires,Wildfire in Australia 1022709,False,https://eonet.gsfc.nasa.gov/api/v3/events/EONET_11677
EONET_11678,wildfires,Wildfire in Australia 1022699,False,https://eonet.gsfc.nasa.gov/api/v3/events/EONET_11678
EONET_11692,wildfires,Wildfire in Bolivia 1022724,False,https://eonet.gsfc.nasa.gov/api/v3/events/EONET_11692
EONET_11693,wildfires,Wildfire in Botswana 1022719,False,https://eonet.gsfc.nasa.gov/api/v3/events/EONET_11693
EONET_11694,wildfires,Wildfire in Australia 1022726,False,https://eonet.gsfc.nasa.gov/api/v3/events/EONET_11694
EONET_11710,wildfires,Wildfire in Tanzania 1022731,False,https://eonet.gsfc.nasa.gov/api/v3/events/EONET_11710
EONET_11711,wildfires,Wildfire in Tanzania 1022727,False,https://eonet.gsfc.nasa.gov/api/v3/events/EONET_11711
EONET_11712,wildfires,Wildfire in Australia 1022743,False,https://eonet.gsfc.nasa.gov/api/v3/events/EONET_11712
EONET_11713,wildfires,Wildfire in Australia 1022728,False,https://eonet.gsfc.nasa.gov/api/v3/events/EONET_11713
EONET_11633,wildfires,Wildfire in Australia 1022677,False,https://eonet.gsfc.nasa.gov/api/v3/events/EONET_11633
EONET_11634,wildfires,Wildfire in Australia 1022678,False,https://eonet.gsfc.nasa.gov/api/v3/events/EONET_11634
EONET_11635,wildfires,Wildfire in Russian Federation 1022679,False,https://eonet.gsfc.nasa.gov/api/v3/events/EONET_11635
EONET_11657,wildfires,Wildfire in Australia 1022694,False,https://eonet.gsfc.nasa.gov/api/v3/events/EONET_11657
EONET_11679,wildfires,Wildfire in Brazil 1022706,False,https://eonet.gsfc.nasa.gov/api/v3/events/EONET_11679
EONET_11680,wildfires,Wildfire in Brazil 1022700,False,https://eonet.gsfc.nasa.gov/api/v3/events/EONET_11680
EONET_11681,wildfires,Wildfire in Brazil 1022713,False,https://eonet.gsfc.nasa.gov/api/v3/events/EONET_11681
EONET_11695,wildfires,Wildfire in Mozambique 1022716,False,https://eonet.gsfc.nasa.gov/api/v3/events/EONET_11695
EONET_11696,wildfires,Wildfire in Australia 1022725,False,https://eonet.gsfc.nasa.gov/api/v3/events/EONET_11696
EONET_11714,wildfires,Wildfire in Madagascar 1022729,False,https://eonet.gsfc.nasa.gov/api/v3/events/EONET_11714
EONET_11649,wildfires,"PINE Wildfire, Deschutes, Oregon",False,https://eonet.gsfc.nasa.gov/api/v3/events/EONET_11649
EONET_11603,wildfires,Wildfire in Australia 1022643,False,https://eonet.gsfc.nasa.gov/api/v3/events/EONET_11603
EONET_11604,wildfires,Wildfire in Brazil 1022644,False,https://eonet.gsfc.nasa.gov/api/v3/events/EONET_11604
EONET_11605,wildfires,Wildfire in Australia 1022654,False,https://eonet.gsfc.nasa.gov/api/v3/events/EONET_11605
EONET_11606,wildfires,Wildfire in Australia 1022655,False,https://eonet.gsfc.nasa.gov/api/v3/events/EONET_11606
EONET_11607,wildfires,Wildfire in Australia 1022656,False,https://eonet.gsfc.nasa.gov/api/v3/events/EONET_11607
EONET_11636,wildfires,Wildfire in Australia 1022680,False,https://eonet.gsfc.nasa.gov/api/v3/events/EONET_11636
EONET_11637,wildfires,Wildfire in Australia 1022674,False,https://eonet.gsfc.nasa.gov/api/v3/events/EONET_11637
EONET_11658,wildfires,Wildfire in Australia 1022695,False,https://eonet.gsfc.nasa.gov/api/v3/events/EONET_11658
EONET_11659,wildfires,Wildfire in Australia 1022683,False,https://eonet.gsfc.nasa.gov/api/v3/events/EONET_11659
EONET_11660,wildfires,Wildfire in Botswana 1022687,False,https://eonet.gsfc.nasa.gov/api/v3/events/EONET_11660
EONET_11682,wildfires,Wildfire in Brazil 1022707,False,https://eonet.gsfc.nasa.gov/api/v3/events/EONET_11682
EONET_11683,wildfires,Wildfire in Australia 1022714,False,https://eonet.gsfc.nasa.gov/api/v3/events/EONET_11683
EONET_11684,wildfires,Wildfire in Brazil 1022715,False,https://eonet.gsfc.nasa.gov/api/v3/events/EONET_11684
EONET_11697,wildfires,Wildfire in Mozambique 1022717,False,https://eonet.gsfc.nasa.gov/api/v3/events/EONET_11697
EONET_11715,wildfires,Wildfire in Mozambique 1022730,False,https://eonet.gsfc.nasa.gov/api/v3/events/EONET_11715
EONET_11580,wildfires,Wildfire in Kazakhstan 1022616,False,https://eonet.gsfc.nasa.gov/api/v3/events/EONET_11580
EONET_11581,wildfires,Wildfire in Australia 1022619,False,https://eonet.gsfc.nasa.gov/api/v3/events/EONET_11581
EONET_11582,wildfires,Wildfire in Paraguay 1022625,False,https://eonet.gsfc.nasa.gov/api/v3/events/EONET_11582
EONET_11583,wildfires,Wildfire in Australia 1022626,False,https://eonet.gsfc.nasa.gov/api/v3/events/EONET_11583
EONET_11584,wildfires,Wildfire in Brazil 1022627,False,https://eonet.gsfc.nasa.gov/api/v3/events/EONET_11584
EONET_11585,wildfires,Wildfire in Australia 1022628,False,https://eonet.gsfc.nasa.gov/api/v3/events/EONET_11585
EONET_11586,wildfires,Wildfire in Australia 1022629,False,https://eonet.gsfc.nasa.gov/api/v3/events/EONET_11586
EONET_11587,wildfires,Wildfire in Russian Federation 1022630,False,https://eonet.gsfc.nasa.gov/api/v3/events/EONET_11587
EONET_11608,wildfires,Wildfire in Brazil 1022645,False,https://eonet.gsfc.nasa.gov/api/v3/events/EONET_11608
EONET_11609,wildfires,Wildfire in United States 1022646,False,https://eonet.gsfc.nasa.gov/api/v3/events/EONET_11609
EONET_11610,wildfires,Wildfire in Australia 1022657,False,https://eonet.gsfc.nasa.gov/api/v3/events/EONET_11610
EONET_11611,wildfires,Wildfire in Australia 1022658,False,https://eonet.gsfc.nasa.gov/api/v3/events/EONET_11611
EONET_11612,wildfires,Wildfire in Australia 1022659,False,https://eonet.gsfc.nasa.gov/api/v3/events/EONET_11612
EONET_11613,wildfires,Wildfire in Australia 1022660,False,https://eonet.gsfc.nasa.gov/api/v3/events/EONET_11613
EONET_11614,wildfires,Wildfire in Brazil 1022661,False,https://eonet.gsfc.nasa.gov/api/v3/events/EONET_11614
EONET_11615,wildfires,Wildfire in Australia 1022662,False,https://eonet.gsfc.nasa.gov/api/v3/events/EONET_11615
EONET_11616,wildfires,Wildfire in Australia 1022652,False,https://eonet.gsfc.nasa.gov/api/v3/events/EONET_11616
EONET_11638,wildfires,Wildfire in Australia 1022675,False,https://eonet.gsfc.nasa.gov/api/v3/events/EONET_11638
EONET_11639,wildfires,Wildfire in Brazil 1022668,False,https://eonet.gsfc.nasa.gov/api/v3/events/EONET_11639
EONET_11640,wildfires,Wildfire in Australia 1022669,False,https://eonet.gsfc.nasa.gov/api/v3/events/EONET_11640
EONET_11641,wildfires,Wildfire in Angola 1022671,False,https://eonet.gsfc.nasa.gov/api/v3/events/EONET_11641
EONET_11642,wildfires,Wildfire in Australia 1022681,False,https://eonet.gsfc.nasa.gov/api/v3/events/EONET_11642
EONET_11661,wildfires,Wildfire in Angola 1022688,False,https://eonet.gsfc.nasa.gov/api/v3/events/EONET_11661
EONET_11662,wildfires,Wildfire in Australia 1022684,False,https://eonet.gsfc.nasa.gov/api/v3/events/EONET_11662
EONET_11663,wildfires,Wildfire in Australia 1022696,False,https://eonet.gsfc.nasa.gov/api/v3/events/EONET_11663
EONET_11664,wildfires,Wildfire in Brazil 1022697,False,https://eonet.gsfc.nasa.gov/api/v3/events/EONET_11664
EONET_11685,wildfires,Wildfire in Australia 1022708,False,https://eonet.gsfc.nasa.gov/api/v3/events/EONET_11685
EONET_11698,wildfires,Wildfire in Mozambique 1022718,False,https://eonet.gsfc.nasa.gov/api/v3/events/EONET_11698
EONET_11540,wildfires,"Elkhorn Wildfire, McKenzie, North Dakota",False,https://eonet.gsfc.nasa.gov/api/v3/events/EONET_11540
EONET_11539,wildfires,"Sprint Creek Wildfire, McKenzie, North Dakota",False,https://eonet.gsfc.nasa.gov/api/v3/events/EONET_11539
EONET_11548,wildfires,"Bear Den Wildfire, McKenzie, North Dakota",False,https://eonet.gsfc.nasa.gov/api/v3/events/EONET_11548
EONET_11563,wildfires,Wildfire in Kazakhstan 1022599,False,https://eonet.gsfc.nasa.gov/api/v3/events/EONET_11563
EONET_11564,wildfires,Wildfire in Kazakhstan 1022600,False,https://eonet.gsfc.nasa.gov/api/v3/events/EONET_11564
EONET_11565,wildfires,Wildfire in Australia 1022604,False,https://eonet.gsfc.nasa.gov/api/v3/events/EONET_11565
EONET_11566,wildfires,Wildfire in Australia 1022605,False,https://eonet.gsfc.nasa.gov/api/v3/events/EONET_11566
EONET_11567,wildfires,Wildfire in Australia 1022611,False,https://eonet.gsfc.nasa.gov/api/v3/events/EONET_11567
EONET_11568,wildfires,Wildfire in Australia 1022612,False,https://eonet.gsfc.nasa.gov/api/v3/events/EONET_11568
EONET_11588,wildfires,Wildfire in Australia 1022620,False,https://eonet.gsfc.nasa.gov/api/v3/events/EONET_11588
EONET_11589,wildfires,Wildfire in Australia 1022621,False,https://eonet.gsfc.nasa.gov/api/v3/events/EONET_11589
EONET_11590,wildfires,Wildfire in Australia 1022617,False,https://eonet.gsfc.nasa.gov/api/v3/events/EONET_11590
EONET_11591,wildfires,Wildfire in Australia 1022631,False,https://eonet.gsfc.nasa.gov/api/v3/events/EONET_11591
EONET_11592,wildfires,Wildfire in Australia 1022632,False,https://eonet.gsfc.nasa.gov/api/v3/events/EONET_11592
EONET_11593,wildfires,Wildfire in Australia 1022633,False,https://eonet.gsfc.nasa.gov/api/v3/events/EONET_11593
EONET_11594,wildfires,Wildfire in Australia 1022634,False,https://eonet.gsfc.nasa.gov/api/v3/events/EONET_11594
EONET_11595,wildfires,Wildfire in Australia 1022635,False,https://eonet.gsfc.nasa.gov/api/v3/events/EONET_11595
EONET_11596,wildfires,Wildfire in Russian Federation 1022636,False,https://eonet.gsfc.nasa.gov/api/v3/events/EONET_11596
EONET_11597,wildfires,Wildfire in Australia 1022637,False,https://eonet.gsfc.nasa.gov/api/v3/events/EONET_11597
EONET_11617,wildfires,Wildfire in Angola 1022641,False,https://eonet.gsfc.nasa.gov/api/v3/events/EONET_11617
EONET_11618,wildfires,Wildfire in Brazil 1022653,False,https://eonet.gsfc.nasa.gov/api/v3/events/EONET_11618
EONET_11619,wildfires,Wildfire in Brazil 1022647,False,https://eonet.gsfc.nasa.gov/api/v3/events/EONET_11619
EONET_11620,wildfires,Wildfire in Australia 1022648,False,https://eonet.gsfc.nasa.gov/api/v3/events/EONET_11620
EONET_11621,wildfires,Wildfire in Australia 1022649,False,https://eonet.gsfc.nasa.gov/api/v3/events/EONET_11621
EONET_11622,wildfires,Wildfire in Paraguay 1022639,False,https://eonet.gsfc.nasa.gov/api/v3/events/EONET_11622
EONET_11623,wildfires,Wildfire in Botswana 1022640,False,https://eonet.gsfc.nasa.gov/api/v3/events/EONET_11623
EONET_11624,wildfires,Wildfire in Russian Federation 1022663,False,https://eonet.gsfc.nasa.gov/api/v3/events/EONET_11624
EONET_11625,wildfires,Wildfire in Brazil 1022664,False,https://eonet.gsfc.nasa.gov/api/v3/events/EONET_11625
EONET_11626,wildfires,Wildfire in Australia 1022665,False,https://eonet.gsfc.nasa.gov/api/v3/events/EONET_11626
EONET_11643,wildfires,Wildfire in Zambia 1022672,False,https://eonet.gsfc.nasa.gov/api/v3/events/EONET_11643
EONET_11644,wildfires,Wildfire in Australia 1022682,False,https://eonet.gsfc.nasa.gov/api/v3/events/EONET_11644
EONET_11645,wildfires,Wildfire in Brazil 1022676,False,https://eonet.gsfc.nasa.gov/api/v3/events/EONET_11645
EONET_11665,wildfires,Wildfire in Brazil 1022692,False,https://eonet.gsfc.nasa.gov/api/v3/events/EONET_11665
EONET_11666,wildfires,Wildfire in Australia 1022698,False,https://eonet.gsfc.nasa.gov/api/v3/events/EONET_11666
EONET_11667,wildfires,Wildfire in Australia 1022690,False,https://eonet.gsfc.nasa.gov/api/v3/events/EONET_11667
EONET_11668,wildfires,Wildfire in Australia 1022691,False,https://eonet.gsfc.nasa.gov/api/v3/events/EONET_11668
EONET_11669,wildfires,Wildfire in Australia 1022685,False,https://eonet.gsfc.nasa.gov/api/v3/events/EONET_11669
EONET_11670,wildfires,Wildfire in Madagascar 1022686,False,https://eonet.gsfc.nasa.gov/api/v3/events/EONET_11670
EONET_11686,wildfires,Wildfire in Australia 1022701,False,https://eonet.gsfc.nasa.gov/api/v3/events/EONET_11686
EONET_11687,wildfires,Wildfire in Angola 1022702,False,https://eonet.gsfc.nasa.gov/api/v3/events/EONET_11687
EONET_11537,wildfires,"BEAR DEN Wildfire, McKenzie, North Dakota",False,https://eonet.gsfc.nasa.gov/api/v3/events/EONET_11537
EONET_11550,wildfires,"Rx Red River 2707 Wildfire, Red River, Texas",False,https://eonet.gsfc.nasa.gov/api/v3/events/EONET_11550
EONET_11524,wildfires,Wildfire in Australia 1022587,False,https://eonet.gsfc.nasa.gov/api/v3/events/EONET_11524
EONET_11525,wildfires,Wildfire in Australia 1022588,False,https://eonet.gsfc.nasa.gov/api/v3/events/EONET_11525
EONET_11526,wildfires,Wildfire in Australia 1022589,False,https://eonet.gsfc.nasa.gov/api/v3/events/EONET_11526
EONET_11527,wildfires,Wildfire in Australia 1022592,False,https://eonet.gsfc.nasa.gov/api/v3/events/EONET_11527
EONET_11528,wildfires,Wildfire in Australia 1022593,False,https://eonet.gsfc.nasa.gov/api/v3/events/EONET_11528
EONET_11569,wildfires,Wildfire in Russian Federation 1022601,False,https://eonet.gsfc.nasa.gov/api/v3/events/EONET_11569
EONET_11570,wildfires,Wildfire in Australia 1022606,False,https://eonet.gsfc.nasa.gov/api/v3/events/EONET_11570
EONET_11571,wildfires,Wildfire in Australia 1022607,False,https://eonet.gsfc.nasa.gov/api/v3/events/EONET_11571
EONET_11572,wildfires,Wildfire in Bolivia 1022608,False,https://eonet.gsfc.nasa.gov/api/v3/events/EONET_11572
EONET_11598,wildfires,Wildfire in Brazil 1022622,False,https://eonet.gsfc.nasa.gov/api/v3/events/EONET_11598
EONET_11599,wildfires,Wildfire in Russian Federation 1022623,False,https://eonet.gsfc.nasa.gov/api/v3/events/EONET_11599
EONET_11600,wildfires,Wildfire in Australia 1022638,False,https://eonet.gsfc.nasa.gov/api/v3/events/EONET_11600
EONET_11627,wildfires,Wildfire in Mozambique 1022642,False,https://eonet.gsfc.nasa.gov/api/v3/events/EONET_11627
EONET_11628,wildfires,Wildfire in Australia 1022650,False,https://eonet.gsfc.nasa.gov/api/v3/events/EONET_11628
EONET_11629,wildfires,Wildfire in Australia 1022666,False,https://eonet.gsfc.nasa.gov/api/v3/events/EONET_11629
EONET_11630,wildfires,Wildfire in Australia 1022667,False,https://eonet.gsfc.nasa.gov/api/v3/events/EONET_11630
EONET_11646,wildfires,Wildfire in Russian Federation 1022670,False,https://eonet.gsfc.nasa.gov/api/v3/events/EONET_11646
EONET_11543,wildfires,"VALLEY Wildfire, Ada, Idaho",False,https://eonet.gsfc.nasa.gov/api/v3/events/EONET_11543
EONET_11476,wildfires,Wildfire in Paraguay 1022572,False,https://eonet.gsfc.nasa.gov/api/v3/events/EONET_11476
EONET_11529,wildfires,Wildfire in Australia 1022594,False,https://eonet.gsfc.nasa.gov/api/v3/events/EONET_11529
EONET_11530,wildfires,Wildfire in Australia 1022595,False,https://eonet.gsfc.nasa.gov/api/v3/events/EONET_11530
EONET_11531,wildfires,Wildfire in Argentina 1022596,False,https://eonet.gsfc.nasa.gov/api/v3/events/EONET_11531
EONET_11573,wildfires,Wildfire in Australia 1022613,False,https://eonet.gsfc.nasa.gov/api/v3/events/EONET_11573
EONET_11574,wildfires,Wildfire in Brazil 1022609,False,https://eonet.gsfc.nasa.gov/api/v3/events/EONET_11574
EONET_11601,wildfires,Wildfire in Australia 1022624,False,https://eonet.gsfc.nasa.gov/api/v3/events/EONET_11601
EONET_11602,wildfires,Wildfire in Mozambique 1022618,False,https://eonet.gsfc.nasa.gov/api/v3/events/EONET_11602
EONET_11631,wildfires,Wildfire in Australia 1022651,False,https://eonet.gsfc.nasa.gov/api/v3/events/EONET_11631
EONET_11647,wildfires,Wildfire in Angola 1022673,False,https://eonet.gsfc.nasa.gov/api/v3/events/EONET_11647
EONET_11477,wildfires,Wildfire in Russian Federation 1022566,False,https://eonet.gsfc.nasa.gov/api/v3/events/EONET_11477
EONET_11532,wildfires,Wildfire in Brazil 1022597,False,https://eonet.gsfc.nasa.gov/api/v3/events/EONET_11532
EONET_11552,wildfires,"Stateline Wildfire, Corson, South Dakota",False,https://eonet.gsfc.nasa.gov/api/v3/events/EONET_11552
EONET_11546,wildfires,"ROSIE Wildfire, Owyhee, Idaho",False,https://eonet.gsfc.nasa.gov/api/v3/events/EONET_11546
EONET_11478,wildfires,Wildfire in Brazil 1022567,False,https://eonet.gsfc.nasa.gov/api/v3/events/EONET_11478
EONET_11479,wildfires,Wildfire in Brazil 1022568,False,https://eonet.gsfc.nasa.gov/api/v3/events/EONET_11479
EONET_11480,wildfires,Wildfire in Bolivia 1022555,False,https://eonet.gsfc.nasa.gov/api/v3/events/EONET_11480
EONET_11481,wildfires,Wildfire in Russian Federation 1022539,False,https://eonet.gsfc.nasa.gov/api/v3/events/EONET_11481
EONET_11510,wildfires,Wildfire in Argentina 1022581,False,https://eonet.gsfc.nasa.gov/api/v3/events/EONET_11510
EONET_11511,wildfires,Wildfire in Australia 1022573,False,https://eonet.gsfc.nasa.gov/api/v3/events/EONET_11511
EONET_11512,wildfires,Wildfire in Australia 1022576,False,https://eonet.gsfc.nasa.gov/api/v3/events/EONET_11512
EONET_11513,wildfires,Wildfire in The Democratic Republic of Congo 1022584,False,https://eonet.gsfc.nasa.gov/api/v3/events/EONET_11513
EONET_11533,wildfires,Wildfire in Brazil 1022590,False,https://eonet.gsfc.nasa.gov/api/v3/events/EONET_11533
EONET_11534,wildfires,Wildfire in Brazil 1022591,False,https://eonet.gsfc.nasa.gov/api/v3/events/EONET_11534
EONET_11535,wildfires,Wildfire in Australia 1022598,False,https://eonet.gsfc.nasa.gov/api/v3/events/EONET_11535
EONET_11575,wildfires,Wildfire in Australia 1022610,False,https://eonet.gsfc.nasa.gov/api/v3/events/EONET_11575
EONET_11576,wildfires,Wildfire in Bolivia 1022614,False,https://eonet.gsfc.nasa.gov/api/v3/events/EONET_11576
EONET_11577,wildfires,Wildfire in Australia 1022615,False,https://eonet.gsfc.nasa.gov/api/v3/events/EONET_11577
EONET_11538,wildfires,"Tiger Creek Wildfire, Umatilla, Oregon",False,https://eonet.gsfc.nasa.gov/api/v3/events/EONET_11538
EONET_11555,wildfires,"Oak Creek Wildfire, Rock, Nebraska",False,https://eonet.gsfc.nasa.gov/api/v3/events/EONET_11555
EONET_11557,wildfires,"BRUI 517 RX Wildfire, Coconino, Arizona",False,https://eonet.gsfc.nasa.gov/api/v3/events/EONET_11557
EONET_11551,wildfires,"Old Woman South RX Wildfire, Sevier, Utah",False,https://eonet.gsfc.nasa.gov/api/v3/events/EONET_11551
EONET_11410,wildfires,Wildfire in Brazil 1022503,False,https://eonet.gsfc.nasa.gov/api/v3/events/EONET_11410
EONET_11449,wildfires,Wildfire in Australia 1022525,False,https://eonet.gsfc.nasa.gov/api/v3/events/EONET_11449
EONET_11450,wildfires,Wildfire in Brazil 1022531,False,https://eonet.gsfc.nasa.gov/api/v3/events/EONET_11450
EONET_11451,wildfires,Wildfire in Australia 1022532,False,https://eonet.gsfc.nasa.gov/api/v3/events/EONET_11451
EONET_11452,wildfires,Wildfire in Australia 1022533,False,https://eonet.gsfc.nasa.gov/api/v3/events/EONET_11452
EONET_11453,wildfires,Wildfire in Australia 1022534,False,https://eonet.gsfc.nasa.gov/api/v3/events/EONET_11453
EONET_11454,wildfires,Wildfire in Brazil 1022535,False,https://eonet.gsfc.nasa.gov/api/v3/events/EONET_11454
EONET_11482,wildfires,Wildfire in Australia 1022569,False,https://eonet.gsfc.nasa.gov/api/v3/events/EONET_11482
EONET_11483,wildfires,Wildfire in Australia 1022570,False,https://eonet.gsfc.nasa.gov/api/v3/events/EONET_11483
EONET_11484,wildfires,Wildfire in Brazil 1022544,False,https://eonet.gsfc.nasa.gov/api/v3/events/EONET_11484
EONET_11485,wildfires,Wildfire in Brazil 1022546,False,https://eonet.gsfc.nasa.gov/api/v3/events/EONET_11485
EONET_11486,wildfires,Wildfire in Australia 1022556,False,https://eonet.gsfc.nasa.gov/api/v3/events/EONET_11486
EONET_11487,wildfires,Wildfire in Bolivia 1022548,False,https://eonet.gsfc.nasa.gov/api/v3/events/EONET_11487
EONET_11488,wildfires,Wildfire in South Africa 1022562,False,https://eonet.gsfc.nasa.gov/api/v3/events/EONET_11488
EONET_11489,wildfires,Wildfire in South Africa 1022563,False,https://eonet.gsfc.nasa.gov/api/v3/events/EONET_11489
EONET_11490,wildfires,Wildfire in Angola 1022564,False,https://eonet.gsfc.nasa.gov/api/v3/events/EONET_11490
EONET_11491,wildfires,Wildfire in Brazil 1022545,False,https://eonet.gsfc.nasa.gov/api/v3/events/EONET_11491
EONET_11492,wildfires,Wildfire in Brazil 1022547,False,https://eonet.gsfc.nasa.gov/api/v3/events/EONET_11492
EONET_11514,wildfires,Wildfire in Australia 1022585,False,https://eonet.gsfc.nasa.gov/api/v3/events/EONET_11514
EONET_11515,wildfires,Wildfire in Brazil 1022582,False,https://eonet.gsfc.nasa.gov/api/v3/events/EONET_11515
EONET_11516,wildfires,Wildfire in Australia 1022578,False,https://eonet.gsfc.nasa.gov/api/v3/events/EONET_11516
EONET_11517,wildfires,Wildfire in Brazil 1022579,False,https://eonet.gsfc.nasa.gov/api/v3/events/EONET_11517
EONET_11518,wildfires,Wildfire in Australia 1022574,False,https://eonet.gsfc.nasa.gov/api/v3/events/EONET_11518
EONET_11519,wildfires,Wildfire in Botswana 1022577,False,https://eonet.gsfc.nasa.gov/api/v3/events/EONET_11519
EONET_11578,wildfires,Wildfire in Bolivia 1022602,False,https://eonet.gsfc.nasa.gov/api/v3/events/EONET_11578
EONET_11579,wildfires,Wildfire in Bolivia 1022603,False,https://eonet.gsfc.nasa.gov/api/v3/events/EONET_11579
EONET_11549,wildfires,"Mowitch Wildfire, Valley, Idaho",False,https://eonet.gsfc.nasa.gov/api/v3/events/EONET_11549
EONET_11560,wildfires,"Dwyer Wildfire, Platte, Wyoming",False,https://eonet.gsfc.nasa.gov/api/v3/events/EONET_11560
EONET_11411,wildfires,Wildfire in Australia 1022504,False,https://eonet.gsfc.nasa.gov/api/v3/events/EONET_11411
EONET_11412,wildfires,Wildfire in Brazil 1022505,False,https://eonet.gsfc.nasa.gov/api/v3/events/EONET_11412
EONET_11413,wildfires,Wildfire in Brazil 1022496,False,https://eonet.gsfc.nasa.gov/api/v3/events/EONET_11413
EONET_11414,wildfires,Wildfire in Australia 1022497,False,https://eonet.gsfc.nasa.gov/api/v3/events/EONET_11414
EONET_11455,wildfires,Wildfire in Bolivia 1022526,False,https://eonet.gsfc.nasa.gov/api/v3/events/EONET_11455
EONET_11456,wildfires,Wildfire in Angola 1022515,False,https://eonet.gsfc.nasa.gov/api/v3/events/EONET_11456
EONET_11493,wildfires,Wildfire in Bolivia 1022549,False,https://eonet.gsfc.nasa.gov/api/v3/events/EONET_11493
EONET_11494,wildfires,Wildfire in The Democratic Republic of Congo 1022565,False,https://eonet.gsfc.nasa.gov/api/v3/events/EONET_11494
EONET_11495,wildfires,Wildfire in Australia 1022557,False,https://eonet.gsfc.nasa.gov/api/v3/events/EONET_11495
EONET_11496,wildfires,Wildfire in Bolivia 1022550,False,https://eonet.gsfc.nasa.gov/api/v3/events/EONET_11496
EONET_11497,wildfires,Wildfire in Australia 1022558,False,https://eonet.gsfc.nasa.gov/api/v3/events/EONET_11497
EONET_11498,wildfires,Wildfire in Australia 1022571,False,https://eonet.gsfc.nasa.gov/api/v3/events/EONET_11498
EONET_11520,wildfires,Wildfire in Bolivia 1022575,False,https://eonet.gsfc.nasa.gov/api/v3/events/EONET_11520
EONET_11521,wildfires,Wildfire in Australia 1022580,False,https://eonet.gsfc.nasa.gov/api/v3/events/EONET_11521
EONET_11522,wildfires,Wildfire in Bolivia 1022583,False,https://eonet.gsfc.nasa.gov/api/v3/events/EONET_11522
EONET_11523,wildfires,Wildfire in Brazil 1022586,False,https://eonet.gsfc.nasa.gov/api/v3/events/EONET_11523
EONET_11544,wildfires,"Yellow Lake Wildfire, Wasatch, Utah",False,https://eonet.gsfc.nasa.gov/api/v3/events/EONET_11544
EONET_11381,wildfires,Wildfire in Australia 1022459,False,https://eonet.gsfc.nasa.gov/api/v3/events/EONET_11381
EONET_11382,wildfires,Wildfire in Australia 1022470,False,https://eonet.gsfc.nasa.gov/api/v3/events/EONET_11382
EONET_11383,wildfires,Wildfire in Greece 1022468,False,https://eonet.gsfc.nasa.gov/api/v3/events/EONET_11383
EONET_11415,wildfires,Wildfire in Australia 1022498,False,https://eonet.gsfc.nasa.gov/api/v3/events/EONET_11415
EONET_11416,wildfires,Wildfire in Russian Federation 1022482,False,https://eonet.gsfc.nasa.gov/api/v3/events/EONET_11416
EONET_11417,wildfires,Wildfire in Angola 1022483,False,https://eonet.gsfc.nasa.gov/api/v3/events/EONET_11417
EONET_11418,wildfires,Wildfire in Australia 1022506,False,https://eonet.gsfc.nasa.gov/api/v3/events/EONET_11418
EONET_11419,wildfires,Wildfire in Bolivia 1022507,False,https://eonet.gsfc.nasa.gov/api/v3/events/EONET_11419
EONET_11420,wildfires,Wildfire in Australia 1022508,False,https://eonet.gsfc.nasa.gov/api/v3/events/EONET_11420
EONET_11421,wildfires,Wildfire in Brazil 1022509,False,https://eonet.gsfc.nasa.gov/api/v3/events/EONET_11421
EONET_11457,wildfires,Wildfire in Russian Federation 1022516,False,https://eonet.gsfc.nasa.gov/api/v3/events/EONET_11457
EONET_11458,wildfires,Wildfire in Tanzania 1022518,False,https://eonet.gsfc.nasa.gov/api/v3/events/EONET_11458
EONET_11459,wildfires,Wildfire in Mozambique 1022519,False,https://eonet.gsfc.nasa.gov/api/v3/events/EONET_11459
EONET_11460,wildfires,Wildfire in Australia 1022530,False,https://eonet.gsfc.nasa.gov/api/v3/events/EONET_11460
EONET_11461,wildfires,Wildfire in Bolivia 1022536,False,https://eonet.gsfc.nasa.gov/api/v3/events/EONET_11461
EONET_11462,wildfires,Wildfire in Brazil 1022537,False,https://eonet.gsfc.nasa.gov/api/v3/events/EONET_11462
EONET_11463,wildfires,Wildfire in Brazil 1022538,False,https://eonet.gsfc.nasa.gov/api/v3/events/EONET_11463
EONET_11464,wildfires,Wildfire in South Africa 1022517,False,https://eonet.gsfc.nasa.gov/api/v3/events/EONET_11464
EONET_11499,wildfires,Wildfire in Mozambique 1022551,False,https://eonet.gsfc.nasa.gov/api/v3/events/EONET_11499
EONET_11500,wildfires,Wildfire in Brazil 1022559,False,https://eonet.gsfc.nasa.gov/api/v3/events/EONET_11500
EONET_11501,wildfires,Wildfire in Bolivia 1022560,False,https://eonet.gsfc.nasa.gov/api/v3/events/EONET_11501
EONET_11502,wildfires,Wildfire in Brazil 1022552,False,https://eonet.gsfc.nasa.gov/api/v3/events/EONET_11502
EONET_11503,wildfires,Wildfire in Australia 1022553,False,https://eonet.gsfc.nasa.gov/api/v3/events/EONET_11503
EONET_11504,wildfires,Wildfire in Australia 1022561,False,https://eonet.gsfc.nasa.gov/api/v3/events/EONET_11504
EONET_11505,wildfires,Wildfire in Botswana 1022540,False,https://eonet.gsfc.nasa.gov/api/v3/events/EONET_11505
EONET_11370,wildfires,Wildfire in Australia 1022445,False,https://eonet.gsfc.nasa.gov/api/v3/events/EONET_11370
EONET_11384,wildfires,Wildfire in Mozambique 1022460,False,https://eonet.gsfc.nasa.gov/api/v3/events/EONET_11384
EONET_11385,wildfires,Wildfire in Botswana 1022469,False,https://eonet.gsfc.nasa.gov/api/v3/events/EONET_11385
EONET_11386,wildfires,Wildfire in United States 1022471,False,https://eonet.gsfc.nasa.gov/api/v3/events/EONET_11386
EONET_11422,wildfires,Wildfire in Australia 1022475,False,https://eonet.gsfc.nasa.gov/api/v3/events/EONET_11422
EONET_11423,wildfires,Wildfire in Australia 1022476,False,https://eonet.gsfc.nasa.gov/api/v3/events/EONET_11423
EONET_11424,wildfires,Wildfire in Angola 1022484,False,https://eonet.gsfc.nasa.gov/api/v3/events/EONET_11424
EONET_11425,wildfires,Wildfire in Mozambique 1022486,False,https://eonet.gsfc.nasa.gov/api/v3/events/EONET_11425
EONET_11426,wildfires,Wildfire in Bolivia 1022510,False,https://eonet.gsfc.nasa.gov/api/v3/events/EONET_11426
EONET_11427,wildfires,Wildfire in South Africa 1022485,False,https://eonet.gsfc.nasa.gov/api/v3/events/EONET_11427
EONET_11465,wildfires,Wildfire in Mozambique 1022520,False,https://eonet.gsfc.nasa.gov/api/v3/events/EONET_11465
EONET_11466,wildfires,Wildfire in Brazil 1022521,False,https://eonet.gsfc.nasa.gov/api/v3/events/EONET_11466
EONET_11506,wildfires,Wildfire in Bolivia 1022554,False,https://eonet.gsfc.nasa.gov/api/v3/events/EONET_11506
EONET_11541,wildfires,"ELK Wildfire, Sheridan, Wyoming",False,https://eonet.gsfc.nasa.gov/api/v3/events/EONET_11541
EONET_11371,wildfires,Wildfire in Bolivia 1022446,False,https://eonet.gsfc.nasa.gov/api/v3/events/EONET_11371
EONET_11372,wildfires,Wildfire in Bolivia 1022440,False,https://eonet.gsfc.nasa.gov/api/v3/events/EONET_11372
EONET_11373,wildfires,Wildfire in Australia 1022441,False,https://eonet.gsfc.nasa.gov/api/v3/events/EONET_11373
EONET_11374,wildfires,Wildfire in Brazil 1022444,False,https://eonet.gsfc.nasa.gov/api/v3/events/EONET_11374
EONET_11387,wildfires,Wildfire in Australia 1022472,False,https://eonet.gsfc.nasa.gov/api/v3/events/EONET_11387
EONET_11388,wildfires,Wildfire in Australia 1022473,False,https://eonet.gsfc.nasa.gov/api/v3/events/EONET_11388
EONET_11389,wildfires,Wildfire in United States 1022461,False,https://eonet.gsfc.nasa.gov/api/v3/events/EONET_11389
EONET_11390,wildfires,Wildfire in Brazil 1022462,False,https://eonet.gsfc.nasa.gov/api/v3/events/EONET_11390
EONET_11391,wildfires,Wildfire in Australia 1022463,False,https://eonet.gsfc.nasa.gov/api/v3/events/EONET_11391
EONET_11428,wildfires,Wildfire in Mozambique 1022488,False,https://eonet.gsfc.nasa.gov/api/v3/events/EONET_11428
EONET_11429,wildfires,Wildfire in Bolivia 1022489,False,https://eonet.gsfc.nasa.gov/api/v3/events/EONET_11429
EONET_11430,wildfires,Wildfire in Bolivia 1022499,False,https://eonet.gsfc.nasa.gov/api/v3/events/EONET_11430
EONET_11431,wildfires,Wildfire in Mozambique 1022477,False,https://eonet.gsfc.nasa.gov/api/v3/events/EONET_11431
EONET_11432,wildfires,Wildfire in Bolivia 1022478,False,https://eonet.gsfc.nasa.gov/api/v3/events/EONET_11432
EONET_11433,wildfires,Wildfire in Brazil 1022487,False,https://eonet.gsfc.nasa.gov/api/v3/events/EONET_11433
EONET_11434,wildfires,Wildfire in Brazil 1022500,False,https://eonet.gsfc.nasa.gov/api/v3/events/EONET_11434
EONET_11435,wildfires,Wildfire in Bolivia 1022501,False,https://eonet.gsfc.nasa.gov/api/v3/events/EONET_11435
EONET_11436,wildfires,Wildfire in Australia 1022511,False,https://eonet.gsfc.nasa.gov/api/v3/events/EONET_11436
EONET_11467,wildfires,Wildfire in Mozambique 1022522,False,https://eonet.gsfc.nasa.gov/api/v3/events/EONET_11467
EONET_11468,wildfires,Wildfire in Mozambique 1022523,False,https://eonet.gsfc.nasa.gov/api/v3/events/EONET_11468
EONET_11469,wildfires,Wildfire in Zimbabwe 1022524,False,https://eonet.gsfc.nasa.gov/api/v3/events/EONET_11469
EONET_11470,wildfires,Wildfire in Brazil 1022527,False,https://eonet.gsfc.nasa.gov/api/v3/events/EONET_11470
EONET_11471,wildfires,Wildfire in Bolivia 1022528,False,https://eonet.gsfc.nasa.gov/api/v3/events/EONET_11471
EONET_11472,wildfires,Wildfire in Brazil 1022529,False,https://eonet.gsfc.nasa.gov/api/v3/events/EONET_11472
EONET_11507,wildfires,Wildfire in Angola 1022541,False,https://eonet.gsfc.nasa.gov/api/v3/events/EONET_11507
EONET_11508,wildfires,Wildfire in Brazil 1022542,False,https://eonet.gsfc.nasa.gov/api/v3/events/EONET_11508
EONET_11509,wildfires,Wildfire in Mozambique 1022543,False,https://eonet.gsfc.nasa.gov/api/v3/events/EONET_11509
EONET_11556,wildfires,"Lincoln Wildfire, Mellette, South Dakota",False,https://eonet.gsfc.nasa.gov/api/v3/events/EONET_11556
EONET_11326,wildfires,"LONG HOLLOW Wildfire, Whitman, Washington",False,https://eonet.gsfc.nasa.gov/api/v3/events/EONET_11326
EONET_11562,wildfires,"RX CALE C-12 Wildfire, Rapides, Louisiana",False,https://eonet.gsfc.nasa.gov/api/v3/events/EONET_11562
EONET_11352,wildfires,Wildfire in Brazil 1022430,False,https://eonet.gsfc.nasa.gov/api/v3/events/EONET_11352
EONET_11353,wildfires,Wildfire in Brazil 1022431,False,https://eonet.gsfc.nasa.gov/api/v3/events/EONET_11353
EONET_11354,wildfires,Wildfire in Brazil 1022427,False,https://eonet.gsfc.nasa.gov/api/v3/events/EONET_11354
EONET_11355,wildfires,Wildfire in Brazil 1022428,False,https://eonet.gsfc.nasa.gov/api/v3/events/EONET_11355
EONET_11356,wildfires,Wildfire in South Africa 1022420,False,https://eonet.gsfc.nasa.gov/api/v3/events/EONET_11356
EONET_11392,wildfires,Wildfire in Mozambique 1022447,False,https://eonet.gsfc.nasa.gov/api/v3/events/EONET_11392
EONET_11393,wildfires,Wildfire in Angola 1022451,False,https://eonet.gsfc.nasa.gov/api/v3/events/EONET_11393
EONET_11394,wildfires,Wildfire in Tanzania 1022452,False,https://eonet.gsfc.nasa.gov/api/v3/events/EONET_11394
EONET_11395,wildfires,Wildfire in Australia 1022474,False,https://eonet.gsfc.nasa.gov/api/v3/events/EONET_11395
EONET_11396,wildfires,Wildfire in Brazil 1022464,False,https://eonet.gsfc.nasa.gov/api/v3/events/EONET_11396
EONET_11397,wildfires,Wildfire in Australia 1022465,False,https://eonet.gsfc.nasa.gov/api/v3/events/EONET_11397
EONET_11398,wildfires,Wildfire in Brazil 1022466,False,https://eonet.gsfc.nasa.gov/api/v3/events/EONET_11398
EONET_11399,wildfires,Wildfire in Brazil 1022467,False,https://eonet.gsfc.nasa.gov/api/v3/events/EONET_11399
EONET_11437,wildfires,Wildfire in Mozambique 1022479,False,https://eonet.gsfc.nasa.gov/api/v3/events/EONET_11437
EONET_11438,wildfires,Wildfire in Australia 1022480,False,https://eonet.gsfc.nasa.gov/api/v3/events/EONET_11438
EONET_11439,wildfires,Wildfire in Brazil 1022512,False,https://eonet.gsfc.nasa.gov/api/v3/events/EONET_11439
EONET_11440,wildfires,Wildfire in Brazil 1022502,False,https://eonet.gsfc.nasa.gov/api/v3/events/EONET_11440
EONET_11441,wildfires,Wildfire in Mozambique 1022490,False,https://eonet.gsfc.nasa.gov/api/v3/events/EONET_11441
EONET_11442,wildfires,Wildfire in Angola 1022491,False,https://eonet.gsfc.nasa.gov/api/v3/events/EONET_11442
EONET_11473,wildfires,"Wildfire in Mozambique, Tanzania 1022513",False,https://eonet.gsfc.nasa.gov/api/v3/events/EONET_11473
EONET_11474,wildfires,Wildfire in Mozambique 1022514,False,https://eonet.gsfc.nasa.gov/api/v3/events/EONET_11474
EONET_11327,wildfires,"GOOSMUS Wildfire, Ferry, Washington",False,https://eonet.gsfc.nasa.gov/api/v3/events/EONET_11327
EONET_11329,wildfires,"KELLY LANE Wildfire, Yakima, Washington",False,https://eonet.gsfc.nasa.gov/api/v3/events/EONET_11329
EONET_11336,wildfires,Wildfire in South Africa 1022405,False,https://eonet.gsfc.nasa.gov/api/v3/events/EONET_11336
EONET_11337,wildfires,Wildfire in Bolivia 1022415,False,https://eonet.gsfc.nasa.gov/api/v3/events/EONET_11337
EONET_11338,wildfires,Wildfire in Brazil 1022416,False,https://eonet.gsfc.nasa.gov/api/v3/events/EONET_11338
EONET_11339,wildfires,Wildfire in Brazil 1022407,False,https://eonet.gsfc.nasa.gov/api/v3/events/EONET_11339
EONET_11357,wildfires,Wildfire in Australia 1022434,False,https://eonet.gsfc.nasa.gov/api/v3/events/EONET_11357
EONET_11358,wildfires,Wildfire in Brazil 1022435,False,https://eonet.gsfc.nasa.gov/api/v3/events/EONET_11358
EONET_11375,wildfires,Wildfire in Brazil 1022442,False,https://eonet.gsfc.nasa.gov/api/v3/events/EONET_11375
EONET_11376,wildfires,Wildfire in Brazil 1022443,False,https://eonet.gsfc.nasa.gov/api/v3/events/EONET_11376
EONET_11400,wildfires,Wildfire in Mozambique 1022448,False,https://eonet.gsfc.nasa.gov/api/v3/events/EONET_11400
EONET_11401,wildfires,Wildfire in Mozambique 1022453,False,https://eonet.gsfc.nasa.gov/api/v3/events/EONET_11401
EONET_11402,wildfires,Wildfire in Zambia 1022454,False,https://eonet.gsfc.nasa.gov/api/v3/events/EONET_11402
EONET_11443,wildfires,Wildfire in Mozambique 1022492,False,https://eonet.gsfc.nasa.gov/api/v3/events/EONET_11443
EONET_11444,wildfires,Wildfire in Zambia 1022493,False,https://eonet.gsfc.nasa.gov/api/v3/events/EONET_11444
EONET_11445,wildfires,Wildfire in Mozambique 1022494,False,https://eonet.gsfc.nasa.gov/api/v3/events/EONET_11445
EONET_11446,wildfires,Wildfire in Mozambique 1022495,False,https://eonet.gsfc.nasa.gov/api/v3/events/EONET_11446
EONET_11447,wildfires,Wildfire in Tanzania 1022481,False,https://eonet.gsfc.nasa.gov/api/v3/events/EONET_11447
EONET_11305,wildfires,Wildfire in Tanzania 1022386,False,https://eonet.gsfc.nasa.gov/api/v3/events/EONET_11305
EONET_11306,wildfires,Wildfire in Bolivia 1022400,False,https://eonet.gsfc.nasa.gov/api/v3/events/EONET_11306
EONET_11307,wildfires,Wildfire in Australia 1022401,False,https://eonet.gsfc.nasa.gov/api/v3/events/EONET_11307
EONET_11308,wildfires,Wildfire in Australia 1022402,False,https://eonet.gsfc.nasa.gov/api/v3/events/EONET_11308
EONET_11340,wildfires,Wildfire in Brazil 1022409,False,https://eonet.gsfc.nasa.gov/api/v3/events/EONET_11340
EONET_11341,wildfires,Wildfire in Bolivia 1022408,False,https://eonet.gsfc.nasa.gov/api/v3/events/EONET_11341
EONET_11359,wildfires,Wildfire in Tanzania 1022419,False,https://eonet.gsfc.nasa.gov/api/v3/events/EONET_11359
EONET_11360,wildfires,Wildfire in South Africa 1022421,False,https://eonet.gsfc.nasa.gov/api/v3/events/EONET_11360
EONET_11361,wildfires,Wildfire in South Africa 1022422,False,https://eonet.gsfc.nasa.gov/api/v3/events/EONET_11361
EONET_11362,wildfires,Wildfire in Zambia 1022429,False,https://eonet.gsfc.nasa.gov/api/v3/events/EONET_11362
EONET_11377,wildfires,Wildfire in Angola 1022437,False,https://eonet.gsfc.nasa.gov/api/v3/events/EONET_11377
EONET_11403,wildfires,Wildfire in Mozambique 1022455,False,https://eonet.gsfc.nasa.gov/api/v3/events/EONET_11403
EONET_11404,wildfires,Wildfire in Zambia 1022456,False,https://eonet.gsfc.nasa.gov/api/v3/events/EONET_11404
EONET_11405,wildfires,Wildfire in Mozambique 1022457,False,https://eonet.gsfc.nasa.gov/api/v3/events/EONET_11405
EONET_11406,wildfires,Wildfire in Mozambique 1022458,False,https://eonet.gsfc.nasa.gov/api/v3/events/EONET_11406
EONET_11407,wildfires,Wildfire in Madagascar 1022449,False,https://eonet.gsfc.nasa.gov/api/v3/events/EONET_11407
EONET_11408,wildfires,Wildfire in Zambia 1022450,False,https://eonet.gsfc.nasa.gov/api/v3/events/EONET_11408
EONET_11332,wildfires,"Post Oak and Rogers Lane Fire Wildfire, Comanche, Oklahoma",False,https://eonet.gsfc.nasa.gov/api/v3/events/EONET_11332
EONET_11342,wildfires,Wildfire in Brazil 1022417,False,https://eonet.gsfc.nasa.gov/api/v3/events/EONET_11342
EONET_11363,wildfires,Wildfire in South Africa 1022425,False,https://eonet.gsfc.nasa.gov/api/v3/events/EONET_11363
EONET_11364,wildfires,Wildfire in South Africa 1022423,False,https://eonet.gsfc.nasa.gov/api/v3/events/EONET_11364
EONET_11365,wildfires,Wildfire in South Africa 1022424,False,https://eonet.gsfc.nasa.gov/api/v3/events/EONET_11365
EONET_11366,wildfires,Wildfire in Brazil 1022436,False,https://eonet.gsfc.nasa.gov/api/v3/events/EONET_11366
EONET_11367,wildfires,Wildfire in Brazil 1022432,False,https://eonet.gsfc.nasa.gov/api/v3/events/EONET_11367
EONET_11368,wildfires,Wildfire in Brazil 1022433,False,https://eonet.gsfc.nasa.gov/api/v3/events/EONET_11368
EONET_11378,wildfires,Wildfire in Angola 1022438,False,https://eonet.gsfc.nasa.gov/api/v3/events/EONET_11378
EONET_11379,wildfires,Wildfire in Tanzania 1022439,False,https://eonet.gsfc.nasa.gov/api/v3/events/EONET_11379
EONET_11333,wildfires,"ANIMAL Wildfire, Jefferson, Oklahoma",False,https://eonet.gsfc.nasa.gov/api/v3/events/EONET_11333
EONET_11266,wildfires,Wildfire in Australia 1022358,False,https://eonet.gsfc.nasa.gov/api/v3/events/EONET_11266
EONET_11267,wildfires,Wildfire in Brazil 1022350,False,https://eonet.gsfc.nasa.gov/api/v3/events/EONET_11267
EONET_11268,wildfires,Wildfire in Australia 1022351,False,https://eonet.gsfc.nasa.gov/api/v3/events/EONET_11268
EONET_11278,wildfires,Wildfire in Tanzania 1022361,False,https://eonet.gsfc.nasa.gov/api/v3/events/EONET_11278
EONET_11279,wildfires,Wildfire in Australia 1022362,False,https://eonet.gsfc.nasa.gov/api/v3/events/EONET_11279
EONET_11280,wildfires,Wildfire in Brazil 1022366,False,https://eonet.gsfc.nasa.gov/api/v3/events/EONET_11280
EONET_11281,wildfires,Wildfire in Brazil 1022367,False,https://eonet.gsfc.nasa.gov/api/v3/events/EONET_11281
EONET_11309,wildfires,Wildfire in Brazil 1022393,False,https://eonet.gsfc.nasa.gov/api/v3/events/EONET_11309
EONET_11310,wildfires,Wildfire in Brazil 1022394,False,https://eonet.gsfc.nasa.gov/api/v3/events/EONET_11310
EONET_11343,wildfires,Wildfire in Mozambique 1022406,False,https://eonet.gsfc.nasa.gov/api/v3/events/EONET_11343
EONET_11344,wildfires,Wildfire in Australia 1022418,False,https://eonet.gsfc.nasa.gov/api/v3/events/EONET_11344
EONET_11345,wildfires,Wildfire in Russian Federation 1022412,False,https://eonet.gsfc.nasa.gov/api/v3/events/EONET_11345
EONET_11346,wildfires,Wildfire in Brazil 1022413,False,https://eonet.gsfc.nasa.gov/api/v3/events/EONET_11346
EONET_11347,wildfires,Wildfire in Brazil 1022410,False,https://eonet.gsfc.nasa.gov/api/v3/events/EONET_11347
EONET_11328,wildfires,"Brigade Wildfire, Coconino, Arizona",False,https://eonet.gsfc.nasa.gov/api/v3/events/EONET_11328
EONET_11244,wildfires,Wildfire in Brazil 1022337,False,https://eonet.gsfc.nasa.gov/api/v3/events/EONET_11244
EONET_11245,wildfires,Wildfire in Brazil 1022338,False,https://eonet.gsfc.nasa.gov/api/v3/events/EONET_11245
EONET_11269,wildfires,Wildfire in Brazil 1022359,False,https://eonet.gsfc.nasa.gov/api/v3/events/EONET_11269
EONET_11270,wildfires,Wildfire in Bolivia 1022352,False,https://eonet.gsfc.nasa.gov/api/v3/events/EONET_11270
EONET_11282,wildfires,Wildfire in Angola 1022363,False,https://eonet.gsfc.nasa.gov/api/v3/events/EONET_11282
EONET_11283,wildfires,Wildfire in Brazil 1022368,False,https://eonet.gsfc.nasa.gov/api/v3/events/EONET_11283
EONET_11284,wildfires,Wildfire in Bolivia 1022369,False,https://eonet.gsfc.nasa.gov/api/v3/events/EONET_11284
EONET_11285,wildfires,Wildfire in Brazil 1022370,False,https://eonet.gsfc.nasa.gov/api/v3/events/EONET_11285
EONET_11286,wildfires,Wildfire in Australia 1022375,False,https://eonet.gsfc.nasa.gov/api/v3/events/EONET_11286
EONET_11287,wildfires,Wildfire in Brazil 1022376,False,https://eonet.gsfc.nasa.gov/api/v3/events/EONET_11287
EONET_11311,wildfires,Wildfire in Brazil 1022397,False,https://eonet.gsfc.nasa.gov/api/v3/events/EONET_11311
EONET_11312,wildfires,Wildfire in The Democratic Republic of Congo 1022387,False,https://eonet.gsfc.nasa.gov/api/v3/events/EONET_11312
EONET_11313,wildfires,Wildfire in Brazil 1022395,False,https://eonet.gsfc.nasa.gov/api/v3/events/EONET_11313
EONET_11314,wildfires,Wildfire in Brazil 1022396,False,https://eonet.gsfc.nasa.gov/api/v3/events/EONET_11314
EONET_11315,wildfires,Wildfire in Brazil 1022403,False,https://eonet.gsfc.nasa.gov/api/v3/events/EONET_11315
EONET_11348,wildfires,Wildfire in Brazil 1022411,False,https://eonet.gsfc.nasa.gov/api/v3/events/EONET_11348
EONET_11349,wildfires,Wildfire in Brazil 1022414,False,https://eonet.gsfc.nasa.gov/api/v3/events/EONET_11349
EONET_11369,wildfires,Wildfire in Angola 1022426,False,https://eonet.gsfc.nasa.gov/api/v3/events/EONET_11369
EONET_11334,wildfires,"Thompson Hill Wildfire, Comanche, Oklahoma",False,https://eonet.gsfc.nasa.gov/api/v3/events/EONET_11334
EONET_11335,wildfires,"BAER BRIDGE Wildfire, Los Angeles, California",False,https://eonet.gsfc.nasa.gov/api/v3/events/EONET_11335
EONET_11191,wildfires,Wildfire in Brazil 1022297,False,https://eonet.gsfc.nasa.gov/api/v3/events/EONET_11191
EONET_11216,wildfires,Wildfire in Australia 1022306,False,https://eonet.gsfc.nasa.gov/api/v3/events/EONET_11216
EONET_11246,wildfires,Wildfire in Angola 1022328,False,https://eonet.gsfc.nasa.gov/api/v3/events/EONET_11246
EONET_11247,wildfires,Wildfire in Brazil 1022342,False,https://eonet.gsfc.nasa.gov/api/v3/events/EONET_11247
EONET_11248,wildfires,Wildfire in Australia 1022343,False,https://eonet.gsfc.nasa.gov/api/v3/events/EONET_11248
EONET_11249,wildfires,"Wildfire in Namibia, Botswana 1022329",False,https://eonet.gsfc.nasa.gov/api/v3/events/EONET_11249
EONET_11271,wildfires,Wildfire in Brazil 1022353,False,https://eonet.gsfc.nasa.gov/api/v3/events/EONET_11271
EONET_11272,wildfires,Wildfire in Brazil 1022354,False,https://eonet.gsfc.nasa.gov/api/v3/events/EONET_11272
EONET_11273,wildfires,Wildfire in Brazil 1022355,False,https://eonet.gsfc.nasa.gov/api/v3/events/EONET_11273
EONET_11288,wildfires,Wildfire in Angola 1022364,False,https://eonet.gsfc.nasa.gov/api/v3/events/EONET_11288
EONET_11289,wildfires,Wildfire in Australia 1022377,False,https://eonet.gsfc.nasa.gov/api/v3/events/EONET_11289
EONET_11290,wildfires,Wildfire in Bolivia 1022378,False,https://eonet.gsfc.nasa.gov/api/v3/events/EONET_11290
EONET_11291,wildfires,Wildfire in Bolivia 1022379,False,https://eonet.gsfc.nasa.gov/api/v3/events/EONET_11291
EONET_11292,wildfires,Wildfire in Brazil 1022371,False,https://eonet.gsfc.nasa.gov/api/v3/events/EONET_11292
EONET_11293,wildfires,Wildfire in Brazil 1022372,False,https://eonet.gsfc.nasa.gov/api/v3/events/EONET_11293
EONET_11294,wildfires,Wildfire in Brazil 1022373,False,https://eonet.gsfc.nasa.gov/api/v3/events/EONET_11294
EONET_11316,wildfires,Wildfire in Angola 1022388,False,https://eonet.gsfc.nasa.gov/api/v3/events/EONET_11316
EONET_11317,wildfires,Wildfire in Angola 1022389,False,https://eonet.gsfc.nasa.gov/api/v3/events/EONET_11317
EONET_11318,wildfires,Wildfire in Brazil 1022404,False,https://eonet.gsfc.nasa.gov/api/v3/events/EONET_11318
EONET_11319,wildfires,Wildfire in Brazil 1022390,False,https://eonet.gsfc.nasa.gov/api/v3/events/EONET_11319
EONET_11320,wildfires,Wildfire in Brazil 1022391,False,https://eonet.gsfc.nasa.gov/api/v3/events/EONET_11320
EONET_11321,wildfires,Wildfire in Bolivia 1022398,False,https://eonet.gsfc.nasa.gov/api/v3/events/EONET_11321
EONET_11322,wildfires,Wildfire in Bolivia 1022399,False,https://eonet.gsfc.nasa.gov/api/v3/events/EONET_11322
EONET_11192,wildfires,Wildfire in Botswana 1022292,False,https://eonet.gsfc.nasa.gov/api/v3/events/EONET_11192
EONET_11217,wildfires,Wildfire in Argentina 1022307,False,https://eonet.gsfc.nasa.gov/api/v3/events/EONET_11217
EONET_11218,wildfires,Wildfire in Brazil 1022308,False,https://eonet.gsfc.nasa.gov/api/v3/events/EONET_11218
EONET_11219,wildfires,Wildfire in Australia 1022309,False,https://eonet.gsfc.nasa.gov/api/v3/events/EONET_11219
EONET_11220,wildfires,Wildfire in Brazil 1022319,False,https://eonet.gsfc.nasa.gov/api/v3/events/EONET_11220
EONET_11221,wildfires,Wildfire in Brazil 1022320,False,https://eonet.gsfc.nasa.gov/api/v3/events/EONET_11221
EONET_11222,wildfires,Wildfire in Brazil 1022321,False,https://eonet.gsfc.nasa.gov/api/v3/events/EONET_11222
EONET_11223,wildfires,Wildfire in Bolivia 1022315,False,https://eonet.gsfc.nasa.gov/api/v3/events/EONET_11223
EONET_11250,wildfires,Wildfire in Angola 1022330,False,https://eonet.gsfc.nasa.gov/api/v3/events/EONET_11250
EONET_11251,wildfires,Wildfire in Angola 1022331,False,https://eonet.gsfc.nasa.gov/api/v3/events/EONET_11251
EONET_11252,wildfires,Wildfire in Bolivia 1022344,False,https://eonet.gsfc.nasa.gov/api/v3/events/EONET_11252
EONET_11253,wildfires,Wildfire in Brazil 1022345,False,https://eonet.gsfc.nasa.gov/api/v3/events/EONET_11253
EONET_11274,wildfires,Wildfire in Argentina 1022360,False,https://eonet.gsfc.nasa.gov/api/v3/events/EONET_11274
EONET_11275,wildfires,Wildfire in Brazil 1022356,False,https://eonet.gsfc.nasa.gov/api/v3/events/EONET_11275
EONET_11295,wildfires,Wildfire in Brazil 1022374,False,https://eonet.gsfc.nasa.gov/api/v3/events/EONET_11295
EONET_11296,wildfires,Wildfire in Russian Federation 1022380,False,https://eonet.gsfc.nasa.gov/api/v3/events/EONET_11296
EONET_11297,wildfires,Wildfire in Brazil 1022381,False,https://eonet.gsfc.nasa.gov/api/v3/events/EONET_11297
EONET_11298,wildfires,Wildfire in Brazil 1022382,False,https://eonet.gsfc.nasa.gov/api/v3/events/EONET_11298
EONET_11299,wildfires,Wildfire in Bolivia 1022383,False,https://eonet.gsfc.nasa.gov/api/v3/events/EONET_11299
EONET_11300,wildfires,Wildfire in Brazil 1022384,False,https://eonet.gsfc.nasa.gov/api/v3/events/EONET_11300
EONET_11301,wildfires,Wildfire in Australia 1022385,False,https://eonet.gsfc.nasa.gov/api/v3/events/EONET_11301
EONET_11302,wildfires,"Wildfire in Namibia, Botswana 1022365",False,https://eonet.gsfc.nasa.gov/api/v3/events/EONET_11302
EONET_11323,wildfires,Wildfire in Angola 1022392,False,https://eonet.gsfc.nasa.gov/api/v3/events/EONET_11323
EONET_11185,wildfires,"Livingston Draw Wildfire, Johnson, Wyoming",False,https://eonet.gsfc.nasa.gov/api/v3/events/EONET_11185
EONET_11161,wildfires,Wildfire in Botswana 1022259,False,https://eonet.gsfc.nasa.gov/api/v3/events/EONET_11161
EONET_11162,wildfires,Wildfire in Botswana 1022273,False,https://eonet.gsfc.nasa.gov/api/v3/events/EONET_11162
EONET_11193,wildfires,Wildfire in Australia 1022298,False,https://eonet.gsfc.nasa.gov/api/v3/events/EONET_11193
EONET_11194,wildfires,Wildfire in Botswana 1022279,False,https://eonet.gsfc.nasa.gov/api/v3/events/EONET_11194
EONET_11195,wildfires,Wildfire in Brazil 1022293,False,https://eonet.gsfc.nasa.gov/api/v3/events/EONET_11195
EONET_11196,wildfires,Wildfire in Botswana 1022294,False,https://eonet.gsfc.nasa.gov/api/v3/events/EONET_11196
EONET_11197,wildfires,Wildfire in South Africa 1022295,False,https://eonet.gsfc.nasa.gov/api/v3/events/EONET_11197
EONET_11198,wildfires,Wildfire in Argentina 1022288,False,https://eonet.gsfc.nasa.gov/api/v3/events/EONET_11198
EONET_11199,wildfires,Wildfire in Argentina 1022289,False,https://eonet.gsfc.nasa.gov/api/v3/events/EONET_11199
EONET_11200,wildfires,Wildfire in Botswana 1022280,False,https://eonet.gsfc.nasa.gov/api/v3/events/EONET_11200
EONET_11201,wildfires,Wildfire in Botswana 1022281,False,https://eonet.gsfc.nasa.gov/api/v3/events/EONET_11201
EONET_11202,wildfires,Wildfire in Botswana 1022282,False,https://eonet.gsfc.nasa.gov/api/v3/events/EONET_11202
EONET_11224,wildfires,Wildfire in Brazil 1022322,False,https://eonet.gsfc.nasa.gov/api/v3/events/EONET_11224
EONET_11225,wildfires,Wildfire in Brazil 1022310,False,https://eonet.gsfc.nasa.gov/api/v3/events/EONET_11225
EONET_11226,wildfires,Wildfire in Australia 1022311,False,https://eonet.gsfc.nasa.gov/api/v3/events/EONET_11226
EONET_11227,wildfires,Wildfire in Botswana 1022300,False,https://eonet.gsfc.nasa.gov/api/v3/events/EONET_11227
EONET_11228,wildfires,Wildfire in Australia 1022302,False,https://eonet.gsfc.nasa.gov/api/v3/events/EONET_11228
EONET_11229,wildfires,Wildfire in Bolivia 1022316,False,https://eonet.gsfc.nasa.gov/api/v3/events/EONET_11229
EONET_11230,wildfires,Wildfire in Bolivia 1022317,False,https://eonet.gsfc.nasa.gov/api/v3/events/EONET_11230
EONET_11254,wildfires,Wildfire in Brazil 1022346,False,https://eonet.gsfc.nasa.gov/api/v3/events/EONET_11254
EONET_11255,wildfires,Wildfire in Bolivia 1022347,False,https://eonet.gsfc.nasa.gov/api/v3/events/EONET_11255
EONET_11256,wildfires,Wildfire in Bolivia 1022339,False,https://eonet.gsfc.nasa.gov/api/v3/events/EONET_11256
EONET_11257,wildfires,Wildfire in Brazil 1022340,False,https://eonet.gsfc.nasa.gov/api/v3/events/EONET_11257
EONET_11258,wildfires,Wildfire in Angola 1022332,False,https://eonet.gsfc.nasa.gov/api/v3/events/EONET_11258
EONET_11276,wildfires,Wildfire in Brazil 1022357,False,https://eonet.gsfc.nasa.gov/api/v3/events/EONET_11276
EONET_11277,wildfires,Wildfire in Australia 1022349,False,https://eonet.gsfc.nasa.gov/api/v3/events/EONET_11277
EONET_11107,wildfires,Wildfire in Portugal 1022225,False,https://eonet.gsfc.nasa.gov/api/v3/events/EONET_11107
EONET_11108,wildfires,Wildfire in Portugal 1022226,False,https://eonet.gsfc.nasa.gov/api/v3/events/EONET_11108
EONET_11138,wildfires,Wildfire in Brazil 1022247,False,https://eonet.gsfc.nasa.gov/api/v3/events/EONET_11138
EONET_11139,wildfires,Wildfire in Botswana 1022231,False,https://eonet.gsfc.nasa.gov/api/v3/events/EONET_11139
EONET_11163,wildfires,Wildfire in Portugal 1022260,False,https://eonet.gsfc.nasa.gov/api/v3/events/EONET_11163
EONET_11164,wildfires,Wildfire in Botswana 1022261,False,https://eonet.gsfc.nasa.gov/api/v3/events/EONET_11164
EONET_11165,wildfires,Wildfire in Brazil 1022276,False,https://eonet.gsfc.nasa.gov/api/v3/events/EONET_11165
EONET_11166,wildfires,Wildfire in Australia 1022277,False,https://eonet.gsfc.nasa.gov/api/v3/events/EONET_11166
EONET_11203,wildfires,Wildfire in Botswana 1022283,False,https://eonet.gsfc.nasa.gov/api/v3/events/EONET_11203
EONET_11204,wildfires,Wildfire in Australia 1022290,False,https://eonet.gsfc.nasa.gov/api/v3/events/EONET_11204
EONET_11205,wildfires,Wildfire in Botswana 1022296,False,https://eonet.gsfc.nasa.gov/api/v3/events/EONET_11205
EONET_11231,wildfires,Wildfire in Bolivia 1022318,False,https://eonet.gsfc.nasa.gov/api/v3/events/EONET_11231
EONET_11232,wildfires,Wildfire in Bolivia 1022312,False,https://eonet.gsfc.nasa.gov/api/v3/events/EONET_11232
EONET_11233,wildfires,Wildfire in Brazil 1022314,False,https://eonet.gsfc.nasa.gov/api/v3/events/EONET_11233
EONET_11234,wildfires,Wildfire in Bolivia 1022323,False,https://eonet.gsfc.nasa.gov/api/v3/events/EONET_11234
EONET_11235,wildfires,Wildfire in Brazil 1022324,False,https://eonet.gsfc.nasa.gov/api/v3/events/EONET_11235
EONET_11236,wildfires,Wildfire in Bolivia 1022313,False,https://eonet.gsfc.nasa.gov/api/v3/events/EONET_11236
EONET_11259,wildfires,Wildfire in Brazil 1022333,False,https://eonet.gsfc.nasa.gov/api/v3/events/EONET_11259
EONET_11260,wildfires,Wildfire in Angola 1022334,False,https://eonet.gsfc.nasa.gov/api/v3/events/EONET_11260
EONET_11261,wildfires,Wildfire in Angola 1022335,False,https://eonet.gsfc.nasa.gov/api/v3/events/EONET_11261
EONET_11262,wildfires,Wildfire in Australia 1022341,False,https://eonet.gsfc.nasa.gov/api/v3/events/EONET_11262
EONET_11263,wildfires,Wildfire in Australia 1022348,False,https://eonet.gsfc.nasa.gov/api/v3/events/EONET_11263
EONET_11187,wildfires,"Prairie Canyon Wildfire, Grand, Utah",False,https://eonet.gsfc.nasa.gov/api/v3/events/EONET_11187
EONET_11102,wildfires,"Homestead Wildfire, Sheridan, Montana",False,https://eonet.gsfc.nasa.gov/api/v3/events/EONET_11102
EONET_11140,wildfires,Wildfire in Portugal 1022232,False,https://eonet.gsfc.nasa.gov/api/v3/events/EONET_11140
EONET_11141,wildfires,Wildfire in Portugal 1022233,False,https://eonet.gsfc.nasa.gov/api/v3/events/EONET_11141
EONET_11142,wildfires,Wildfire in Namibia 1022234,False,https://eonet.gsfc.nasa.gov/api/v3/events/EONET_11142
EONET_11143,wildfires,Wildfire in Brazil 1022248,False,https://eonet.gsfc.nasa.gov/api/v3/events/EONET_11143
EONET_11144,wildfires,Wildfire in Portugal 1022250,False,https://eonet.gsfc.nasa.gov/api/v3/events/EONET_11144
EONET_11167,wildfires,Wildfire in Bolivia 1022274,False,https://eonet.gsfc.nasa.gov/api/v3/events/EONET_11167
EONET_11168,wildfires,Wildfire in Brazil 1022275,False,https://eonet.gsfc.nasa.gov/api/v3/events/EONET_11168
EONET_11169,wildfires,Wildfire in Brazil 1022272,False,https://eonet.gsfc.nasa.gov/api/v3/events/EONET_11169
EONET_11170,wildfires,Wildfire in Brazil 1022268,False,https://eonet.gsfc.nasa.gov/api/v3/events/EONET_11170
EONET_11171,wildfires,Wildfire in Brazil 1022269,False,https://eonet.gsfc.nasa.gov/api/v3/events/EONET_11171
EONET_11172,wildfires,Wildfire in Brazil 1022270,False,https://eonet.gsfc.nasa.gov/api/v3/events/EONET_11172
EONET_11206,wildfires,Wildfire in Australia 1022299,False,https://eonet.gsfc.nasa.gov/api/v3/events/EONET_11206
EONET_11207,wildfires,Wildfire in Brazil 1022291,False,https://eonet.gsfc.nasa.gov/api/v3/events/EONET_11207
EONET_11208,wildfires,Wildfire in Mozambique 1022284,False,https://eonet.gsfc.nasa.gov/api/v3/events/EONET_11208
EONET_11237,wildfires,Wildfire in Mozambique 1022303,False,https://eonet.gsfc.nasa.gov/api/v3/events/EONET_11237
EONET_11238,wildfires,Wildfire in Angola 1022304,False,https://eonet.gsfc.nasa.gov/api/v3/events/EONET_11238
EONET_11239,wildfires,Wildfire in Brazil 1022325,False,https://eonet.gsfc.nasa.gov/api/v3/events/EONET_11239
EONET_11240,wildfires,Wildfire in Australia 1022326,False,https://eonet.gsfc.nasa.gov/api/v3/events/EONET_11240
EONET_11241,wildfires,Wildfire in Russian Federation 1022327,False,https://eonet.gsfc.nasa.gov/api/v3/events/EONET_11241
EONET_11264,wildfires,Wildfire in Mozambique 1022336,False,https://eonet.gsfc.nasa.gov/api/v3/events/EONET_11264
EONET_11109,wildfires,Wildfire in Portugal 1022227,False,https://eonet.gsfc.nasa.gov/api/v3/events/EONET_11109
EONET_11110,wildfires,Wildfire in Zimbabwe 1022206,False,https://eonet.gsfc.nasa.gov/api/v3/events/EONET_11110
EONET_11111,wildfires,Wildfire in Botswana 1022207,False,https://eonet.gsfc.nasa.gov/api/v3/events/EONET_11111
EONET_11112,wildfires,Wildfire in Bolivia 1022222,False,https://eonet.gsfc.nasa.gov/api/v3/events/EONET_11112
EONET_11145,wildfires,"Wildfire in Ukraine, Russian Federation 1022230",False,https://eonet.gsfc.nasa.gov/api/v3/events/EONET_11145
EONET_11173,wildfires,Wildfire in Mozambique 1022255,False,https://eonet.gsfc.nasa.gov/api/v3/events/EONET_11173
EONET_11174,wildfires,Wildfire in Tanzania 1022254,False,https://eonet.gsfc.nasa.gov/api/v3/events/EONET_11174
EONET_11209,wildfires,Wildfire in Mozambique 1022278,False,https://eonet.gsfc.nasa.gov/api/v3/events/EONET_11209
EONET_11242,wildfires,Wildfire in Mozambique 1022305,False,https://eonet.gsfc.nasa.gov/api/v3/events/EONET_11242
EONET_11243,wildfires,Wildfire in Mozambique 1022301,False,https://eonet.gsfc.nasa.gov/api/v3/events/EONET_11243
EONET_11059,wildfires,Wildfire in Brazil 1022172,False,https://eonet.gsfc.nasa.gov/api/v3/events/EONET_11059
EONET_11060,wildfires,Wildfire in Australia 1022173,False,https://eonet.gsfc.nasa.gov/api/v3/events/EONET_11060
EONET_11079,wildfires,Wildfire in Australia 1022188,False,https://eonet.gsfc.nasa.gov/api/v3/events/EONET_11079
EONET_11080,wildfires,Wildfire in Brazil 1022195,False,https://eonet.gsfc.nasa.gov/api/v3/events/EONET_11080
EONET_11113,wildfires,Wildfire in Brazil 1022223,False,https://eonet.gsfc.nasa.gov/api/v3/events/EONET_11113
EONET_11114,wildfires,Wildfire in Namibia 1022209,False,https://eonet.gsfc.nasa.gov/api/v3/events/EONET_11114
EONET_11115,wildfires,Wildfire in Zambia 1022208,False,https://eonet.gsfc.nasa.gov/api/v3/events/EONET_11115
EONET_11116,wildfires,Wildfire in Zambia 1022210,False,https://eonet.gsfc.nasa.gov/api/v3/events/EONET_11116
EONET_11117,wildfires,Wildfire in Tanzania 1022199,False,https://eonet.gsfc.nasa.gov/api/v3/events/EONET_11117
EONET_11146,wildfires,Wildfire in Zambia 1022236,False,https://eonet.gsfc.nasa.gov/api/v3/events/EONET_11146
EONET_11147,wildfires,Wildfire in Portugal 1022251,False,https://eonet.gsfc.nasa.gov/api/v3/events/EONET_11147
EONET_11148,wildfires,Wildfire in Brazil 1022249,False,https://eonet.gsfc.nasa.gov/api/v3/events/EONET_11148
EONET_11149,wildfires,Wildfire in Portugal 1022235,False,https://eonet.gsfc.nasa.gov/api/v3/events/EONET_11149
EONET_11150,wildfires,Wildfire in The Democratic Republic of Congo 1022237,False,https://eonet.gsfc.nasa.gov/api/v3/events/EONET_11150
EONET_11175,wildfires,Wildfire in Brazil 1022271,False,https://eonet.gsfc.nasa.gov/api/v3/events/EONET_11175
EONET_11176,wildfires,Wildfire in Mozambique 1022256,False,https://eonet.gsfc.nasa.gov/api/v3/events/EONET_11176
EONET_11177,wildfires,Wildfire in Mozambique 1022262,False,https://eonet.gsfc.nasa.gov/api/v3/events/EONET_11177
EONET_11210,wildfires,Wildfire in Angola 1022285,False,https://eonet.gsfc.nasa.gov/api/v3/events/EONET_11210
EONET_11211,wildfires,Wildfire in Mozambique 1022286,False,https://eonet.gsfc.nasa.gov/api/v3/events/EONET_11211
EONET_11212,wildfires,Wildfire in Mozambique 1022287,False,https://eonet.gsfc.nasa.gov/api/v3/events/EONET_11212
EONET_11104,wildfires,"Manderson Wildfire, Oglala Lakota, South Dakota",False,https://eonet.gsfc.nasa.gov/api/v3/events/EONET_11104
EONET_11103,wildfires,"La Bonte Wildfire, Converse, Wyoming",False,https://eonet.gsfc.nasa.gov/api/v3/events/EONET_11103
EONET_11021,wildfires,"Manderson Wildfire, Oglala Lakota, South Dakota",False,https://eonet.gsfc.nasa.gov/api/v3/events/EONET_11021
EONET_11028,wildfires,Wildfire in Bolivia 1022139,False,https://eonet.gsfc.nasa.gov/api/v3/events/EONET_11028
EONET_11029,wildfires,Wildfire in Brazil 1022146,False,https://eonet.gsfc.nasa.gov/api/v3/events/EONET_11029
EONET_11030,wildfires,Wildfire in Brazil 1022147,False,https://eonet.gsfc.nasa.gov/api/v3/events/EONET_11030
EONET_11061,wildfires,Wildfire in Australia 1022166,False,https://eonet.gsfc.nasa.gov/api/v3/events/EONET_11061
EONET_11062,wildfires,Wildfire in Angola 1022171,False,https://eonet.gsfc.nasa.gov/api/v3/events/EONET_11062
EONET_11063,wildfires,Wildfire in Bolivia 1022165,False,https://eonet.gsfc.nasa.gov/api/v3/events/EONET_11063
EONET_11081,wildfires,Wildfire in Tanzania 1022177,False,https://eonet.gsfc.nasa.gov/api/v3/events/EONET_11081
EONET_11082,wildfires,Wildfire in Tanzania 1022178,False,https://eonet.gsfc.nasa.gov/api/v3/events/EONET_11082
EONET_11083,wildfires,Wildfire in Namibia 1022179,False,https://eonet.gsfc.nasa.gov/api/v3/events/EONET_11083
EONET_11084,wildfires,Wildfire in Australia 1022196,False,https://eonet.gsfc.nasa.gov/api/v3/events/EONET_11084
EONET_11085,wildfires,Wildfire in Russian Federation 1022197,False,https://eonet.gsfc.nasa.gov/api/v3/events/EONET_11085
EONET_11086,wildfires,Wildfire in Brazil 1022189,False,https://eonet.gsfc.nasa.gov/api/v3/events/EONET_11086
EONET_11087,wildfires,Wildfire in Brazil 1022190,False,https://eonet.gsfc.nasa.gov/api/v3/events/EONET_11087
EONET_11088,wildfires,Wildfire in Brazil 1022191,False,https://eonet.gsfc.nasa.gov/api/v3/events/EONET_11088
EONET_11089,wildfires,Wildfire in Zambia 1022180,False,https://eonet.gsfc.nasa.gov/api/v3/events/EONET_11089
EONET_11118,wildfires,Wildfire in Mozambique 1022200,False,https://eonet.gsfc.nasa.gov/api/v3/events/EONET_11118
EONET_11119,wildfires,Wildfire in Mozambique 1022201,False,https://eonet.gsfc.nasa.gov/api/v3/events/EONET_11119
EONET_11120,wildfires,Wildfire in Mozambique 1022211,False,https://eonet.gsfc.nasa.gov/api/v3/events/EONET_11120
EONET_11121,wildfires,Wildfire in Angola 1022212,False,https://eonet.gsfc.nasa.gov/api/v3/events/EONET_11121
EONET_11122,wildfires,Wildfire in Brazil 1022228,False,https://eonet.gsfc.nasa.gov/api/v3/events/EONET_11122
EONET_11123,wildfires,Wildfire in Angola 1022224,False,https://eonet.gsfc.nasa.gov/api/v3/events/EONET_11123
EONET_11151,wildfires,Wildfire in Tanzania 1022238,False,https://eonet.gsfc.nasa.gov/api/v3/events/EONET_11151
EONET_11152,wildfires,Wildfire in Zambia 1022240,False,https://eonet.gsfc.nasa.gov/api/v3/events/EONET_11152
EONET_11153,wildfires,Wildfire in Brazil 1022253,False,https://eonet.gsfc.nasa.gov/api/v3/events/EONET_11153
EONET_11154,wildfires,Wildfire in The Democratic Republic of Congo 1022239,False,https://eonet.gsfc.nasa.gov/api/v3/events/EONET_11154
EONET_11155,wildfires,Wildfire in Mozambique 1022241,False,https://eonet.gsfc.nasa.gov/api/v3/events/EONET_11155
EONET_11156,wildfires,Wildfire in Mozambique 1022242,False,https://eonet.gsfc.nasa.gov/api/v3/events/EONET_11156
EONET_11157,wildfires,Wildfire in Mozambique 1022243,False,https://eonet.gsfc.nasa.gov/api/v3/events/EONET_11157
EONET_11158,wildfires,Wildfire in The Democratic Republic of Congo 1022244,False,https://eonet.gsfc.nasa.gov/api/v3/events/EONET_11158
EONET_11178,wildfires,Wildfire in Mozambique 1022263,False,https://eonet.gsfc.nasa.gov/api/v3/events/EONET_11178
EONET_11179,wildfires,Wildfire in Mozambique 1022264,False,https://eonet.gsfc.nasa.gov/api/v3/events/EONET_11179
EONET_11180,wildfires,Wildfire in Mozambique 1022265,False,https://eonet.gsfc.nasa.gov/api/v3/events/EONET_11180
EONET_11181,wildfires,Wildfire in Angola 1022266,False,https://eonet.gsfc.nasa.gov/api/v3/events/EONET_11181
EONET_11182,wildfires,Wildfire in Mozambique 1022267,False,https://eonet.gsfc.nasa.gov/api/v3/events/EONET_11182
EONET_11183,wildfires,Wildfire in Mozambique 1022257,False,https://eonet.gsfc.nasa.gov/api/v3/events/EONET_11183
EONET_11184,wildfires,Wildfire in Mozambique 1022258,False,https://eonet.gsfc.nasa.gov/api/v3/events/EONET_11184
EONET_11025,wildfires,"Cedar Creek Wildfire, Sioux, North Dakota",False,https://eonet.gsfc.nasa.gov/api/v3/events/EONET_11025
EONET_11023,wildfires,"Power Dam Road Wildfire, Mellette, South Dakota",False,https://eonet.gsfc.nasa.gov/api/v3/events/EONET_11023
EONET_11016,wildfires,"Bear Creek Wildfire, Albany, Wyoming",False,https://eonet.gsfc.nasa.gov/api/v3/events/EONET_11016
EONET_10903,wildfires,Wildfire in Brazil 1022103,False,https://eonet.gsfc.nasa.gov/api/v3/events/EONET_10903
EONET_10904,wildfires,Wildfire in Australia 1022116,False,https://eonet.gsfc.nasa.gov/api/v3/events/EONET_10904
EONET_10905,wildfires,Wildfire in Australia 1022117,False,https://eonet.gsfc.nasa.gov/api/v3/events/EONET_10905
EONET_10906,wildfires,Wildfire in Brazil 1022118,False,https://eonet.gsfc.nasa.gov/api/v3/events/EONET_10906
EONET_10907,wildfires,Wildfire in Brazil 1022119,False,https://eonet.gsfc.nasa.gov/api/v3/events/EONET_10907
EONET_10908,wildfires,Wildfire in Brazil 1022012,False,https://eonet.gsfc.nasa.gov/api/v3/events/EONET_10908
EONET_10909,wildfires,Wildfire in Australia 1022013,False,https://eonet.gsfc.nasa.gov/api/v3/events/EONET_10909
EONET_11031,wildfires,Wildfire in Brazil 1022145,False,https://eonet.gsfc.nasa.gov/api/v3/events/EONET_11031
EONET_11032,wildfires,Wildfire in Australia 1022148,False,https://eonet.gsfc.nasa.gov/api/v3/events/EONET_11032
EONET_11033,wildfires,Wildfire in Australia 1022149,False,https://eonet.gsfc.nasa.gov/api/v3/events/EONET_11033
EONET_11034,wildfires,Wildfire in Brazil 1022150,False,https://eonet.gsfc.nasa.gov/api/v3/events/EONET_11034
EONET_11035,wildfires,Wildfire in Australia 1022151,False,https://eonet.gsfc.nasa.gov/api/v3/events/EONET_11035
EONET_11036,wildfires,Wildfire in Australia 1022140,False,https://eonet.gsfc.nasa.gov/api/v3/events/EONET_11036
EONET_11037,wildfires,Wildfire in Brazil 1022141,False,https://eonet.gsfc.nasa.gov/api/v3/events/EONET_11037
EONET_11064,wildfires,Wildfire in Tanzania 1022157,False,https://eonet.gsfc.nasa.gov/api/v3/events/EONET_11064
EONET_11065,wildfires,Wildfire in Brazil 1022167,False,https://eonet.gsfc.nasa.gov/api/v3/events/EONET_11065
EONET_11066,wildfires,Wildfire in Brazil 1022174,False,https://eonet.gsfc.nasa.gov/api/v3/events/EONET_11066
EONET_11067,wildfires,Wildfire in Brazil 1022175,False,https://eonet.gsfc.nasa.gov/api/v3/events/EONET_11067
EONET_11068,wildfires,Wildfire in Botswana 1022156,False,https://eonet.gsfc.nasa.gov/api/v3/events/EONET_11068
EONET_11090,wildfires,Wildfire in Botswana 1022181,False,https://eonet.gsfc.nasa.gov/api/v3/events/EONET_11090
EONET_11091,wildfires,Wildfire in Zambia 1022182,False,https://eonet.gsfc.nasa.gov/api/v3/events/EONET_11091
EONET_11092,wildfires,Wildfire in Australia 1022192,False,https://eonet.gsfc.nasa.gov/api/v3/events/EONET_11092
EONET_11093,wildfires,Wildfire in Brazil 1022193,False,https://eonet.gsfc.nasa.gov/api/v3/events/EONET_11093
EONET_11094,wildfires,Wildfire in Australia 1022198,False,https://eonet.gsfc.nasa.gov/api/v3/events/EONET_11094
EONET_11124,wildfires,Wildfire in Bolivia 1022229,False,https://eonet.gsfc.nasa.gov/api/v3/events/EONET_11124
EONET_11125,wildfires,"Wildfire in Mozambique, Tanzania 1022213",False,https://eonet.gsfc.nasa.gov/api/v3/events/EONET_11125
EONET_11126,wildfires,Wildfire in Mozambique 1022214,False,https://eonet.gsfc.nasa.gov/api/v3/events/EONET_11126
EONET_11127,wildfires,Wildfire in Mozambique 1022215,False,https://eonet.gsfc.nasa.gov/api/v3/events/EONET_11127
EONET_11128,wildfires,Wildfire in Mozambique 1022216,False,https://eonet.gsfc.nasa.gov/api/v3/events/EONET_11128
EONET_11129,wildfires,Wildfire in Mozambique 1022203,False,https://eonet.gsfc.nasa.gov/api/v3/events/EONET_11129
EONET_11130,wildfires,Wildfire in Mozambique 1022204,False,https://eonet.gsfc.nasa.gov/api/v3/events/EONET_11130
EONET_11131,wildfires,Wildfire in Mozambique 1022217,False,https://eonet.gsfc.nasa.gov/api/v3/events/EONET_11131
EONET_11132,wildfires,Wildfire in Mozambique 1022218,False,https://eonet.gsfc.nasa.gov/api/v3/events/EONET_11132
EONET_11133,wildfires,Wildfire in Mozambique 1022202,False,https://eonet.gsfc.nasa.gov/api/v3/events/EONET_11133
EONET_11159,wildfires,Wildfire in Mozambique 1022245,False,https://eonet.gsfc.nasa.gov/api/v3/events/EONET_11159
EONET_11160,wildfires,Wildfire in Mozambique 1022246,False,https://eonet.gsfc.nasa.gov/api/v3/events/EONET_11160
EONET_11024,wildfires,"Short Draw Wildfire, Campbell, Wyoming",False,https://eonet.gsfc.nasa.gov/api/v3/events/EONET_11024
EONET_10910,wildfires,Wildfire in Brazil 1022104,False,https://eonet.gsfc.nasa.gov/api/v3/events/EONET_10910
EONET_10911,wildfires,Wildfire in Angola 1022100,False,https://eonet.gsfc.nasa.gov/api/v3/events/EONET_10911
EONET_10912,wildfires,Wildfire in Brazil 1022120,False,https://eonet.gsfc.nasa.gov/api/v3/events/EONET_10912
EONET_10913,wildfires,Wildfire in Australia 1022121,False,https://eonet.gsfc.nasa.gov/api/v3/events/EONET_10913
EONET_10914,wildfires,Wildfire in Brazil 1022105,False,https://eonet.gsfc.nasa.gov/api/v3/events/EONET_10914
EONET_10915,wildfires,Wildfire in Brazil 1022106,False,https://eonet.gsfc.nasa.gov/api/v3/events/EONET_10915
EONET_10916,wildfires,Wildfire in Brazil 1022014,False,https://eonet.gsfc.nasa.gov/api/v3/events/EONET_10916
EONET_10917,wildfires,Wildfire in Australia 1022015,False,https://eonet.gsfc.nasa.gov/api/v3/events/EONET_10917
EONET_11038,wildfires,Wildfire in The Democratic Republic of Congo 1022132,False,https://eonet.gsfc.nasa.gov/api/v3/events/EONET_11038
EONET_11039,wildfires,Wildfire in Zambia 1022127,False,https://eonet.gsfc.nasa.gov/api/v3/events/EONET_11039
EONET_11040,wildfires,Wildfire in Brazil 1022125,False,https://eonet.gsfc.nasa.gov/api/v3/events/EONET_11040
EONET_11041,wildfires,Wildfire in Brazil 1022126,False,https://eonet.gsfc.nasa.gov/api/v3/events/EONET_11041
EONET_11069,wildfires,Wildfire in Mozambique 1022158,False,https://eonet.gsfc.nasa.gov/api/v3/events/EONET_11069
EONET_11070,wildfires,Wildfire in Mozambique 1022159,False,https://eonet.gsfc.nasa.gov/api/v3/events/EONET_11070
EONET_11071,wildfires,Wildfire in Tanzania 1022160,False,https://eonet.gsfc.nasa.gov/api/v3/events/EONET_11071
EONET_11072,wildfires,Wildfire in Brazil 1022168,False,https://eonet.gsfc.nasa.gov/api/v3/events/EONET_11072
EONET_11095,wildfires,Wildfire in Brazil 1022194,False,https://eonet.gsfc.nasa.gov/api/v3/events/EONET_11095
EONET_11096,wildfires,Wildfire in Mozambique 1022176,False,https://eonet.gsfc.nasa.gov/api/v3/events/EONET_11096
EONET_11097,wildfires,Wildfire in Tanzania 1022183,False,https://eonet.gsfc.nasa.gov/api/v3/events/EONET_11097
EONET_11098,wildfires,Wildfire in Mozambique 1022184,False,https://eonet.gsfc.nasa.gov/api/v3/events/EONET_11098
EONET_11099,wildfires,Wildfire in Zambia 1022185,False,https://eonet.gsfc.nasa.gov/api/v3/events/EONET_11099
EONET_11134,wildfires,Wildfire in Mozambique 1022205,False,https://eonet.gsfc.nasa.gov/api/v3/events/EONET_11134
EONET_11135,wildfires,Wildfire in Zambia 1022219,False,https://eonet.gsfc.nasa.gov/api/v3/events/EONET_11135
EONET_11136,wildfires,Wildfire in Mozambique 1022220,False,https://eonet.gsfc.nasa.gov/api/v3/events/EONET_11136
EONET_11137,wildfires,Wildfire in Zambia 1022221,False,https://eonet.gsfc.nasa.gov/api/v3/events/EONET_11137
EONET_11022,wildfires,"Point Wildfire, Maricopa, Arizona",False,https://eonet.gsfc.nasa.gov/api/v3/events/EONET_11022
EONET_11020,wildfires,"Siphon Wildfire, Pinal, Arizona",False,https://eonet.gsfc.nasa.gov/api/v3/events/EONET_11020
EONET_11026,wildfires,"DRY CREEK Wildfire, Gilliam, Oregon",False,https://eonet.gsfc.nasa.gov/api/v3/events/EONET_11026
EONET_10918,wildfires,Wildfire in Angola 1022018,False,https://eonet.gsfc.nasa.gov/api/v3/events/EONET_10918
EONET_10919,wildfires,Wildfire in Bolivia 1022020,False,https://eonet.gsfc.nasa.gov/api/v3/events/EONET_10919
EONET_10920,wildfires,Wildfire in Brazil 1022016,False,https://eonet.gsfc.nasa.gov/api/v3/events/EONET_10920
EONET_10921,wildfires,Wildfire in Brazil 1022017,False,https://eonet.gsfc.nasa.gov/api/v3/events/EONET_10921
EONET_10922,wildfires,Wildfire in Australia 1022019,False,https://eonet.gsfc.nasa.gov/api/v3/events/EONET_10922
EONET_10923,wildfires,Wildfire in Australia 1022021,False,https://eonet.gsfc.nasa.gov/api/v3/events/EONET_10923
EONET_10924,wildfires,Wildfire in United States 1022022,False,https://eonet.gsfc.nasa.gov/api/v3/events/EONET_10924
EONET_10925,wildfires,Wildfire in Brazil 1022107,False,https://eonet.gsfc.nasa.gov/api/v3/events/EONET_10925
EONET_10926,wildfires,Wildfire in Brazil 1022108,False,https://eonet.gsfc.nasa.gov/api/v3/events/EONET_10926
EONET_10927,wildfires,Wildfire in Brazil 1022122,False,https://eonet.gsfc.nasa.gov/api/v3/events/EONET_10927
EONET_10928,wildfires,Wildfire in Zambia 1022101,False,https://eonet.gsfc.nasa.gov/api/v3/events/EONET_10928
EONET_10929,wildfires,Wildfire in Australia 1022113,False,https://eonet.gsfc.nasa.gov/api/v3/events/EONET_10929
EONET_11042,wildfires,Wildfire in Zambia 1022128,False,https://eonet.gsfc.nasa.gov/api/v3/events/EONET_11042
EONET_11043,wildfires,Wildfire in Zambia 1022129,False,https://eonet.gsfc.nasa.gov/api/v3/events/EONET_11043
EONET_11044,wildfires,Wildfire in Tanzania 1022130,False,https://eonet.gsfc.nasa.gov/api/v3/events/EONET_11044
EONET_11045,wildfires,Wildfire in Zambia 1022131,False,https://eonet.gsfc.nasa.gov/api/v3/events/EONET_11045
EONET_11046,wildfires,Wildfire in Zambia 1022133,False,https://eonet.gsfc.nasa.gov/api/v3/events/EONET_11046
EONET_11047,wildfires,Wildfire in Mozambique 1022134,False,https://eonet.gsfc.nasa.gov/api/v3/events/EONET_11047
EONET_11048,wildfires,Wildfire in Brazil 1022142,False,https://eonet.gsfc.nasa.gov/api/v3/events/EONET_11048
EONET_11049,wildfires,Wildfire in Brazil 1022152,False,https://eonet.gsfc.nasa.gov/api/v3/events/EONET_11049
EONET_11050,wildfires,Wildfire in Colombia 1022153,False,https://eonet.gsfc.nasa.gov/api/v3/events/EONET_11050
EONET_11073,wildfires,Wildfire in Brazil 1022170,False,https://eonet.gsfc.nasa.gov/api/v3/events/EONET_11073
EONET_11074,wildfires,Wildfire in Zambia 1022162,False,https://eonet.gsfc.nasa.gov/api/v3/events/EONET_11074
EONET_11075,wildfires,Wildfire in Brazil 1022161,False,https://eonet.gsfc.nasa.gov/api/v3/events/EONET_11075
EONET_11076,wildfires,Wildfire in Brazil 1022169,False,https://eonet.gsfc.nasa.gov/api/v3/events/EONET_11076
EONET_11100,wildfires,Wildfire in Mozambique 1022186,False,https://eonet.gsfc.nasa.gov/api/v3/events/EONET_11100
EONET_11101,wildfires,Wildfire in Tanzania 1022187,False,https://eonet.gsfc.nasa.gov/api/v3/events/EONET_11101
EONET_10892,wildfires,"WEST WARM SPRINGS Wildfire, Hot Springs, Wyoming",False,https://eonet.gsfc.nasa.gov/api/v3/events/EONET_10892
EONET_10891,wildfires,"AIRPORT Wildfire, Orange, California",False,https://eonet.gsfc.nasa.gov/api/v3/events/EONET_10891
EONET_10930,wildfires,Wildfire in Angola 1022024,False,https://eonet.gsfc.nasa.gov/api/v3/events/EONET_10930
EONET_10931,wildfires,Wildfire in Brazil 1022028,False,https://eonet.gsfc.nasa.gov/api/v3/events/EONET_10931
EONET_10932,wildfires,Wildfire in Angola 1022025,False,https://eonet.gsfc.nasa.gov/api/v3/events/EONET_10932
EONET_10933,wildfires,Wildfire in Mozambique 1022026,False,https://eonet.gsfc.nasa.gov/api/v3/events/EONET_10933
EONET_10934,wildfires,Wildfire in Australia 1022114,False,https://eonet.gsfc.nasa.gov/api/v3/events/EONET_10934
EONET_10935,wildfires,Wildfire in Paraguay 1022109,False,https://eonet.gsfc.nasa.gov/api/v3/events/EONET_10935
EONET_10936,wildfires,Wildfire in Brazil 1022110,False,https://eonet.gsfc.nasa.gov/api/v3/events/EONET_10936
EONET_10937,wildfires,Wildfire in Brazil 1022111,False,https://eonet.gsfc.nasa.gov/api/v3/events/EONET_10937
EONET_10938,wildfires,Wildfire in Brazil 1022023,False,https://eonet.gsfc.nasa.gov/api/v3/events/EONET_10938
EONET_10939,wildfires,Wildfire in Australia 1022027,False,https://eonet.gsfc.nasa.gov/api/v3/events/EONET_10939
EONET_10940,wildfires,Wildfire in Brazil 1022029,False,https://eonet.gsfc.nasa.gov/api/v3/events/EONET_10940
EONET_10941,wildfires,Wildfire in Brazil 1022030,False,https://eonet.gsfc.nasa.gov/api/v3/events/EONET_10941
EONET_10942,wildfires,Wildfire in Brazil 1022031,False,https://eonet.gsfc.nasa.gov/api/v3/events/EONET_10942
EONET_10943,wildfires,Wildfire in Brazil 1022032,False,https://eonet.gsfc.nasa.gov/api/v3/events/EONET_10943
EONET_10944,wildfires,Wildfire in Brazil 1022033,False,https://eonet.gsfc.nasa.gov/api/v3/events/EONET_10944
EONET_10945,wildfires,Wildfire in Australia 1022034,False,https://eonet.gsfc.nasa.gov/api/v3/events/EONET_10945
EONET_10946,wildfires,Wildfire in Brazil 1022035,False,https://eonet.gsfc.nasa.gov/api/v3/events/EONET_10946
EONET_10947,wildfires,Wildfire in United States 1022036,False,https://eonet.gsfc.nasa.gov/api/v3/events/EONET_10947
EONET_10948,wildfires,Wildfire in Brazil 1022037,False,https://eonet.gsfc.nasa.gov/api/v3/events/EONET_10948
EONET_11051,wildfires,Wildfire in Angola 1022135,False,https://eonet.gsfc.nasa.gov/api/v3/events/EONET_11051
EONET_11052,wildfires,Wildfire in Angola 1022136,False,https://eonet.gsfc.nasa.gov/api/v3/events/EONET_11052
EONET_11053,wildfires,Wildfire in Zambia 1022137,False,https://eonet.gsfc.nasa.gov/api/v3/events/EONET_11053
EONET_11054,wildfires,Wildfire in Brazil 1022154,False,https://eonet.gsfc.nasa.gov/api/v3/events/EONET_11054
EONET_11055,wildfires,Wildfire in Australia 1022155,False,https://eonet.gsfc.nasa.gov/api/v3/events/EONET_11055
EONET_11056,wildfires,Wildfire in Brazil 1022143,False,https://eonet.gsfc.nasa.gov/api/v3/events/EONET_11056
EONET_11057,wildfires,Wildfire in Bolivia 1022144,False,https://eonet.gsfc.nasa.gov/api/v3/events/EONET_11057
EONET_11077,wildfires,Wildfire in Mozambique 1022163,False,https://eonet.gsfc.nasa.gov/api/v3/events/EONET_11077
EONET_11078,wildfires,Wildfire in Tanzania 1022164,False,https://eonet.gsfc.nasa.gov/api/v3/events/EONET_11078
EONET_10899,wildfires,"TABLE Wildfire, Owyhee, Idaho",False,https://eonet.gsfc.nasa.gov/api/v3/events/EONET_10899
EONET_10898,wildfires,"LITTLE LAVA Wildfire, Deschutes, Oregon",False,https://eonet.gsfc.nasa.gov/api/v3/events/EONET_10898
EONET_10949,wildfires,Wildfire in Mozambique 1022102,False,https://eonet.gsfc.nasa.gov/api/v3/events/EONET_10949
EONET_10950,wildfires,Wildfire in Mozambique 1022038,False,https://eonet.gsfc.nasa.gov/api/v3/events/EONET_10950
EONET_10951,wildfires,Wildfire in Angola 1022044,False,https://eonet.gsfc.nasa.gov/api/v3/events/EONET_10951
EONET_10952,wildfires,Wildfire in Mozambique 1022047,False,https://eonet.gsfc.nasa.gov/api/v3/events/EONET_10952
EONET_10953,wildfires,Wildfire in Australia 1022055,False,https://eonet.gsfc.nasa.gov/api/v3/events/EONET_10953
EONET_10954,wildfires,Wildfire in Brazil 1022057,False,https://eonet.gsfc.nasa.gov/api/v3/events/EONET_10954
EONET_10955,wildfires,Wildfire in Brazil 1022060,False,https://eonet.gsfc.nasa.gov/api/v3/events/EONET_10955
EONET_10956,wildfires,Wildfire in Brazil 1022061,False,https://eonet.gsfc.nasa.gov/api/v3/events/EONET_10956
EONET_10957,wildfires,Wildfire in Brazil 1022039,False,https://eonet.gsfc.nasa.gov/api/v3/events/EONET_10957
EONET_10958,wildfires,Wildfire in Brazil 1022049,False,https://eonet.gsfc.nasa.gov/api/v3/events/EONET_10958
EONET_10959,wildfires,Wildfire in The Democratic Republic of Congo 1022040,False,https://eonet.gsfc.nasa.gov/api/v3/events/EONET_10959
EONET_10960,wildfires,Wildfire in Brazil 1022041,False,https://eonet.gsfc.nasa.gov/api/v3/events/EONET_10960
EONET_10961,wildfires,Wildfire in Australia 1022042,False,https://eonet.gsfc.nasa.gov/api/v3/events/EONET_10961
EONET_10962,wildfires,Wildfire in Brazil 1022043,False,https://eonet.gsfc.nasa.gov/api/v3/events/EONET_10962
EONET_10963,wildfires,Wildfire in Australia 1022045,False,https://eonet.gsfc.nasa.gov/api/v3/events/EONET_10963
EONET_10964,wildfires,Wildfire in Brazil 1022046,False,https://eonet.gsfc.nasa.gov/api/v3/events/EONET_10964
EONET_10965,wildfires,Wildfire in Brazil 1022048,False,https://eonet.gsfc.nasa.gov/api/v3/events/EONET_10965
EONET_10966,wildfires,Wildfire in Australia 1022050,False,https://eonet.gsfc.nasa.gov/api/v3/events/EONET_10966
EONET_10967,wildfires,Wildfire in Brazil 1022051,False,https://eonet.gsfc.nasa.gov/api/v3/events/EONET_10967
EONET_10968,wildfires,Wildfire in Namibia 1022052,False,https://eonet.gsfc.nasa.gov/api/v3/events/EONET_10968
EONET_10969,wildfires,Wildfire in Australia 1022053,False,https://eonet.gsfc.nasa.gov/api/v3/events/EONET_10969
EONET_10970,wildfires,Wildfire in Brazil 1022054,False,https://eonet.gsfc.nasa.gov/api/v3/events/EONET_10970
EONET_10971,wildfires,Wildfire in Brazil 1022056,False,https://eonet.gsfc.nasa.gov/api/v3/events/EONET_10971
EONET_10972,wildfires,Wildfire in Brazil 1022058,False,https://eonet.gsfc.nasa.gov/api/v3/events/EONET_10972
EONET_10973,wildfires,Wildfire in Brazil 1022059,False,https://eonet.gsfc.nasa.gov/api/v3/events/EONET_10973
EONET_10974,wildfires,Wildfire in Zambia 1022062,False,https://eonet.gsfc.nasa.gov/api/v3/events/EONET_10974
EONET_10975,wildfires,Wildfire in Australia 1022063,False,https://eonet.gsfc.nasa.gov/api/v3/events/EONET_10975
EONET_10976,wildfires,Wildfire in Brazil 1022064,False,https://eonet.gsfc.nasa.gov/api/v3/events/EONET_10976
EONET_10977,wildfires,Wildfire in Brazil 1022065,False,https://eonet.gsfc.nasa.gov/api/v3/events/EONET_10977
EONET_10978,wildfires,Wildfire in Brazil 1022066,False,https://eonet.gsfc.nasa.gov/api/v3/events/EONET_10978
EONET_10979,wildfires,Wildfire in Brazil 1022112,False,https://eonet.gsfc.nasa.gov/api/v3/events/EONET_10979
EONET_10980,wildfires,Wildfire in Brazil 1022123,False,https://eonet.gsfc.nasa.gov/api/v3/events/EONET_10980
EONET_10981,wildfires,Wildfire in Brazil 1022124,False,https://eonet.gsfc.nasa.gov/api/v3/events/EONET_10981
EONET_10982,wildfires,Wildfire in Brazil 1022115,False,https://eonet.gsfc.nasa.gov/api/v3/events/EONET_10982
EONET_11058,wildfires,Wildfire in Mozambique 1022138,False,https://eonet.gsfc.nasa.gov/api/v3/events/EONET_11058
EONET_10893,wildfires,"ROBLAR Wildfire, San Diego, California",False,https://eonet.gsfc.nasa.gov/api/v3/events/EONET_10893
EONET_10894,wildfires,"Davis Wildfire, Washoe, Nevada",False,https://eonet.gsfc.nasa.gov/api/v3/events/EONET_10894
EONET_10889,wildfires,"Frog Wildfire, Custer, Idaho",False,https://eonet.gsfc.nasa.gov/api/v3/events/EONET_10889
EONET_10887,wildfires,"Linton Creek Wildfire, Lane, Oregon",False,https://eonet.gsfc.nasa.gov/api/v3/events/EONET_10887
EONET_10895,wildfires,"Buck Creek Wildfire, Lake, Oregon",False,https://eonet.gsfc.nasa.gov/api/v3/events/EONET_10895
EONET_10888,wildfires,"FIRESTONE Wildfire, Deschutes, Oregon",False,https://eonet.gsfc.nasa.gov/api/v3/events/EONET_10888
EONET_10890,wildfires,"FLAT TOP Wildfire, Lake, Oregon",False,https://eonet.gsfc.nasa.gov/api/v3/events/EONET_10890
EONET_10896,wildfires,"Bowman Well Wildfire, Lake, Oregon",False,https://eonet.gsfc.nasa.gov/api/v3/events/EONET_10896
EONET_10886,wildfires,"SERVICE Wildfire, Wheeler, Oregon",False,https://eonet.gsfc.nasa.gov/api/v3/events/EONET_10886
EONET_10983,wildfires,Wildfire in Paraguay 1022067,False,https://eonet.gsfc.nasa.gov/api/v3/events/EONET_10983
EONET_10984,wildfires,Wildfire in Angola 1022068,False,https://eonet.gsfc.nasa.gov/api/v3/events/EONET_10984
EONET_10985,wildfires,Wildfire in Mozambique 1022086,False,https://eonet.gsfc.nasa.gov/api/v3/events/EONET_10985
EONET_10986,wildfires,Wildfire in Brazil 1022089,False,https://eonet.gsfc.nasa.gov/api/v3/events/EONET_10986
EONET_10987,wildfires,Wildfire in United States 1022091,False,https://eonet.gsfc.nasa.gov/api/v3/events/EONET_10987
EONET_10988,wildfires,Wildfire in Brazil 1022069,False,https://eonet.gsfc.nasa.gov/api/v3/events/EONET_10988
EONET_10989,wildfires,Wildfire in The Democratic Republic of Congo 1022070,False,https://eonet.gsfc.nasa.gov/api/v3/events/EONET_10989
EONET_10990,wildfires,Wildfire in Brazil 1022071,False,https://eonet.gsfc.nasa.gov/api/v3/events/EONET_10990
EONET_10991,wildfires,Wildfire in United States 1022072,False,https://eonet.gsfc.nasa.gov/api/v3/events/EONET_10991
EONET_10992,wildfires,Wildfire in Paraguay 1022073,False,https://eonet.gsfc.nasa.gov/api/v3/events/EONET_10992
EONET_10993,wildfires,Wildfire in The Democratic Republic of Congo 1022074,False,https://eonet.gsfc.nasa.gov/api/v3/events/EONET_10993
EONET_10994,wildfires,Wildfire in United States 1022075,False,https://eonet.gsfc.nasa.gov/api/v3/events/EONET_10994
EONET_10995,wildfires,Wildfire in Paraguay 1022076,False,https://eonet.gsfc.nasa.gov/api/v3/events/EONET_10995
EONET_10996,wildfires,Wildfire in Brazil 1022077,False,https://eonet.gsfc.nasa.gov/api/v3/events/EONET_10996
EONET_10997,wildfires,Wildfire in Zambia 1022078,False,https://eonet.gsfc.nasa.gov/api/v3/events/EONET_10997
EONET_10998,wildfires,Wildfire in Mozambique 1022079,False,https://eonet.gsfc.nasa.gov/api/v3/events/EONET_10998
EONET_10999,wildfires,Wildfire in Angola 1022080,False,https://eonet.gsfc.nasa.gov/api/v3/events/EONET_10999
EONET_11000,wildfires,Wildfire in Mozambique 1022081,False,https://eonet.gsfc.nasa.gov/api/v3/events/EONET_11000
EONET_11001,wildfires,Wildfire in Paraguay 1022082,False,https://eonet.gsfc.nasa.gov/api/v3/events/EONET_11001
EONET_11002,wildfires,Wildfire in Mozambique 1022083,False,https://eonet.gsfc.nasa.gov/api/v3/events/EONET_11002
EONET_11003,wildfires,Wildfire in Zambia 1022084,False,https://eonet.gsfc.nasa.gov/api/v3/events/EONET_11003
EONET_11004,wildfires,Wildfire in Brazil 1022085,False,https://eonet.gsfc.nasa.gov/api/v3/events/EONET_11004
EONET_11005,wildfires,Wildfire in Brazil 1022087,False,https://eonet.gsfc.nasa.gov/api/v3/events/EONET_11005
EONET_11006,wildfires,Wildfire in Brazil 1022088,False,https://eonet.gsfc.nasa.gov/api/v3/events/EONET_11006
EONET_11007,wildfires,Wildfire in Brazil 1022090,False,https://eonet.gsfc.nasa.gov/api/v3/events/EONET_11007
EONET_11008,wildfires,Wildfire in Brazil 1022092,False,https://eonet.gsfc.nasa.gov/api/v3/events/EONET_11008
EONET_11009,wildfires,Wildfire in Australia 1022093,False,https://eonet.gsfc.nasa.gov/api/v3/events/EONET_11009
EONET_11010,wildfires,Wildfire in United States 1022094,False,https://eonet.gsfc.nasa.gov/api/v3/events/EONET_11010
EONET_11011,wildfires,Wildfire in Brazil 1022095,False,https://eonet.gsfc.nasa.gov/api/v3/events/EONET_11011
EONET_11012,wildfires,Wildfire in Paraguay 1022096,False,https://eonet.gsfc.nasa.gov/api/v3/events/EONET_11012
EONET_11013,wildfires,Wildfire in Zambia 1022097,False,https://eonet.gsfc.nasa.gov/api/v3/events/EONET_11013
EONET_11014,wildfires,Wildfire in Australia 1022098,False,https://eonet.gsfc.nasa.gov/api/v3/events/EONET_11014
EONET_11015,wildfires,Wildfire in Brazil 1022099,False,https://eonet.gsfc.nasa.gov/api/v3/events/EONET_11015
EONET_10897,wildfires,"South Selway Complex Wildfire, Idaho, Idaho",False,https://eonet.gsfc.nasa.gov/api/v3/events/EONET_10897
EONET_10879,wildfires,"DORADO Wildfire, Fresno, California",False,https://eonet.gsfc.nasa.gov/api/v3/events/EONET_10879
EONET_10882,wildfires,"BIG RIDGE FIRE Wildfire, Walker, Alabama",False,https://eonet.gsfc.nasa.gov/api/v3/events/EONET_10882
EONET_10838,wildfires,"Wildfire in Bolivia, Paraguay 1021999",False,https://eonet.gsfc.nasa.gov/api/v3/events/EONET_10838
EONET_10839,wildfires,Wildfire in Zambia 1021989,False,https://eonet.gsfc.nasa.gov/api/v3/events/EONET_10839
EONET_10840,wildfires,Wildfire in South Africa 1021990,False,https://eonet.gsfc.nasa.gov/api/v3/events/EONET_10840
EONET_10841,wildfires,Wildfire in Brazil 1021982,False,https://eonet.gsfc.nasa.gov/api/v3/events/EONET_10841
EONET_10842,wildfires,Wildfire in Brazil 1021983,False,https://eonet.gsfc.nasa.gov/api/v3/events/EONET_10842
EONET_10843,wildfires,Wildfire in Brazil 1022007,False,https://eonet.gsfc.nasa.gov/api/v3/events/EONET_10843
EONET_10844,wildfires,Wildfire in Paraguay 1022000,False,https://eonet.gsfc.nasa.gov/api/v3/events/EONET_10844
EONET_10869,wildfires,"BOONE Wildfire, Fresno, California",False,https://eonet.gsfc.nasa.gov/api/v3/events/EONET_10869
EONET_10873,wildfires,"LAVA Wildfire, Gem, Idaho",False,https://eonet.gsfc.nasa.gov/api/v3/events/EONET_10873
EONET_10876,wildfires,"Sage Hen Wildfire, Harney, Oregon",False,https://eonet.gsfc.nasa.gov/api/v3/events/EONET_10876
EONET_10878,wildfires,"SHEEP Wildfire, Elmore, Idaho",False,https://eonet.gsfc.nasa.gov/api/v3/events/EONET_10878
EONET_10874,wildfires,"Wood 2 Wildfire, Pinal, Arizona",False,https://eonet.gsfc.nasa.gov/api/v3/events/EONET_10874
EONET_10883,wildfires,"Solomon Wildfire, Harney, Oregon",False,https://eonet.gsfc.nasa.gov/api/v3/events/EONET_10883
EONET_10792,wildfires,Wildfire in United States 1021937,False,https://eonet.gsfc.nasa.gov/api/v3/events/EONET_10792
EONET_10793,wildfires,Wildfire in Brazil 1021950,False,https://eonet.gsfc.nasa.gov/api/v3/events/EONET_10793
EONET_10794,wildfires,Wildfire in Brazil 1021951,False,https://eonet.gsfc.nasa.gov/api/v3/events/EONET_10794
EONET_10795,wildfires,Wildfire in Brazil 1021961,False,https://eonet.gsfc.nasa.gov/api/v3/events/EONET_10795
EONET_10796,wildfires,Wildfire in Australia 1021962,False,https://eonet.gsfc.nasa.gov/api/v3/events/EONET_10796
EONET_10797,wildfires,Wildfire in Australia 1021963,False,https://eonet.gsfc.nasa.gov/api/v3/events/EONET_10797
EONET_10826,wildfires,Wildfire in Angola 1021971,False,https://eonet.gsfc.nasa.gov/api/v3/events/EONET_10826
EONET_10827,wildfires,Wildfire in United States 1021980,False,https://eonet.gsfc.nasa.gov/api/v3/events/EONET_10827
EONET_10845,wildfires,Wildfire in Brazil 1021984,False,https://eonet.gsfc.nasa.gov/api/v3/events/EONET_10845
EONET_10846,wildfires,Wildfire in Australia 1021985,False,https://eonet.gsfc.nasa.gov/api/v3/events/EONET_10846
EONET_10847,wildfires,Wildfire in Angola 1021993,False,https://eonet.gsfc.nasa.gov/api/v3/events/EONET_10847
EONET_10848,wildfires,Wildfire in Angola 1021994,False,https://eonet.gsfc.nasa.gov/api/v3/events/EONET_10848
EONET_10849,wildfires,Wildfire in Brazil 1022001,False,https://eonet.gsfc.nasa.gov/api/v3/events/EONET_10849
EONET_10850,wildfires,Wildfire in Brazil 1022002,False,https://eonet.gsfc.nasa.gov/api/v3/events/EONET_10850
EONET_10851,wildfires,Wildfire in Brazil 1022003,False,https://eonet.gsfc.nasa.gov/api/v3/events/EONET_10851
EONET_10852,wildfires,Wildfire in Brazil 1022008,False,https://eonet.gsfc.nasa.gov/api/v3/events/EONET_10852
EONET_10853,wildfires,Wildfire in Brazil 1022004,False,https://eonet.gsfc.nasa.gov/api/v3/events/EONET_10853
EONET_10854,wildfires,Wildfire in Brazil 1022009,False,https://eonet.gsfc.nasa.gov/api/v3/events/EONET_10854
EONET_10855,wildfires,Wildfire in Angola 1021991,False,https://eonet.gsfc.nasa.gov/api/v3/events/EONET_10855
EONET_10856,wildfires,Wildfire in South Africa 1021992,False,https://eonet.gsfc.nasa.gov/api/v3/events/EONET_10856
EONET_10763,wildfires,"BIGFLAT Wildfire, Washington, Idaho",False,https://eonet.gsfc.nasa.gov/api/v3/events/EONET_10763
EONET_10880,wildfires,"BEAR Wildfire, Sierra, California",False,https://eonet.gsfc.nasa.gov/api/v3/events/EONET_10880
EONET_10758,wildfires,"0778 PR Wildfire, Grant, Oregon",False,https://eonet.gsfc.nasa.gov/api/v3/events/EONET_10758
EONET_10755,wildfires,"Glendale Wildfire, Blaine, Idaho",False,https://eonet.gsfc.nasa.gov/api/v3/events/EONET_10755
EONET_10761,wildfires,"0761  RAIL RIDGE Wildfire, Grant, Oregon",False,https://eonet.gsfc.nasa.gov/api/v3/events/EONET_10761
EONET_10756,wildfires,"Chimney Wildfire, Camas, Idaho",False,https://eonet.gsfc.nasa.gov/api/v3/events/EONET_10756
EONET_10767,wildfires,"Mineral Wildfire, Washington, Idaho",False,https://eonet.gsfc.nasa.gov/api/v3/events/EONET_10767
EONET_10759,wildfires,"JONES Wildfire, Malheur, Oregon",False,https://eonet.gsfc.nasa.gov/api/v3/events/EONET_10759
EONET_10768,wildfires,"SYRUP Wildfire, Elmore, Idaho",False,https://eonet.gsfc.nasa.gov/api/v3/events/EONET_10768
EONET_10764,wildfires,"0773 OAK CANYON Wildfire, Wasco, Oregon",False,https://eonet.gsfc.nasa.gov/api/v3/events/EONET_10764
EONET_10766,wildfires,"0772 WILEY FLAT Wildfire, Crook, Oregon",False,https://eonet.gsfc.nasa.gov/api/v3/events/EONET_10766
EONET_10754,wildfires,"Wood Wildfire, Pinal, Arizona",False,https://eonet.gsfc.nasa.gov/api/v3/events/EONET_10754
EONET_10760,wildfires,"0766 SHOE FLY Wildfire, Wheeler, Oregon",False,https://eonet.gsfc.nasa.gov/api/v3/events/EONET_10760
EONET_10771,wildfires,Wildfire in Australia 1021927,False,https://eonet.gsfc.nasa.gov/api/v3/events/EONET_10771
EONET_10772,wildfires,Wildfire in The Democratic Republic of Congo 1021916,False,https://eonet.gsfc.nasa.gov/api/v3/events/EONET_10772
EONET_10773,wildfires,Wildfire in Argentina 1021919,False,https://eonet.gsfc.nasa.gov/api/v3/events/EONET_10773
EONET_10798,wildfires,Wildfire in Zambia 1021941,False,https://eonet.gsfc.nasa.gov/api/v3/events/EONET_10798
EONET_10799,wildfires,Wildfire in Australia 1021964,False,https://eonet.gsfc.nasa.gov/api/v3/events/EONET_10799
EONET_10800,wildfires,Wildfire in Paraguay 1021952,False,https://eonet.gsfc.nasa.gov/api/v3/events/EONET_10800
EONET_10801,wildfires,Wildfire in United States 1021938,False,https://eonet.gsfc.nasa.gov/api/v3/events/EONET_10801
EONET_10802,wildfires,Wildfire in United States 1021939,False,https://eonet.gsfc.nasa.gov/api/v3/events/EONET_10802
EONET_10803,wildfires,Wildfire in United States 1021940,False,https://eonet.gsfc.nasa.gov/api/v3/events/EONET_10803
EONET_10804,wildfires,Wildfire in Tanzania 1021942,False,https://eonet.gsfc.nasa.gov/api/v3/events/EONET_10804
EONET_10828,wildfires,Wildfire in Zambia 1021972,False,https://eonet.gsfc.nasa.gov/api/v3/events/EONET_10828
EONET_10829,wildfires,Wildfire in Zambia 1021974,False,https://eonet.gsfc.nasa.gov/api/v3/events/EONET_10829
EONET_10830,wildfires,Wildfire in Brazil 1021981,False,https://eonet.gsfc.nasa.gov/api/v3/events/EONET_10830
EONET_10831,wildfires,Wildfire in Angola 1021973,False,https://eonet.gsfc.nasa.gov/api/v3/events/EONET_10831
EONET_10832,wildfires,Wildfire in United States 1021978,False,https://eonet.gsfc.nasa.gov/api/v3/events/EONET_10832
EONET_10857,wildfires,Wildfire in Angola 1021995,False,https://eonet.gsfc.nasa.gov/api/v3/events/EONET_10857
EONET_10858,wildfires,Wildfire in Australia 1021986,False,https://eonet.gsfc.nasa.gov/api/v3/events/EONET_10858
EONET_10859,wildfires,Wildfire in Tanzania 1021996,False,https://eonet.gsfc.nasa.gov/api/v3/events/EONET_10859
EONET_10860,wildfires,Wildfire in Brazil 1022011,False,https://eonet.gsfc.nasa.gov/api/v3/events/EONET_10860
EONET_10861,wildfires,Wildfire in Brazil 1022005,False,https://eonet.gsfc.nasa.gov/api/v3/events/EONET_10861
EONET_10862,wildfires,Wildfire in Brazil 1022006,False,https://eonet.gsfc.nasa.gov/api/v3/events/EONET_10862
EONET_10765,wildfires,"Copperfield Wildfire, Klamath, Oregon",False,https://eonet.gsfc.nasa.gov/api/v3/events/EONET_10765
EONET_10762,wildfires,"RECORD Wildfire, Riverside, California",False,https://eonet.gsfc.nasa.gov/api/v3/events/EONET_10762
EONET_10769,wildfires,"Silver Spoon Wildfire, Campbell, Wyoming",False,https://eonet.gsfc.nasa.gov/api/v3/events/EONET_10769
EONET_10753,wildfires,"Long Gulch Wildfire, Yavapai, Arizona",False,https://eonet.gsfc.nasa.gov/api/v3/events/EONET_10753
EONET_10770,wildfires,"Black Mesa 2 Wildfire, Yavapai, Arizona",False,https://eonet.gsfc.nasa.gov/api/v3/events/EONET_10770
EONET_10774,wildfires,Wildfire in Brazil 1021928,False,https://eonet.gsfc.nasa.gov/api/v3/events/EONET_10774
EONET_10775,wildfires,Wildfire in Australia 1021929,False,https://eonet.gsfc.nasa.gov/api/v3/events/EONET_10775
EONET_10776,wildfires,Wildfire in Bolivia 1021930,False,https://eonet.gsfc.nasa.gov/api/v3/events/EONET_10776
EONET_10777,wildfires,Wildfire in Brazil 1021920,False,https://eonet.gsfc.nasa.gov/api/v3/events/EONET_10777
EONET_10778,wildfires,Wildfire in Brazil 1021921,False,https://eonet.gsfc.nasa.gov/api/v3/events/EONET_10778
EONET_10805,wildfires,Wildfire in Angola 1021943,False,https://eonet.gsfc.nasa.gov/api/v3/events/EONET_10805
EONET_10806,wildfires,Wildfire in Bolivia 1021953,False,https://eonet.gsfc.nasa.gov/api/v3/events/EONET_10806
EONET_10807,wildfires,Wildfire in Brazil 1021965,False,https://eonet.gsfc.nasa.gov/api/v3/events/EONET_10807
EONET_10808,wildfires,Wildfire in Australia 1021966,False,https://eonet.gsfc.nasa.gov/api/v3/events/EONET_10808
EONET_10833,wildfires,Wildfire in The Republic of North Macedonia 1021975,False,https://eonet.gsfc.nasa.gov/api/v3/events/EONET_10833
EONET_10863,wildfires,Wildfire in Zambia 1021997,False,https://eonet.gsfc.nasa.gov/api/v3/events/EONET_10863
EONET_10864,wildfires,Wildfire in Brazil 1022010,False,https://eonet.gsfc.nasa.gov/api/v3/events/EONET_10864
EONET_10757,wildfires,"One Way Wildfire, Mohave, Arizona",False,https://eonet.gsfc.nasa.gov/api/v3/events/EONET_10757
EONET_10721,wildfires,Wildfire in Brazil 1021889,False,https://eonet.gsfc.nasa.gov/api/v3/events/EONET_10721
EONET_10779,wildfires,Wildfire in Canada 1021922,False,https://eonet.gsfc.nasa.gov/api/v3/events/EONET_10779
EONET_10780,wildfires,Wildfire in Angola 1021917,False,https://eonet.gsfc.nasa.gov/api/v3/events/EONET_10780
EONET_10781,wildfires,Wildfire in Zambia 1021918,False,https://eonet.gsfc.nasa.gov/api/v3/events/EONET_10781
EONET_10782,wildfires,Wildfire in Australia 1021931,False,https://eonet.gsfc.nasa.gov/api/v3/events/EONET_10782
EONET_10783,wildfires,Wildfire in Brazil 1021932,False,https://eonet.gsfc.nasa.gov/api/v3/events/EONET_10783
EONET_10809,wildfires,Wildfire in Zambia 1021944,False,https://eonet.gsfc.nasa.gov/api/v3/events/EONET_10809
EONET_10810,wildfires,Wildfire in Zambia 1021945,False,https://eonet.gsfc.nasa.gov/api/v3/events/EONET_10810
EONET_10811,wildfires,Wildfire in Brazil 1021967,False,https://eonet.gsfc.nasa.gov/api/v3/events/EONET_10811
EONET_10812,wildfires,Wildfire in Brazil 1021954,False,https://eonet.gsfc.nasa.gov/api/v3/events/EONET_10812
EONET_10813,wildfires,Wildfire in Brazil 1021955,False,https://eonet.gsfc.nasa.gov/api/v3/events/EONET_10813
EONET_10814,wildfires,Wildfire in Brazil 1021956,False,https://eonet.gsfc.nasa.gov/api/v3/events/EONET_10814
EONET_10815,wildfires,Wildfire in Australia 1021957,False,https://eonet.gsfc.nasa.gov/api/v3/events/EONET_10815
EONET_10834,wildfires,Wildfire in Brazil 1021979,False,https://eonet.gsfc.nasa.gov/api/v3/events/EONET_10834
EONET_10865,wildfires,Wildfire in Zambia 1021998,False,https://eonet.gsfc.nasa.gov/api/v3/events/EONET_10865
EONET_10866,wildfires,Wildfire in Brazil 1021987,False,https://eonet.gsfc.nasa.gov/api/v3/events/EONET_10866
EONET_10867,wildfires,Wildfire in Brazil 1021988,False,https://eonet.gsfc.nasa.gov/api/v3/events/EONET_10867
EONET_10722,wildfires,Wildfire in Bolivia 1021890,False,https://eonet.gsfc.nasa.gov/api/v3/events/EONET_10722
EONET_10741,wildfires,Wildfire in Brazil 1021913,False,https://eonet.gsfc.nasa.gov/api/v3/events/EONET_10741
EONET_10742,wildfires,Wildfire in Brazil 1021906,False,https://eonet.gsfc.nasa.gov/api/v3/events/EONET_10742
EONET_10784,wildfires,Wildfire in Brazil 1021933,False,https://eonet.gsfc.nasa.gov/api/v3/events/EONET_10784
EONET_10785,wildfires,Wildfire in Angola 1021926,False,https://eonet.gsfc.nasa.gov/api/v3/events/EONET_10785
EONET_10786,wildfires,Wildfire in Brazil 1021923,False,https://eonet.gsfc.nasa.gov/api/v3/events/EONET_10786
EONET_10816,wildfires,Wildfire in Angola 1021947,False,https://eonet.gsfc.nasa.gov/api/v3/events/EONET_10816
EONET_10817,wildfires,Wildfire in Brazil 1021958,False,https://eonet.gsfc.nasa.gov/api/v3/events/EONET_10817
EONET_10818,wildfires,Wildfire in Brazil 1021960,False,https://eonet.gsfc.nasa.gov/api/v3/events/EONET_10818
EONET_10819,wildfires,Wildfire in Brazil 1021968,False,https://eonet.gsfc.nasa.gov/api/v3/events/EONET_10819
EONET_10820,wildfires,Wildfire in Brazil 1021969,False,https://eonet.gsfc.nasa.gov/api/v3/events/EONET_10820
EONET_10821,wildfires,Wildfire in Australia 1021970,False,https://eonet.gsfc.nasa.gov/api/v3/events/EONET_10821
EONET_10822,wildfires,Wildfire in Brazil 1021959,False,https://eonet.gsfc.nasa.gov/api/v3/events/EONET_10822
EONET_10823,wildfires,Wildfire in Zambia 1021946,False,https://eonet.gsfc.nasa.gov/api/v3/events/EONET_10823
EONET_10824,wildfires,Wildfire in Zambia 1021948,False,https://eonet.gsfc.nasa.gov/api/v3/events/EONET_10824
EONET_10835,wildfires,Wildfire in Zambia 1021976,False,https://eonet.gsfc.nasa.gov/api/v3/events/EONET_10835
EONET_10836,wildfires,Wildfire in Zambia 1021977,False,https://eonet.gsfc.nasa.gov/api/v3/events/EONET_10836
EONET_10685,wildfires,"DeSoto BB 7310 RX Wildfire, Perry, Mississippi",False,https://eonet.gsfc.nasa.gov/api/v3/events/EONET_10685
EONET_10686,wildfires,"DeSoto BB 7208 RX Wildfire, Perry, Mississippi",False,https://eonet.gsfc.nasa.gov/api/v3/events/EONET_10686
EONET_10660,wildfires,Wildfire in Brazil 1021849,False,https://eonet.gsfc.nasa.gov/api/v3/events/EONET_10660
EONET_10693,wildfires,Wildfire in Angola 1021857,False,https://eonet.gsfc.nasa.gov/api/v3/events/EONET_10693
EONET_10694,wildfires,Wildfire in South Africa 1021859,False,https://eonet.gsfc.nasa.gov/api/v3/events/EONET_10694
EONET_10695,wildfires,Wildfire in Zambia 1021860,False,https://eonet.gsfc.nasa.gov/api/v3/events/EONET_10695
EONET_10696,wildfires,Wildfire in Brazil 1021878,False,https://eonet.gsfc.nasa.gov/api/v3/events/EONET_10696
EONET_10697,wildfires,Wildfire in South Africa 1021858,False,https://eonet.gsfc.nasa.gov/api/v3/events/EONET_10697
EONET_10723,wildfires,Wildfire in Brazil 1021899,False,https://eonet.gsfc.nasa.gov/api/v3/events/EONET_10723
EONET_10724,wildfires,Wildfire in Brazil 1021900,False,https://eonet.gsfc.nasa.gov/api/v3/events/EONET_10724
EONET_10725,wildfires,"Wildfire in Bolivia, Brazil 1021891",False,https://eonet.gsfc.nasa.gov/api/v3/events/EONET_10725
EONET_10726,wildfires,Wildfire in Brazil 1021892,False,https://eonet.gsfc.nasa.gov/api/v3/events/EONET_10726
EONET_10727,wildfires,Wildfire in Brazil 1021893,False,https://eonet.gsfc.nasa.gov/api/v3/events/EONET_10727
EONET_10743,wildfires,Wildfire in Brazil 1021907,False,https://eonet.gsfc.nasa.gov/api/v3/events/EONET_10743
EONET_10744,wildfires,Wildfire in Brazil 1021908,False,https://eonet.gsfc.nasa.gov/api/v3/events/EONET_10744
EONET_10745,wildfires,Wildfire in Brazil 1021909,False,https://eonet.gsfc.nasa.gov/api/v3/events/EONET_10745
EONET_10746,wildfires,Wildfire in Brazil 1021910,False,https://eonet.gsfc.nasa.gov/api/v3/events/EONET_10746
EONET_10747,wildfires,Wildfire in Brazil 1021912,False,https://eonet.gsfc.nasa.gov/api/v3/events/EONET_10747
EONET_10748,wildfires,Wildfire in Angola 1021904,False,https://eonet.gsfc.nasa.gov/api/v3/events/EONET_10748
EONET_10787,wildfires,Wildfire in Brazil 1021924,False,https://eonet.gsfc.nasa.gov/api/v3/events/EONET_10787
EONET_10788,wildfires,Wildfire in Brazil 1021925,False,https://eonet.gsfc.nasa.gov/api/v3/events/EONET_10788
EONET_10789,wildfires,Wildfire in Brazil 1021934,False,https://eonet.gsfc.nasa.gov/api/v3/events/EONET_10789
EONET_10790,wildfires,Wildfire in Brazil 1021935,False,https://eonet.gsfc.nasa.gov/api/v3/events/EONET_10790
EONET_10791,wildfires,Wildfire in Australia 1021936,False,https://eonet.gsfc.nasa.gov/api/v3/events/EONET_10791
EONET_10825,wildfires,Wildfire in Zambia 1021949,False,https://eonet.gsfc.nasa.gov/api/v3/events/EONET_10825
EONET_10689,wildfires,"Goodson Wildfire, Weston, Wyoming",False,https://eonet.gsfc.nasa.gov/api/v3/events/EONET_10689
EONET_10690,wildfires,"Geier Wildfire, Weston, Wyoming",False,https://eonet.gsfc.nasa.gov/api/v3/events/EONET_10690
EONET_10688,wildfires,"Alkali Wildfire, Weston, Wyoming",False,https://eonet.gsfc.nasa.gov/api/v3/events/EONET_10688
EONET_10691,wildfires,"BAUER COULEE Wildfire, Adams, Washington",False,https://eonet.gsfc.nasa.gov/api/v3/events/EONET_10691
EONET_10606,wildfires,Wildfire in Australia 1021800,False,https://eonet.gsfc.nasa.gov/api/v3/events/EONET_10606
EONET_10632,wildfires,Wildfire in South Africa 1021807,False,https://eonet.gsfc.nasa.gov/api/v3/events/EONET_10632
EONET_10633,wildfires,Wildfire in Brazil 1021824,False,https://eonet.gsfc.nasa.gov/api/v3/events/EONET_10633
EONET_10634,wildfires,Wildfire in Canada 1021825,False,https://eonet.gsfc.nasa.gov/api/v3/events/EONET_10634
EONET_10635,wildfires,Wildfire in Brazil 1021826,False,https://eonet.gsfc.nasa.gov/api/v3/events/EONET_10635
EONET_10661,wildfires,Wildfire in Brazil 1021850,False,https://eonet.gsfc.nasa.gov/api/v3/events/EONET_10661
EONET_10662,wildfires,Wildfire in Canada 1021851,False,https://eonet.gsfc.nasa.gov/api/v3/events/EONET_10662
EONET_10663,wildfires,Wildfire in Brazil 1021852,False,https://eonet.gsfc.nasa.gov/api/v3/events/EONET_10663
EONET_10664,wildfires,Wildfire in Brazil 1021853,False,https://eonet.gsfc.nasa.gov/api/v3/events/EONET_10664
EONET_10665,wildfires,Wildfire in Brazil 1021841,False,https://eonet.gsfc.nasa.gov/api/v3/events/EONET_10665
EONET_10698,wildfires,Wildfire in Brazil 1021861,False,https://eonet.gsfc.nasa.gov/api/v3/events/EONET_10698
EONET_10699,wildfires,Wildfire in Angola 1021862,False,https://eonet.gsfc.nasa.gov/api/v3/events/EONET_10699
EONET_10700,wildfires,Wildfire in Bolivia 1021872,False,https://eonet.gsfc.nasa.gov/api/v3/events/EONET_10700
EONET_10701,wildfires,Wildfire in Brazil 1021873,False,https://eonet.gsfc.nasa.gov/api/v3/events/EONET_10701
EONET_10702,wildfires,Wildfire in Bolivia 1021879,False,https://eonet.gsfc.nasa.gov/api/v3/events/EONET_10702
EONET_10703,wildfires,Wildfire in Brazil 1021880,False,https://eonet.gsfc.nasa.gov/api/v3/events/EONET_10703
EONET_10704,wildfires,Wildfire in Brazil 1021881,False,https://eonet.gsfc.nasa.gov/api/v3/events/EONET_10704
EONET_10705,wildfires,Wildfire in Australia 1021882,False,https://eonet.gsfc.nasa.gov/api/v3/events/EONET_10705
EONET_10706,wildfires,Wildfire in Bolivia 1021877,False,https://eonet.gsfc.nasa.gov/api/v3/events/EONET_10706
EONET_10728,wildfires,Wildfire in Angola 1021885,False,https://eonet.gsfc.nasa.gov/api/v3/events/EONET_10728
EONET_10729,wildfires,Wildfire in Paraguay 1021894,False,https://eonet.gsfc.nasa.gov/api/v3/events/EONET_10729
EONET_10730,wildfires,Wildfire in Brazil 1021895,False,https://eonet.gsfc.nasa.gov/api/v3/events/EONET_10730
EONET_10731,wildfires,Wildfire in Brazil 1021896,False,https://eonet.gsfc.nasa.gov/api/v3/events/EONET_10731
EONET_10732,wildfires,Wildfire in Brazil 1021898,False,https://eonet.gsfc.nasa.gov/api/v3/events/EONET_10732
EONET_10749,wildfires,Wildfire in Brazil 1021911,False,https://eonet.gsfc.nasa.gov/api/v3/events/EONET_10749
EONET_10750,wildfires,Wildfire in Angola 1021905,False,https://eonet.gsfc.nasa.gov/api/v3/events/EONET_10750
EONET_10751,wildfires,Wildfire in Brazil 1021914,False,https://eonet.gsfc.nasa.gov/api/v3/events/EONET_10751
EONET_10752,wildfires,Wildfire in Brazil 1021915,False,https://eonet.gsfc.nasa.gov/api/v3/events/EONET_10752
EONET_10692,wildfires,"BAER Dixon Wildfire, Douglas, Oregon",False,https://eonet.gsfc.nasa.gov/api/v3/events/EONET_10692
EONET_10607,wildfires,Wildfire in South Africa 1021782,False,https://eonet.gsfc.nasa.gov/api/v3/events/EONET_10607
EONET_10608,wildfires,Wildfire in Brazil 1021791,False,https://eonet.gsfc.nasa.gov/api/v3/events/EONET_10608
EONET_10609,wildfires,Wildfire in South Africa 1021783,False,https://eonet.gsfc.nasa.gov/api/v3/events/EONET_10609
EONET_10610,wildfires,Wildfire in South Africa 1021784,False,https://eonet.gsfc.nasa.gov/api/v3/events/EONET_10610
EONET_10636,wildfires,Wildfire in Canada 1021827,False,https://eonet.gsfc.nasa.gov/api/v3/events/EONET_10636
EONET_10637,wildfires,Wildfire in Australia 1021828,False,https://eonet.gsfc.nasa.gov/api/v3/events/EONET_10637
EONET_10638,wildfires,"Wildfire in Zambia, The Democratic Republic of Congo 1021809",False,https://eonet.gsfc.nasa.gov/api/v3/events/EONET_10638
EONET_10639,wildfires,Wildfire in South Africa 1021808,False,https://eonet.gsfc.nasa.gov/api/v3/events/EONET_10639
EONET_10640,wildfires,Wildfire in Bolivia 1021822,False,https://eonet.gsfc.nasa.gov/api/v3/events/EONET_10640
EONET_10641,wildfires,Wildfire in Brazil 1021815,False,https://eonet.gsfc.nasa.gov/api/v3/events/EONET_10641
EONET_10642,wildfires,Wildfire in Brazil 1021816,False,https://eonet.gsfc.nasa.gov/api/v3/events/EONET_10642
EONET_10666,wildfires,Wildfire in Brazil 1021842,False,https://eonet.gsfc.nasa.gov/api/v3/events/EONET_10666
EONET_10667,wildfires,Wildfire in Angola 1021832,False,https://eonet.gsfc.nasa.gov/api/v3/events/EONET_10667
EONET_10668,wildfires,Wildfire in Brazil 1021854,False,https://eonet.gsfc.nasa.gov/api/v3/events/EONET_10668
EONET_10707,wildfires,Wildfire in The Democratic Republic of Congo 1021864,False,https://eonet.gsfc.nasa.gov/api/v3/events/EONET_10707
EONET_10708,wildfires,Wildfire in Bolivia 1021874,False,https://eonet.gsfc.nasa.gov/api/v3/events/EONET_10708
EONET_10709,wildfires,Wildfire in Brazil 1021875,False,https://eonet.gsfc.nasa.gov/api/v3/events/EONET_10709
EONET_10710,wildfires,Wildfire in Angola 1021863,False,https://eonet.gsfc.nasa.gov/api/v3/events/EONET_10710
EONET_10733,wildfires,Wildfire in Brazil 1021901,False,https://eonet.gsfc.nasa.gov/api/v3/events/EONET_10733
EONET_10734,wildfires,Wildfire in Bolivia 1021902,False,https://eonet.gsfc.nasa.gov/api/v3/events/EONET_10734
EONET_10735,wildfires,Wildfire in Brazil 1021903,False,https://eonet.gsfc.nasa.gov/api/v3/events/EONET_10735
EONET_10736,wildfires,Wildfire in Australia 1021897,False,https://eonet.gsfc.nasa.gov/api/v3/events/EONET_10736
EONET_10737,wildfires,Wildfire in Angola 1021886,False,https://eonet.gsfc.nasa.gov/api/v3/events/EONET_10737
EONET_10561,wildfires,Wildfire in Brazil 1021774,False,https://eonet.gsfc.nasa.gov/api/v3/events/EONET_10561
EONET_10611,wildfires,Wildfire in The Democratic Republic of Congo 1021785,False,https://eonet.gsfc.nasa.gov/api/v3/events/EONET_10611
EONET_10612,wildfires,Wildfire in The Democratic Republic of Congo 1021786,False,https://eonet.gsfc.nasa.gov/api/v3/events/EONET_10612
EONET_10613,wildfires,Wildfire in Bolivia 1021801,False,https://eonet.gsfc.nasa.gov/api/v3/events/EONET_10613
EONET_10614,wildfires,Wildfire in Australia 1021792,False,https://eonet.gsfc.nasa.gov/api/v3/events/EONET_10614
EONET_10643,wildfires,Wildfire in Brazil 1021818,False,https://eonet.gsfc.nasa.gov/api/v3/events/EONET_10643
EONET_10644,wildfires,Wildfire in Brazil 1021819,False,https://eonet.gsfc.nasa.gov/api/v3/events/EONET_10644
EONET_10645,wildfires,Wildfire in Brazil 1021820,False,https://eonet.gsfc.nasa.gov/api/v3/events/EONET_10645
EONET_10646,wildfires,Wildfire in Angola 1021823,False,https://eonet.gsfc.nasa.gov/api/v3/events/EONET_10646
EONET_10647,wildfires,Wildfire in Zambia 1021805,False,https://eonet.gsfc.nasa.gov/api/v3/events/EONET_10647
EONET_10648,wildfires,Wildfire in Canada 1021817,False,https://eonet.gsfc.nasa.gov/api/v3/events/EONET_10648
EONET_10649,wildfires,Wildfire in Angola 1021810,False,https://eonet.gsfc.nasa.gov/api/v3/events/EONET_10649
EONET_10650,wildfires,Wildfire in Angola 1021811,False,https://eonet.gsfc.nasa.gov/api/v3/events/EONET_10650
EONET_10651,wildfires,Wildfire in Australia 1021829,False,https://eonet.gsfc.nasa.gov/api/v3/events/EONET_10651
EONET_10669,wildfires,Wildfire in Zimbabwe 1021834,False,https://eonet.gsfc.nasa.gov/api/v3/events/EONET_10669
EONET_10670,wildfires,Wildfire in Brazil 1021855,False,https://eonet.gsfc.nasa.gov/api/v3/events/EONET_10670
EONET_10671,wildfires,Wildfire in Russian Federation 1021833,False,https://eonet.gsfc.nasa.gov/api/v3/events/EONET_10671
EONET_10672,wildfires,Wildfire in Bolivia 1021843,False,https://eonet.gsfc.nasa.gov/api/v3/events/EONET_10672
EONET_10673,wildfires,Wildfire in Brazil 1021844,False,https://eonet.gsfc.nasa.gov/api/v3/events/EONET_10673
EONET_10674,wildfires,Wildfire in Paraguay 1021845,False,https://eonet.gsfc.nasa.gov/api/v3/events/EONET_10674
EONET_10675,wildfires,Wildfire in Angola 1021848,False,https://eonet.gsfc.nasa.gov/api/v3/events/EONET_10675
EONET_10711,wildfires,Wildfire in Angola 1021865,False,https://eonet.gsfc.nasa.gov/api/v3/events/EONET_10711
EONET_10712,wildfires,Wildfire in Angola 1021866,False,https://eonet.gsfc.nasa.gov/api/v3/events/EONET_10712
EONET_10713,wildfires,Wildfire in Australia 1021867,False,https://eonet.gsfc.nasa.gov/api/v3/events/EONET_10713
EONET_10714,wildfires,Wildfire in Angola 1021868,False,https://eonet.gsfc.nasa.gov/api/v3/events/EONET_10714
EONET_10715,wildfires,Wildfire in Angola 1021869,False,https://eonet.gsfc.nasa.gov/api/v3/events/EONET_10715
EONET_10716,wildfires,Wildfire in Angola 1021870,False,https://eonet.gsfc.nasa.gov/api/v3/events/EONET_10716
EONET_10717,wildfires,Wildfire in Angola 1021871,False,https://eonet.gsfc.nasa.gov/api/v3/events/EONET_10717
EONET_10718,wildfires,"Wildfire in Bolivia, Brazil 1021876",False,https://eonet.gsfc.nasa.gov/api/v3/events/EONET_10718
EONET_10719,wildfires,Wildfire in Australia 1021883,False,https://eonet.gsfc.nasa.gov/api/v3/events/EONET_10719
EONET_10720,wildfires,Wildfire in Bolivia 1021884,False,https://eonet.gsfc.nasa.gov/api/v3/events/EONET_10720
EONET_10738,wildfires,Wildfire in Bolivia 1021887,False,https://eonet.gsfc.nasa.gov/api/v3/events/EONET_10738
EONET_10739,wildfires,Wildfire in Angola 1021888,False,https://eonet.gsfc.nasa.gov/api/v3/events/EONET_10739
EONET_10539,wildfires,Wildfire in Brazil 1021746,False,https://eonet.gsfc.nasa.gov/api/v3/events/EONET_10539
EONET_10540,wildfires,Wildfire in Brazil 1021747,False,https://eonet.gsfc.nasa.gov/api/v3/events/EONET_10540
EONET_10562,wildfires,Wildfire in Angola 1021763,False,https://eonet.gsfc.nasa.gov/api/v3/events/EONET_10562
EONET_10563,wildfires,Wildfire in Russian Federation 1021760,False,https://eonet.gsfc.nasa.gov/api/v3/events/EONET_10563
EONET_10564,wildfires,Wildfire in Brazil 1021775,False,https://eonet.gsfc.nasa.gov/api/v3/events/EONET_10564
EONET_10565,wildfires,Wildfire in Brazil 1021769,False,https://eonet.gsfc.nasa.gov/api/v3/events/EONET_10565
EONET_10566,wildfires,Wildfire in Bolivia 1021770,False,https://eonet.gsfc.nasa.gov/api/v3/events/EONET_10566
EONET_10567,wildfires,Wildfire in Bolivia 1021771,False,https://eonet.gsfc.nasa.gov/api/v3/events/EONET_10567
EONET_10615,wildfires,Wildfire in Bolivia 1021802,False,https://eonet.gsfc.nasa.gov/api/v3/events/EONET_10615
EONET_10616,wildfires,Wildfire in Brazil 1021803,False,https://eonet.gsfc.nasa.gov/api/v3/events/EONET_10616
EONET_10617,wildfires,Wildfire in Gabon 1021787,False,https://eonet.gsfc.nasa.gov/api/v3/events/EONET_10617
EONET_10618,wildfires,Wildfire in Bolivia 1021793,False,https://eonet.gsfc.nasa.gov/api/v3/events/EONET_10618
EONET_10619,wildfires,Wildfire in Brazil 1021794,False,https://eonet.gsfc.nasa.gov/api/v3/events/EONET_10619
EONET_10620,wildfires,Wildfire in Brazil 1021795,False,https://eonet.gsfc.nasa.gov/api/v3/events/EONET_10620
EONET_10652,wildfires,Wildfire in Brazil 1021830,False,https://eonet.gsfc.nasa.gov/api/v3/events/EONET_10652
EONET_10653,wildfires,Wildfire in The Democratic Republic of Congo 1021812,False,https://eonet.gsfc.nasa.gov/api/v3/events/EONET_10653
EONET_10654,wildfires,Wildfire in United States 1021806,False,https://eonet.gsfc.nasa.gov/api/v3/events/EONET_10654
EONET_10676,wildfires,Wildfire in Zambia 1021837,False,https://eonet.gsfc.nasa.gov/api/v3/events/EONET_10676
EONET_10677,wildfires,Wildfire in Brazil 1021835,False,https://eonet.gsfc.nasa.gov/api/v3/events/EONET_10677
EONET_10678,wildfires,Wildfire in Australia 1021836,False,https://eonet.gsfc.nasa.gov/api/v3/events/EONET_10678
EONET_10679,wildfires,Wildfire in Bolivia 1021856,False,https://eonet.gsfc.nasa.gov/api/v3/events/EONET_10679
EONET_10680,wildfires,Wildfire in Brazil 1021846,False,https://eonet.gsfc.nasa.gov/api/v3/events/EONET_10680
EONET_10681,wildfires,Wildfire in Brazil 1021847,False,https://eonet.gsfc.nasa.gov/api/v3/events/EONET_10681
EONET_10589,wildfires,"Boulter Wildfire, Tooele, Utah",False,https://eonet.gsfc.nasa.gov/api/v3/events/EONET_10589
EONET_10463,wildfires,Wildfire in United States 1021699,False,https://eonet.gsfc.nasa.gov/api/v3/events/EONET_10463
EONET_10512,wildfires,Wildfire in Australia 1021734,False,https://eonet.gsfc.nasa.gov/api/v3/events/EONET_10512
EONET_10513,wildfires,Wildfire in Brazil 1021724,False,https://eonet.gsfc.nasa.gov/api/v3/events/EONET_10513
EONET_10541,wildfires,Wildfire in Brazil 1021748,False,https://eonet.gsfc.nasa.gov/api/v3/events/EONET_10541
EONET_10542,wildfires,Wildfire in Brazil 1021749,False,https://eonet.gsfc.nasa.gov/api/v3/events/EONET_10542
EONET_10543,wildfires,Wildfire in Ethiopia 1021739,False,https://eonet.gsfc.nasa.gov/api/v3/events/EONET_10543
EONET_10544,wildfires,Wildfire in Australia 1021757,False,https://eonet.gsfc.nasa.gov/api/v3/events/EONET_10544
EONET_10568,wildfires,Wildfire in Tanzania 1021764,False,https://eonet.gsfc.nasa.gov/api/v3/events/EONET_10568
EONET_10569,wildfires,Wildfire in Brazil 1021772,False,https://eonet.gsfc.nasa.gov/api/v3/events/EONET_10569
EONET_10570,wildfires,Wildfire in Brazil 1021773,False,https://eonet.gsfc.nasa.gov/api/v3/events/EONET_10570
EONET_10571,wildfires,Wildfire in Brazil 1021776,False,https://eonet.gsfc.nasa.gov/api/v3/events/EONET_10571
EONET_10572,wildfires,Wildfire in Brazil 1021777,False,https://eonet.gsfc.nasa.gov/api/v3/events/EONET_10572
EONET_10573,wildfires,Wildfire in Brazil 1021778,False,https://eonet.gsfc.nasa.gov/api/v3/events/EONET_10573
EONET_10621,wildfires,Wildfire in Brazil 1021796,False,https://eonet.gsfc.nasa.gov/api/v3/events/EONET_10621
EONET_10622,wildfires,Wildfire in Brazil 1021788,False,https://eonet.gsfc.nasa.gov/api/v3/events/EONET_10622
EONET_10623,wildfires,Wildfire in Brazil 1021804,False,https://eonet.gsfc.nasa.gov/api/v3/events/EONET_10623
EONET_10624,wildfires,Wildfire in The Democratic Republic of Congo 1021789,False,https://eonet.gsfc.nasa.gov/api/v3/events/EONET_10624
EONET_10655,wildfires,Wildfire in Angola 1021813,False,https://eonet.gsfc.nasa.gov/api/v3/events/EONET_10655
EONET_10656,wildfires,Wildfire in Ecuador 1021831,False,https://eonet.gsfc.nasa.gov/api/v3/events/EONET_10656
EONET_10657,wildfires,Wildfire in Brazil 1021821,False,https://eonet.gsfc.nasa.gov/api/v3/events/EONET_10657
EONET_10682,wildfires,Wildfire in Brazil 1021838,False,https://eonet.gsfc.nasa.gov/api/v3/events/EONET_10682
EONET_10683,wildfires,Wildfire in Angola 1021839,False,https://eonet.gsfc.nasa.gov/api/v3/events/EONET_10683
EONET_10684,wildfires,Wildfire in Angola 1021840,False,https://eonet.gsfc.nasa.gov/api/v3/events/EONET_10684
EONET_10585,wildfires,"Sharrott Creek Wildfire, Ravalli, Montana",False,https://eonet.gsfc.nasa.gov/api/v3/events/EONET_10585
EONET_10584,wildfires,"Big Hollow Wildfire, Beaverhead, Montana",False,https://eonet.gsfc.nasa.gov/api/v3/events/EONET_10584
EONET_10588,wildfires,"Cross L Complex Wildfire, Union, New Mexico",False,https://eonet.gsfc.nasa.gov/api/v3/events/EONET_10588
EONET_10586,wildfires,"Duncan Wildfire, Union, New Mexico",False,https://eonet.gsfc.nasa.gov/api/v3/events/EONET_10586
EONET_10420,wildfires,Wildfire in United States 1021654,False,https://eonet.gsfc.nasa.gov/api/v3/events/EONET_10420
EONET_10464,wildfires,Wildfire in Brazil 1021700,False,https://eonet.gsfc.nasa.gov/api/v3/events/EONET_10464
EONET_10465,wildfires,Wildfire in Bolivia 1021701,False,https://eonet.gsfc.nasa.gov/api/v3/events/EONET_10465
EONET_10466,wildfires,Wildfire in Bolivia 1021702,False,https://eonet.gsfc.nasa.gov/api/v3/events/EONET_10466
EONET_10467,wildfires,Wildfire in Australia 1021703,False,https://eonet.gsfc.nasa.gov/api/v3/events/EONET_10467
EONET_10468,wildfires,Wildfire in Brazil 1021704,False,https://eonet.gsfc.nasa.gov/api/v3/events/EONET_10468
EONET_10469,wildfires,Wildfire in Angola 1021664,False,https://eonet.gsfc.nasa.gov/api/v3/events/EONET_10469
EONET_10470,wildfires,Wildfire in Angola 1021665,False,https://eonet.gsfc.nasa.gov/api/v3/events/EONET_10470
EONET_10471,wildfires,Wildfire in Brazil 1021682,False,https://eonet.gsfc.nasa.gov/api/v3/events/EONET_10471
EONET_10472,wildfires,Wildfire in Brazil 1021683,False,https://eonet.gsfc.nasa.gov/api/v3/events/EONET_10472
EONET_10473,wildfires,Wildfire in Brazil 1021684,False,https://eonet.gsfc.nasa.gov/api/v3/events/EONET_10473
EONET_10474,wildfires,Wildfire in Brazil 1021685,False,https://eonet.gsfc.nasa.gov/api/v3/events/EONET_10474
EONET_10475,wildfires,Wildfire in Brazil 1021686,False,https://eonet.gsfc.nasa.gov/api/v3/events/EONET_10475
EONET_10476,wildfires,Wildfire in Brazil 1021687,False,https://eonet.gsfc.nasa.gov/api/v3/events/EONET_10476
EONET_10514,wildfires,Wildfire in Brazil 1021727,False,https://eonet.gsfc.nasa.gov/api/v3/events/EONET_10514
EONET_10515,wildfires,Wildfire in Brazil 1021728,False,https://eonet.gsfc.nasa.gov/api/v3/events/EONET_10515
EONET_10516,wildfires,Wildfire in Australia 1021725,False,https://eonet.gsfc.nasa.gov/api/v3/events/EONET_10516
EONET_10517,wildfires,Wildfire in Brazil 1021726,False,https://eonet.gsfc.nasa.gov/api/v3/events/EONET_10517
EONET_10545,wildfires,Wildfire in Brazil 1021758,False,https://eonet.gsfc.nasa.gov/api/v3/events/EONET_10545
EONET_10546,wildfires,Wildfire in Angola 1021740,False,https://eonet.gsfc.nasa.gov/api/v3/events/EONET_10546
EONET_10547,wildfires,Wildfire in Brazil 1021750,False,https://eonet.gsfc.nasa.gov/api/v3/events/EONET_10547
EONET_10548,wildfires,Wildfire in Zambia 1021756,False,https://eonet.gsfc.nasa.gov/api/v3/events/EONET_10548
EONET_10574,wildfires,Wildfire in Serbia 1021761,False,https://eonet.gsfc.nasa.gov/api/v3/events/EONET_10574
EONET_10575,wildfires,Wildfire in Angola 1021766,False,https://eonet.gsfc.nasa.gov/api/v3/events/EONET_10575
EONET_10576,wildfires,Wildfire in Tanzania 1021762,False,https://eonet.gsfc.nasa.gov/api/v3/events/EONET_10576
EONET_10577,wildfires,Wildfire in The Democratic Republic of Congo 1021765,False,https://eonet.gsfc.nasa.gov/api/v3/events/EONET_10577
EONET_10625,wildfires,Wildfire in Zambia 1021790,False,https://eonet.gsfc.nasa.gov/api/v3/events/EONET_10625
EONET_10626,wildfires,Wildfire in The Democratic Republic of Congo 1021780,False,https://eonet.gsfc.nasa.gov/api/v3/events/EONET_10626
EONET_10627,wildfires,Wildfire in Brazil 1021797,False,https://eonet.gsfc.nasa.gov/api/v3/events/EONET_10627
EONET_10628,wildfires,Wildfire in Brazil 1021798,False,https://eonet.gsfc.nasa.gov/api/v3/events/EONET_10628
EONET_10629,wildfires,Wildfire in Brazil 1021799,False,https://eonet.gsfc.nasa.gov/api/v3/events/EONET_10629
EONET_10658,wildfires,Wildfire in The Democratic Republic of Congo 1021814,False,https://eonet.gsfc.nasa.gov/api/v3/events/EONET_10658
EONET_10592,wildfires,"Chalky Point Wildfire, Rosebud, Montana",False,https://eonet.gsfc.nasa.gov/api/v3/events/EONET_10592
EONET_10597,wildfires,"RANGE 77 Wildfire, Nye, Nevada",False,https://eonet.gsfc.nasa.gov/api/v3/events/EONET_10597
EONET_10587,wildfires,"Island Wildfire, Union, New Mexico",False,https://eonet.gsfc.nasa.gov/api/v3/events/EONET_10587
EONET_10590,wildfires,"Remington Wildfire, Sheridan, Wyoming",False,https://eonet.gsfc.nasa.gov/api/v3/events/EONET_10590
EONET_10598,wildfires,"Sage Creek Wildfire, Pennington, South Dakota",False,https://eonet.gsfc.nasa.gov/api/v3/events/EONET_10598
EONET_10591,wildfires,"Flat Rock Wildfire, Campbell, Wyoming",False,https://eonet.gsfc.nasa.gov/api/v3/events/EONET_10591
EONET_10596,wildfires,"Constitution Wildfire, Campbell, Wyoming",False,https://eonet.gsfc.nasa.gov/api/v3/events/EONET_10596
EONET_10581,wildfires,"Barber Wildfire, Converse, Wyoming",False,https://eonet.gsfc.nasa.gov/api/v3/events/EONET_10581
EONET_10421,wildfires,Wildfire in Brazil 1021655,False,https://eonet.gsfc.nasa.gov/api/v3/events/EONET_10421
EONET_10422,wildfires,Wildfire in United States 1021620,False,https://eonet.gsfc.nasa.gov/api/v3/events/EONET_10422
EONET_10423,wildfires,Wildfire in Brazil 1021642,False,https://eonet.gsfc.nasa.gov/api/v3/events/EONET_10423
EONET_10424,wildfires,Wildfire in Brazil 1021643,False,https://eonet.gsfc.nasa.gov/api/v3/events/EONET_10424
EONET_10425,wildfires,Wildfire in United States 1021644,False,https://eonet.gsfc.nasa.gov/api/v3/events/EONET_10425
EONET_10477,wildfires,Wildfire in United States 1021688,False,https://eonet.gsfc.nasa.gov/api/v3/events/EONET_10477
EONET_10478,wildfires,Wildfire in Tanzania 1021666,False,https://eonet.gsfc.nasa.gov/api/v3/events/EONET_10478
EONET_10479,wildfires,Wildfire in The Democratic Republic of Congo 1021668,False,https://eonet.gsfc.nasa.gov/api/v3/events/EONET_10479
EONET_10480,wildfires,Wildfire in The Democratic Republic of Congo 1021669,False,https://eonet.gsfc.nasa.gov/api/v3/events/EONET_10480
EONET_10481,wildfires,Wildfire in Brazil 1021689,False,https://eonet.gsfc.nasa.gov/api/v3/events/EONET_10481
EONET_10482,wildfires,Wildfire in Brazil 1021690,False,https://eonet.gsfc.nasa.gov/api/v3/events/EONET_10482
EONET_10483,wildfires,Wildfire in Brazil 1021691,False,https://eonet.gsfc.nasa.gov/api/v3/events/EONET_10483
EONET_10484,wildfires,Wildfire in Australia 1021667,False,https://eonet.gsfc.nasa.gov/api/v3/events/EONET_10484
EONET_10485,wildfires,Wildfire in Brazil 1021705,False,https://eonet.gsfc.nasa.gov/api/v3/events/EONET_10485
EONET_10486,wildfires,Wildfire in Brazil 1021706,False,https://eonet.gsfc.nasa.gov/api/v3/events/EONET_10486
EONET_10518,wildfires,Wildfire in Brazil 1021729,False,https://eonet.gsfc.nasa.gov/api/v3/events/EONET_10518
EONET_10519,wildfires,Wildfire in Brazil 1021730,False,https://eonet.gsfc.nasa.gov/api/v3/events/EONET_10519
EONET_10520,wildfires,Wildfire in The Democratic Republic of Congo 1021732,False,https://eonet.gsfc.nasa.gov/api/v3/events/EONET_10520
EONET_10521,wildfires,Wildfire in Angola 1021712,False,https://eonet.gsfc.nasa.gov/api/v3/events/EONET_10521
EONET_10549,wildfires,Wildfire in Brazil 1021751,False,https://eonet.gsfc.nasa.gov/api/v3/events/EONET_10549
EONET_10550,wildfires,Wildfire in Brazil 1021752,False,https://eonet.gsfc.nasa.gov/api/v3/events/EONET_10550
EONET_10551,wildfires,Wildfire in Australia 1021753,False,https://eonet.gsfc.nasa.gov/api/v3/events/EONET_10551
EONET_10552,wildfires,Wildfire in Tanzania 1021742,False,https://eonet.gsfc.nasa.gov/api/v3/events/EONET_10552
EONET_10553,wildfires,Wildfire in Angola 1021741,False,https://eonet.gsfc.nasa.gov/api/v3/events/EONET_10553
EONET_10578,wildfires,Wildfire in The Democratic Republic of Congo 1021767,False,https://eonet.gsfc.nasa.gov/api/v3/events/EONET_10578
EONET_10579,wildfires,Wildfire in Australia 1021779,False,https://eonet.gsfc.nasa.gov/api/v3/events/EONET_10579
EONET_10580,wildfires,Wildfire in The Democratic Republic of Congo 1021768,False,https://eonet.gsfc.nasa.gov/api/v3/events/EONET_10580
EONET_10630,wildfires,Wildfire in Zambia 1021781,False,https://eonet.gsfc.nasa.gov/api/v3/events/EONET_10630
EONET_10582,wildfires,"Barber Draw Wildfire, Big Horn, Montana",False,https://eonet.gsfc.nasa.gov/api/v3/events/EONET_10582
EONET_10583,wildfires,"Iron Peak Wildfire, Iron, Utah",False,https://eonet.gsfc.nasa.gov/api/v3/events/EONET_10583
EONET_10595,wildfires,"House Draw Wildfire, Johnson, Wyoming",False,https://eonet.gsfc.nasa.gov/api/v3/events/EONET_10595
EONET_10605,wildfires,"Fishtail Wildfire, Stillwater, Montana",False,https://eonet.gsfc.nasa.gov/api/v3/events/EONET_10605
EONET_10389,wildfires,Wildfire in United States 1021615,False,https://eonet.gsfc.nasa.gov/api/v3/events/EONET_10389
EONET_10390,wildfires,"Wildfire in Angola, The Democratic Republic of Congo 1021591",False,https://eonet.gsfc.nasa.gov/api/v3/events/EONET_10390
EONET_10426,wildfires,Wildfire in Angola 1021624,False,https://eonet.gsfc.nasa.gov/api/v3/events/EONET_10426
EONET_10427,wildfires,Wildfire in Zambia 1021625,False,https://eonet.gsfc.nasa.gov/api/v3/events/EONET_10427
EONET_10428,wildfires,Wildfire in Brazil 1021645,False,https://eonet.gsfc.nasa.gov/api/v3/events/EONET_10428
EONET_10429,wildfires,Wildfire in Brazil 1021646,False,https://eonet.gsfc.nasa.gov/api/v3/events/EONET_10429
EONET_10430,wildfires,Wildfire in Brazil 1021647,False,https://eonet.gsfc.nasa.gov/api/v3/events/EONET_10430
EONET_10431,wildfires,Wildfire in Angola 1021622,False,https://eonet.gsfc.nasa.gov/api/v3/events/EONET_10431
EONET_10432,wildfires,Wildfire in Brazil 1021623,False,https://eonet.gsfc.nasa.gov/api/v3/events/EONET_10432
EONET_10433,wildfires,Wildfire in Brazil 1021656,False,https://eonet.gsfc.nasa.gov/api/v3/events/EONET_10433
EONET_10434,wildfires,Wildfire in Brazil 1021657,False,https://eonet.gsfc.nasa.gov/api/v3/events/EONET_10434
EONET_10435,wildfires,Wildfire in Brazil 1021658,False,https://eonet.gsfc.nasa.gov/api/v3/events/EONET_10435
EONET_10436,wildfires,Wildfire in Brazil 1021659,False,https://eonet.gsfc.nasa.gov/api/v3/events/EONET_10436
EONET_10487,wildfires,Wildfire in Bolivia 1021707,False,https://eonet.gsfc.nasa.gov/api/v3/events/EONET_10487
EONET_10488,wildfires,Wildfire in Brazil 1021708,False,https://eonet.gsfc.nasa.gov/api/v3/events/EONET_10488
EONET_10489,wildfires,Wildfire in Australia 1021709,False,https://eonet.gsfc.nasa.gov/api/v3/events/EONET_10489
EONET_10490,wildfires,Wildfire in Brazil 1021710,False,https://eonet.gsfc.nasa.gov/api/v3/events/EONET_10490
EONET_10491,wildfires,Wildfire in Brazil 1021698,False,https://eonet.gsfc.nasa.gov/api/v3/events/EONET_10491
EONET_10492,wildfires,Wildfire in Angola 1021670,False,https://eonet.gsfc.nasa.gov/api/v3/events/EONET_10492
EONET_10493,wildfires,Wildfire in Brazil 1021692,False,https://eonet.gsfc.nasa.gov/api/v3/events/EONET_10493
EONET_10522,wildfires,Wildfire in Brazil 1021735,False,https://eonet.gsfc.nasa.gov/api/v3/events/EONET_10522
EONET_10523,wildfires,Wildfire in Brazil 1021736,False,https://eonet.gsfc.nasa.gov/api/v3/events/EONET_10523
EONET_10524,wildfires,Wildfire in Bolivia 1021733,False,https://eonet.gsfc.nasa.gov/api/v3/events/EONET_10524
EONET_10525,wildfires,Wildfire in Angola 1021716,False,https://eonet.gsfc.nasa.gov/api/v3/events/EONET_10525
EONET_10526,wildfires,Wildfire in The Democratic Republic of Congo 1021713,False,https://eonet.gsfc.nasa.gov/api/v3/events/EONET_10526
EONET_10527,wildfires,Wildfire in Angola 1021714,False,https://eonet.gsfc.nasa.gov/api/v3/events/EONET_10527
EONET_10528,wildfires,Wildfire in Angola 1021715,False,https://eonet.gsfc.nasa.gov/api/v3/events/EONET_10528
EONET_10529,wildfires,Wildfire in Angola 1021717,False,https://eonet.gsfc.nasa.gov/api/v3/events/EONET_10529
EONET_10530,wildfires,Wildfire in Brazil 1021731,False,https://eonet.gsfc.nasa.gov/api/v3/events/EONET_10530
EONET_10554,wildfires,Wildfire in Brazil 1021759,False,https://eonet.gsfc.nasa.gov/api/v3/events/EONET_10554
EONET_10555,wildfires,Wildfire in Brazil 1021754,False,https://eonet.gsfc.nasa.gov/api/v3/events/EONET_10555
EONET_10556,wildfires,Wildfire in Bolivia 1021755,False,https://eonet.gsfc.nasa.gov/api/v3/events/EONET_10556
EONET_10557,wildfires,Wildfire in The Democratic Republic of Congo 1021743,False,https://eonet.gsfc.nasa.gov/api/v3/events/EONET_10557
EONET_10602,wildfires,"STAYMAN Wildfire, Chelan, Washington",False,https://eonet.gsfc.nasa.gov/api/v3/events/EONET_10602
EONET_10352,wildfires,Wildfire in The Democratic Republic of Congo 1021554,False,https://eonet.gsfc.nasa.gov/api/v3/events/EONET_10352
EONET_10353,wildfires,Wildfire in Angola 1021580,False,https://eonet.gsfc.nasa.gov/api/v3/events/EONET_10353
EONET_10391,wildfires,Wildfire in Australia 1021618,False,https://eonet.gsfc.nasa.gov/api/v3/events/EONET_10391
EONET_10392,wildfires,Wildfire in South Africa 1021616,False,https://eonet.gsfc.nasa.gov/api/v3/events/EONET_10392
EONET_10393,wildfires,Wildfire in Angola 1021592,False,https://eonet.gsfc.nasa.gov/api/v3/events/EONET_10393
EONET_10394,wildfires,Wildfire in Botswana 1021593,False,https://eonet.gsfc.nasa.gov/api/v3/events/EONET_10394
EONET_10395,wildfires,Wildfire in Bolivia 1021610,False,https://eonet.gsfc.nasa.gov/api/v3/events/EONET_10395
EONET_10437,wildfires,Wildfire in Zambia 1021626,False,https://eonet.gsfc.nasa.gov/api/v3/events/EONET_10437
EONET_10438,wildfires,Wildfire in Angola 1021628,False,https://eonet.gsfc.nasa.gov/api/v3/events/EONET_10438
EONET_10439,wildfires,Wildfire in Angola 1021629,False,https://eonet.gsfc.nasa.gov/api/v3/events/EONET_10439
EONET_10440,wildfires,Wildfire in Bolivia 1021660,False,https://eonet.gsfc.nasa.gov/api/v3/events/EONET_10440
EONET_10441,wildfires,Wildfire in Brazil 1021661,False,https://eonet.gsfc.nasa.gov/api/v3/events/EONET_10441
EONET_10442,wildfires,Wildfire in Brazil 1021627,False,https://eonet.gsfc.nasa.gov/api/v3/events/EONET_10442
EONET_10443,wildfires,Wildfire in Angola 1021630,False,https://eonet.gsfc.nasa.gov/api/v3/events/EONET_10443
EONET_10444,wildfires,Wildfire in Brazil 1021648,False,https://eonet.gsfc.nasa.gov/api/v3/events/EONET_10444
EONET_10445,wildfires,Wildfire in Brazil 1021649,False,https://eonet.gsfc.nasa.gov/api/v3/events/EONET_10445
EONET_10446,wildfires,Wildfire in Brazil 1021650,False,https://eonet.gsfc.nasa.gov/api/v3/events/EONET_10446
EONET_10494,wildfires,Wildfire in Angola 1021672,False,https://eonet.gsfc.nasa.gov/api/v3/events/EONET_10494
EONET_10495,wildfires,Wildfire in The Democratic Republic of Congo 1021673,False,https://eonet.gsfc.nasa.gov/api/v3/events/EONET_10495
EONET_10496,wildfires,Wildfire in Bolivia 1021693,False,https://eonet.gsfc.nasa.gov/api/v3/events/EONET_10496
EONET_10497,wildfires,Wildfire in Canada 1021694,False,https://eonet.gsfc.nasa.gov/api/v3/events/EONET_10497
EONET_10498,wildfires,Wildfire in Brazil 1021697,False,https://eonet.gsfc.nasa.gov/api/v3/events/EONET_10498
EONET_10499,wildfires,Wildfire in Brazil 1021695,False,https://eonet.gsfc.nasa.gov/api/v3/events/EONET_10499
EONET_10500,wildfires,Wildfire in Namibia 1021671,False,https://eonet.gsfc.nasa.gov/api/v3/events/EONET_10500
EONET_10501,wildfires,Wildfire in The Democratic Republic of Congo 1021674,False,https://eonet.gsfc.nasa.gov/api/v3/events/EONET_10501
EONET_10502,wildfires,Wildfire in The Democratic Republic of Congo 1021675,False,https://eonet.gsfc.nasa.gov/api/v3/events/EONET_10502
EONET_10503,wildfires,Wildfire in Brazil 1021711,False,https://eonet.gsfc.nasa.gov/api/v3/events/EONET_10503
EONET_10531,wildfires,Wildfire in The Democratic Republic of Congo 1021718,False,https://eonet.gsfc.nasa.gov/api/v3/events/EONET_10531
EONET_10532,wildfires,Wildfire in Zambia 1021719,False,https://eonet.gsfc.nasa.gov/api/v3/events/EONET_10532
EONET_10533,wildfires,Wildfire in Bolivia 1021737,False,https://eonet.gsfc.nasa.gov/api/v3/events/EONET_10533
EONET_10558,wildfires,Wildfire in Zambia 1021738,False,https://eonet.gsfc.nasa.gov/api/v3/events/EONET_10558
EONET_10559,wildfires,Wildfire in The Democratic Republic of Congo 1021744,False,https://eonet.gsfc.nasa.gov/api/v3/events/EONET_10559
EONET_10560,wildfires,Wildfire in The Democratic Republic of Congo 1021745,False,https://eonet.gsfc.nasa.gov/api/v3/events/EONET_10560
EONET_10315,wildfires,"Hobson Wildfire, White Pine, Nevada",False,https://eonet.gsfc.nasa.gov/api/v3/events/EONET_10315
EONET_10322,wildfires,Wildfire in Angola 1021547,False,https://eonet.gsfc.nasa.gov/api/v3/events/EONET_10322
EONET_10323,wildfires,Wildfire in Canada 1021524,False,https://eonet.gsfc.nasa.gov/api/v3/events/EONET_10323
EONET_10324,wildfires,Wildfire in Angola 1021526,False,https://eonet.gsfc.nasa.gov/api/v3/events/EONET_10324
EONET_10354,wildfires,Wildfire in The Democratic Republic of Congo 1021581,False,https://eonet.gsfc.nasa.gov/api/v3/events/EONET_10354
EONET_10355,wildfires,Wildfire in Angola 1021559,False,https://eonet.gsfc.nasa.gov/api/v3/events/EONET_10355
EONET_10396,wildfires,Wildfire in Zambia 1021595,False,https://eonet.gsfc.nasa.gov/api/v3/events/EONET_10396
EONET_10397,wildfires,Wildfire in The Democratic Republic of Congo 1021598,False,https://eonet.gsfc.nasa.gov/api/v3/events/EONET_10397
EONET_10398,wildfires,Wildfire in The Democratic Republic of Congo 1021600,False,https://eonet.gsfc.nasa.gov/api/v3/events/EONET_10398
EONET_10399,wildfires,Wildfire in Brazil 1021611,False,https://eonet.gsfc.nasa.gov/api/v3/events/EONET_10399
EONET_10400,wildfires,Wildfire in The Democratic Republic of Congo 1021594,False,https://eonet.gsfc.nasa.gov/api/v3/events/EONET_10400
EONET_10401,wildfires,Wildfire in Brazil 1021596,False,https://eonet.gsfc.nasa.gov/api/v3/events/EONET_10401
EONET_10402,wildfires,Wildfire in Angola 1021597,False,https://eonet.gsfc.nasa.gov/api/v3/events/EONET_10402
EONET_10403,wildfires,Wildfire in The Democratic Republic of Congo 1021599,False,https://eonet.gsfc.nasa.gov/api/v3/events/EONET_10403
EONET_10404,wildfires,Wildfire in Brazil 1021619,False,https://eonet.gsfc.nasa.gov/api/v3/events/EONET_10404
EONET_10447,wildfires,Wildfire in Angola 1021631,False,https://eonet.gsfc.nasa.gov/api/v3/events/EONET_10447
EONET_10448,wildfires,Wildfire in Zambia 1021632,False,https://eonet.gsfc.nasa.gov/api/v3/events/EONET_10448
EONET_10449,wildfires,Wildfire in Brazil 1021651,False,https://eonet.gsfc.nasa.gov/api/v3/events/EONET_10449
EONET_10504,wildfires,Wildfire in Namibia 1021676,False,https://eonet.gsfc.nasa.gov/api/v3/events/EONET_10504
EONET_10505,wildfires,Wildfire in The Democratic Republic of Congo 1021677,False,https://eonet.gsfc.nasa.gov/api/v3/events/EONET_10505
EONET_10506,wildfires,Wildfire in Namibia 1021678,False,https://eonet.gsfc.nasa.gov/api/v3/events/EONET_10506
EONET_10507,wildfires,Wildfire in Brazil 1021696,False,https://eonet.gsfc.nasa.gov/api/v3/events/EONET_10507
EONET_10534,wildfires,Wildfire in The Democratic Republic of Congo 1021720,False,https://eonet.gsfc.nasa.gov/api/v3/events/EONET_10534
EONET_10535,wildfires,Wildfire in Angola 1021721,False,https://eonet.gsfc.nasa.gov/api/v3/events/EONET_10535
EONET_10536,wildfires,Wildfire in Angola 1021722,False,https://eonet.gsfc.nasa.gov/api/v3/events/EONET_10536
EONET_10537,wildfires,Wildfire in The Democratic Republic of Congo 1021723,False,https://eonet.gsfc.nasa.gov/api/v3/events/EONET_10537
EONET_10314,wildfires,"0675 OCHOCO Wildfire, Jefferson, Oregon",False,https://eonet.gsfc.nasa.gov/api/v3/events/EONET_10314
EONET_10313,wildfires,"0672 RV N. GILLIAM CNTY ASSIST Wildfire, Gilliam, Oregon",False,https://eonet.gsfc.nasa.gov/api/v3/events/EONET_10313
EONET_10321,wildfires,"Salt Fork Fire Wildfire, Greer, Oklahoma",False,https://eonet.gsfc.nasa.gov/api/v3/events/EONET_10321
EONET_10216,wildfires,Wildfire in South Africa 1021431,False,https://eonet.gsfc.nasa.gov/api/v3/events/EONET_10216
EONET_10217,wildfires,Wildfire in Angola 1021452,False,https://eonet.gsfc.nasa.gov/api/v3/events/EONET_10217
EONET_10218,wildfires,Wildfire in Australia 1021457,False,https://eonet.gsfc.nasa.gov/api/v3/events/EONET_10218
EONET_10325,wildfires,Wildfire in South Africa 1021528,False,https://eonet.gsfc.nasa.gov/api/v3/events/EONET_10325
EONET_10326,wildfires,Wildfire in The Democratic Republic of Congo 1021527,False,https://eonet.gsfc.nasa.gov/api/v3/events/EONET_10326
EONET_10356,wildfires,Wildfire in South Africa 1021561,False,https://eonet.gsfc.nasa.gov/api/v3/events/EONET_10356
EONET_10357,wildfires,Wildfire in South Africa 1021560,False,https://eonet.gsfc.nasa.gov/api/v3/events/EONET_10357
EONET_10358,wildfires,Wildfire in Bolivia 1021576,False,https://eonet.gsfc.nasa.gov/api/v3/events/EONET_10358
EONET_10359,wildfires,Wildfire in Australia 1021577,False,https://eonet.gsfc.nasa.gov/api/v3/events/EONET_10359
EONET_10360,wildfires,Wildfire in Brazil 1021584,False,https://eonet.gsfc.nasa.gov/api/v3/events/EONET_10360
EONET_10361,wildfires,Wildfire in Russian Federation 1021585,False,https://eonet.gsfc.nasa.gov/api/v3/events/EONET_10361
EONET_10362,wildfires,Wildfire in Brazil 1021586,False,https://eonet.gsfc.nasa.gov/api/v3/events/EONET_10362
EONET_10405,wildfires,Wildfire in Tanzania 1021601,False,https://eonet.gsfc.nasa.gov/api/v3/events/EONET_10405
EONET_10406,wildfires,Wildfire in Zambia 1021617,False,https://eonet.gsfc.nasa.gov/api/v3/events/EONET_10406
EONET_10407,wildfires,Wildfire in Tanzania 1021590,False,https://eonet.gsfc.nasa.gov/api/v3/events/EONET_10407
EONET_10450,wildfires,Wildfire in Zambia 1021633,False,https://eonet.gsfc.nasa.gov/api/v3/events/EONET_10450
EONET_10451,wildfires,Wildfire in The Democratic Republic of Congo 1021634,False,https://eonet.gsfc.nasa.gov/api/v3/events/EONET_10451
EONET_10452,wildfires,Wildfire in Tanzania 1021635,False,https://eonet.gsfc.nasa.gov/api/v3/events/EONET_10452
EONET_10453,wildfires,Wildfire in Brazil 1021662,False,https://eonet.gsfc.nasa.gov/api/v3/events/EONET_10453
EONET_10454,wildfires,Wildfire in Brazil 1021652,False,https://eonet.gsfc.nasa.gov/api/v3/events/EONET_10454
EONET_10455,wildfires,Wildfire in Brazil 1021653,False,https://eonet.gsfc.nasa.gov/api/v3/events/EONET_10455
EONET_10508,wildfires,Wildfire in Angola 1021663,False,https://eonet.gsfc.nasa.gov/api/v3/events/EONET_10508
EONET_10509,wildfires,Wildfire in Angola 1021679,False,https://eonet.gsfc.nasa.gov/api/v3/events/EONET_10509
EONET_10510,wildfires,Wildfire in Brazil 1021680,False,https://eonet.gsfc.nasa.gov/api/v3/events/EONET_10510
EONET_10511,wildfires,Wildfire in Angola 1021681,False,https://eonet.gsfc.nasa.gov/api/v3/events/EONET_10511
EONET_10631,volcanoes,"Sheveluch Volcano, Russia",False,https://eonet.gsfc.nasa.gov/api/v3/events/EONET_10631
EONET_10317,wildfires,"Fish Creek Wildfire, Teton, Wyoming",False,https://eonet.gsfc.nasa.gov/api/v3/events/EONET_10317
EONET_10149,wildfires,Wildfire in Canada 1021391,False,https://eonet.gsfc.nasa.gov/api/v3/events/EONET_10149
EONET_10150,wildfires,Wildfire in Canada 1021392,False,https://eonet.gsfc.nasa.gov/api/v3/events/EONET_10150
EONET_10183,wildfires,Wildfire in Russian Federation 1021420,False,https://eonet.gsfc.nasa.gov/api/v3/events/EONET_10183
EONET_10219,wildfires,"Wildfire in Bolivia, Brazil 1021448",False,https://eonet.gsfc.nasa.gov/api/v3/events/EONET_10219
EONET_10220,wildfires,Wildfire in Bolivia 1021449,False,https://eonet.gsfc.nasa.gov/api/v3/events/EONET_10220
EONET_10221,wildfires,Wildfire in Russian Federation 1021450,False,https://eonet.gsfc.nasa.gov/api/v3/events/EONET_10221
EONET_10222,wildfires,Wildfire in Zambia 1021432,False,https://eonet.gsfc.nasa.gov/api/v3/events/EONET_10222
EONET_10223,wildfires,Wildfire in Botswana 1021433,False,https://eonet.gsfc.nasa.gov/api/v3/events/EONET_10223
EONET_10224,wildfires,Wildfire in Botswana 1021428,False,https://eonet.gsfc.nasa.gov/api/v3/events/EONET_10224
EONET_10327,wildfires,Wildfire in Tanzania 1021529,False,https://eonet.gsfc.nasa.gov/api/v3/events/EONET_10327
EONET_10328,wildfires,Wildfire in Zambia 1021530,False,https://eonet.gsfc.nasa.gov/api/v3/events/EONET_10328
EONET_10329,wildfires,Wildfire in Angola 1021548,False,https://eonet.gsfc.nasa.gov/api/v3/events/EONET_10329
EONET_10330,wildfires,Wildfire in Russian Federation 1021549,False,https://eonet.gsfc.nasa.gov/api/v3/events/EONET_10330
EONET_10331,wildfires,Wildfire in Brazil 1021550,False,https://eonet.gsfc.nasa.gov/api/v3/events/EONET_10331
EONET_10332,wildfires,Wildfire in Brazil 1021551,False,https://eonet.gsfc.nasa.gov/api/v3/events/EONET_10332
EONET_10333,wildfires,Wildfire in Australia 1021542,False,https://eonet.gsfc.nasa.gov/api/v3/events/EONET_10333
EONET_10334,wildfires,Wildfire in Russian Federation 1021543,False,https://eonet.gsfc.nasa.gov/api/v3/events/EONET_10334
EONET_10363,wildfires,Wildfire in Brazil 1021587,False,https://eonet.gsfc.nasa.gov/api/v3/events/EONET_10363
EONET_10364,wildfires,Wildfire in Brazil 1021588,False,https://eonet.gsfc.nasa.gov/api/v3/events/EONET_10364
EONET_10365,wildfires,Wildfire in Angola 1021582,False,https://eonet.gsfc.nasa.gov/api/v3/events/EONET_10365
EONET_10366,wildfires,Wildfire in Angola 1021583,False,https://eonet.gsfc.nasa.gov/api/v3/events/EONET_10366
EONET_10367,wildfires,Wildfire in Australia 1021579,False,https://eonet.gsfc.nasa.gov/api/v3/events/EONET_10367
EONET_10368,wildfires,Wildfire in The Democratic Republic of Congo 1021555,False,https://eonet.gsfc.nasa.gov/api/v3/events/EONET_10368
EONET_10369,wildfires,Wildfire in Canada 1021556,False,https://eonet.gsfc.nasa.gov/api/v3/events/EONET_10369
EONET_10370,wildfires,"Wildfire in Brazil, Paraguay 1021578",False,https://eonet.gsfc.nasa.gov/api/v3/events/EONET_10370
EONET_10371,wildfires,Wildfire in The Democratic Republic of Congo 1021562,False,https://eonet.gsfc.nasa.gov/api/v3/events/EONET_10371
EONET_10372,wildfires,"Wildfire in The Democratic Republic of Congo, Zambia 1021563",False,https://eonet.gsfc.nasa.gov/api/v3/events/EONET_10372
EONET_10373,wildfires,Wildfire in The Democratic Republic of Congo 1021564,False,https://eonet.gsfc.nasa.gov/api/v3/events/EONET_10373
EONET_10374,wildfires,Wildfire in The Democratic Republic of Congo 1021565,False,https://eonet.gsfc.nasa.gov/api/v3/events/EONET_10374
EONET_10408,wildfires,Wildfire in Zambia 1021602,False,https://eonet.gsfc.nasa.gov/api/v3/events/EONET_10408
EONET_10409,wildfires,Wildfire in Brazil 1021612,False,https://eonet.gsfc.nasa.gov/api/v3/events/EONET_10409
EONET_10410,wildfires,Wildfire in Brazil 1021613,False,https://eonet.gsfc.nasa.gov/api/v3/events/EONET_10410
EONET_10411,wildfires,Wildfire in Brazil 1021614,False,https://eonet.gsfc.nasa.gov/api/v3/events/EONET_10411
EONET_10412,wildfires,Wildfire in South Africa 1021603,False,https://eonet.gsfc.nasa.gov/api/v3/events/EONET_10412
EONET_10456,wildfires,Wildfire in Zambia 1021636,False,https://eonet.gsfc.nasa.gov/api/v3/events/EONET_10456
EONET_10457,wildfires,Wildfire in The Democratic Republic of Congo 1021637,False,https://eonet.gsfc.nasa.gov/api/v3/events/EONET_10457
EONET_10458,wildfires,Wildfire in The Democratic Republic of Congo 1021638,False,https://eonet.gsfc.nasa.gov/api/v3/events/EONET_10458
EONET_10459,wildfires,Wildfire in Zambia 1021639,False,https://eonet.gsfc.nasa.gov/api/v3/events/EONET_10459
EONET_10460,wildfires,Wildfire in The Democratic Republic of Congo 1021640,False,https://eonet.gsfc.nasa.gov/api/v3/events/EONET_10460
EONET_10461,wildfires,Wildfire in The Democratic Republic of Congo 1021641,False,https://eonet.gsfc.nasa.gov/api/v3/events/EONET_10461
EONET_10462,wildfires,Wildfire in Tanzania 1021621,False,https://eonet.gsfc.nasa.gov/api/v3/events/EONET_10462
EONET_10316,wildfires,"Dirt Road Wildfire, King, Texas",False,https://eonet.gsfc.nasa.gov/api/v3/events/EONET_10316
EONET_10099,wildfires,"Midway Pasture Wildfire, Wilbarger, Texas",False,https://eonet.gsfc.nasa.gov/api/v3/events/EONET_10099
EONET_10151,wildfires,Wildfire in The Democratic Republic of Congo 1021368,False,https://eonet.gsfc.nasa.gov/api/v3/events/EONET_10151
EONET_10152,wildfires,Wildfire in Australia 1021393,False,https://eonet.gsfc.nasa.gov/api/v3/events/EONET_10152
EONET_10153,wildfires,Wildfire in Bolivia 1021394,False,https://eonet.gsfc.nasa.gov/api/v3/events/EONET_10153
EONET_10154,wildfires,Wildfire in Angola 1021390,False,https://eonet.gsfc.nasa.gov/api/v3/events/EONET_10154
EONET_10184,wildfires,Wildfire in Brazil 1021416,False,https://eonet.gsfc.nasa.gov/api/v3/events/EONET_10184
EONET_10185,wildfires,Wildfire in Canada 1021399,False,https://eonet.gsfc.nasa.gov/api/v3/events/EONET_10185
EONET_10186,wildfires,Wildfire in Brazil 1021419,False,https://eonet.gsfc.nasa.gov/api/v3/events/EONET_10186
EONET_10187,wildfires,Wildfire in Australia 1021422,False,https://eonet.gsfc.nasa.gov/api/v3/events/EONET_10187
EONET_10188,wildfires,Wildfire in Russian Federation 1021423,False,https://eonet.gsfc.nasa.gov/api/v3/events/EONET_10188
EONET_10225,wildfires,Wildfire in Angola 1021436,False,https://eonet.gsfc.nasa.gov/api/v3/events/EONET_10225
EONET_10226,wildfires,Wildfire in Tanzania 1021434,False,https://eonet.gsfc.nasa.gov/api/v3/events/EONET_10226
EONET_10227,wildfires,Wildfire in Angola 1021435,False,https://eonet.gsfc.nasa.gov/api/v3/events/EONET_10227
EONET_10228,wildfires,Wildfire in Angola 1021437,False,https://eonet.gsfc.nasa.gov/api/v3/events/EONET_10228
EONET_10229,wildfires,Wildfire in Russian Federation 1021453,False,https://eonet.gsfc.nasa.gov/api/v3/events/EONET_10229
EONET_10230,wildfires,Wildfire in Russian Federation 1021454,False,https://eonet.gsfc.nasa.gov/api/v3/events/EONET_10230
EONET_10231,wildfires,Wildfire in Brazil 1021455,False,https://eonet.gsfc.nasa.gov/api/v3/events/EONET_10231
EONET_10232,wildfires,Wildfire in Canada 1021458,False,https://eonet.gsfc.nasa.gov/api/v3/events/EONET_10232
EONET_10233,wildfires,Wildfire in Canada 1021459,False,https://eonet.gsfc.nasa.gov/api/v3/events/EONET_10233
EONET_10234,wildfires,Wildfire in Canada 1021460,False,https://eonet.gsfc.nasa.gov/api/v3/events/EONET_10234
EONET_10335,wildfires,Wildfire in Brazil 1021544,False,https://eonet.gsfc.nasa.gov/api/v3/events/EONET_10335
EONET_10336,wildfires,Wildfire in Russian Federation 1021545,False,https://eonet.gsfc.nasa.gov/api/v3/events/EONET_10336
EONET_10337,wildfires,Wildfire in Russian Federation 1021525,False,https://eonet.gsfc.nasa.gov/api/v3/events/EONET_10337
EONET_10338,wildfires,Wildfire in Angola 1021533,False,https://eonet.gsfc.nasa.gov/api/v3/events/EONET_10338
EONET_10339,wildfires,Wildfire in The Democratic Republic of Congo 1021534,False,https://eonet.gsfc.nasa.gov/api/v3/events/EONET_10339
EONET_10340,wildfires,Wildfire in Brazil 1021531,False,https://eonet.gsfc.nasa.gov/api/v3/events/EONET_10340
EONET_10341,wildfires,Wildfire in Angola 1021532,False,https://eonet.gsfc.nasa.gov/api/v3/events/EONET_10341
EONET_10342,wildfires,Wildfire in The Democratic Republic of Congo 1021535,False,https://eonet.gsfc.nasa.gov/api/v3/events/EONET_10342
EONET_10375,wildfires,Wildfire in The Democratic Republic of Congo 1021566,False,https://eonet.gsfc.nasa.gov/api/v3/events/EONET_10375
EONET_10376,wildfires,Wildfire in The Democratic Republic of Congo 1021567,False,https://eonet.gsfc.nasa.gov/api/v3/events/EONET_10376
EONET_10377,wildfires,Wildfire in The Democratic Republic of Congo 1021568,False,https://eonet.gsfc.nasa.gov/api/v3/events/EONET_10377
EONET_10378,wildfires,Wildfire in The Democratic Republic of Congo 1021572,False,https://eonet.gsfc.nasa.gov/api/v3/events/EONET_10378
EONET_10379,wildfires,Wildfire in Zambia 1021557,False,https://eonet.gsfc.nasa.gov/api/v3/events/EONET_10379
EONET_10380,wildfires,Wildfire in Angola 1021569,False,https://eonet.gsfc.nasa.gov/api/v3/events/EONET_10380
EONET_10381,wildfires,Wildfire in Angola 1021570,False,https://eonet.gsfc.nasa.gov/api/v3/events/EONET_10381
EONET_10382,wildfires,Wildfire in Angola 1021571,False,https://eonet.gsfc.nasa.gov/api/v3/events/EONET_10382
EONET_10383,wildfires,Wildfire in Brazil 1021589,False,https://eonet.gsfc.nasa.gov/api/v3/events/EONET_10383
EONET_10413,wildfires,Wildfire in The Democratic Republic of Congo 1021604,False,https://eonet.gsfc.nasa.gov/api/v3/events/EONET_10413
EONET_10414,wildfires,Wildfire in The Democratic Republic of Congo 1021605,False,https://eonet.gsfc.nasa.gov/api/v3/events/EONET_10414
EONET_10415,wildfires,Wildfire in Angola 1021606,False,https://eonet.gsfc.nasa.gov/api/v3/events/EONET_10415
EONET_10416,wildfires,Wildfire in Angola 1021607,False,https://eonet.gsfc.nasa.gov/api/v3/events/EONET_10416
EONET_10417,wildfires,Wildfire in The Democratic Republic of Congo 1021608,False,https://eonet.gsfc.nasa.gov/api/v3/events/EONET_10417
EONET_10418,wildfires,Wildfire in Angola 1021609,False,https://eonet.gsfc.nasa.gov/api/v3/events/EONET_10418
EONET_10212,seaLakeIce,Iceberg B22F,False,https://eonet.gsfc.nasa.gov/api/v3/events/EONET_10212
EONET_10104,wildfires,"Bertha Hill Wildfire, Crook, Wyoming",False,https://eonet.gsfc.nasa.gov/api/v3/events/EONET_10104
EONET_10155,wildfires,Wildfire in The Democratic Republic of Congo 1021370,False,https://eonet.gsfc.nasa.gov/api/v3/events/EONET_10155
EONET_10156,wildfires,Wildfire in Angola 1021371,False,https://eonet.gsfc.nasa.gov/api/v3/events/EONET_10156
EONET_10157,wildfires,Wildfire in Zambia 1021395,False,https://eonet.gsfc.nasa.gov/api/v3/events/EONET_10157
EONET_10158,wildfires,Wildfire in Angola 1021369,False,https://eonet.gsfc.nasa.gov/api/v3/events/EONET_10158
EONET_10159,wildfires,Wildfire in Brazil 1021384,False,https://eonet.gsfc.nasa.gov/api/v3/events/EONET_10159
EONET_10189,wildfires,Wildfire in The Democratic Republic of Congo 1021400,False,https://eonet.gsfc.nasa.gov/api/v3/events/EONET_10189
EONET_10190,wildfires,Wildfire in The Democratic Republic of Congo 1021401,False,https://eonet.gsfc.nasa.gov/api/v3/events/EONET_10190
EONET_10235,wildfires,Wildfire in Zambia 1021439,False,https://eonet.gsfc.nasa.gov/api/v3/events/EONET_10235
EONET_10236,wildfires,Wildfire in The Democratic Republic of Congo 1021440,False,https://eonet.gsfc.nasa.gov/api/v3/events/EONET_10236
EONET_10237,wildfires,Wildfire in Canada 1021456,False,https://eonet.gsfc.nasa.gov/api/v3/events/EONET_10237
EONET_10238,wildfires,Wildfire in Australia 1021451,False,https://eonet.gsfc.nasa.gov/api/v3/events/EONET_10238
EONET_10239,wildfires,Wildfire in The Democratic Republic of Congo 1021438,False,https://eonet.gsfc.nasa.gov/api/v3/events/EONET_10239
EONET_10240,wildfires,Wildfire in Angola 1021441,False,https://eonet.gsfc.nasa.gov/api/v3/events/EONET_10240
EONET_10241,wildfires,Wildfire in Angola 1021429,False,https://eonet.gsfc.nasa.gov/api/v3/events/EONET_10241
EONET_10343,wildfires,Wildfire in Angola 1021536,False,https://eonet.gsfc.nasa.gov/api/v3/events/EONET_10343
EONET_10344,wildfires,Wildfire in Zambia 1021537,False,https://eonet.gsfc.nasa.gov/api/v3/events/EONET_10344
EONET_10345,wildfires,Wildfire in Zambia 1021538,False,https://eonet.gsfc.nasa.gov/api/v3/events/EONET_10345
EONET_10346,wildfires,Wildfire in Zambia 1021539,False,https://eonet.gsfc.nasa.gov/api/v3/events/EONET_10346
EONET_10347,wildfires,Wildfire in Angola 1021540,False,https://eonet.gsfc.nasa.gov/api/v3/events/EONET_10347
EONET_10348,wildfires,Wildfire in Brazil 1021546,False,https://eonet.gsfc.nasa.gov/api/v3/events/EONET_10348
EONET_10349,wildfires,Wildfire in Russian Federation 1021552,False,https://eonet.gsfc.nasa.gov/api/v3/events/EONET_10349
EONET_10350,wildfires,Wildfire in Russian Federation 1021553,False,https://eonet.gsfc.nasa.gov/api/v3/events/EONET_10350
EONET_10384,wildfires,Wildfire in Zambia 1021558,False,https://eonet.gsfc.nasa.gov/api/v3/events/EONET_10384
EONET_10385,wildfires,Wildfire in Angola 1021573,False,https://eonet.gsfc.nasa.gov/api/v3/events/EONET_10385
EONET_10386,wildfires,Wildfire in The Democratic Republic of Congo 1021574,False,https://eonet.gsfc.nasa.gov/api/v3/events/EONET_10386
EONET_10387,wildfires,Wildfire in Angola 1021575,False,https://eonet.gsfc.nasa.gov/api/v3/events/EONET_10387
EONET_10101,wildfires,"Circle Bar Wildfire, Big Horn, Montana",False,https://eonet.gsfc.nasa.gov/api/v3/events/EONET_10101
EONET_10103,wildfires,"Bertha Hill Wildfire, Crook, Wyoming",False,https://eonet.gsfc.nasa.gov/api/v3/events/EONET_10103
EONET_10061,wildfires,Wildfire in South Africa 1021289,False,https://eonet.gsfc.nasa.gov/api/v3/events/EONET_10061
EONET_10062,wildfires,Wildfire in Brazil 1021318,False,https://eonet.gsfc.nasa.gov/api/v3/events/EONET_10062
EONET_10063,wildfires,Wildfire in Angola 1021290,False,https://eonet.gsfc.nasa.gov/api/v3/events/EONET_10063
EONET_10105,wildfires,Wildfire in Botswana 1021324,False,https://eonet.gsfc.nasa.gov/api/v3/events/EONET_10105
EONET_10106,wildfires,Wildfire in Angola 1021326,False,https://eonet.gsfc.nasa.gov/api/v3/events/EONET_10106
EONET_10107,wildfires,"Wildfire in Bolivia, Brazil 1021358",False,https://eonet.gsfc.nasa.gov/api/v3/events/EONET_10107
EONET_10108,wildfires,Wildfire in Australia 1021359,False,https://eonet.gsfc.nasa.gov/api/v3/events/EONET_10108
EONET_10109,wildfires,Wildfire in Zambia 1021325,False,https://eonet.gsfc.nasa.gov/api/v3/events/EONET_10109
EONET_10160,wildfires,"Wildfire in Mozambique, Tanzania 1021372",False,https://eonet.gsfc.nasa.gov/api/v3/events/EONET_10160
EONET_10161,wildfires,Wildfire in Botswana 1021373,False,https://eonet.gsfc.nasa.gov/api/v3/events/EONET_10161
EONET_10162,wildfires,Wildfire in Brazil 1021385,False,https://eonet.gsfc.nasa.gov/api/v3/events/EONET_10162
EONET_10163,wildfires,Wildfire in Angola 1021374,False,https://eonet.gsfc.nasa.gov/api/v3/events/EONET_10163
EONET_10164,wildfires,Wildfire in Zambia 1021375,False,https://eonet.gsfc.nasa.gov/api/v3/events/EONET_10164
EONET_10165,wildfires,Wildfire in Australia 1021396,False,https://eonet.gsfc.nasa.gov/api/v3/events/EONET_10165
EONET_10166,wildfires,Wildfire in Brazil 1021397,False,https://eonet.gsfc.nasa.gov/api/v3/events/EONET_10166
EONET_10167,wildfires,Wildfire in Mozambique 1021365,False,https://eonet.gsfc.nasa.gov/api/v3/events/EONET_10167
EONET_10191,wildfires,Wildfire in Angola 1021402,False,https://eonet.gsfc.nasa.gov/api/v3/events/EONET_10191
EONET_10192,wildfires,Wildfire in Tanzania 1021404,False,https://eonet.gsfc.nasa.gov/api/v3/events/EONET_10192
EONET_10193,wildfires,Wildfire in Zambia 1021405,False,https://eonet.gsfc.nasa.gov/api/v3/events/EONET_10193
EONET_10194,wildfires,Wildfire in Angola 1021406,False,https://eonet.gsfc.nasa.gov/api/v3/events/EONET_10194
EONET_10195,wildfires,Wildfire in Zambia 1021408,False,https://eonet.gsfc.nasa.gov/api/v3/events/EONET_10195
EONET_10196,wildfires,Wildfire in Brazil 1021424,False,https://eonet.gsfc.nasa.gov/api/v3/events/EONET_10196
EONET_10197,wildfires,Wildfire in Australia 1021425,False,https://eonet.gsfc.nasa.gov/api/v3/events/EONET_10197
EONET_10198,wildfires,Wildfire in Angola 1021403,False,https://eonet.gsfc.nasa.gov/api/v3/events/EONET_10198
EONET_10199,wildfires,Wildfire in Angola 1021407,False,https://eonet.gsfc.nasa.gov/api/v3/events/EONET_10199
EONET_10200,wildfires,Wildfire in Brazil 1021417,False,https://eonet.gsfc.nasa.gov/api/v3/events/EONET_10200
EONET_10242,wildfires,Wildfire in Brazil 1021442,False,https://eonet.gsfc.nasa.gov/api/v3/events/EONET_10242
EONET_10243,wildfires,Wildfire in Angola 1021443,False,https://eonet.gsfc.nasa.gov/api/v3/events/EONET_10243
EONET_10244,wildfires,Wildfire in Angola 1021444,False,https://eonet.gsfc.nasa.gov/api/v3/events/EONET_10244
EONET_10245,wildfires,Wildfire in Portugal 1021445,False,https://eonet.gsfc.nasa.gov/api/v3/events/EONET_10245
EONET_10351,wildfires,Wildfire in Angola 1021541,False,https://eonet.gsfc.nasa.gov/api/v3/events/EONET_10351
EONET_9962,wildfires,Wildfire in Australia 1021229,False,https://eonet.gsfc.nasa.gov/api/v3/events/EONET_9962
EONET_9963,wildfires,Wildfire in Australia 1021230,False,https://eonet.gsfc.nasa.gov/api/v3/events/EONET_9963
EONET_10017,wildfires,Wildfire in Australia 1021262,False,https://eonet.gsfc.nasa.gov/api/v3/events/EONET_10017
EONET_10018,wildfires,Wildfire in Canada 1021275,False,https://eonet.gsfc.nasa.gov/api/v3/events/EONET_10018
EONET_10019,wildfires,Wildfire in Australia 1021276,False,https://eonet.gsfc.nasa.gov/api/v3/events/EONET_10019
EONET_10064,wildfires,Wildfire in Angola 1021295,False,https://eonet.gsfc.nasa.gov/api/v3/events/EONET_10064
EONET_10065,wildfires,Wildfire in Australia 1021319,False,https://eonet.gsfc.nasa.gov/api/v3/events/EONET_10065
EONET_10066,wildfires,Wildfire in Australia 1021320,False,https://eonet.gsfc.nasa.gov/api/v3/events/EONET_10066
EONET_10067,wildfires,Wildfire in Angola 1021291,False,https://eonet.gsfc.nasa.gov/api/v3/events/EONET_10067
EONET_10068,wildfires,Wildfire in Namibia 1021292,False,https://eonet.gsfc.nasa.gov/api/v3/events/EONET_10068
EONET_10069,wildfires,Wildfire in Angola 1021293,False,https://eonet.gsfc.nasa.gov/api/v3/events/EONET_10069
EONET_10070,wildfires,Wildfire in Angola 1021294,False,https://eonet.gsfc.nasa.gov/api/v3/events/EONET_10070
EONET_10110,wildfires,Wildfire in Zambia 1021327,False,https://eonet.gsfc.nasa.gov/api/v3/events/EONET_10110
EONET_10111,wildfires,Wildfire in Australia 1021360,False,https://eonet.gsfc.nasa.gov/api/v3/events/EONET_10111
EONET_10112,wildfires,Wildfire in Bolivia 1021361,False,https://eonet.gsfc.nasa.gov/api/v3/events/EONET_10112
EONET_10113,wildfires,Wildfire in Australia 1021362,False,https://eonet.gsfc.nasa.gov/api/v3/events/EONET_10113
EONET_10114,wildfires,Wildfire in Bolivia 1021363,False,https://eonet.gsfc.nasa.gov/api/v3/events/EONET_10114
EONET_10115,wildfires,Wildfire in Australia 1021345,False,https://eonet.gsfc.nasa.gov/api/v3/events/EONET_10115
EONET_10116,wildfires,Wildfire in Bolivia 1021346,False,https://eonet.gsfc.nasa.gov/api/v3/events/EONET_10116
EONET_10117,wildfires,Wildfire in Australia 1021347,False,https://eonet.gsfc.nasa.gov/api/v3/events/EONET_10117
EONET_10118,wildfires,Wildfire in Angola 1021328,False,https://eonet.gsfc.nasa.gov/api/v3/events/EONET_10118
EONET_10119,wildfires,Wildfire in Angola 1021329,False,https://eonet.gsfc.nasa.gov/api/v3/events/EONET_10119
EONET_10120,wildfires,Wildfire in Australia 1021355,False,https://eonet.gsfc.nasa.gov/api/v3/events/EONET_10120
EONET_10168,wildfires,Wildfire in The Democratic Republic of Congo 1021376,False,https://eonet.gsfc.nasa.gov/api/v3/events/EONET_10168
EONET_10169,wildfires,Wildfire in Angola 1021378,False,https://eonet.gsfc.nasa.gov/api/v3/events/EONET_10169
EONET_10170,wildfires,Wildfire in Brazil 1021386,False,https://eonet.gsfc.nasa.gov/api/v3/events/EONET_10170
EONET_10171,wildfires,Wildfire in The Democratic Republic of Congo 1021377,False,https://eonet.gsfc.nasa.gov/api/v3/events/EONET_10171
EONET_10201,wildfires,Wildfire in Bolivia 1021418,False,https://eonet.gsfc.nasa.gov/api/v3/events/EONET_10201
EONET_10202,wildfires,Wildfire in Angola 1021421,False,https://eonet.gsfc.nasa.gov/api/v3/events/EONET_10202
EONET_10203,wildfires,Wildfire in Angola 1021410,False,https://eonet.gsfc.nasa.gov/api/v3/events/EONET_10203
EONET_10204,wildfires,Wildfire in Angola 1021412,False,https://eonet.gsfc.nasa.gov/api/v3/events/EONET_10204
EONET_10205,wildfires,Wildfire in Australia 1021426,False,https://eonet.gsfc.nasa.gov/api/v3/events/EONET_10205
EONET_10206,wildfires,Wildfire in Paraguay 1021427,False,https://eonet.gsfc.nasa.gov/api/v3/events/EONET_10206
EONET_10207,wildfires,Wildfire in Angola 1021409,False,https://eonet.gsfc.nasa.gov/api/v3/events/EONET_10207
EONET_10208,wildfires,Wildfire in The Democratic Republic of Congo 1021411,False,https://eonet.gsfc.nasa.gov/api/v3/events/EONET_10208
EONET_10246,wildfires,Wildfire in Russian Federation 1021430,False,https://eonet.gsfc.nasa.gov/api/v3/events/EONET_10246
EONET_10247,wildfires,Wildfire in Türkiye 1021461,False,https://eonet.gsfc.nasa.gov/api/v3/events/EONET_10247
EONET_10248,wildfires,Wildfire in Bolivia 1021462,False,https://eonet.gsfc.nasa.gov/api/v3/events/EONET_10248
EONET_10249,wildfires,Wildfire in Angola 1021446,False,https://eonet.gsfc.nasa.gov/api/v3/events/EONET_10249
EONET_10250,wildfires,Wildfire in Zambia 1021447,False,https://eonet.gsfc.nasa.gov/api/v3/events/EONET_10250
EONET_10007,wildfires,"Gold Ranch Wildfire, Washoe, Nevada",False,https://eonet.gsfc.nasa.gov/api/v3/events/EONET_10007
EONET_10013,wildfires,"FORT GREEN RADAR (53) Wildfire, Polk, Florida",False,https://eonet.gsfc.nasa.gov/api/v3/events/EONET_10013
EONET_9964,wildfires,Wildfire in Australia 1021231,False,https://eonet.gsfc.nasa.gov/api/v3/events/EONET_9964
EONET_10020,wildfires,Wildfire in Botswana 1021274,False,https://eonet.gsfc.nasa.gov/api/v3/events/EONET_10020
EONET_10021,wildfires,Wildfire in Brazil 1021277,False,https://eonet.gsfc.nasa.gov/api/v3/events/EONET_10021
EONET_10022,wildfires,Wildfire in Australia 1021278,False,https://eonet.gsfc.nasa.gov/api/v3/events/EONET_10022
EONET_10023,wildfires,Wildfire in Brazil 1021263,False,https://eonet.gsfc.nasa.gov/api/v3/events/EONET_10023
EONET_10071,wildfires,Wildfire in Brazil 1021306,False,https://eonet.gsfc.nasa.gov/api/v3/events/EONET_10071
EONET_10072,wildfires,Wildfire in Angola 1021296,False,https://eonet.gsfc.nasa.gov/api/v3/events/EONET_10072
EONET_10073,wildfires,Wildfire in Australia 1021307,False,https://eonet.gsfc.nasa.gov/api/v3/events/EONET_10073
EONET_10074,wildfires,Wildfire in Brazil 1021308,False,https://eonet.gsfc.nasa.gov/api/v3/events/EONET_10074
EONET_10075,wildfires,Wildfire in Brazil 1021321,False,https://eonet.gsfc.nasa.gov/api/v3/events/EONET_10075
EONET_10076,wildfires,"Wildfire in Ukraine, Republic of Moldova 1021286",False,https://eonet.gsfc.nasa.gov/api/v3/events/EONET_10076
EONET_10121,wildfires,Wildfire in South Africa 1021330,False,https://eonet.gsfc.nasa.gov/api/v3/events/EONET_10121
EONET_10122,wildfires,Wildfire in Zambia 1021333,False,https://eonet.gsfc.nasa.gov/api/v3/events/EONET_10122
EONET_10123,wildfires,Wildfire in Zambia 1021323,False,https://eonet.gsfc.nasa.gov/api/v3/events/EONET_10123
EONET_10124,wildfires,Wildfire in Angola 1021331,False,https://eonet.gsfc.nasa.gov/api/v3/events/EONET_10124
EONET_10125,wildfires,Wildfire in Angola 1021332,False,https://eonet.gsfc.nasa.gov/api/v3/events/EONET_10125
EONET_10126,wildfires,Wildfire in Angola 1021334,False,https://eonet.gsfc.nasa.gov/api/v3/events/EONET_10126
EONET_10127,wildfires,Wildfire in Brazil 1021348,False,https://eonet.gsfc.nasa.gov/api/v3/events/EONET_10127
EONET_10128,wildfires,Wildfire in Paraguay 1021349,False,https://eonet.gsfc.nasa.gov/api/v3/events/EONET_10128
EONET_10129,wildfires,Wildfire in Russian Federation 1021350,False,https://eonet.gsfc.nasa.gov/api/v3/events/EONET_10129
EONET_10130,wildfires,Wildfire in Brazil 1021364,False,https://eonet.gsfc.nasa.gov/api/v3/events/EONET_10130
EONET_10131,wildfires,Wildfire in Bolivia 1021353,False,https://eonet.gsfc.nasa.gov/api/v3/events/EONET_10131
EONET_10172,wildfires,Wildfire in Angola 1021379,False,https://eonet.gsfc.nasa.gov/api/v3/events/EONET_10172
EONET_10173,wildfires,Wildfire in Zambia 1021380,False,https://eonet.gsfc.nasa.gov/api/v3/events/EONET_10173
EONET_10174,wildfires,Wildfire in Brazil 1021387,False,https://eonet.gsfc.nasa.gov/api/v3/events/EONET_10174
EONET_10175,wildfires,Wildfire in Brazil 1021388,False,https://eonet.gsfc.nasa.gov/api/v3/events/EONET_10175
EONET_10176,wildfires,Wildfire in Bolivia 1021389,False,https://eonet.gsfc.nasa.gov/api/v3/events/EONET_10176
EONET_10177,wildfires,Wildfire in Bolivia 1021398,False,https://eonet.gsfc.nasa.gov/api/v3/events/EONET_10177
EONET_10178,wildfires,Wildfire in Mozambique 1021366,False,https://eonet.gsfc.nasa.gov/api/v3/events/EONET_10178
EONET_10179,wildfires,Wildfire in Angola 1021381,False,https://eonet.gsfc.nasa.gov/api/v3/events/EONET_10179
EONET_10209,wildfires,Wildfire in Angola 1021413,False,https://eonet.gsfc.nasa.gov/api/v3/events/EONET_10209
EONET_10210,wildfires,Wildfire in Angola 1021414,False,https://eonet.gsfc.nasa.gov/api/v3/events/EONET_10210
EONET_10211,wildfires,Wildfire in The Democratic Republic of Congo 1021415,False,https://eonet.gsfc.nasa.gov/api/v3/events/EONET_10211
EONET_10251,wildfires,Wildfire in Angola 1021465,False,https://eonet.gsfc.nasa.gov/api/v3/events/EONET_10251
EONET_10252,wildfires,Wildfire in Bolivia 1021463,False,https://eonet.gsfc.nasa.gov/api/v3/events/EONET_10252
EONET_10253,wildfires,Wildfire in Bolivia 1021464,False,https://eonet.gsfc.nasa.gov/api/v3/events/EONET_10253
EONET_10254,wildfires,Wildfire in Brazil 1021466,False,https://eonet.gsfc.nasa.gov/api/v3/events/EONET_10254
EONET_10255,wildfires,Wildfire in Brazil 1021467,False,https://eonet.gsfc.nasa.gov/api/v3/events/EONET_10255
EONET_10256,wildfires,Wildfire in Brazil 1021468,False,https://eonet.gsfc.nasa.gov/api/v3/events/EONET_10256
EONET_10257,wildfires,Wildfire in The Democratic Republic of Congo 1021469,False,https://eonet.gsfc.nasa.gov/api/v3/events/EONET_10257
EONET_10258,wildfires,Wildfire in Russian Federation 1021470,False,https://eonet.gsfc.nasa.gov/api/v3/events/EONET_10258
EONET_10259,wildfires,Wildfire in Bolivia 1021471,False,https://eonet.gsfc.nasa.gov/api/v3/events/EONET_10259
EONET_10010,wildfires,"ROAD NINE Wildfire, Douglas, Washington",False,https://eonet.gsfc.nasa.gov/api/v3/events/EONET_10010
EONET_9821,wildfires,Wildfire in Canada 1021187,False,https://eonet.gsfc.nasa.gov/api/v3/events/EONET_9821
EONET_9965,wildfires,Wildfire in Bolivia 1021226,False,https://eonet.gsfc.nasa.gov/api/v3/events/EONET_9965
EONET_9966,wildfires,Wildfire in Bolivia 1021219,False,https://eonet.gsfc.nasa.gov/api/v3/events/EONET_9966
EONET_9967,wildfires,Wildfire in Bolivia 1021220,False,https://eonet.gsfc.nasa.gov/api/v3/events/EONET_9967
EONET_9968,wildfires,Wildfire in Brazil 1021232,False,https://eonet.gsfc.nasa.gov/api/v3/events/EONET_9968
EONET_9969,wildfires,Wildfire in Australia 1021233,False,https://eonet.gsfc.nasa.gov/api/v3/events/EONET_9969
EONET_9970,wildfires,Wildfire in Canada 1021234,False,https://eonet.gsfc.nasa.gov/api/v3/events/EONET_9970
EONET_10024,wildfires,Wildfire in Namibia 1021249,False,https://eonet.gsfc.nasa.gov/api/v3/events/EONET_10024
EONET_10025,wildfires,Wildfire in Angola 1021250,False,https://eonet.gsfc.nasa.gov/api/v3/events/EONET_10025
EONET_10026,wildfires,Wildfire in Angola 1021248,False,https://eonet.gsfc.nasa.gov/api/v3/events/EONET_10026
EONET_10027,wildfires,Wildfire in Canada 1021242,False,https://eonet.gsfc.nasa.gov/api/v3/events/EONET_10027
EONET_10028,wildfires,Wildfire in Bolivia 1021268,False,https://eonet.gsfc.nasa.gov/api/v3/events/EONET_10028
EONET_10029,wildfires,Wildfire in Bolivia 1021273,False,https://eonet.gsfc.nasa.gov/api/v3/events/EONET_10029
EONET_10030,wildfires,Wildfire in Bolivia 1021264,False,https://eonet.gsfc.nasa.gov/api/v3/events/EONET_10030
EONET_10031,wildfires,Wildfire in Bolivia 1021265,False,https://eonet.gsfc.nasa.gov/api/v3/events/EONET_10031
EONET_10032,wildfires,Wildfire in Brazil 1021266,False,https://eonet.gsfc.nasa.gov/api/v3/events/EONET_10032
EONET_10033,wildfires,Wildfire in Brazil 1021267,False,https://eonet.gsfc.nasa.gov/api/v3/events/EONET_10033
EONET_10034,wildfires,Wildfire in Brazil 1021279,False,https://eonet.gsfc.nasa.gov/api/v3/events/EONET_10034
EONET_10035,wildfires,Wildfire in Bolivia 1021280,False,https://eonet.gsfc.nasa.gov/api/v3/events/EONET_10035
EONET_10077,wildfires,Wildfire in Angola 1021316,False,https://eonet.gsfc.nasa.gov/api/v3/events/EONET_10077
EONET_10078,wildfires,Wildfire in Brazil 1021309,False,https://eonet.gsfc.nasa.gov/api/v3/events/EONET_10078
EONET_10079,wildfires,Wildfire in Brazil 1021310,False,https://eonet.gsfc.nasa.gov/api/v3/events/EONET_10079
EONET_10080,wildfires,Wildfire in Angola 1021297,False,https://eonet.gsfc.nasa.gov/api/v3/events/EONET_10080
EONET_10132,wildfires,Wildfire in Angola 1021356,False,https://eonet.gsfc.nasa.gov/api/v3/events/EONET_10132
EONET_10133,wildfires,Wildfire in Angola 1021357,False,https://eonet.gsfc.nasa.gov/api/v3/events/EONET_10133
EONET_10134,wildfires,Wildfire in Brazil 1021354,False,https://eonet.gsfc.nasa.gov/api/v3/events/EONET_10134
EONET_10135,wildfires,Wildfire in Brazil 1021351,False,https://eonet.gsfc.nasa.gov/api/v3/events/EONET_10135
EONET_10136,wildfires,Wildfire in Brazil 1021352,False,https://eonet.gsfc.nasa.gov/api/v3/events/EONET_10136
EONET_10137,wildfires,Wildfire in Angola 1021335,False,https://eonet.gsfc.nasa.gov/api/v3/events/EONET_10137
EONET_10138,wildfires,Wildfire in Angola 1021336,False,https://eonet.gsfc.nasa.gov/api/v3/events/EONET_10138
EONET_10180,wildfires,Wildfire in Zambia 1021382,False,https://eonet.gsfc.nasa.gov/api/v3/events/EONET_10180
EONET_10181,wildfires,Wildfire in The Democratic Republic of Congo 1021383,False,https://eonet.gsfc.nasa.gov/api/v3/events/EONET_10181
EONET_10182,wildfires,Wildfire in Angola 1021367,False,https://eonet.gsfc.nasa.gov/api/v3/events/EONET_10182
EONET_10260,wildfires,Wildfire in Russian Federation 1021472,False,https://eonet.gsfc.nasa.gov/api/v3/events/EONET_10260
EONET_10261,wildfires,Wildfire in Angola 1021476,False,https://eonet.gsfc.nasa.gov/api/v3/events/EONET_10261
EONET_10262,wildfires,Wildfire in Brazil 1021477,False,https://eonet.gsfc.nasa.gov/api/v3/events/EONET_10262
EONET_10263,wildfires,Wildfire in Bolivia 1021478,False,https://eonet.gsfc.nasa.gov/api/v3/events/EONET_10263
EONET_10264,wildfires,Wildfire in Bolivia 1021479,False,https://eonet.gsfc.nasa.gov/api/v3/events/EONET_10264
EONET_10265,wildfires,Wildfire in Canada 1021480,False,https://eonet.gsfc.nasa.gov/api/v3/events/EONET_10265
EONET_10266,wildfires,Wildfire in Russian Federation 1021481,False,https://eonet.gsfc.nasa.gov/api/v3/events/EONET_10266
EONET_10267,wildfires,Wildfire in Angola 1021483,False,https://eonet.gsfc.nasa.gov/api/v3/events/EONET_10267
EONET_10268,wildfires,Wildfire in Bolivia 1021484,False,https://eonet.gsfc.nasa.gov/api/v3/events/EONET_10268
EONET_10269,wildfires,Wildfire in Angola 1021485,False,https://eonet.gsfc.nasa.gov/api/v3/events/EONET_10269
EONET_10270,wildfires,Wildfire in Bolivia 1021486,False,https://eonet.gsfc.nasa.gov/api/v3/events/EONET_10270
EONET_10271,wildfires,Wildfire in Brazil 1021487,False,https://eonet.gsfc.nasa.gov/api/v3/events/EONET_10271
EONET_10272,wildfires,Wildfire in Angola 1021473,False,https://eonet.gsfc.nasa.gov/api/v3/events/EONET_10272
EONET_10273,wildfires,Wildfire in Angola 1021475,False,https://eonet.gsfc.nasa.gov/api/v3/events/EONET_10273
EONET_10274,wildfires,Wildfire in Australia 1021474,False,https://eonet.gsfc.nasa.gov/api/v3/events/EONET_10274
EONET_10275,wildfires,Wildfire in Angola 1021482,False,https://eonet.gsfc.nasa.gov/api/v3/events/EONET_10275
EONET_10014,wildfires,"Dixon Wildfire, Douglas, Oregon",False,https://eonet.gsfc.nasa.gov/api/v3/events/EONET_10014
EONET_10006,wildfires,"Dixon Wildfire, Douglas, Oregon",False,https://eonet.gsfc.nasa.gov/api/v3/events/EONET_10006
EONET_10015,wildfires,"HOLYLAND (13) Wildfire, Palm Beach, Florida",False,https://eonet.gsfc.nasa.gov/api/v3/events/EONET_10015
EONET_9776,wildfires,Wildfire in Bolivia 1021048,False,https://eonet.gsfc.nasa.gov/api/v3/events/EONET_9776
EONET_9777,wildfires,Wildfire in Australia 1021049,False,https://eonet.gsfc.nasa.gov/api/v3/events/EONET_9777
EONET_9822,wildfires,Wildfire in Brazil 1021074,False,https://eonet.gsfc.nasa.gov/api/v3/events/EONET_9822
EONET_9823,wildfires,Wildfire in United States 1021075,False,https://eonet.gsfc.nasa.gov/api/v3/events/EONET_9823
EONET_9824,wildfires,Wildfire in Canada 1021188,False,https://eonet.gsfc.nasa.gov/api/v3/events/EONET_9824
EONET_9825,wildfires,Wildfire in Australia 1021189,False,https://eonet.gsfc.nasa.gov/api/v3/events/EONET_9825
EONET_9826,wildfires,Wildfire in Australia 1021190,False,https://eonet.gsfc.nasa.gov/api/v3/events/EONET_9826
EONET_9827,wildfires,Wildfire in Angola 1021059,False,https://eonet.gsfc.nasa.gov/api/v3/events/EONET_9827
EONET_9828,wildfires,Wildfire in Zimbabwe 1021055,False,https://eonet.gsfc.nasa.gov/api/v3/events/EONET_9828
EONET_9971,wildfires,Wildfire in Mozambique 1021198,False,https://eonet.gsfc.nasa.gov/api/v3/events/EONET_9971
EONET_9972,wildfires,Wildfire in Bolivia 1021205,False,https://eonet.gsfc.nasa.gov/api/v3/events/EONET_9972
EONET_9973,wildfires,Wildfire in Canada 1021235,False,https://eonet.gsfc.nasa.gov/api/v3/events/EONET_9973
EONET_9974,wildfires,Wildfire in Angola 1021203,False,https://eonet.gsfc.nasa.gov/api/v3/events/EONET_9974
EONET_9975,wildfires,Wildfire in South Africa 1021204,False,https://eonet.gsfc.nasa.gov/api/v3/events/EONET_9975
EONET_9976,wildfires,Wildfire in Zambia 1021206,False,https://eonet.gsfc.nasa.gov/api/v3/events/EONET_9976
EONET_9977,wildfires,Wildfire in Zambia 1021207,False,https://eonet.gsfc.nasa.gov/api/v3/events/EONET_9977
EONET_9978,wildfires,Wildfire in Australia 1021221,False,https://eonet.gsfc.nasa.gov/api/v3/events/EONET_9978
EONET_9979,wildfires,Wildfire in Brazil 1021222,False,https://eonet.gsfc.nasa.gov/api/v3/events/EONET_9979
EONET_9980,wildfires,"Wildfire in Brazil, Bolivia 1021227",False,https://eonet.gsfc.nasa.gov/api/v3/events/EONET_9980
EONET_10036,wildfires,Wildfire in Zambia 1021251,False,https://eonet.gsfc.nasa.gov/api/v3/events/EONET_10036
EONET_10037,wildfires,Wildfire in Zambia 1021252,False,https://eonet.gsfc.nasa.gov/api/v3/events/EONET_10037
EONET_10038,wildfires,Wildfire in The Democratic Republic of Congo 1021253,False,https://eonet.gsfc.nasa.gov/api/v3/events/EONET_10038
EONET_10039,wildfires,Wildfire in Brazil 1021281,False,https://eonet.gsfc.nasa.gov/api/v3/events/EONET_10039
EONET_10040,wildfires,Wildfire in Brazil 1021269,False,https://eonet.gsfc.nasa.gov/api/v3/events/EONET_10040
EONET_10041,wildfires,Wildfire in Australia 1021243,False,https://eonet.gsfc.nasa.gov/api/v3/events/EONET_10041
EONET_10042,wildfires,Wildfire in Canada 1021244,False,https://eonet.gsfc.nasa.gov/api/v3/events/EONET_10042
EONET_10043,wildfires,Wildfire in Canada 1021245,False,https://eonet.gsfc.nasa.gov/api/v3/events/EONET_10043
EONET_10081,wildfires,Wildfire in Zambia 1021298,False,https://eonet.gsfc.nasa.gov/api/v3/events/EONET_10081
EONET_10082,wildfires,Wildfire in Angola 1021301,False,https://eonet.gsfc.nasa.gov/api/v3/events/EONET_10082
EONET_10083,wildfires,Wildfire in Australia 1021311,False,https://eonet.gsfc.nasa.gov/api/v3/events/EONET_10083
EONET_10084,wildfires,Wildfire in Brazil 1021312,False,https://eonet.gsfc.nasa.gov/api/v3/events/EONET_10084
EONET_10085,wildfires,Wildfire in Bolivia 1021313,False,https://eonet.gsfc.nasa.gov/api/v3/events/EONET_10085
EONET_10086,wildfires,Wildfire in Bolivia 1021314,False,https://eonet.gsfc.nasa.gov/api/v3/events/EONET_10086
EONET_10087,wildfires,Wildfire in Brazil 1021315,False,https://eonet.gsfc.nasa.gov/api/v3/events/EONET_10087
EONET_10088,wildfires,Wildfire in Angola 1021322,False,https://eonet.gsfc.nasa.gov/api/v3/events/EONET_10088
EONET_10089,wildfires,Wildfire in Angola 1021317,False,https://eonet.gsfc.nasa.gov/api/v3/events/EONET_10089
EONET_10090,wildfires,Wildfire in Mozambique 1021287,False,https://eonet.gsfc.nasa.gov/api/v3/events/EONET_10090
EONET_10091,wildfires,Wildfire in Mozambique 1021299,False,https://eonet.gsfc.nasa.gov/api/v3/events/EONET_10091
EONET_10092,wildfires,Wildfire in The Democratic Republic of Congo 1021300,False,https://eonet.gsfc.nasa.gov/api/v3/events/EONET_10092
EONET_10139,wildfires,Wildfire in Tanzania 1021337,False,https://eonet.gsfc.nasa.gov/api/v3/events/EONET_10139
EONET_10140,wildfires,Wildfire in Angola 1021338,False,https://eonet.gsfc.nasa.gov/api/v3/events/EONET_10140
EONET_10141,wildfires,Wildfire in Angola 1021339,False,https://eonet.gsfc.nasa.gov/api/v3/events/EONET_10141
EONET_10142,wildfires,Wildfire in Zambia 1021340,False,https://eonet.gsfc.nasa.gov/api/v3/events/EONET_10142
EONET_10143,wildfires,Wildfire in Zambia 1021341,False,https://eonet.gsfc.nasa.gov/api/v3/events/EONET_10143
EONET_10144,wildfires,Wildfire in Angola 1021342,False,https://eonet.gsfc.nasa.gov/api/v3/events/EONET_10144
EONET_10145,wildfires,Wildfire in Zambia 1021343,False,https://eonet.gsfc.nasa.gov/api/v3/events/EONET_10145
EONET_10146,wildfires,Wildfire in Zambia 1021344,False,https://eonet.gsfc.nasa.gov/api/v3/events/EONET_10146
EONET_10276,wildfires,Wildfire in Canada 1021489,False,https://eonet.gsfc.nasa.gov/api/v3/events/EONET_10276
EONET_10277,wildfires,Wildfire in Angola 1021491,False,https://eonet.gsfc.nasa.gov/api/v3/events/EONET_10277
EONET_10278,wildfires,Wildfire in Mozambique 1021495,False,https://eonet.gsfc.nasa.gov/api/v3/events/EONET_10278
EONET_10279,wildfires,Wildfire in Angola 1021498,False,https://eonet.gsfc.nasa.gov/api/v3/events/EONET_10279
EONET_10280,wildfires,Wildfire in Zambia 1021500,False,https://eonet.gsfc.nasa.gov/api/v3/events/EONET_10280
EONET_10281,wildfires,Wildfire in The Democratic Republic of Congo 1021504,False,https://eonet.gsfc.nasa.gov/api/v3/events/EONET_10281
EONET_10282,wildfires,Wildfire in Bolivia 1021494,False,https://eonet.gsfc.nasa.gov/api/v3/events/EONET_10282
EONET_10283,wildfires,Wildfire in The Democratic Republic of Congo 1021503,False,https://eonet.gsfc.nasa.gov/api/v3/events/EONET_10283
EONET_10284,wildfires,"Wildfire in Angola, Namibia 1021492",False,https://eonet.gsfc.nasa.gov/api/v3/events/EONET_10284
EONET_10285,wildfires,Wildfire in Bolivia 1021488,False,https://eonet.gsfc.nasa.gov/api/v3/events/EONET_10285
EONET_10286,wildfires,Wildfire in Peru 1021490,False,https://eonet.gsfc.nasa.gov/api/v3/events/EONET_10286
EONET_10287,wildfires,Wildfire in Angola 1021493,False,https://eonet.gsfc.nasa.gov/api/v3/events/EONET_10287
EONET_10288,wildfires,Wildfire in Brazil 1021496,False,https://eonet.gsfc.nasa.gov/api/v3/events/EONET_10288
EONET_10289,wildfires,Wildfire in Bolivia 1021497,False,https://eonet.gsfc.nasa.gov/api/v3/events/EONET_10289
EONET_10290,wildfires,Wildfire in The Democratic Republic of Congo 1021499,False,https://eonet.gsfc.nasa.gov/api/v3/events/EONET_10290
EONET_10291,wildfires,Wildfire in The Democratic Republic of Congo 1021501,False,https://eonet.gsfc.nasa.gov/api/v3/events/EONET_10291
EONET_10292,wildfires,Wildfire in Brazil 1021502,False,https://eonet.gsfc.nasa.gov/api/v3/events/EONET_10292
EONET_10012,wildfires,"Dove Creek Wildfire, Box Elder, Utah",False,https://eonet.gsfc.nasa.gov/api/v3/events/EONET_10012
EONET_10008,wildfires,"Boise Wildfire, Humboldt, California",False,https://eonet.gsfc.nasa.gov/api/v3/events/EONET_10008
EONET_10011,wildfires,"Ruby Wildfire, Whatcom, Washington",False,https://eonet.gsfc.nasa.gov/api/v3/events/EONET_10011
EONET_9739,wildfires,"Floyd Jefferson Rd. Wildfire, Floyd, Georgia",False,https://eonet.gsfc.nasa.gov/api/v3/events/EONET_9739
EONET_9738,wildfires,"Hanger Wildfire, Shackelford, Texas",False,https://eonet.gsfc.nasa.gov/api/v3/events/EONET_9738
EONET_9681,wildfires,Wildfire in Australia 1020968,False,https://eonet.gsfc.nasa.gov/api/v3/events/EONET_9681
EONET_9740,wildfires,Wildfire in Angola 1020981,False,https://eonet.gsfc.nasa.gov/api/v3/events/EONET_9740
EONET_9741,wildfires,Wildfire in Angola 1020980,False,https://eonet.gsfc.nasa.gov/api/v3/events/EONET_9741
EONET_9778,wildfires,Wildfire in Angola 1021021,False,https://eonet.gsfc.nasa.gov/api/v3/events/EONET_9778
EONET_9779,wildfires,Wildfire in Australia 1021043,False,https://eonet.gsfc.nasa.gov/api/v3/events/EONET_9779
EONET_9780,wildfires,Wildfire in Angola 1021022,False,https://eonet.gsfc.nasa.gov/api/v3/events/EONET_9780
EONET_9829,wildfires,Wildfire in Angola 1021060,False,https://eonet.gsfc.nasa.gov/api/v3/events/EONET_9829
EONET_9830,wildfires,Wildfire in South Africa 1021061,False,https://eonet.gsfc.nasa.gov/api/v3/events/EONET_9830
EONET_9831,wildfires,Wildfire in Canada 1021191,False,https://eonet.gsfc.nasa.gov/api/v3/events/EONET_9831
EONET_9832,wildfires,Wildfire in Australia 1021192,False,https://eonet.gsfc.nasa.gov/api/v3/events/EONET_9832
EONET_9833,wildfires,Wildfire in Brazil 1021076,False,https://eonet.gsfc.nasa.gov/api/v3/events/EONET_9833
EONET_9834,wildfires,Wildfire in The Republic of North Macedonia 1021056,False,https://eonet.gsfc.nasa.gov/api/v3/events/EONET_9834
EONET_9981,wildfires,Wildfire in The Democratic Republic of Congo 1021228,False,https://eonet.gsfc.nasa.gov/api/v3/events/EONET_9981
EONET_9982,wildfires,Wildfire in Canada 1021223,False,https://eonet.gsfc.nasa.gov/api/v3/events/EONET_9982
EONET_9983,wildfires,Wildfire in Brazil 1021224,False,https://eonet.gsfc.nasa.gov/api/v3/events/EONET_9983
EONET_9984,wildfires,Wildfire in Canada 1021199,False,https://eonet.gsfc.nasa.gov/api/v3/events/EONET_9984
EONET_9985,wildfires,Wildfire in Zambia 1021209,False,https://eonet.gsfc.nasa.gov/api/v3/events/EONET_9985
EONET_9986,wildfires,Wildfire in Mozambique 1021210,False,https://eonet.gsfc.nasa.gov/api/v3/events/EONET_9986
EONET_9987,wildfires,Wildfire in Canada 1021236,False,https://eonet.gsfc.nasa.gov/api/v3/events/EONET_9987
EONET_9988,wildfires,Wildfire in Australia 1021237,False,https://eonet.gsfc.nasa.gov/api/v3/events/EONET_9988
EONET_9989,wildfires,Wildfire in Canada 1021238,False,https://eonet.gsfc.nasa.gov/api/v3/events/EONET_9989
EONET_9990,wildfires,Wildfire in Russian Federation 1021239,False,https://eonet.gsfc.nasa.gov/api/v3/events/EONET_9990
EONET_9991,wildfires,Wildfire in Angola 1021208,False,https://eonet.gsfc.nasa.gov/api/v3/events/EONET_9991
EONET_9992,wildfires,Wildfire in Canada 1021200,False,https://eonet.gsfc.nasa.gov/api/v3/events/EONET_9992
EONET_10044,wildfires,Wildfire in Canada 1021270,False,https://eonet.gsfc.nasa.gov/api/v3/events/EONET_10044
EONET_10045,wildfires,Wildfire in Brazil 1021271,False,https://eonet.gsfc.nasa.gov/api/v3/events/EONET_10045
EONET_10046,wildfires,Wildfire in Canada 1021272,False,https://eonet.gsfc.nasa.gov/api/v3/events/EONET_10046
EONET_10047,wildfires,Wildfire in Canada 1021282,False,https://eonet.gsfc.nasa.gov/api/v3/events/EONET_10047
EONET_10048,wildfires,Wildfire in United States 1021283,False,https://eonet.gsfc.nasa.gov/api/v3/events/EONET_10048
EONET_10049,wildfires,Wildfire in Australia 1021284,False,https://eonet.gsfc.nasa.gov/api/v3/events/EONET_10049
EONET_10050,wildfires,Wildfire in Brazil 1021285,False,https://eonet.gsfc.nasa.gov/api/v3/events/EONET_10050
EONET_10051,wildfires,Wildfire in Angola 1021254,False,https://eonet.gsfc.nasa.gov/api/v3/events/EONET_10051
EONET_10052,wildfires,Wildfire in Angola 1021255,False,https://eonet.gsfc.nasa.gov/api/v3/events/EONET_10052
EONET_10053,wildfires,Wildfire in Angola 1021256,False,https://eonet.gsfc.nasa.gov/api/v3/events/EONET_10053
EONET_10054,wildfires,Wildfire in Angola 1021257,False,https://eonet.gsfc.nasa.gov/api/v3/events/EONET_10054
EONET_10093,wildfires,Wildfire in Angola 1021302,False,https://eonet.gsfc.nasa.gov/api/v3/events/EONET_10093
EONET_10094,wildfires,Wildfire in Angola 1021303,False,https://eonet.gsfc.nasa.gov/api/v3/events/EONET_10094
EONET_10095,wildfires,Wildfire in Angola 1021304,False,https://eonet.gsfc.nasa.gov/api/v3/events/EONET_10095
EONET_10096,wildfires,Wildfire in Angola 1021305,False,https://eonet.gsfc.nasa.gov/api/v3/events/EONET_10096
EONET_10097,wildfires,Wildfire in Mozambique 1021288,False,https://eonet.gsfc.nasa.gov/api/v3/events/EONET_10097
EONET_10293,wildfires,Wildfire in The Democratic Republic of Congo 1021505,False,https://eonet.gsfc.nasa.gov/api/v3/events/EONET_10293
EONET_10294,wildfires,Wildfire in Angola 1021506,False,https://eonet.gsfc.nasa.gov/api/v3/events/EONET_10294
EONET_10295,wildfires,Wildfire in Brazil 1021517,False,https://eonet.gsfc.nasa.gov/api/v3/events/EONET_10295
EONET_10296,wildfires,Wildfire in Angola 1021519,False,https://eonet.gsfc.nasa.gov/api/v3/events/EONET_10296
EONET_10297,wildfires,Wildfire in Russian Federation 1021520,False,https://eonet.gsfc.nasa.gov/api/v3/events/EONET_10297
EONET_10298,wildfires,Wildfire in Angola 1021522,False,https://eonet.gsfc.nasa.gov/api/v3/events/EONET_10298
EONET_10299,wildfires,Wildfire in Angola 1021523,False,https://eonet.gsfc.nasa.gov/api/v3/events/EONET_10299
EONET_10300,wildfires,Wildfire in The Democratic Republic of Congo 1021512,False,https://eonet.gsfc.nasa.gov/api/v3/events/EONET_10300
EONET_10301,wildfires,Wildfire in The Democratic Republic of Congo 1021518,False,https://eonet.gsfc.nasa.gov/api/v3/events/EONET_10301
EONET_10302,wildfires,Wildfire in Angola 1021507,False,https://eonet.gsfc.nasa.gov/api/v3/events/EONET_10302
EONET_10303,wildfires,Wildfire in Angola 1021509,False,https://eonet.gsfc.nasa.gov/api/v3/events/EONET_10303
EONET_10304,wildfires,Wildfire in Zambia 1021508,False,https://eonet.gsfc.nasa.gov/api/v3/events/EONET_10304
EONET_10305,wildfires,Wildfire in Angola 1021510,False,https://eonet.gsfc.nasa.gov/api/v3/events/EONET_10305
EONET_10306,wildfires,Wildfire in Angola 1021511,False,https://eonet.gsfc.nasa.gov/api/v3/events/EONET_10306
EONET_10307,wildfires,Wildfire in Angola 1021513,False,https://eonet.gsfc.nasa.gov/api/v3/events/EONET_10307
EONET_10308,wildfires,Wildfire in Angola 1021514,False,https://eonet.gsfc.nasa.gov/api/v3/events/EONET_10308
EONET_10309,wildfires,Wildfire in Mozambique 1021515,False,https://eonet.gsfc.nasa.gov/api/v3/events/EONET_10309
EONET_10310,wildfires,Wildfire in Mozambique 1021516,False,https://eonet.gsfc.nasa.gov/api/v3/events/EONET_10310
EONET_10311,wildfires,Wildfire in The Democratic Republic of Congo 1021521,False,https://eonet.gsfc.nasa.gov/api/v3/events/EONET_10311
EONET_10009,wildfires,"MIDDLE FORK COMPLEX Wildfire, Boise, Idaho",False,https://eonet.gsfc.nasa.gov/api/v3/events/EONET_10009
EONET_9737,wildfires,"Coppermine Wildfire, Archer, Texas",False,https://eonet.gsfc.nasa.gov/api/v3/events/EONET_9737
EONET_9742,wildfires,Wildfire in Angola 1020982,False,https://eonet.gsfc.nasa.gov/api/v3/events/EONET_9742
EONET_9743,wildfires,Wildfire in South Africa 1021003,False,https://eonet.gsfc.nasa.gov/api/v3/events/EONET_9743
EONET_9744,wildfires,Wildfire in Canada 1020975,False,https://eonet.gsfc.nasa.gov/api/v3/events/EONET_9744
EONET_9781,wildfires,Wildfire in Angola 1021024,False,https://eonet.gsfc.nasa.gov/api/v3/events/EONET_9781
EONET_9782,wildfires,Wildfire in Angola 1021025,False,https://eonet.gsfc.nasa.gov/api/v3/events/EONET_9782
EONET_9783,wildfires,Wildfire in Angola 1021023,False,https://eonet.gsfc.nasa.gov/api/v3/events/EONET_9783
EONET_9784,wildfires,Wildfire in Namibia 1021047,False,https://eonet.gsfc.nasa.gov/api/v3/events/EONET_9784
EONET_9835,wildfires,Wildfire in Mozambique 1021062,False,https://eonet.gsfc.nasa.gov/api/v3/events/EONET_9835
EONET_9836,wildfires,Wildfire in The Democratic Republic of Congo 1021063,False,https://eonet.gsfc.nasa.gov/api/v3/events/EONET_9836
EONET_9837,wildfires,Wildfire in Angola 1021065,False,https://eonet.gsfc.nasa.gov/api/v3/events/EONET_9837
EONET_9838,wildfires,Wildfire in Angola 1021066,False,https://eonet.gsfc.nasa.gov/api/v3/events/EONET_9838
EONET_9839,wildfires,Wildfire in Canada 1021193,False,https://eonet.gsfc.nasa.gov/api/v3/events/EONET_9839
EONET_9840,wildfires,Wildfire in Australia 1021194,False,https://eonet.gsfc.nasa.gov/api/v3/events/EONET_9840
EONET_9841,wildfires,Wildfire in Russian Federation 1021195,False,https://eonet.gsfc.nasa.gov/api/v3/events/EONET_9841
EONET_9842,wildfires,Wildfire in Angola 1021064,False,https://eonet.gsfc.nasa.gov/api/v3/events/EONET_9842
EONET_9843,wildfires,Wildfire in Angola 1021067,False,https://eonet.gsfc.nasa.gov/api/v3/events/EONET_9843
EONET_9844,wildfires,Wildfire in Botswana 1021068,False,https://eonet.gsfc.nasa.gov/api/v3/events/EONET_9844
EONET_9993,wildfires,Wildfire in Russian Federation 1021225,False,https://eonet.gsfc.nasa.gov/api/v3/events/EONET_9993
EONET_9994,wildfires,Wildfire in South Africa 1021213,False,https://eonet.gsfc.nasa.gov/api/v3/events/EONET_9994
EONET_9995,wildfires,Wildfire in Canada 1021240,False,https://eonet.gsfc.nasa.gov/api/v3/events/EONET_9995
EONET_9996,wildfires,Wildfire in Canada 1021241,False,https://eonet.gsfc.nasa.gov/api/v3/events/EONET_9996
EONET_9997,wildfires,Wildfire in Angola 1021211,False,https://eonet.gsfc.nasa.gov/api/v3/events/EONET_9997
EONET_9998,wildfires,Wildfire in The Democratic Republic of Congo 1021212,False,https://eonet.gsfc.nasa.gov/api/v3/events/EONET_9998
EONET_10055,wildfires,Wildfire in Namibia 1021246,False,https://eonet.gsfc.nasa.gov/api/v3/events/EONET_10055
EONET_10056,wildfires,Wildfire in Mozambique 1021247,False,https://eonet.gsfc.nasa.gov/api/v3/events/EONET_10056
EONET_10057,wildfires,Wildfire in The Democratic Republic of Congo 1021258,False,https://eonet.gsfc.nasa.gov/api/v3/events/EONET_10057
EONET_10058,wildfires,"Wildfire in Zambia, The Democratic Republic of Congo 1021259",False,https://eonet.gsfc.nasa.gov/api/v3/events/EONET_10058
EONET_10059,wildfires,Wildfire in Angola 1021260,False,https://eonet.gsfc.nasa.gov/api/v3/events/EONET_10059
EONET_10060,wildfires,Wildfire in Angola 1021261,False,https://eonet.gsfc.nasa.gov/api/v3/events/EONET_10060
EONET_9736,wildfires,"BIG GULCH Wildfire, Moffat, Colorado",False,https://eonet.gsfc.nasa.gov/api/v3/events/EONET_9736
EONET_9735,wildfires,"Paint Crossing Wildfire, Throckmorton, Texas",False,https://eonet.gsfc.nasa.gov/api/v3/events/EONET_9735
EONET_9733,wildfires,"County Line - Garfield Wildfire, Garfield, Montana",False,https://eonet.gsfc.nasa.gov/api/v3/events/EONET_9733
EONET_9732,wildfires,"CROZIER Wildfire, El Dorado, California",False,https://eonet.gsfc.nasa.gov/api/v3/events/EONET_9732
EONET_9731,wildfires,"Element Wildfire, Mohave, Arizona",False,https://eonet.gsfc.nasa.gov/api/v3/events/EONET_9731
EONET_9540,wildfires,Wildfire in Tanzania 1020800,False,https://eonet.gsfc.nasa.gov/api/v3/events/EONET_9540
EONET_9541,wildfires,Wildfire in United States 1020801,False,https://eonet.gsfc.nasa.gov/api/v3/events/EONET_9541
EONET_9542,wildfires,Wildfire in United States 1020794,False,https://eonet.gsfc.nasa.gov/api/v3/events/EONET_9542
EONET_9543,wildfires,Wildfire in The Democratic Republic of Congo 1020844,False,https://eonet.gsfc.nasa.gov/api/v3/events/EONET_9543
EONET_9682,wildfires,Wildfire in Brazil 1020965,False,https://eonet.gsfc.nasa.gov/api/v3/events/EONET_9682
EONET_9683,wildfires,Wildfire in The Democratic Republic of Congo 1020954,False,https://eonet.gsfc.nasa.gov/api/v3/events/EONET_9683
EONET_9684,wildfires,Wildfire in Angola 1020953,False,https://eonet.gsfc.nasa.gov/api/v3/events/EONET_9684
EONET_9745,wildfires,Wildfire in Mozambique 1020983,False,https://eonet.gsfc.nasa.gov/api/v3/events/EONET_9745
EONET_9746,wildfires,Wildfire in The Democratic Republic of Congo 1020986,False,https://eonet.gsfc.nasa.gov/api/v3/events/EONET_9746
EONET_9747,wildfires,Wildfire in Canada 1020976,False,https://eonet.gsfc.nasa.gov/api/v3/events/EONET_9747
EONET_9748,wildfires,Wildfire in Australia 1021001,False,https://eonet.gsfc.nasa.gov/api/v3/events/EONET_9748
EONET_9749,wildfires,Wildfire in Brazil 1021005,False,https://eonet.gsfc.nasa.gov/api/v3/events/EONET_9749
EONET_9750,wildfires,Wildfire in Australia 1021006,False,https://eonet.gsfc.nasa.gov/api/v3/events/EONET_9750
EONET_9751,wildfires,Wildfire in South Africa 1020984,False,https://eonet.gsfc.nasa.gov/api/v3/events/EONET_9751
EONET_9752,wildfires,Wildfire in Angola 1020985,False,https://eonet.gsfc.nasa.gov/api/v3/events/EONET_9752
EONET_9753,wildfires,Wildfire in Angola 1020987,False,https://eonet.gsfc.nasa.gov/api/v3/events/EONET_9753
EONET_9785,wildfires,Wildfire in The Democratic Republic of Congo 1021027,False,https://eonet.gsfc.nasa.gov/api/v3/events/EONET_9785
EONET_9786,wildfires,Wildfire in The Democratic Republic of Congo 1021028,False,https://eonet.gsfc.nasa.gov/api/v3/events/EONET_9786
EONET_9787,wildfires,Wildfire in Brazil 1021044,False,https://eonet.gsfc.nasa.gov/api/v3/events/EONET_9787
EONET_9788,wildfires,Wildfire in Australia 1021045,False,https://eonet.gsfc.nasa.gov/api/v3/events/EONET_9788
EONET_9789,wildfires,Wildfire in Canada 1021011,False,https://eonet.gsfc.nasa.gov/api/v3/events/EONET_9789
EONET_9790,wildfires,Wildfire in Australia 1021050,False,https://eonet.gsfc.nasa.gov/api/v3/events/EONET_9790
EONET_9791,wildfires,Wildfire in Brazil 1021051,False,https://eonet.gsfc.nasa.gov/api/v3/events/EONET_9791
EONET_9792,wildfires,Wildfire in Canada 1021026,False,https://eonet.gsfc.nasa.gov/api/v3/events/EONET_9792
EONET_9793,wildfires,Wildfire in Angola 1021029,False,https://eonet.gsfc.nasa.gov/api/v3/events/EONET_9793
EONET_9794,wildfires,Wildfire in Canada 1021013,False,https://eonet.gsfc.nasa.gov/api/v3/events/EONET_9794
EONET_9795,wildfires,Wildfire in Tanzania 1021014,False,https://eonet.gsfc.nasa.gov/api/v3/events/EONET_9795
EONET_9845,wildfires,Wildfire in Angola 1021070,False,https://eonet.gsfc.nasa.gov/api/v3/events/EONET_9845
EONET_9846,wildfires,Wildfire in Angola 1021079,False,https://eonet.gsfc.nasa.gov/api/v3/events/EONET_9846
EONET_9847,wildfires,Wildfire in Angola 1021069,False,https://eonet.gsfc.nasa.gov/api/v3/events/EONET_9847
EONET_9848,wildfires,Wildfire in Angola 1021071,False,https://eonet.gsfc.nasa.gov/api/v3/events/EONET_9848
EONET_9849,wildfires,Wildfire in Papua New Guinea 1021077,False,https://eonet.gsfc.nasa.gov/api/v3/events/EONET_9849
EONET_9999,wildfires,Wildfire in Angola 1021214,False,https://eonet.gsfc.nasa.gov/api/v3/events/EONET_9999
EONET_10000,wildfires,Wildfire in Angola 1021215,False,https://eonet.gsfc.nasa.gov/api/v3/events/EONET_10000
EONET_10001,wildfires,Wildfire in The Democratic Republic of Congo 1021216,False,https://eonet.gsfc.nasa.gov/api/v3/events/EONET_10001
EONET_10002,wildfires,Wildfire in The Democratic Republic of Congo 1021217,False,https://eonet.gsfc.nasa.gov/api/v3/events/EONET_10002
EONET_10003,wildfires,Wildfire in Angola 1021218,False,https://eonet.gsfc.nasa.gov/api/v3/events/EONET_10003
EONET_10004,wildfires,Wildfire in Canada 1021201,False,https://eonet.gsfc.nasa.gov/api/v3/events/EONET_10004
EONET_10005,wildfires,Wildfire in Canada 1021202,False,https://eonet.gsfc.nasa.gov/api/v3/events/EONET_10005
EONET_9730,wildfires,"Dry Fork Wildfire, Rich, Utah",False,https://eonet.gsfc.nasa.gov/api/v3/events/EONET_9730
EONET_9729,wildfires,"Sheep Wildfire, Gila, Arizona",False,https://eonet.gsfc.nasa.gov/api/v3/events/EONET_9729
EONET_9728,wildfires,"NELLIE Wildfire, Boise, Idaho",False,https://eonet.gsfc.nasa.gov/api/v3/events/EONET_9728
EONET_9727,wildfires,"ANDERSON Wildfire, Boise, Idaho",False,https://eonet.gsfc.nasa.gov/api/v3/events/EONET_9727
EONET_9726,wildfires,"FLAT Wildfire, Boise, Idaho",False,https://eonet.gsfc.nasa.gov/api/v3/events/EONET_9726
EONET_9724,wildfires,"SNAG Wildfire, Valley, Idaho",False,https://eonet.gsfc.nasa.gov/api/v3/events/EONET_9724
EONET_9725,wildfires,"BULLDOG Wildfire, Boise, Idaho",False,https://eonet.gsfc.nasa.gov/api/v3/events/EONET_9725
EONET_9723,wildfires,"DOLLAR Wildfire, Valley, Idaho",False,https://eonet.gsfc.nasa.gov/api/v3/events/EONET_9723
EONET_9722,wildfires,"PADDOCK Wildfire, Washington, Idaho",False,https://eonet.gsfc.nasa.gov/api/v3/events/EONET_9722
EONET_9721,wildfires,"WILLIAMS MINE Wildfire, Skamania, Washington",False,https://eonet.gsfc.nasa.gov/api/v3/events/EONET_9721
EONET_9720,wildfires,"Warner Peak Wildfire, Lake, Oregon",False,https://eonet.gsfc.nasa.gov/api/v3/events/EONET_9720
EONET_9491,wildfires,Wildfire in Brazil 1020757,False,https://eonet.gsfc.nasa.gov/api/v3/events/EONET_9491
EONET_9492,wildfires,Wildfire in Bolivia 1020758,False,https://eonet.gsfc.nasa.gov/api/v3/events/EONET_9492
EONET_9493,wildfires,Wildfire in United States 1020773,False,https://eonet.gsfc.nasa.gov/api/v3/events/EONET_9493
EONET_9494,wildfires,Wildfire in Canada 1020774,False,https://eonet.gsfc.nasa.gov/api/v3/events/EONET_9494
EONET_9544,wildfires,Wildfire in United States 1020830,False,https://eonet.gsfc.nasa.gov/api/v3/events/EONET_9544
EONET_9545,wildfires,Wildfire in Bolivia 1020821,False,https://eonet.gsfc.nasa.gov/api/v3/events/EONET_9545
EONET_9546,wildfires,Wildfire in Brazil 1020820,False,https://eonet.gsfc.nasa.gov/api/v3/events/EONET_9546
EONET_9547,wildfires,Wildfire in United States 1020829,False,https://eonet.gsfc.nasa.gov/api/v3/events/EONET_9547
EONET_9548,wildfires,"Wildfire in Paraguay, Bolivia 1020845",False,https://eonet.gsfc.nasa.gov/api/v3/events/EONET_9548
EONET_9685,wildfires,Wildfire in Mozambique 1020955,False,https://eonet.gsfc.nasa.gov/api/v3/events/EONET_9685
EONET_9686,wildfires,Wildfire in Brazil 1020956,False,https://eonet.gsfc.nasa.gov/api/v3/events/EONET_9686
EONET_9687,wildfires,Wildfire in Angola 1020957,False,https://eonet.gsfc.nasa.gov/api/v3/events/EONET_9687
EONET_9688,wildfires,Wildfire in The Democratic Republic of Congo 1020958,False,https://eonet.gsfc.nasa.gov/api/v3/events/EONET_9688
EONET_9689,wildfires,Wildfire in Canada 1020947,False,https://eonet.gsfc.nasa.gov/api/v3/events/EONET_9689
EONET_9690,wildfires,Wildfire in United States 1020948,False,https://eonet.gsfc.nasa.gov/api/v3/events/EONET_9690
EONET_9691,wildfires,Wildfire in Australia 1020966,False,https://eonet.gsfc.nasa.gov/api/v3/events/EONET_9691
EONET_9692,wildfires,Wildfire in Brazil 1020969,False,https://eonet.gsfc.nasa.gov/api/v3/events/EONET_9692
EONET_9693,wildfires,Wildfire in Australia 1020970,False,https://eonet.gsfc.nasa.gov/api/v3/events/EONET_9693
EONET_9694,wildfires,Wildfire in Australia 1020971,False,https://eonet.gsfc.nasa.gov/api/v3/events/EONET_9694
EONET_9695,wildfires,Wildfire in Australia 1020972,False,https://eonet.gsfc.nasa.gov/api/v3/events/EONET_9695
EONET_9754,wildfires,Wildfire in The Democratic Republic of Congo 1020988,False,https://eonet.gsfc.nasa.gov/api/v3/events/EONET_9754
EONET_9755,wildfires,Wildfire in The Democratic Republic of Congo 1020990,False,https://eonet.gsfc.nasa.gov/api/v3/events/EONET_9755
EONET_9756,wildfires,Wildfire in Angola 1020989,False,https://eonet.gsfc.nasa.gov/api/v3/events/EONET_9756
EONET_9757,wildfires,Wildfire in Angola 1020991,False,https://eonet.gsfc.nasa.gov/api/v3/events/EONET_9757
EONET_9758,wildfires,Wildfire in Angola 1020992,False,https://eonet.gsfc.nasa.gov/api/v3/events/EONET_9758
EONET_9759,wildfires,Wildfire in Canada 1021007,False,https://eonet.gsfc.nasa.gov/api/v3/events/EONET_9759
EONET_9760,wildfires,Wildfire in Canada 1021002,False,https://eonet.gsfc.nasa.gov/api/v3/events/EONET_9760
EONET_9796,wildfires,Wildfire in Canada 1021015,False,https://eonet.gsfc.nasa.gov/api/v3/events/EONET_9796
EONET_9797,wildfires,Wildfire in Canada 1021016,False,https://eonet.gsfc.nasa.gov/api/v3/events/EONET_9797
EONET_9798,wildfires,Wildfire in Angola 1021030,False,https://eonet.gsfc.nasa.gov/api/v3/events/EONET_9798
EONET_9799,wildfires,Wildfire in Angola 1021031,False,https://eonet.gsfc.nasa.gov/api/v3/events/EONET_9799
EONET_9800,wildfires,Wildfire in Angola 1021032,False,https://eonet.gsfc.nasa.gov/api/v3/events/EONET_9800
EONET_9801,wildfires,Wildfire in Tanzania 1021033,False,https://eonet.gsfc.nasa.gov/api/v3/events/EONET_9801
EONET_9802,wildfires,Wildfire in Angola 1021034,False,https://eonet.gsfc.nasa.gov/api/v3/events/EONET_9802
EONET_9803,wildfires,Wildfire in Australia 1021052,False,https://eonet.gsfc.nasa.gov/api/v3/events/EONET_9803
EONET_9804,wildfires,Wildfire in Australia 1021053,False,https://eonet.gsfc.nasa.gov/api/v3/events/EONET_9804
EONET_9805,wildfires,Wildfire in Canada 1021054,False,https://eonet.gsfc.nasa.gov/api/v3/events/EONET_9805
EONET_9806,wildfires,Wildfire in Canada 1021012,False,https://eonet.gsfc.nasa.gov/api/v3/events/EONET_9806
EONET_9807,wildfires,Wildfire in Australia 1021046,False,https://eonet.gsfc.nasa.gov/api/v3/events/EONET_9807
EONET_9808,wildfires,Wildfire in Canada 1021017,False,https://eonet.gsfc.nasa.gov/api/v3/events/EONET_9808
EONET_9809,wildfires,Wildfire in Canada 1021018,False,https://eonet.gsfc.nasa.gov/api/v3/events/EONET_9809
EONET_9810,wildfires,Wildfire in Canada 1021019,False,https://eonet.gsfc.nasa.gov/api/v3/events/EONET_9810
EONET_9850,wildfires,Wildfire in Angola 1021072,False,https://eonet.gsfc.nasa.gov/api/v3/events/EONET_9850
EONET_9851,wildfires,Wildfire in Angola 1021073,False,https://eonet.gsfc.nasa.gov/api/v3/events/EONET_9851
EONET_9852,wildfires,Wildfire in Tanzania 1021057,False,https://eonet.gsfc.nasa.gov/api/v3/events/EONET_9852
EONET_9853,wildfires,Wildfire in Mozambique 1021058,False,https://eonet.gsfc.nasa.gov/api/v3/events/EONET_9853
EONET_9717,wildfires,"SOLDIER CREEK Wildfire, Malheur, Oregon",False,https://eonet.gsfc.nasa.gov/api/v3/events/EONET_9717
EONET_9713,wildfires,"Porcupine Wildfire, Harney, Oregon",False,https://eonet.gsfc.nasa.gov/api/v3/events/EONET_9713
EONET_9712,wildfires,"Stewart Wildfire, Powder River, Montana",False,https://eonet.gsfc.nasa.gov/api/v3/events/EONET_9712
EONET_9710,wildfires,"Town Gulch Wildfire, Baker, Oregon",False,https://eonet.gsfc.nasa.gov/api/v3/events/EONET_9710
EONET_9709,wildfires,"0596 RV BENNETT Wildfire, Wasco, Oregon",False,https://eonet.gsfc.nasa.gov/api/v3/events/EONET_9709
EONET_9490,wildfires,"BELLA Wildfire, Kern, California",False,https://eonet.gsfc.nasa.gov/api/v3/events/EONET_9490
EONET_9443,wildfires,Wildfire in Angola 1020699,False,https://eonet.gsfc.nasa.gov/api/v3/events/EONET_9443
EONET_9549,wildfires,Wildfire in Zambia 1020847,False,https://eonet.gsfc.nasa.gov/api/v3/events/EONET_9549
EONET_9550,wildfires,Wildfire in Angola 1020849,False,https://eonet.gsfc.nasa.gov/api/v3/events/EONET_9550
EONET_9551,wildfires,Wildfire in Zambia 1020846,False,https://eonet.gsfc.nasa.gov/api/v3/events/EONET_9551
EONET_9552,wildfires,Wildfire in Russian Federation 1020848,False,https://eonet.gsfc.nasa.gov/api/v3/events/EONET_9552
EONET_9553,wildfires,Wildfire in Canada 1020850,False,https://eonet.gsfc.nasa.gov/api/v3/events/EONET_9553
EONET_9554,wildfires,Wildfire in Bolivia 1020851,False,https://eonet.gsfc.nasa.gov/api/v3/events/EONET_9554
EONET_9555,wildfires,Wildfire in United States 1020795,False,https://eonet.gsfc.nasa.gov/api/v3/events/EONET_9555
EONET_9556,wildfires,Wildfire in Canada 1020802,False,https://eonet.gsfc.nasa.gov/api/v3/events/EONET_9556
EONET_9696,wildfires,Wildfire in Brazil 1020973,False,https://eonet.gsfc.nasa.gov/api/v3/events/EONET_9696
EONET_9697,wildfires,Wildfire in Zambia 1020960,False,https://eonet.gsfc.nasa.gov/api/v3/events/EONET_9697
EONET_9698,wildfires,Wildfire in Angola 1020961,False,https://eonet.gsfc.nasa.gov/api/v3/events/EONET_9698
EONET_9699,wildfires,Wildfire in The Democratic Republic of Congo 1020959,False,https://eonet.gsfc.nasa.gov/api/v3/events/EONET_9699
EONET_9761,wildfires,Wildfire in Zambia 1020977,False,https://eonet.gsfc.nasa.gov/api/v3/events/EONET_9761
EONET_9762,wildfires,Wildfire in Canada 1021008,False,https://eonet.gsfc.nasa.gov/api/v3/events/EONET_9762
EONET_9763,wildfires,Wildfire in Brazil 1021009,False,https://eonet.gsfc.nasa.gov/api/v3/events/EONET_9763
EONET_9764,wildfires,Wildfire in Brazil 1021010,False,https://eonet.gsfc.nasa.gov/api/v3/events/EONET_9764
EONET_9765,wildfires,Wildfire in Angola 1021004,False,https://eonet.gsfc.nasa.gov/api/v3/events/EONET_9765
EONET_9766,wildfires,Wildfire in Zambia 1020993,False,https://eonet.gsfc.nasa.gov/api/v3/events/EONET_9766
EONET_9767,wildfires,Wildfire in Angola 1020994,False,https://eonet.gsfc.nasa.gov/api/v3/events/EONET_9767
EONET_9768,wildfires,Wildfire in Angola 1020995,False,https://eonet.gsfc.nasa.gov/api/v3/events/EONET_9768
EONET_9769,wildfires,Wildfire in Angola 1020996,False,https://eonet.gsfc.nasa.gov/api/v3/events/EONET_9769
EONET_9770,wildfires,Wildfire in Angola 1020997,False,https://eonet.gsfc.nasa.gov/api/v3/events/EONET_9770
EONET_9771,wildfires,Wildfire in Angola 1020999,False,https://eonet.gsfc.nasa.gov/api/v3/events/EONET_9771
EONET_9772,wildfires,Wildfire in The Democratic Republic of Congo 1020998,False,https://eonet.gsfc.nasa.gov/api/v3/events/EONET_9772
EONET_9811,wildfires,Wildfire in Canada 1021020,False,https://eonet.gsfc.nasa.gov/api/v3/events/EONET_9811
EONET_9812,wildfires,Wildfire in Angola 1021035,False,https://eonet.gsfc.nasa.gov/api/v3/events/EONET_9812
EONET_9813,wildfires,Wildfire in Angola 1021036,False,https://eonet.gsfc.nasa.gov/api/v3/events/EONET_9813
EONET_9814,wildfires,Wildfire in Canada 1021037,False,https://eonet.gsfc.nasa.gov/api/v3/events/EONET_9814
EONET_9815,wildfires,Wildfire in Zambia 1021038,False,https://eonet.gsfc.nasa.gov/api/v3/events/EONET_9815
EONET_9816,wildfires,Wildfire in The Democratic Republic of Congo 1021039,False,https://eonet.gsfc.nasa.gov/api/v3/events/EONET_9816
EONET_9817,wildfires,Wildfire in Zambia 1021040,False,https://eonet.gsfc.nasa.gov/api/v3/events/EONET_9817
EONET_9818,wildfires,Wildfire in Angola 1021041,False,https://eonet.gsfc.nasa.gov/api/v3/events/EONET_9818
EONET_9819,wildfires,Wildfire in Angola 1021042,False,https://eonet.gsfc.nasa.gov/api/v3/events/EONET_9819
EONET_9854,wildfires,Wildfire in Canada 1021082,False,https://eonet.gsfc.nasa.gov/api/v3/events/EONET_9854
EONET_9855,wildfires,Wildfire in Angola 1021083,False,https://eonet.gsfc.nasa.gov/api/v3/events/EONET_9855
EONET_9856,wildfires,Wildfire in Angola 1021085,False,https://eonet.gsfc.nasa.gov/api/v3/events/EONET_9856
EONET_9857,wildfires,Wildfire in Angola 1021086,False,https://eonet.gsfc.nasa.gov/api/v3/events/EONET_9857
EONET_9858,wildfires,Wildfire in Angola 1021088,False,https://eonet.gsfc.nasa.gov/api/v3/events/EONET_9858
EONET_9859,wildfires,Wildfire in Angola 1021080,False,https://eonet.gsfc.nasa.gov/api/v3/events/EONET_9859
EONET_9860,wildfires,Wildfire in Zambia 1021081,False,https://eonet.gsfc.nasa.gov/api/v3/events/EONET_9860
EONET_9861,wildfires,Wildfire in Brazil 1021084,False,https://eonet.gsfc.nasa.gov/api/v3/events/EONET_9861
EONET_9862,wildfires,Wildfire in Zambia 1021087,False,https://eonet.gsfc.nasa.gov/api/v3/events/EONET_9862
EONET_9489,wildfires,"Hopkin Wildfire, Carter, Montana",False,https://eonet.gsfc.nasa.gov/api/v3/events/EONET_9489
EONET_9488,wildfires,"Deer Creek Wildfire, Johnson, Wyoming",False,https://eonet.gsfc.nasa.gov/api/v3/events/EONET_9488
EONET_9444,wildfires,Wildfire in Brazil 1020733,False,https://eonet.gsfc.nasa.gov/api/v3/events/EONET_9444
EONET_9445,wildfires,Wildfire in Australia 1020719,False,https://eonet.gsfc.nasa.gov/api/v3/events/EONET_9445
EONET_9446,wildfires,Wildfire in Brazil 1020720,False,https://eonet.gsfc.nasa.gov/api/v3/events/EONET_9446
EONET_9495,wildfires,Wildfire in Canada 1020770,False,https://eonet.gsfc.nasa.gov/api/v3/events/EONET_9495
EONET_9496,wildfires,Wildfire in Paraguay 1020775,False,https://eonet.gsfc.nasa.gov/api/v3/events/EONET_9496
EONET_9557,wildfires,Wildfire in Angola 1020853,False,https://eonet.gsfc.nasa.gov/api/v3/events/EONET_9557
EONET_9558,wildfires,Wildfire in Angola 1020854,False,https://eonet.gsfc.nasa.gov/api/v3/events/EONET_9558
EONET_9559,wildfires,"Wildfire in Bolivia, Brazil 1020856",False,https://eonet.gsfc.nasa.gov/api/v3/events/EONET_9559
EONET_9560,wildfires,Wildfire in Canada 1020796,False,https://eonet.gsfc.nasa.gov/api/v3/events/EONET_9560
EONET_9561,wildfires,Wildfire in Canada 1020852,False,https://eonet.gsfc.nasa.gov/api/v3/events/EONET_9561
EONET_9562,wildfires,Wildfire in Zambia 1020855,False,https://eonet.gsfc.nasa.gov/api/v3/events/EONET_9562
EONET_9563,wildfires,Wildfire in Canada 1020822,False,https://eonet.gsfc.nasa.gov/api/v3/events/EONET_9563
EONET_9564,wildfires,Wildfire in Brazil 1020823,False,https://eonet.gsfc.nasa.gov/api/v3/events/EONET_9564
EONET_9565,wildfires,Wildfire in Brazil 1020824,False,https://eonet.gsfc.nasa.gov/api/v3/events/EONET_9565
EONET_9566,wildfires,Wildfire in Canada 1020825,False,https://eonet.gsfc.nasa.gov/api/v3/events/EONET_9566
EONET_9700,wildfires,Wildfire in Canada 1020974,False,https://eonet.gsfc.nasa.gov/api/v3/events/EONET_9700
EONET_9701,wildfires,Wildfire in Brazil 1020967,False,https://eonet.gsfc.nasa.gov/api/v3/events/EONET_9701
EONET_9702,wildfires,Wildfire in Angola 1020962,False,https://eonet.gsfc.nasa.gov/api/v3/events/EONET_9702
EONET_9703,wildfires,Wildfire in The Democratic Republic of Congo 1020963,False,https://eonet.gsfc.nasa.gov/api/v3/events/EONET_9703
EONET_9704,wildfires,Wildfire in United States 1020949,False,https://eonet.gsfc.nasa.gov/api/v3/events/EONET_9704
EONET_9773,wildfires,Wildfire in Angola 1021000,False,https://eonet.gsfc.nasa.gov/api/v3/events/EONET_9773
EONET_9774,wildfires,Wildfire in Canada 1020978,False,https://eonet.gsfc.nasa.gov/api/v3/events/EONET_9774
EONET_9775,wildfires,Wildfire in Canada 1020979,False,https://eonet.gsfc.nasa.gov/api/v3/events/EONET_9775
EONET_9863,wildfires,Wildfire in Brazil 1021090,False,https://eonet.gsfc.nasa.gov/api/v3/events/EONET_9863
EONET_9864,wildfires,Wildfire in Angola 1021089,False,https://eonet.gsfc.nasa.gov/api/v3/events/EONET_9864
EONET_9865,wildfires,Wildfire in Zambia 1021091,False,https://eonet.gsfc.nasa.gov/api/v3/events/EONET_9865
EONET_9866,wildfires,Wildfire in Angola 1021092,False,https://eonet.gsfc.nasa.gov/api/v3/events/EONET_9866
EONET_9867,wildfires,Wildfire in Canada 1021093,False,https://eonet.gsfc.nasa.gov/api/v3/events/EONET_9867
EONET_9868,wildfires,Wildfire in Brazil 1021094,False,https://eonet.gsfc.nasa.gov/api/v3/events/EONET_9868
EONET_9869,wildfires,Wildfire in Zambia 1021095,False,https://eonet.gsfc.nasa.gov/api/v3/events/EONET_9869
EONET_9870,wildfires,Wildfire in Angola 1021096,False,https://eonet.gsfc.nasa.gov/api/v3/events/EONET_9870
EONET_9871,wildfires,Wildfire in Brazil 1021097,False,https://eonet.gsfc.nasa.gov/api/v3/events/EONET_9871
EONET_9872,wildfires,Wildfire in Angola 1021100,False,https://eonet.gsfc.nasa.gov/api/v3/events/EONET_9872
EONET_9873,wildfires,Wildfire in Brazil 1021102,False,https://eonet.gsfc.nasa.gov/api/v3/events/EONET_9873
EONET_9874,wildfires,Wildfire in Zambia 1021103,False,https://eonet.gsfc.nasa.gov/api/v3/events/EONET_9874
EONET_9875,wildfires,Wildfire in Angola 1021098,False,https://eonet.gsfc.nasa.gov/api/v3/events/EONET_9875
EONET_9876,wildfires,Wildfire in Angola 1021099,False,https://eonet.gsfc.nasa.gov/api/v3/events/EONET_9876
EONET_9877,wildfires,Wildfire in Canada 1021101,False,https://eonet.gsfc.nasa.gov/api/v3/events/EONET_9877
EONET_9487,wildfires,"Skeleton Wildfire, Yavapai, Arizona",False,https://eonet.gsfc.nasa.gov/api/v3/events/EONET_9487
EONET_9486,wildfires,"Gardner Wildfire, Blaine, Idaho",False,https://eonet.gsfc.nasa.gov/api/v3/events/EONET_9486
EONET_9418,wildfires,Wildfire in Brazil 1020684,False,https://eonet.gsfc.nasa.gov/api/v3/events/EONET_9418
EONET_9419,wildfires,Wildfire in Bolivia 1020685,False,https://eonet.gsfc.nasa.gov/api/v3/events/EONET_9419
EONET_9447,wildfires,Wildfire in Bolivia 1020721,False,https://eonet.gsfc.nasa.gov/api/v3/events/EONET_9447
EONET_9448,wildfires,Wildfire in Australia 1020722,False,https://eonet.gsfc.nasa.gov/api/v3/events/EONET_9448
EONET_9497,wildfires,Wildfire in Bolivia 1020738,False,https://eonet.gsfc.nasa.gov/api/v3/events/EONET_9497
EONET_9498,wildfires,Wildfire in Brazil 1020759,False,https://eonet.gsfc.nasa.gov/api/v3/events/EONET_9498
EONET_9499,wildfires,Wildfire in Brazil 1020760,False,https://eonet.gsfc.nasa.gov/api/v3/events/EONET_9499
EONET_9567,wildfires,Wildfire in Brazil 1020826,False,https://eonet.gsfc.nasa.gov/api/v3/events/EONET_9567
EONET_9568,wildfires,Wildfire in Zambia 1020857,False,https://eonet.gsfc.nasa.gov/api/v3/events/EONET_9568
EONET_9569,wildfires,Wildfire in Australia 1020858,False,https://eonet.gsfc.nasa.gov/api/v3/events/EONET_9569
EONET_9570,wildfires,Wildfire in Angola 1020859,False,https://eonet.gsfc.nasa.gov/api/v3/events/EONET_9570
EONET_9571,wildfires,Wildfire in Angola 1020803,False,https://eonet.gsfc.nasa.gov/api/v3/events/EONET_9571
EONET_9705,wildfires,Wildfire in The Democratic Republic of Congo 1020964,False,https://eonet.gsfc.nasa.gov/api/v3/events/EONET_9705
EONET_9878,wildfires,Wildfire in Brazil 1021108,False,https://eonet.gsfc.nasa.gov/api/v3/events/EONET_9878
EONET_9879,wildfires,Wildfire in Russian Federation 1021110,False,https://eonet.gsfc.nasa.gov/api/v3/events/EONET_9879
EONET_9880,wildfires,Wildfire in Canada 1021112,False,https://eonet.gsfc.nasa.gov/api/v3/events/EONET_9880
EONET_9881,wildfires,Wildfire in Brazil 1021113,False,https://eonet.gsfc.nasa.gov/api/v3/events/EONET_9881
EONET_9882,wildfires,Wildfire in Zambia 1021104,False,https://eonet.gsfc.nasa.gov/api/v3/events/EONET_9882
EONET_9883,wildfires,Wildfire in Brazil 1021106,False,https://eonet.gsfc.nasa.gov/api/v3/events/EONET_9883
EONET_9884,wildfires,Wildfire in Angola 1021107,False,https://eonet.gsfc.nasa.gov/api/v3/events/EONET_9884
EONET_9885,wildfires,Wildfire in Angola 1021109,False,https://eonet.gsfc.nasa.gov/api/v3/events/EONET_9885
EONET_9886,wildfires,Wildfire in Zambia 1021111,False,https://eonet.gsfc.nasa.gov/api/v3/events/EONET_9886
EONET_9887,wildfires,Wildfire in Russian Federation 1021105,False,https://eonet.gsfc.nasa.gov/api/v3/events/EONET_9887
EONET_9484,wildfires,"Wildcat Creek Wildfire, Campbell, Wyoming",False,https://eonet.gsfc.nasa.gov/api/v3/events/EONET_9484
EONET_9679,volcanoes,"Suwanosejima Volcano, Japan",False,https://eonet.gsfc.nasa.gov/api/v3/events/EONET_9679
EONET_9379,wildfires,Wildfire in The Democratic Republic of Congo 1020640,False,https://eonet.gsfc.nasa.gov/api/v3/events/EONET_9379
EONET_9380,wildfires,Wildfire in Paraguay 1020662,False,https://eonet.gsfc.nasa.gov/api/v3/events/EONET_9380
EONET_9381,wildfires,Wildfire in Brazil 1020663,False,https://eonet.gsfc.nasa.gov/api/v3/events/EONET_9381
EONET_9382,wildfires,Wildfire in Brazil 1020664,False,https://eonet.gsfc.nasa.gov/api/v3/events/EONET_9382
EONET_9420,wildfires,Wildfire in United States 1020694,False,https://eonet.gsfc.nasa.gov/api/v3/events/EONET_9420
EONET_9421,wildfires,Wildfire in Paraguay 1020686,False,https://eonet.gsfc.nasa.gov/api/v3/events/EONET_9421
EONET_9422,wildfires,Wildfire in Bolivia 1020687,False,https://eonet.gsfc.nasa.gov/api/v3/events/EONET_9422
EONET_9449,wildfires,Wildfire in Argentina 1020723,False,https://eonet.gsfc.nasa.gov/api/v3/events/EONET_9449
EONET_9450,wildfires,Wildfire in Brazil 1020724,False,https://eonet.gsfc.nasa.gov/api/v3/events/EONET_9450
EONET_9500,wildfires,Wildfire in Russian Federation 1020761,False,https://eonet.gsfc.nasa.gov/api/v3/events/EONET_9500
EONET_9501,wildfires,Wildfire in Russian Federation 1020776,False,https://eonet.gsfc.nasa.gov/api/v3/events/EONET_9501
EONET_9502,wildfires,Wildfire in Russian Federation 1020777,False,https://eonet.gsfc.nasa.gov/api/v3/events/EONET_9502
EONET_9503,wildfires,Wildfire in The Democratic Republic of Congo 1020740,False,https://eonet.gsfc.nasa.gov/api/v3/events/EONET_9503
EONET_9572,wildfires,Wildfire in Angola 1020805,False,https://eonet.gsfc.nasa.gov/api/v3/events/EONET_9572
EONET_9573,wildfires,Wildfire in Angola 1020860,False,https://eonet.gsfc.nasa.gov/api/v3/events/EONET_9573
EONET_9574,wildfires,Wildfire in Russian Federation 1020861,False,https://eonet.gsfc.nasa.gov/api/v3/events/EONET_9574
EONET_9575,wildfires,Wildfire in Angola 1020864,False,https://eonet.gsfc.nasa.gov/api/v3/events/EONET_9575
EONET_9576,wildfires,Wildfire in Brazil 1020866,False,https://eonet.gsfc.nasa.gov/api/v3/events/EONET_9576
EONET_9577,wildfires,Wildfire in Canada 1020867,False,https://eonet.gsfc.nasa.gov/api/v3/events/EONET_9577
EONET_9578,wildfires,Wildfire in Zambia 1020869,False,https://eonet.gsfc.nasa.gov/api/v3/events/EONET_9578
EONET_9579,wildfires,Wildfire in Russian Federation 1020827,False,https://eonet.gsfc.nasa.gov/api/v3/events/EONET_9579
EONET_9580,wildfires,Wildfire in The Democratic Republic of Congo 1020804,False,https://eonet.gsfc.nasa.gov/api/v3/events/EONET_9580
EONET_9581,wildfires,Wildfire in Angola 1020862,False,https://eonet.gsfc.nasa.gov/api/v3/events/EONET_9581
EONET_9582,wildfires,Wildfire in The Democratic Republic of Congo 1020863,False,https://eonet.gsfc.nasa.gov/api/v3/events/EONET_9582
EONET_9583,wildfires,Wildfire in Mozambique 1020865,False,https://eonet.gsfc.nasa.gov/api/v3/events/EONET_9583
EONET_9584,wildfires,Wildfire in Angola 1020868,False,https://eonet.gsfc.nasa.gov/api/v3/events/EONET_9584
EONET_9585,wildfires,Wildfire in Brazil 1020871,False,https://eonet.gsfc.nasa.gov/api/v3/events/EONET_9585
EONET_9586,wildfires,Wildfire in Mozambique 1020797,False,https://eonet.gsfc.nasa.gov/api/v3/events/EONET_9586
EONET_9587,wildfires,Wildfire in Mozambique 1020798,False,https://eonet.gsfc.nasa.gov/api/v3/events/EONET_9587
EONET_9588,wildfires,Wildfire in The Democratic Republic of Congo 1020870,False,https://eonet.gsfc.nasa.gov/api/v3/events/EONET_9588
EONET_9888,wildfires,Wildfire in Tanzania 1021116,False,https://eonet.gsfc.nasa.gov/api/v3/events/EONET_9888
EONET_9889,wildfires,Wildfire in Australia 1021118,False,https://eonet.gsfc.nasa.gov/api/v3/events/EONET_9889
EONET_9890,wildfires,Wildfire in Russian Federation 1021120,False,https://eonet.gsfc.nasa.gov/api/v3/events/EONET_9890
EONET_9891,wildfires,Wildfire in Angola 1021115,False,https://eonet.gsfc.nasa.gov/api/v3/events/EONET_9891
EONET_9892,wildfires,Wildfire in The Democratic Republic of Congo 1021117,False,https://eonet.gsfc.nasa.gov/api/v3/events/EONET_9892
EONET_9893,wildfires,Wildfire in Angola 1021121,False,https://eonet.gsfc.nasa.gov/api/v3/events/EONET_9893
EONET_9894,wildfires,Wildfire in Tanzania 1021122,False,https://eonet.gsfc.nasa.gov/api/v3/events/EONET_9894
EONET_9895,wildfires,Wildfire in Zambia 1021125,False,https://eonet.gsfc.nasa.gov/api/v3/events/EONET_9895
EONET_9896,wildfires,Wildfire in Angola 1021126,False,https://eonet.gsfc.nasa.gov/api/v3/events/EONET_9896
EONET_9897,wildfires,Wildfire in Brazil 1021114,False,https://eonet.gsfc.nasa.gov/api/v3/events/EONET_9897
EONET_9898,wildfires,Wildfire in Angola 1021119,False,https://eonet.gsfc.nasa.gov/api/v3/events/EONET_9898
EONET_9899,wildfires,Wildfire in Brazil 1021123,False,https://eonet.gsfc.nasa.gov/api/v3/events/EONET_9899
EONET_9900,wildfires,Wildfire in Angola 1021124,False,https://eonet.gsfc.nasa.gov/api/v3/events/EONET_9900
EONET_9483,wildfires,"Leeds Creek Wildfire, Sublette, Wyoming",False,https://eonet.gsfc.nasa.gov/api/v3/events/EONET_9483
EONET_9482,wildfires,"Bucktail Wildfire, Montrose, Colorado",False,https://eonet.gsfc.nasa.gov/api/v3/events/EONET_9482
EONET_9202,wildfires,"Rock Creek Wildfire, Dundy, Nebraska",False,https://eonet.gsfc.nasa.gov/api/v3/events/EONET_9202
EONET_9207,wildfires,"West AER Motor Wildfire, Cottle, Texas",False,https://eonet.gsfc.nasa.gov/api/v3/events/EONET_9207
EONET_9228,wildfires,Wildfire in Paraguay 1020590,False,https://eonet.gsfc.nasa.gov/api/v3/events/EONET_9228
EONET_9342,wildfires,Wildfire in Paraguay 1020618,False,https://eonet.gsfc.nasa.gov/api/v3/events/EONET_9342
EONET_9343,wildfires,Wildfire in Bolivia 1020619,False,https://eonet.gsfc.nasa.gov/api/v3/events/EONET_9343
EONET_9344,wildfires,Wildfire in Canada 1020630,False,https://eonet.gsfc.nasa.gov/api/v3/events/EONET_9344
EONET_9383,wildfires,Wildfire in Bolivia 1020665,False,https://eonet.gsfc.nasa.gov/api/v3/events/EONET_9383
EONET_9384,wildfires,Wildfire in Brazil 1020670,False,https://eonet.gsfc.nasa.gov/api/v3/events/EONET_9384
EONET_9423,wildfires,Wildfire in Russian Federation 1020688,False,https://eonet.gsfc.nasa.gov/api/v3/events/EONET_9423
EONET_9424,wildfires,Wildfire in Russian Federation 1020695,False,https://eonet.gsfc.nasa.gov/api/v3/events/EONET_9424
EONET_9425,wildfires,Wildfire in Russian Federation 1020693,False,https://eonet.gsfc.nasa.gov/api/v3/events/EONET_9425
EONET_9451,wildfires,Wildfire in Bolivia 1020725,False,https://eonet.gsfc.nasa.gov/api/v3/events/EONET_9451
EONET_9452,wildfires,Wildfire in Brazil 1020726,False,https://eonet.gsfc.nasa.gov/api/v3/events/EONET_9452
EONET_9453,wildfires,Wildfire in Russian Federation 1020727,False,https://eonet.gsfc.nasa.gov/api/v3/events/EONET_9453
EONET_9504,wildfires,Wildfire in Angola 1020741,False,https://eonet.gsfc.nasa.gov/api/v3/events/EONET_9504
EONET_9505,wildfires,Wildfire in Canada 1020739,False,https://eonet.gsfc.nasa.gov/api/v3/events/EONET_9505
EONET_9506,wildfires,Wildfire in Brazil 1020778,False,https://eonet.gsfc.nasa.gov/api/v3/events/EONET_9506
EONET_9507,wildfires,Wildfire in Canada 1020779,False,https://eonet.gsfc.nasa.gov/api/v3/events/EONET_9507
EONET_9589,wildfires,Wildfire in The Democratic Republic of Congo 1020872,False,https://eonet.gsfc.nasa.gov/api/v3/events/EONET_9589
EONET_9590,wildfires,Wildfire in Zambia 1020873,False,https://eonet.gsfc.nasa.gov/api/v3/events/EONET_9590
EONET_9591,wildfires,Wildfire in Zambia 1020874,False,https://eonet.gsfc.nasa.gov/api/v3/events/EONET_9591
EONET_9592,wildfires,Wildfire in Zambia 1020878,False,https://eonet.gsfc.nasa.gov/api/v3/events/EONET_9592
EONET_9593,wildfires,Wildfire in Zambia 1020879,False,https://eonet.gsfc.nasa.gov/api/v3/events/EONET_9593
EONET_9594,wildfires,Wildfire in Brazil 1020875,False,https://eonet.gsfc.nasa.gov/api/v3/events/EONET_9594
EONET_9595,wildfires,Wildfire in Zambia 1020876,False,https://eonet.gsfc.nasa.gov/api/v3/events/EONET_9595
EONET_9596,wildfires,Wildfire in Tanzania 1020877,False,https://eonet.gsfc.nasa.gov/api/v3/events/EONET_9596
EONET_9597,wildfires,Wildfire in Angola 1020806,False,https://eonet.gsfc.nasa.gov/api/v3/events/EONET_9597
EONET_9901,wildfires,Wildfire in Angola 1021128,False,https://eonet.gsfc.nasa.gov/api/v3/events/EONET_9901
EONET_9902,wildfires,Wildfire in Mozambique 1021130,False,https://eonet.gsfc.nasa.gov/api/v3/events/EONET_9902
EONET_9903,wildfires,Wildfire in Tanzania 1021131,False,https://eonet.gsfc.nasa.gov/api/v3/events/EONET_9903
EONET_9904,wildfires,Wildfire in The Democratic Republic of Congo 1021134,False,https://eonet.gsfc.nasa.gov/api/v3/events/EONET_9904
EONET_9905,wildfires,Wildfire in The Democratic Republic of Congo 1021137,False,https://eonet.gsfc.nasa.gov/api/v3/events/EONET_9905
EONET_9906,wildfires,Wildfire in Angola 1021138,False,https://eonet.gsfc.nasa.gov/api/v3/events/EONET_9906
EONET_9907,wildfires,Wildfire in The Democratic Republic of Congo 1021127,False,https://eonet.gsfc.nasa.gov/api/v3/events/EONET_9907
EONET_9908,wildfires,Wildfire in Zambia 1021139,False,https://eonet.gsfc.nasa.gov/api/v3/events/EONET_9908
EONET_9909,wildfires,Wildfire in Canada 1021129,False,https://eonet.gsfc.nasa.gov/api/v3/events/EONET_9909
EONET_9910,wildfires,Wildfire in Angola 1021132,False,https://eonet.gsfc.nasa.gov/api/v3/events/EONET_9910
EONET_9911,wildfires,Wildfire in Brazil 1021133,False,https://eonet.gsfc.nasa.gov/api/v3/events/EONET_9911
EONET_9912,wildfires,Wildfire in Canada 1021135,False,https://eonet.gsfc.nasa.gov/api/v3/events/EONET_9912
EONET_9913,wildfires,Wildfire in Canada 1021136,False,https://eonet.gsfc.nasa.gov/api/v3/events/EONET_9913
EONET_9199,wildfires,"Nelson Draw Wildfire, Rosebud, Montana",False,https://eonet.gsfc.nasa.gov/api/v3/events/EONET_9199
EONET_9208,wildfires,"Cold Springs Wildfire, Converse, Wyoming",False,https://eonet.gsfc.nasa.gov/api/v3/events/EONET_9208
EONET_9147,wildfires,Wildfire in Australia 1020419,False,https://eonet.gsfc.nasa.gov/api/v3/events/EONET_9147
EONET_9229,wildfires,Wildfire in Australia 1020591,False,https://eonet.gsfc.nasa.gov/api/v3/events/EONET_9229
EONET_9230,wildfires,Wildfire in Paraguay 1020592,False,https://eonet.gsfc.nasa.gov/api/v3/events/EONET_9230
EONET_9231,wildfires,Wildfire in Australia 1020534,False,https://eonet.gsfc.nasa.gov/api/v3/events/EONET_9231
EONET_9232,wildfires,Wildfire in Brazil 1020581,False,https://eonet.gsfc.nasa.gov/api/v3/events/EONET_9232
EONET_9345,wildfires,Wildfire in The Democratic Republic of Congo 1020603,False,https://eonet.gsfc.nasa.gov/api/v3/events/EONET_9345
EONET_9346,wildfires,Wildfire in Namibia 1020604,False,https://eonet.gsfc.nasa.gov/api/v3/events/EONET_9346
EONET_9347,wildfires,Wildfire in Bolivia 1020627,False,https://eonet.gsfc.nasa.gov/api/v3/events/EONET_9347
EONET_9348,wildfires,Wildfire in Bolivia 1020631,False,https://eonet.gsfc.nasa.gov/api/v3/events/EONET_9348
EONET_9349,wildfires,Wildfire in Canada 1020632,False,https://eonet.gsfc.nasa.gov/api/v3/events/EONET_9349
EONET_9350,wildfires,Wildfire in Argentina 1020620,False,https://eonet.gsfc.nasa.gov/api/v3/events/EONET_9350
EONET_9385,wildfires,Wildfire in Mozambique 1020641,False,https://eonet.gsfc.nasa.gov/api/v3/events/EONET_9385
EONET_9386,wildfires,Wildfire in The Democratic Republic of Congo 1020669,False,https://eonet.gsfc.nasa.gov/api/v3/events/EONET_9386
EONET_9426,wildfires,Wildfire in Russian Federation 1020676,False,https://eonet.gsfc.nasa.gov/api/v3/events/EONET_9426
EONET_9454,wildfires,Wildfire in Canada 1020734,False,https://eonet.gsfc.nasa.gov/api/v3/events/EONET_9454
EONET_9508,wildfires,Wildfire in The Democratic Republic of Congo 1020742,False,https://eonet.gsfc.nasa.gov/api/v3/events/EONET_9508
EONET_9509,wildfires,Wildfire in Russian Federation 1020762,False,https://eonet.gsfc.nasa.gov/api/v3/events/EONET_9509
EONET_9510,wildfires,Wildfire in Bolivia 1020763,False,https://eonet.gsfc.nasa.gov/api/v3/events/EONET_9510
EONET_9511,wildfires,Wildfire in Brazil 1020764,False,https://eonet.gsfc.nasa.gov/api/v3/events/EONET_9511
EONET_9512,wildfires,Wildfire in Brazil 1020765,False,https://eonet.gsfc.nasa.gov/api/v3/events/EONET_9512
EONET_9598,wildfires,Wildfire in The Democratic Republic of Congo 1020884,False,https://eonet.gsfc.nasa.gov/api/v3/events/EONET_9598
EONET_9599,wildfires,Wildfire in Zambia 1020880,False,https://eonet.gsfc.nasa.gov/api/v3/events/EONET_9599
EONET_9600,wildfires,Wildfire in Mozambique 1020881,False,https://eonet.gsfc.nasa.gov/api/v3/events/EONET_9600
EONET_9601,wildfires,Wildfire in Mozambique 1020885,False,https://eonet.gsfc.nasa.gov/api/v3/events/EONET_9601
EONET_9602,wildfires,Wildfire in The Democratic Republic of Congo 1020886,False,https://eonet.gsfc.nasa.gov/api/v3/events/EONET_9602
EONET_9603,wildfires,Wildfire in Angola 1020887,False,https://eonet.gsfc.nasa.gov/api/v3/events/EONET_9603
EONET_9604,wildfires,Wildfire in The Democratic Republic of Congo 1020807,False,https://eonet.gsfc.nasa.gov/api/v3/events/EONET_9604
EONET_9605,wildfires,Wildfire in The Democratic Republic of Congo 1020799,False,https://eonet.gsfc.nasa.gov/api/v3/events/EONET_9605
EONET_9606,wildfires,Wildfire in Russian Federation 1020831,False,https://eonet.gsfc.nasa.gov/api/v3/events/EONET_9606
EONET_9607,wildfires,Wildfire in Zambia 1020882,False,https://eonet.gsfc.nasa.gov/api/v3/events/EONET_9607
EONET_9608,wildfires,Wildfire in Angola 1020883,False,https://eonet.gsfc.nasa.gov/api/v3/events/EONET_9608
EONET_9609,wildfires,Wildfire in Zambia 1020888,False,https://eonet.gsfc.nasa.gov/api/v3/events/EONET_9609
EONET_9706,wildfires,Wildfire in Canada 1020950,False,https://eonet.gsfc.nasa.gov/api/v3/events/EONET_9706
EONET_9914,wildfires,Wildfire in Angola 1021140,False,https://eonet.gsfc.nasa.gov/api/v3/events/EONET_9914
EONET_9915,wildfires,Wildfire in Canada 1021144,False,https://eonet.gsfc.nasa.gov/api/v3/events/EONET_9915
EONET_9916,wildfires,Wildfire in Canada 1021146,False,https://eonet.gsfc.nasa.gov/api/v3/events/EONET_9916
EONET_9917,wildfires,Wildfire in Angola 1021148,False,https://eonet.gsfc.nasa.gov/api/v3/events/EONET_9917
EONET_9918,wildfires,Wildfire in Angola 1021153,False,https://eonet.gsfc.nasa.gov/api/v3/events/EONET_9918
EONET_9919,wildfires,Wildfire in Canada 1021156,False,https://eonet.gsfc.nasa.gov/api/v3/events/EONET_9919
EONET_9920,wildfires,Wildfire in Angola 1021154,False,https://eonet.gsfc.nasa.gov/api/v3/events/EONET_9920
EONET_9921,wildfires,Wildfire in The Democratic Republic of Congo 1021141,False,https://eonet.gsfc.nasa.gov/api/v3/events/EONET_9921
EONET_9922,wildfires,Wildfire in Angola 1021143,False,https://eonet.gsfc.nasa.gov/api/v3/events/EONET_9922
EONET_9923,wildfires,Wildfire in Angola 1021147,False,https://eonet.gsfc.nasa.gov/api/v3/events/EONET_9923
EONET_9924,wildfires,Wildfire in Zambia 1021149,False,https://eonet.gsfc.nasa.gov/api/v3/events/EONET_9924
EONET_9925,wildfires,Wildfire in Tanzania 1021150,False,https://eonet.gsfc.nasa.gov/api/v3/events/EONET_9925
EONET_9926,wildfires,Wildfire in Angola 1021151,False,https://eonet.gsfc.nasa.gov/api/v3/events/EONET_9926
EONET_9927,wildfires,Wildfire in Angola 1021152,False,https://eonet.gsfc.nasa.gov/api/v3/events/EONET_9927
EONET_9928,wildfires,Wildfire in Angola 1021155,False,https://eonet.gsfc.nasa.gov/api/v3/events/EONET_9928
EONET_9929,wildfires,Wildfire in The Democratic Republic of Congo 1021142,False,https://eonet.gsfc.nasa.gov/api/v3/events/EONET_9929
EONET_9930,wildfires,Wildfire in Russian Federation 1021145,False,https://eonet.gsfc.nasa.gov/api/v3/events/EONET_9930
EONET_9218,wildfires,"Pleasant Valley Wildfire, Platte, Wyoming",False,https://eonet.gsfc.nasa.gov/api/v3/events/EONET_9218
EONET_9200,wildfires,"Stone Mtn Wildfire, Boulder, Colorado",False,https://eonet.gsfc.nasa.gov/api/v3/events/EONET_9200
EONET_9209,wildfires,"PEDRO Wildfire, Mariposa, California",False,https://eonet.gsfc.nasa.gov/api/v3/events/EONET_9209
EONET_9221,wildfires,"Limpert 1 - Harding Wildfire, Harding, South Dakota",False,https://eonet.gsfc.nasa.gov/api/v3/events/EONET_9221
EONET_9148,wildfires,Wildfire in Bolivia 1020468,False,https://eonet.gsfc.nasa.gov/api/v3/events/EONET_9148
EONET_9233,wildfires,Wildfire in Brazil 1020471,False,https://eonet.gsfc.nasa.gov/api/v3/events/EONET_9233
EONET_9234,wildfires,Wildfire in Bolivia 1020582,False,https://eonet.gsfc.nasa.gov/api/v3/events/EONET_9234
EONET_9235,wildfires,Wildfire in Brazil 1020593,False,https://eonet.gsfc.nasa.gov/api/v3/events/EONET_9235
EONET_9236,wildfires,Wildfire in Australia 1020594,False,https://eonet.gsfc.nasa.gov/api/v3/events/EONET_9236
EONET_9237,wildfires,Wildfire in Zambia 1020470,False,https://eonet.gsfc.nasa.gov/api/v3/events/EONET_9237
EONET_9351,wildfires,Wildfire in Australia 1020621,False,https://eonet.gsfc.nasa.gov/api/v3/events/EONET_9351
EONET_9352,wildfires,Wildfire in The Democratic Republic of Congo 1020605,False,https://eonet.gsfc.nasa.gov/api/v3/events/EONET_9352
EONET_9353,wildfires,Wildfire in Angola 1020606,False,https://eonet.gsfc.nasa.gov/api/v3/events/EONET_9353
EONET_9354,wildfires,Wildfire in Bolivia 1020622,False,https://eonet.gsfc.nasa.gov/api/v3/events/EONET_9354
EONET_9427,wildfires,Wildfire in Australia 1020677,False,https://eonet.gsfc.nasa.gov/api/v3/events/EONET_9427
EONET_9455,wildfires,Wildfire in The Democratic Republic of Congo 1020700,False,https://eonet.gsfc.nasa.gov/api/v3/events/EONET_9455
EONET_9513,wildfires,Wildfire in Zimbabwe 1020744,False,https://eonet.gsfc.nasa.gov/api/v3/events/EONET_9513
EONET_9514,wildfires,Wildfire in Brazil 1020771,False,https://eonet.gsfc.nasa.gov/api/v3/events/EONET_9514
EONET_9515,wildfires,Wildfire in The Democratic Republic of Congo 1020743,False,https://eonet.gsfc.nasa.gov/api/v3/events/EONET_9515
EONET_9516,wildfires,Wildfire in The Democratic Republic of Congo 1020745,False,https://eonet.gsfc.nasa.gov/api/v3/events/EONET_9516
EONET_9610,wildfires,Wildfire in Australia 1020889,False,https://eonet.gsfc.nasa.gov/api/v3/events/EONET_9610
EONET_9611,wildfires,Wildfire in Namibia 1020891,False,https://eonet.gsfc.nasa.gov/api/v3/events/EONET_9611
EONET_9612,wildfires,Wildfire in Russian Federation 1020832,False,https://eonet.gsfc.nasa.gov/api/v3/events/EONET_9612
EONET_9613,wildfires,Wildfire in Mozambique 1020808,False,https://eonet.gsfc.nasa.gov/api/v3/events/EONET_9613
EONET_9614,wildfires,Wildfire in Zambia 1020890,False,https://eonet.gsfc.nasa.gov/api/v3/events/EONET_9614
EONET_9615,wildfires,Wildfire in Zambia 1020892,False,https://eonet.gsfc.nasa.gov/api/v3/events/EONET_9615
EONET_9616,wildfires,Wildfire in Zambia 1020893,False,https://eonet.gsfc.nasa.gov/api/v3/events/EONET_9616
EONET_9707,wildfires,Wildfire in United States 1020951,False,https://eonet.gsfc.nasa.gov/api/v3/events/EONET_9707
EONET_9931,wildfires,Wildfire in Brazil 1021159,False,https://eonet.gsfc.nasa.gov/api/v3/events/EONET_9931
EONET_9932,wildfires,Wildfire in The Democratic Republic of Congo 1021160,False,https://eonet.gsfc.nasa.gov/api/v3/events/EONET_9932
EONET_9933,wildfires,Wildfire in The Democratic Republic of Congo 1021161,False,https://eonet.gsfc.nasa.gov/api/v3/events/EONET_9933
EONET_9934,wildfires,Wildfire in Namibia 1021162,False,https://eonet.gsfc.nasa.gov/api/v3/events/EONET_9934
EONET_9935,wildfires,Wildfire in The Democratic Republic of Congo 1021163,False,https://eonet.gsfc.nasa.gov/api/v3/events/EONET_9935
EONET_9936,wildfires,Wildfire in The Democratic Republic of Congo 1021164,False,https://eonet.gsfc.nasa.gov/api/v3/events/EONET_9936
EONET_9937,wildfires,Wildfire in The Democratic Republic of Congo 1021165,False,https://eonet.gsfc.nasa.gov/api/v3/events/EONET_9937
EONET_9938,wildfires,Wildfire in The Democratic Republic of Congo 1021166,False,https://eonet.gsfc.nasa.gov/api/v3/events/EONET_9938
EONET_9939,wildfires,Wildfire in Angola 1021168,False,https://eonet.gsfc.nasa.gov/api/v3/events/EONET_9939
EONET_9940,wildfires,Wildfire in The Democratic Republic of Congo 1021169,False,https://eonet.gsfc.nasa.gov/api/v3/events/EONET_9940
EONET_9941,wildfires,Wildfire in The Democratic Republic of Congo 1021158,False,https://eonet.gsfc.nasa.gov/api/v3/events/EONET_9941
EONET_9942,wildfires,Wildfire in Angola 1021167,False,https://eonet.gsfc.nasa.gov/api/v3/events/EONET_9942
EONET_9943,wildfires,Wildfire in Canada 1021157,False,https://eonet.gsfc.nasa.gov/api/v3/events/EONET_9943
EONET_9944,wildfires,Wildfire in Brazil 1021170,False,https://eonet.gsfc.nasa.gov/api/v3/events/EONET_9944
EONET_9211,wildfires,"LOWER GRANITE Wildfire, Garfield, Washington",False,https://eonet.gsfc.nasa.gov/api/v3/events/EONET_9211
EONET_9206,wildfires,"NIXON Wildfire, Riverside, California",False,https://eonet.gsfc.nasa.gov/api/v3/events/EONET_9206
EONET_9212,wildfires,"Alexander Mountain Wildfire, Larimer, Colorado",False,https://eonet.gsfc.nasa.gov/api/v3/events/EONET_9212
EONET_9115,wildfires,"BAER DURKEE Wildfire, Baker, Oregon",False,https://eonet.gsfc.nasa.gov/api/v3/events/EONET_9115
EONET_9238,wildfires,Wildfire in Angola 1020473,False,https://eonet.gsfc.nasa.gov/api/v3/events/EONET_9238
EONET_9239,wildfires,Wildfire in Australia 1020472,False,https://eonet.gsfc.nasa.gov/api/v3/events/EONET_9239
EONET_9240,wildfires,Wildfire in The Republic of North Macedonia 1020474,False,https://eonet.gsfc.nasa.gov/api/v3/events/EONET_9240
EONET_9241,wildfires,Wildfire in The Democratic Republic of Congo 1020535,False,https://eonet.gsfc.nasa.gov/api/v3/events/EONET_9241
EONET_9242,wildfires,Wildfire in Angola 1020536,False,https://eonet.gsfc.nasa.gov/api/v3/events/EONET_9242
EONET_9243,wildfires,Wildfire in Canada 1020595,False,https://eonet.gsfc.nasa.gov/api/v3/events/EONET_9243
EONET_9244,wildfires,Wildfire in United States 1020596,False,https://eonet.gsfc.nasa.gov/api/v3/events/EONET_9244
EONET_9245,wildfires,Wildfire in Namibia 1020588,False,https://eonet.gsfc.nasa.gov/api/v3/events/EONET_9245
EONET_9355,wildfires,Wildfire in Zambia 1020607,False,https://eonet.gsfc.nasa.gov/api/v3/events/EONET_9355
EONET_9356,wildfires,Wildfire in The Democratic Republic of Congo 1020608,False,https://eonet.gsfc.nasa.gov/api/v3/events/EONET_9356
EONET_9357,wildfires,Wildfire in The Democratic Republic of Congo 1020609,False,https://eonet.gsfc.nasa.gov/api/v3/events/EONET_9357
EONET_9387,wildfires,Wildfire in Zambia 1020642,False,https://eonet.gsfc.nasa.gov/api/v3/events/EONET_9387
EONET_9388,wildfires,Wildfire in The Democratic Republic of Congo 1020644,False,https://eonet.gsfc.nasa.gov/api/v3/events/EONET_9388
EONET_9389,wildfires,Wildfire in Zambia 1020645,False,https://eonet.gsfc.nasa.gov/api/v3/events/EONET_9389
EONET_9390,wildfires,Wildfire in Brazil 1020666,False,https://eonet.gsfc.nasa.gov/api/v3/events/EONET_9390
EONET_9391,wildfires,Wildfire in Tanzania 1020643,False,https://eonet.gsfc.nasa.gov/api/v3/events/EONET_9391
EONET_9392,wildfires,Wildfire in Bolivia 1020671,False,https://eonet.gsfc.nasa.gov/api/v3/events/EONET_9392
EONET_9428,wildfires,Wildfire in The Democratic Republic of Congo 1020678,False,https://eonet.gsfc.nasa.gov/api/v3/events/EONET_9428
EONET_9429,wildfires,Wildfire in Russian Federation 1020696,False,https://eonet.gsfc.nasa.gov/api/v3/events/EONET_9429
EONET_9456,wildfires,Wildfire in The Democratic Republic of Congo 1020701,False,https://eonet.gsfc.nasa.gov/api/v3/events/EONET_9456
EONET_9457,wildfires,Wildfire in The Democratic Republic of Congo 1020702,False,https://eonet.gsfc.nasa.gov/api/v3/events/EONET_9457
EONET_9458,wildfires,Wildfire in The Democratic Republic of Congo 1020703,False,https://eonet.gsfc.nasa.gov/api/v3/events/EONET_9458
EONET_9517,wildfires,Wildfire in The Democratic Republic of Congo 1020746,False,https://eonet.gsfc.nasa.gov/api/v3/events/EONET_9517
EONET_9518,wildfires,Wildfire in Brazil 1020766,False,https://eonet.gsfc.nasa.gov/api/v3/events/EONET_9518
EONET_9617,wildfires,Wildfire in The Democratic Republic of Congo 1020895,False,https://eonet.gsfc.nasa.gov/api/v3/events/EONET_9617
EONET_9618,wildfires,Wildfire in Zambia 1020899,False,https://eonet.gsfc.nasa.gov/api/v3/events/EONET_9618
EONET_9619,wildfires,Wildfire in The Democratic Republic of Congo 1020900,False,https://eonet.gsfc.nasa.gov/api/v3/events/EONET_9619
EONET_9620,wildfires,Wildfire in Zambia 1020898,False,https://eonet.gsfc.nasa.gov/api/v3/events/EONET_9620
EONET_9621,wildfires,Wildfire in The Democratic Republic of Congo 1020902,False,https://eonet.gsfc.nasa.gov/api/v3/events/EONET_9621
EONET_9622,wildfires,Wildfire in The Democratic Republic of Congo 1020809,False,https://eonet.gsfc.nasa.gov/api/v3/events/EONET_9622
EONET_9623,wildfires,Wildfire in Australia 1020896,False,https://eonet.gsfc.nasa.gov/api/v3/events/EONET_9623
EONET_9624,wildfires,"Wildfire in The Democratic Republic of Congo, Angola 1020897",False,https://eonet.gsfc.nasa.gov/api/v3/events/EONET_9624
EONET_9625,wildfires,Wildfire in Australia 1020903,False,https://eonet.gsfc.nasa.gov/api/v3/events/EONET_9625
EONET_9626,wildfires,Wildfire in Brazil 1020828,False,https://eonet.gsfc.nasa.gov/api/v3/events/EONET_9626
EONET_9708,wildfires,Wildfire in Canada 1020952,False,https://eonet.gsfc.nasa.gov/api/v3/events/EONET_9708
EONET_9945,wildfires,Wildfire in Brazil 1021181,False,https://eonet.gsfc.nasa.gov/api/v3/events/EONET_9945
EONET_9946,wildfires,Wildfire in The Democratic Republic of Congo 1021180,False,https://eonet.gsfc.nasa.gov/api/v3/events/EONET_9946
EONET_9947,wildfires,Wildfire in The Democratic Republic of Congo 1021172,False,https://eonet.gsfc.nasa.gov/api/v3/events/EONET_9947
EONET_9948,wildfires,Wildfire in The Democratic Republic of Congo 1021173,False,https://eonet.gsfc.nasa.gov/api/v3/events/EONET_9948
EONET_9949,wildfires,Wildfire in Brazil 1021174,False,https://eonet.gsfc.nasa.gov/api/v3/events/EONET_9949
EONET_9950,wildfires,Wildfire in Brazil 1021175,False,https://eonet.gsfc.nasa.gov/api/v3/events/EONET_9950
EONET_9951,wildfires,Wildfire in Canada 1021176,False,https://eonet.gsfc.nasa.gov/api/v3/events/EONET_9951
EONET_9952,wildfires,Wildfire in The Democratic Republic of Congo 1021177,False,https://eonet.gsfc.nasa.gov/api/v3/events/EONET_9952
EONET_9953,wildfires,Wildfire in Angola 1021178,False,https://eonet.gsfc.nasa.gov/api/v3/events/EONET_9953
EONET_9954,wildfires,Wildfire in Canada 1021179,False,https://eonet.gsfc.nasa.gov/api/v3/events/EONET_9954
EONET_9955,wildfires,Wildfire in Angola 1021182,False,https://eonet.gsfc.nasa.gov/api/v3/events/EONET_9955
EONET_9956,wildfires,Wildfire in The Democratic Republic of Congo 1021171,False,https://eonet.gsfc.nasa.gov/api/v3/events/EONET_9956
EONET_9210,wildfires,"Poison Creek Wildfire, Grant, Oregon",False,https://eonet.gsfc.nasa.gov/api/v3/events/EONET_9210
EONET_9131,wildfires,"C-41 (22) Wildfire, Highlands, Florida",False,https://eonet.gsfc.nasa.gov/api/v3/events/EONET_9131
EONET_9133,wildfires,"Winding Waters Complex Wildfire, Wallowa, Oregon",False,https://eonet.gsfc.nasa.gov/api/v3/events/EONET_9133
EONET_9214,wildfires,"Brushy Wildfire, Graham, Arizona",False,https://eonet.gsfc.nasa.gov/api/v3/events/EONET_9214
EONET_9126,wildfires,"Diamond Wildfire, Sweet Grass, Montana",False,https://eonet.gsfc.nasa.gov/api/v3/events/EONET_9126
EONET_9143,wildfires,Wildfire in Bolivia 1020416,False,https://eonet.gsfc.nasa.gov/api/v3/events/EONET_9143
EONET_9149,wildfires,Wildfire in Australia 1020465,False,https://eonet.gsfc.nasa.gov/api/v3/events/EONET_9149
EONET_9150,wildfires,Wildfire in Brazil 1020420,False,https://eonet.gsfc.nasa.gov/api/v3/events/EONET_9150
EONET_9151,wildfires,Wildfire in Australia 1020421,False,https://eonet.gsfc.nasa.gov/api/v3/events/EONET_9151
EONET_9246,wildfires,Wildfire in South Africa 1020475,False,https://eonet.gsfc.nasa.gov/api/v3/events/EONET_9246
EONET_9247,wildfires,"Wildfire in The Democratic Republic of Congo, Zambia 1020478",False,https://eonet.gsfc.nasa.gov/api/v3/events/EONET_9247
EONET_9248,wildfires,Wildfire in Brazil 1020597,False,https://eonet.gsfc.nasa.gov/api/v3/events/EONET_9248
EONET_9249,wildfires,Wildfire in Australia 1020598,False,https://eonet.gsfc.nasa.gov/api/v3/events/EONET_9249
EONET_9250,wildfires,Wildfire in Brazil 1020583,False,https://eonet.gsfc.nasa.gov/api/v3/events/EONET_9250
EONET_9251,wildfires,Wildfire in Zambia 1020477,False,https://eonet.gsfc.nasa.gov/api/v3/events/EONET_9251
EONET_9252,wildfires,Wildfire in Brazil 1020481,False,https://eonet.gsfc.nasa.gov/api/v3/events/EONET_9252
EONET_9253,wildfires,Wildfire in Mozambique 1020537,False,https://eonet.gsfc.nasa.gov/api/v3/events/EONET_9253
EONET_9254,wildfires,Wildfire in The Democratic Republic of Congo 1020538,False,https://eonet.gsfc.nasa.gov/api/v3/events/EONET_9254
EONET_9255,wildfires,Wildfire in Botswana 1020539,False,https://eonet.gsfc.nasa.gov/api/v3/events/EONET_9255
EONET_9256,wildfires,Wildfire in Malawi 1020476,False,https://eonet.gsfc.nasa.gov/api/v3/events/EONET_9256
EONET_9257,wildfires,Wildfire in Mozambique 1020479,False,https://eonet.gsfc.nasa.gov/api/v3/events/EONET_9257
EONET_9258,wildfires,Wildfire in Tanzania 1020480,False,https://eonet.gsfc.nasa.gov/api/v3/events/EONET_9258
EONET_9358,wildfires,Wildfire in Mozambique 1020602,False,https://eonet.gsfc.nasa.gov/api/v3/events/EONET_9358
EONET_9393,wildfires,Wildfire in Angola 1020646,False,https://eonet.gsfc.nasa.gov/api/v3/events/EONET_9393
EONET_9394,wildfires,Wildfire in Zambia 1020647,False,https://eonet.gsfc.nasa.gov/api/v3/events/EONET_9394
EONET_9430,wildfires,Wildfire in Brazil 1020689,False,https://eonet.gsfc.nasa.gov/api/v3/events/EONET_9430
EONET_9431,wildfires,Wildfire in Brazil 1020697,False,https://eonet.gsfc.nasa.gov/api/v3/events/EONET_9431
EONET_9432,wildfires,Wildfire in Australia 1020679,False,https://eonet.gsfc.nasa.gov/api/v3/events/EONET_9432
EONET_9433,wildfires,Wildfire in Zambia 1020675,False,https://eonet.gsfc.nasa.gov/api/v3/events/EONET_9433
EONET_9459,wildfires,"Wildfire in The Democratic Republic of Congo, Zambia 1020704",False,https://eonet.gsfc.nasa.gov/api/v3/events/EONET_9459
EONET_9460,wildfires,Wildfire in Brazil 1020728,False,https://eonet.gsfc.nasa.gov/api/v3/events/EONET_9460
EONET_9461,wildfires,Wildfire in Brazil 1020732,False,https://eonet.gsfc.nasa.gov/api/v3/events/EONET_9461
EONET_9627,wildfires,Wildfire in Russian Federation 1020904,False,https://eonet.gsfc.nasa.gov/api/v3/events/EONET_9627
EONET_9628,wildfires,Wildfire in Russian Federation 1020905,False,https://eonet.gsfc.nasa.gov/api/v3/events/EONET_9628
EONET_9629,wildfires,Wildfire in Brazil 1020906,False,https://eonet.gsfc.nasa.gov/api/v3/events/EONET_9629
EONET_9630,wildfires,Wildfire in Australia 1020907,False,https://eonet.gsfc.nasa.gov/api/v3/events/EONET_9630
EONET_9631,wildfires,Wildfire in The Democratic Republic of Congo 1020909,False,https://eonet.gsfc.nasa.gov/api/v3/events/EONET_9631
EONET_9632,wildfires,Wildfire in Angola 1020911,False,https://eonet.gsfc.nasa.gov/api/v3/events/EONET_9632
EONET_9633,wildfires,Wildfire in Angola 1020810,False,https://eonet.gsfc.nasa.gov/api/v3/events/EONET_9633
EONET_9634,wildfires,Wildfire in Zambia 1020908,False,https://eonet.gsfc.nasa.gov/api/v3/events/EONET_9634
EONET_9957,wildfires,Wildfire in The Democratic Republic of Congo 1021183,False,https://eonet.gsfc.nasa.gov/api/v3/events/EONET_9957
EONET_9958,wildfires,Wildfire in The Democratic Republic of Congo 1021184,False,https://eonet.gsfc.nasa.gov/api/v3/events/EONET_9958
EONET_9959,wildfires,Wildfire in Mozambique 1021186,False,https://eonet.gsfc.nasa.gov/api/v3/events/EONET_9959
EONET_9960,wildfires,Wildfire in Brazil 1021185,False,https://eonet.gsfc.nasa.gov/api/v3/events/EONET_9960
EONET_9109,wildfires,"Winding Waters Complex Wildfire, Wallowa, Oregon",False,https://eonet.gsfc.nasa.gov/api/v3/events/EONET_9109
EONET_9216,wildfires,"Bluff Creek Complex Wildfire, Shoshone, Idaho",False,https://eonet.gsfc.nasa.gov/api/v3/events/EONET_9216
EONET_9114,wildfires,"Summit Wildfire, Graham, Arizona",False,https://eonet.gsfc.nasa.gov/api/v3/events/EONET_9114
EONET_9128,wildfires,"Third Canyon Wildfire, Iron, Utah",False,https://eonet.gsfc.nasa.gov/api/v3/events/EONET_9128
EONET_9082,wildfires,"Wildfire in Bolivia, Brazil, Paraguay 1020395",False,https://eonet.gsfc.nasa.gov/api/v3/events/EONET_9082
EONET_9088,wildfires,Wildfire in Brazil 1020404,False,https://eonet.gsfc.nasa.gov/api/v3/events/EONET_9088
EONET_9139,wildfires,Wildfire in Brazil 1020414,False,https://eonet.gsfc.nasa.gov/api/v3/events/EONET_9139
EONET_9152,wildfires,Wildfire in Brazil 1020423,False,https://eonet.gsfc.nasa.gov/api/v3/events/EONET_9152
EONET_9153,wildfires,Wildfire in Angola 1020424,False,https://eonet.gsfc.nasa.gov/api/v3/events/EONET_9153
EONET_9154,wildfires,Wildfire in Bolivia 1020428,False,https://eonet.gsfc.nasa.gov/api/v3/events/EONET_9154
EONET_9155,wildfires,Wildfire in Brazil 1020467,False,https://eonet.gsfc.nasa.gov/api/v3/events/EONET_9155
EONET_9156,wildfires,Wildfire in Angola 1020422,False,https://eonet.gsfc.nasa.gov/api/v3/events/EONET_9156
EONET_9157,wildfires,Wildfire in Mozambique 1020426,False,https://eonet.gsfc.nasa.gov/api/v3/events/EONET_9157
EONET_9158,wildfires,Wildfire in South Africa 1020427,False,https://eonet.gsfc.nasa.gov/api/v3/events/EONET_9158
EONET_9159,wildfires,Wildfire in Angola 1020425,False,https://eonet.gsfc.nasa.gov/api/v3/events/EONET_9159
EONET_9259,wildfires,Wildfire in United States 1020486,False,https://eonet.gsfc.nasa.gov/api/v3/events/EONET_9259
EONET_9260,wildfires,Wildfire in Angola 1020541,False,https://eonet.gsfc.nasa.gov/api/v3/events/EONET_9260
EONET_9261,wildfires,Wildfire in The Democratic Republic of Congo 1020482,False,https://eonet.gsfc.nasa.gov/api/v3/events/EONET_9261
EONET_9262,wildfires,Wildfire in Botswana 1020484,False,https://eonet.gsfc.nasa.gov/api/v3/events/EONET_9262
EONET_9263,wildfires,Wildfire in Tanzania 1020485,False,https://eonet.gsfc.nasa.gov/api/v3/events/EONET_9263
EONET_9264,wildfires,Wildfire in Zambia 1020487,False,https://eonet.gsfc.nasa.gov/api/v3/events/EONET_9264
EONET_9265,wildfires,Wildfire in Zambia 1020488,False,https://eonet.gsfc.nasa.gov/api/v3/events/EONET_9265
EONET_9266,wildfires,Wildfire in The Democratic Republic of Congo 1020540,False,https://eonet.gsfc.nasa.gov/api/v3/events/EONET_9266
EONET_9267,wildfires,Wildfire in Mozambique 1020542,False,https://eonet.gsfc.nasa.gov/api/v3/events/EONET_9267
EONET_9268,wildfires,Wildfire in Bolivia 1020483,False,https://eonet.gsfc.nasa.gov/api/v3/events/EONET_9268
EONET_9269,wildfires,Wildfire in Brazil 1020489,False,https://eonet.gsfc.nasa.gov/api/v3/events/EONET_9269
EONET_9270,wildfires,Wildfire in Australia 1020584,False,https://eonet.gsfc.nasa.gov/api/v3/events/EONET_9270
EONET_9271,wildfires,Wildfire in Brazil 1020599,False,https://eonet.gsfc.nasa.gov/api/v3/events/EONET_9271
EONET_9359,wildfires,Wildfire in The Democratic Republic of Congo 1020610,False,https://eonet.gsfc.nasa.gov/api/v3/events/EONET_9359
EONET_9360,wildfires,Wildfire in Brazil 1020623,False,https://eonet.gsfc.nasa.gov/api/v3/events/EONET_9360
EONET_9361,wildfires,Wildfire in Brazil 1020624,False,https://eonet.gsfc.nasa.gov/api/v3/events/EONET_9361
EONET_9362,wildfires,Wildfire in Australia 1020633,False,https://eonet.gsfc.nasa.gov/api/v3/events/EONET_9362
EONET_9363,wildfires,Wildfire in Brazil 1020634,False,https://eonet.gsfc.nasa.gov/api/v3/events/EONET_9363
EONET_9395,wildfires,Wildfire in Brazil 1020668,False,https://eonet.gsfc.nasa.gov/api/v3/events/EONET_9395
EONET_9396,wildfires,Wildfire in The Democratic Republic of Congo 1020648,False,https://eonet.gsfc.nasa.gov/api/v3/events/EONET_9396
EONET_9397,wildfires,Wildfire in The Democratic Republic of Congo 1020649,False,https://eonet.gsfc.nasa.gov/api/v3/events/EONET_9397
EONET_9398,wildfires,Wildfire in Brazil 1020650,False,https://eonet.gsfc.nasa.gov/api/v3/events/EONET_9398
EONET_9399,wildfires,Wildfire in Brazil 1020667,False,https://eonet.gsfc.nasa.gov/api/v3/events/EONET_9399
EONET_9434,wildfires,Wildfire in Brazil 1020690,False,https://eonet.gsfc.nasa.gov/api/v3/events/EONET_9434
EONET_9435,wildfires,Wildfire in The Democratic Republic of Congo 1020680,False,https://eonet.gsfc.nasa.gov/api/v3/events/EONET_9435
EONET_9462,wildfires,Wildfire in The Democratic Republic of Congo 1020705,False,https://eonet.gsfc.nasa.gov/api/v3/events/EONET_9462
EONET_9463,wildfires,Wildfire in The Democratic Republic of Congo 1020706,False,https://eonet.gsfc.nasa.gov/api/v3/events/EONET_9463
EONET_9464,wildfires,Wildfire in The Democratic Republic of Congo 1020707,False,https://eonet.gsfc.nasa.gov/api/v3/events/EONET_9464
EONET_9465,wildfires,Wildfire in The Democratic Republic of Congo 1020708,False,https://eonet.gsfc.nasa.gov/api/v3/events/EONET_9465
EONET_9466,wildfires,Wildfire in The Democratic Republic of Congo 1020709,False,https://eonet.gsfc.nasa.gov/api/v3/events/EONET_9466
EONET_9467,wildfires,Wildfire in Brazil 1020729,False,https://eonet.gsfc.nasa.gov/api/v3/events/EONET_9467
EONET_9519,wildfires,Wildfire in The Democratic Republic of Congo 1020747,False,https://eonet.gsfc.nasa.gov/api/v3/events/EONET_9519
EONET_9520,wildfires,Wildfire in The Democratic Republic of Congo 1020748,False,https://eonet.gsfc.nasa.gov/api/v3/events/EONET_9520
EONET_9521,wildfires,Wildfire in Bolivia 1020767,False,https://eonet.gsfc.nasa.gov/api/v3/events/EONET_9521
EONET_9635,wildfires,Wildfire in Zambia 1020914,False,https://eonet.gsfc.nasa.gov/api/v3/events/EONET_9635
EONET_9636,wildfires,"Wildfire in The Democratic Republic of Congo, Zambia 1020918",False,https://eonet.gsfc.nasa.gov/api/v3/events/EONET_9636
EONET_9637,wildfires,Wildfire in Angola 1020917,False,https://eonet.gsfc.nasa.gov/api/v3/events/EONET_9637
EONET_9638,wildfires,Wildfire in The Democratic Republic of Congo 1020811,False,https://eonet.gsfc.nasa.gov/api/v3/events/EONET_9638
EONET_9639,wildfires,Wildfire in The Democratic Republic of Congo 1020812,False,https://eonet.gsfc.nasa.gov/api/v3/events/EONET_9639
EONET_9640,wildfires,Wildfire in The Democratic Republic of Congo 1020813,False,https://eonet.gsfc.nasa.gov/api/v3/events/EONET_9640
EONET_9641,wildfires,Wildfire in The Democratic Republic of Congo 1020814,False,https://eonet.gsfc.nasa.gov/api/v3/events/EONET_9641
EONET_9642,wildfires,Wildfire in The Democratic Republic of Congo 1020913,False,https://eonet.gsfc.nasa.gov/api/v3/events/EONET_9642
EONET_9643,wildfires,Wildfire in The Democratic Republic of Congo 1020920,False,https://eonet.gsfc.nasa.gov/api/v3/events/EONET_9643
EONET_9644,wildfires,Wildfire in The Democratic Republic of Congo 1020921,False,https://eonet.gsfc.nasa.gov/api/v3/events/EONET_9644
EONET_9645,wildfires,Wildfire in The Democratic Republic of Congo 1020922,False,https://eonet.gsfc.nasa.gov/api/v3/events/EONET_9645
EONET_9646,wildfires,Wildfire in Brazil 1020923,False,https://eonet.gsfc.nasa.gov/api/v3/events/EONET_9646
EONET_9647,wildfires,Wildfire in Brazil 1020912,False,https://eonet.gsfc.nasa.gov/api/v3/events/EONET_9647
EONET_9648,wildfires,Wildfire in The Democratic Republic of Congo 1020919,False,https://eonet.gsfc.nasa.gov/api/v3/events/EONET_9648
EONET_9105,wildfires,"CREEK Wildfire, Alameda, California",False,https://eonet.gsfc.nasa.gov/api/v3/events/EONET_9105
EONET_9132,wildfires,"Sand Stone Wildfire, Maricopa, Arizona",False,https://eonet.gsfc.nasa.gov/api/v3/events/EONET_9132
EONET_9201,wildfires,"Grouse Wildfire, Beaverhead, Montana",False,https://eonet.gsfc.nasa.gov/api/v3/events/EONET_9201
EONET_9116,wildfires,"WYE Wildfire, Idaho, Idaho",False,https://eonet.gsfc.nasa.gov/api/v3/events/EONET_9116
EONET_9123,wildfires,"Rock Creek Wildfire, Idaho, Idaho",False,https://eonet.gsfc.nasa.gov/api/v3/events/EONET_9123
EONET_9102,wildfires,"Cliff Mountain Wildfire, Adams, Idaho",False,https://eonet.gsfc.nasa.gov/api/v3/events/EONET_9102
EONET_9144,wildfires,Wildfire in Brazil 1020417,False,https://eonet.gsfc.nasa.gov/api/v3/events/EONET_9144
EONET_9160,wildfires,Wildfire in Zambia 1020429,False,https://eonet.gsfc.nasa.gov/api/v3/events/EONET_9160
EONET_9161,wildfires,Wildfire in Angola 1020432,False,https://eonet.gsfc.nasa.gov/api/v3/events/EONET_9161
EONET_9162,wildfires,"Wildfire in Bolivia, Brazil 1020466",False,https://eonet.gsfc.nasa.gov/api/v3/events/EONET_9162
EONET_9163,wildfires,Wildfire in United States 1020430,False,https://eonet.gsfc.nasa.gov/api/v3/events/EONET_9163
EONET_9164,wildfires,Wildfire in Australia 1020431,False,https://eonet.gsfc.nasa.gov/api/v3/events/EONET_9164
EONET_9272,wildfires,Wildfire in Brazil 1020494,False,https://eonet.gsfc.nasa.gov/api/v3/events/EONET_9272
EONET_9273,wildfires,Wildfire in Australia 1020544,False,https://eonet.gsfc.nasa.gov/api/v3/events/EONET_9273
EONET_9274,wildfires,Wildfire in Mozambique 1020545,False,https://eonet.gsfc.nasa.gov/api/v3/events/EONET_9274
EONET_9275,wildfires,Wildfire in Mozambique 1020492,False,https://eonet.gsfc.nasa.gov/api/v3/events/EONET_9275
EONET_9276,wildfires,Wildfire in Mozambique 1020493,False,https://eonet.gsfc.nasa.gov/api/v3/events/EONET_9276
EONET_9277,wildfires,Wildfire in South Africa 1020490,False,https://eonet.gsfc.nasa.gov/api/v3/events/EONET_9277
EONET_9278,wildfires,Wildfire in Angola 1020547,False,https://eonet.gsfc.nasa.gov/api/v3/events/EONET_9278
EONET_9279,wildfires,Wildfire in Australia 1020546,False,https://eonet.gsfc.nasa.gov/api/v3/events/EONET_9279
EONET_9280,wildfires,Wildfire in Zambia 1020491,False,https://eonet.gsfc.nasa.gov/api/v3/events/EONET_9280
EONET_9364,wildfires,Wildfire in Brazil 1020635,False,https://eonet.gsfc.nasa.gov/api/v3/events/EONET_9364
EONET_9365,wildfires,Wildfire in Bolivia 1020625,False,https://eonet.gsfc.nasa.gov/api/v3/events/EONET_9365
EONET_9366,wildfires,Wildfire in The Democratic Republic of Congo 1020611,False,https://eonet.gsfc.nasa.gov/api/v3/events/EONET_9366
EONET_9367,wildfires,Wildfire in The Democratic Republic of Congo 1020612,False,https://eonet.gsfc.nasa.gov/api/v3/events/EONET_9367
EONET_9400,wildfires,Wildfire in The Democratic Republic of Congo 1020651,False,https://eonet.gsfc.nasa.gov/api/v3/events/EONET_9400
EONET_9401,wildfires,Wildfire in The Democratic Republic of Congo 1020652,False,https://eonet.gsfc.nasa.gov/api/v3/events/EONET_9401
EONET_9402,wildfires,Wildfire in The Democratic Republic of Congo 1020653,False,https://eonet.gsfc.nasa.gov/api/v3/events/EONET_9402
EONET_9403,wildfires,Wildfire in The Democratic Republic of Congo 1020654,False,https://eonet.gsfc.nasa.gov/api/v3/events/EONET_9403
EONET_9404,wildfires,Wildfire in The Democratic Republic of Congo 1020655,False,https://eonet.gsfc.nasa.gov/api/v3/events/EONET_9404
EONET_9468,wildfires,Wildfire in Bolivia 1020735,False,https://eonet.gsfc.nasa.gov/api/v3/events/EONET_9468
EONET_9469,wildfires,Wildfire in The Democratic Republic of Congo 1020710,False,https://eonet.gsfc.nasa.gov/api/v3/events/EONET_9469
EONET_9470,wildfires,Wildfire in The Democratic Republic of Congo 1020711,False,https://eonet.gsfc.nasa.gov/api/v3/events/EONET_9470
EONET_9471,wildfires,Wildfire in Mozambique 1020712,False,https://eonet.gsfc.nasa.gov/api/v3/events/EONET_9471
EONET_9472,wildfires,Wildfire in The Democratic Republic of Congo 1020713,False,https://eonet.gsfc.nasa.gov/api/v3/events/EONET_9472
EONET_9522,wildfires,Wildfire in The Democratic Republic of Congo 1020749,False,https://eonet.gsfc.nasa.gov/api/v3/events/EONET_9522
EONET_9649,wildfires,Wildfire in Mozambique 1020925,False,https://eonet.gsfc.nasa.gov/api/v3/events/EONET_9649
EONET_9650,wildfires,Wildfire in The Democratic Republic of Congo 1020926,False,https://eonet.gsfc.nasa.gov/api/v3/events/EONET_9650
EONET_9651,wildfires,Wildfire in Zambia 1020930,False,https://eonet.gsfc.nasa.gov/api/v3/events/EONET_9651
EONET_9652,wildfires,Wildfire in The Democratic Republic of Congo 1020931,False,https://eonet.gsfc.nasa.gov/api/v3/events/EONET_9652
EONET_9653,wildfires,Wildfire in The Democratic Republic of Congo 1020932,False,https://eonet.gsfc.nasa.gov/api/v3/events/EONET_9653
EONET_9654,wildfires,Wildfire in Mozambique 1020935,False,https://eonet.gsfc.nasa.gov/api/v3/events/EONET_9654
EONET_9655,wildfires,Wildfire in The Democratic Republic of Congo 1020815,False,https://eonet.gsfc.nasa.gov/api/v3/events/EONET_9655
EONET_9656,wildfires,Wildfire in Angola 1020928,False,https://eonet.gsfc.nasa.gov/api/v3/events/EONET_9656
EONET_9657,wildfires,Wildfire in The Democratic Republic of Congo 1020933,False,https://eonet.gsfc.nasa.gov/api/v3/events/EONET_9657
EONET_9658,wildfires,Wildfire in Zambia 1020934,False,https://eonet.gsfc.nasa.gov/api/v3/events/EONET_9658
EONET_9137,wildfires,"River NPT Wildfire, Nez Perce, Idaho",False,https://eonet.gsfc.nasa.gov/api/v3/events/EONET_9137
EONET_9136,wildfires,"Gilbert Ranch Wildfire, Blaine, Montana",False,https://eonet.gsfc.nasa.gov/api/v3/events/EONET_9136
EONET_9018,wildfires,"2533- Team 8 Wildfire, Harney, Oregon",False,https://eonet.gsfc.nasa.gov/api/v3/events/EONET_9018
EONET_9129,wildfires,"Sand- Team 8 Wildfire, Grant, Oregon",False,https://eonet.gsfc.nasa.gov/api/v3/events/EONET_9129
EONET_9037,wildfires,"Ritter Wildfire, Harney, Oregon",False,https://eonet.gsfc.nasa.gov/api/v3/events/EONET_9037
EONET_9104,wildfires,"Limepoint Wildfire, Adams, Idaho",False,https://eonet.gsfc.nasa.gov/api/v3/events/EONET_9104
EONET_9127,wildfires,"Thunder Wildfire, Lemhi, Idaho",False,https://eonet.gsfc.nasa.gov/api/v3/events/EONET_9127
EONET_9033,wildfires,"HOLE IN THE GROUND Wildfire, Malheur, Oregon",False,https://eonet.gsfc.nasa.gov/api/v3/events/EONET_9033
EONET_9213,wildfires,"BOULDER Wildfire, Valley, Idaho",False,https://eonet.gsfc.nasa.gov/api/v3/events/EONET_9213
EONET_9106,wildfires,"Wolf Creek Wildfire, Adams, Idaho",False,https://eonet.gsfc.nasa.gov/api/v3/events/EONET_9106
EONET_9120,wildfires,"Gwen Wildfire, Nez Perce, Idaho",False,https://eonet.gsfc.nasa.gov/api/v3/events/EONET_9120
EONET_9125,wildfires,"Adessa Wildfire, Pinal, Arizona",False,https://eonet.gsfc.nasa.gov/api/v3/events/EONET_9125
EONET_9062,wildfires,Wildfire in United States 1020374,False,https://eonet.gsfc.nasa.gov/api/v3/events/EONET_9062
EONET_9083,wildfires,Wildfire in United States 1020394,False,https://eonet.gsfc.nasa.gov/api/v3/events/EONET_9083
EONET_9145,wildfires,Wildfire in Bolivia 1020418,False,https://eonet.gsfc.nasa.gov/api/v3/events/EONET_9145
EONET_9165,wildfires,Wildfire in Tanzania 1020433,False,https://eonet.gsfc.nasa.gov/api/v3/events/EONET_9165
EONET_9166,wildfires,Wildfire in Tanzania 1020434,False,https://eonet.gsfc.nasa.gov/api/v3/events/EONET_9166
EONET_9167,wildfires,Wildfire in The Democratic Republic of Congo 1020437,False,https://eonet.gsfc.nasa.gov/api/v3/events/EONET_9167
EONET_9168,wildfires,Wildfire in Russian Federation 1020435,False,https://eonet.gsfc.nasa.gov/api/v3/events/EONET_9168
EONET_9169,wildfires,Wildfire in Mozambique 1020436,False,https://eonet.gsfc.nasa.gov/api/v3/events/EONET_9169
EONET_9281,wildfires,Wildfire in Zambia 1020495,False,https://eonet.gsfc.nasa.gov/api/v3/events/EONET_9281
EONET_9282,wildfires,Wildfire in Australia 1020551,False,https://eonet.gsfc.nasa.gov/api/v3/events/EONET_9282
EONET_9283,wildfires,Wildfire in Zambia 1020553,False,https://eonet.gsfc.nasa.gov/api/v3/events/EONET_9283
EONET_9284,wildfires,Wildfire in Zimbabwe 1020496,False,https://eonet.gsfc.nasa.gov/api/v3/events/EONET_9284
EONET_9285,wildfires,Wildfire in Bolivia 1020548,False,https://eonet.gsfc.nasa.gov/api/v3/events/EONET_9285
EONET_9286,wildfires,Wildfire in Mozambique 1020498,False,https://eonet.gsfc.nasa.gov/api/v3/events/EONET_9286
EONET_9287,wildfires,Wildfire in Zambia 1020550,False,https://eonet.gsfc.nasa.gov/api/v3/events/EONET_9287
EONET_9288,wildfires,Wildfire in Angola 1020552,False,https://eonet.gsfc.nasa.gov/api/v3/events/EONET_9288
EONET_9289,wildfires,Wildfire in Canada 1020497,False,https://eonet.gsfc.nasa.gov/api/v3/events/EONET_9289
EONET_9290,wildfires,Wildfire in Bolivia 1020600,False,https://eonet.gsfc.nasa.gov/api/v3/events/EONET_9290
EONET_9368,wildfires,Wildfire in Zambia 1020613,False,https://eonet.gsfc.nasa.gov/api/v3/events/EONET_9368
EONET_9405,wildfires,Wildfire in The Democratic Republic of Congo 1020656,False,https://eonet.gsfc.nasa.gov/api/v3/events/EONET_9405
EONET_9436,wildfires,Wildfire in Bolivia 1020691,False,https://eonet.gsfc.nasa.gov/api/v3/events/EONET_9436
EONET_9473,wildfires,Wildfire in The Democratic Republic of Congo 1020714,False,https://eonet.gsfc.nasa.gov/api/v3/events/EONET_9473
EONET_9474,wildfires,Wildfire in The Democratic Republic of Congo 1020715,False,https://eonet.gsfc.nasa.gov/api/v3/events/EONET_9474
EONET_9475,wildfires,Wildfire in The Democratic Republic of Congo 1020716,False,https://eonet.gsfc.nasa.gov/api/v3/events/EONET_9475
EONET_9476,wildfires,Wildfire in Brazil 1020730,False,https://eonet.gsfc.nasa.gov/api/v3/events/EONET_9476
EONET_9523,wildfires,Wildfire in The Democratic Republic of Congo 1020750,False,https://eonet.gsfc.nasa.gov/api/v3/events/EONET_9523
EONET_9524,wildfires,Wildfire in The Democratic Republic of Congo 1020751,False,https://eonet.gsfc.nasa.gov/api/v3/events/EONET_9524
EONET_9659,wildfires,Wildfire in The Democratic Republic of Congo 1020841,False,https://eonet.gsfc.nasa.gov/api/v3/events/EONET_9659
EONET_9660,wildfires,Wildfire in The Democratic Republic of Congo 1020816,False,https://eonet.gsfc.nasa.gov/api/v3/events/EONET_9660
EONET_9661,wildfires,Wildfire in The Democratic Republic of Congo 1020817,False,https://eonet.gsfc.nasa.gov/api/v3/events/EONET_9661
EONET_9662,wildfires,Wildfire in The Democratic Republic of Congo 1020836,False,https://eonet.gsfc.nasa.gov/api/v3/events/EONET_9662
EONET_9663,wildfires,Wildfire in The Democratic Republic of Congo 1020838,False,https://eonet.gsfc.nasa.gov/api/v3/events/EONET_9663
EONET_9664,wildfires,Wildfire in The Democratic Republic of Congo 1020839,False,https://eonet.gsfc.nasa.gov/api/v3/events/EONET_9664
EONET_9665,wildfires,Wildfire in Zambia 1020840,False,https://eonet.gsfc.nasa.gov/api/v3/events/EONET_9665
EONET_9666,wildfires,Wildfire in Brazil 1020842,False,https://eonet.gsfc.nasa.gov/api/v3/events/EONET_9666
EONET_9667,wildfires,Wildfire in Zambia 1020843,False,https://eonet.gsfc.nasa.gov/api/v3/events/EONET_9667
EONET_9121,wildfires,"Badger Wildfire, Sheridan, Wyoming",False,https://eonet.gsfc.nasa.gov/api/v3/events/EONET_9121
EONET_9035,wildfires,"PARK Wildfire, Butte, California",False,https://eonet.gsfc.nasa.gov/api/v3/events/EONET_9035
EONET_9107,wildfires,"BOREL Wildfire, Kern, California",False,https://eonet.gsfc.nasa.gov/api/v3/events/EONET_9107
EONET_9019,wildfires,"GROVE 2 Wildfire, San Diego, California",False,https://eonet.gsfc.nasa.gov/api/v3/events/EONET_9019
EONET_9020,wildfires,"Stockade Canyon Wildfire, Washoe, Nevada",False,https://eonet.gsfc.nasa.gov/api/v3/events/EONET_9020
EONET_9049,wildfires,"Quartz Wildfire, Lane, Oregon",False,https://eonet.gsfc.nasa.gov/api/v3/events/EONET_9049
EONET_9032,wildfires,"RITTER Wildfire, Harney, Oregon",False,https://eonet.gsfc.nasa.gov/api/v3/events/EONET_9032
EONET_9034,wildfires,"Apache Wildfire, Ventura, California",False,https://eonet.gsfc.nasa.gov/api/v3/events/EONET_9034
EONET_9048,wildfires,"0523 CAMP CREEK Wildfire, Crook, Oregon",False,https://eonet.gsfc.nasa.gov/api/v3/events/EONET_9048
EONET_9023,wildfires,"RETREAT Wildfire, Yakima, Washington",False,https://eonet.gsfc.nasa.gov/api/v3/events/EONET_9023
EONET_9071,wildfires,Wildfire in United States 1020383,False,https://eonet.gsfc.nasa.gov/api/v3/events/EONET_9071
EONET_9084,wildfires,Wildfire in Russian Federation 1020399,False,https://eonet.gsfc.nasa.gov/api/v3/events/EONET_9084
EONET_9170,wildfires,Wildfire in Namibia 1020438,False,https://eonet.gsfc.nasa.gov/api/v3/events/EONET_9170
EONET_9171,wildfires,Wildfire in Tanzania 1020439,False,https://eonet.gsfc.nasa.gov/api/v3/events/EONET_9171
EONET_9172,wildfires,Wildfire in Zambia 1020441,False,https://eonet.gsfc.nasa.gov/api/v3/events/EONET_9172
EONET_9173,wildfires,Wildfire in Zambia 1020442,False,https://eonet.gsfc.nasa.gov/api/v3/events/EONET_9173
EONET_9174,wildfires,Wildfire in Zambia 1020443,False,https://eonet.gsfc.nasa.gov/api/v3/events/EONET_9174
EONET_9175,wildfires,Wildfire in Brazil 1020440,False,https://eonet.gsfc.nasa.gov/api/v3/events/EONET_9175
EONET_9291,wildfires,Wildfire in Russian Federation 1020503,False,https://eonet.gsfc.nasa.gov/api/v3/events/EONET_9291
EONET_9292,wildfires,Wildfire in Angola 1020505,False,https://eonet.gsfc.nasa.gov/api/v3/events/EONET_9292
EONET_9293,wildfires,Wildfire in Russian Federation 1020501,False,https://eonet.gsfc.nasa.gov/api/v3/events/EONET_9293
EONET_9294,wildfires,Wildfire in The Democratic Republic of Congo 1020554,False,https://eonet.gsfc.nasa.gov/api/v3/events/EONET_9294
EONET_9295,wildfires,Wildfire in The Democratic Republic of Congo 1020558,False,https://eonet.gsfc.nasa.gov/api/v3/events/EONET_9295
EONET_9296,wildfires,Wildfire in Bolivia 1020589,False,https://eonet.gsfc.nasa.gov/api/v3/events/EONET_9296
EONET_9297,wildfires,Wildfire in Russian Federation 1020502,False,https://eonet.gsfc.nasa.gov/api/v3/events/EONET_9297
EONET_9298,wildfires,Wildfire in The Democratic Republic of Congo 1020556,False,https://eonet.gsfc.nasa.gov/api/v3/events/EONET_9298
EONET_9299,wildfires,Wildfire in The Democratic Republic of Congo 1020557,False,https://eonet.gsfc.nasa.gov/api/v3/events/EONET_9299
EONET_9300,wildfires,Wildfire in The Democratic Republic of Congo 1020559,False,https://eonet.gsfc.nasa.gov/api/v3/events/EONET_9300
EONET_9301,wildfires,Wildfire in Zambia 1020500,False,https://eonet.gsfc.nasa.gov/api/v3/events/EONET_9301
EONET_9302,wildfires,"Wildfire in Zimbabwe, Zambia 1020504",False,https://eonet.gsfc.nasa.gov/api/v3/events/EONET_9302
EONET_9303,wildfires,Wildfire in Zambia 1020506,False,https://eonet.gsfc.nasa.gov/api/v3/events/EONET_9303
EONET_9304,wildfires,Wildfire in Zambia 1020507,False,https://eonet.gsfc.nasa.gov/api/v3/events/EONET_9304
EONET_9305,wildfires,Wildfire in Angola 1020508,False,https://eonet.gsfc.nasa.gov/api/v3/events/EONET_9305
EONET_9369,wildfires,Wildfire in The Democratic Republic of Congo 1020614,False,https://eonet.gsfc.nasa.gov/api/v3/events/EONET_9369
EONET_9370,wildfires,Wildfire in Bolivia 1020628,False,https://eonet.gsfc.nasa.gov/api/v3/events/EONET_9370
EONET_9371,wildfires,Wildfire in Bolivia 1020636,False,https://eonet.gsfc.nasa.gov/api/v3/events/EONET_9371
EONET_9406,wildfires,Wildfire in Bolivia 1020672,False,https://eonet.gsfc.nasa.gov/api/v3/events/EONET_9406
EONET_9477,wildfires,Wildfire in The Democratic Republic of Congo 1020717,False,https://eonet.gsfc.nasa.gov/api/v3/events/EONET_9477
EONET_9525,wildfires,Wildfire in The Democratic Republic of Congo 1020753,False,https://eonet.gsfc.nasa.gov/api/v3/events/EONET_9525
EONET_9526,wildfires,Wildfire in Congo 1020752,False,https://eonet.gsfc.nasa.gov/api/v3/events/EONET_9526
EONET_9527,wildfires,Wildfire in The Democratic Republic of Congo 1020754,False,https://eonet.gsfc.nasa.gov/api/v3/events/EONET_9527
EONET_9668,wildfires,Wildfire in Zambia 1020936,False,https://eonet.gsfc.nasa.gov/api/v3/events/EONET_9668
EONET_9669,wildfires,Wildfire in The Democratic Republic of Congo 1020818,False,https://eonet.gsfc.nasa.gov/api/v3/events/EONET_9669
EONET_9670,wildfires,Wildfire in Angola 1020939,False,https://eonet.gsfc.nasa.gov/api/v3/events/EONET_9670
EONET_9671,wildfires,Wildfire in The Democratic Republic of Congo 1020941,False,https://eonet.gsfc.nasa.gov/api/v3/events/EONET_9671
EONET_9672,wildfires,Wildfire in The Democratic Republic of Congo 1020942,False,https://eonet.gsfc.nasa.gov/api/v3/events/EONET_9672
EONET_9673,wildfires,Wildfire in The Democratic Republic of Congo 1020938,False,https://eonet.gsfc.nasa.gov/api/v3/events/EONET_9673
EONET_9674,wildfires,Wildfire in The Democratic Republic of Congo 1020940,False,https://eonet.gsfc.nasa.gov/api/v3/events/EONET_9674
EONET_9046,wildfires,"BADLAND COMPLEX Wildfire, Baker, Oregon",False,https://eonet.gsfc.nasa.gov/api/v3/events/EONET_9046
EONET_9043,wildfires,"POWDER Wildfire, Baker, Oregon",False,https://eonet.gsfc.nasa.gov/api/v3/events/EONET_9043
EONET_9044,wildfires,"COYOTE Wildfire, Baker, Oregon",False,https://eonet.gsfc.nasa.gov/api/v3/events/EONET_9044
EONET_9058,wildfires,"OCF CPT 43 004 Salt Springs Rx 0723 Wildfire, Marion, Florida",False,https://eonet.gsfc.nasa.gov/api/v3/events/EONET_9058
EONET_9052,wildfires,"BLACK CANYON Wildfire, Yakima, Washington",False,https://eonet.gsfc.nasa.gov/api/v3/events/EONET_9052
EONET_9054,wildfires,"GOLD COMPLEX Wildfire, Plumas, California",False,https://eonet.gsfc.nasa.gov/api/v3/events/EONET_9054
EONET_9045,wildfires,"THOMPSON Wildfire, Baker, Oregon",False,https://eonet.gsfc.nasa.gov/api/v3/events/EONET_9045
EONET_9017,wildfires,"MICROWAVE TOWER Wildfire, Hood River, Oregon",False,https://eonet.gsfc.nasa.gov/api/v3/events/EONET_9017
EONET_8942,wildfires,Wildfire in Australia 1020331,False,https://eonet.gsfc.nasa.gov/api/v3/events/EONET_8942
EONET_8975,wildfires,Wildfire in Canada 1020354,False,https://eonet.gsfc.nasa.gov/api/v3/events/EONET_8975
EONET_8976,wildfires,Wildfire in United States 1020336,False,https://eonet.gsfc.nasa.gov/api/v3/events/EONET_8976
EONET_9063,wildfires,Wildfire in Brazil 1020375,False,https://eonet.gsfc.nasa.gov/api/v3/events/EONET_9063
EONET_9064,wildfires,Wildfire in Brazil 1020379,False,https://eonet.gsfc.nasa.gov/api/v3/events/EONET_9064
EONET_9072,wildfires,Wildfire in United States 1020384,False,https://eonet.gsfc.nasa.gov/api/v3/events/EONET_9072
EONET_9073,wildfires,Wildfire in Russian Federation 1020388,False,https://eonet.gsfc.nasa.gov/api/v3/events/EONET_9073
EONET_9085,wildfires,Wildfire in United States 1020398,False,https://eonet.gsfc.nasa.gov/api/v3/events/EONET_9085
EONET_9089,wildfires,Wildfire in Brazil 1020405,False,https://eonet.gsfc.nasa.gov/api/v3/events/EONET_9089
EONET_9176,wildfires,Wildfire in Brazil 1020448,False,https://eonet.gsfc.nasa.gov/api/v3/events/EONET_9176
EONET_9177,wildfires,Wildfire in Russian Federation 1020444,False,https://eonet.gsfc.nasa.gov/api/v3/events/EONET_9177
EONET_9178,wildfires,Wildfire in Zambia 1020445,False,https://eonet.gsfc.nasa.gov/api/v3/events/EONET_9178
EONET_9179,wildfires,Wildfire in Mozambique 1020447,False,https://eonet.gsfc.nasa.gov/api/v3/events/EONET_9179
EONET_9180,wildfires,Wildfire in Zambia 1020449,False,https://eonet.gsfc.nasa.gov/api/v3/events/EONET_9180
EONET_9181,wildfires,Wildfire in United States 1020446,False,https://eonet.gsfc.nasa.gov/api/v3/events/EONET_9181
EONET_9306,wildfires,Wildfire in The Democratic Republic of Congo 1020512,False,https://eonet.gsfc.nasa.gov/api/v3/events/EONET_9306
EONET_9307,wildfires,Wildfire in The Democratic Republic of Congo 1020510,False,https://eonet.gsfc.nasa.gov/api/v3/events/EONET_9307
EONET_9308,wildfires,Wildfire in Canada 1020511,False,https://eonet.gsfc.nasa.gov/api/v3/events/EONET_9308
EONET_9309,wildfires,Wildfire in Bolivia 1020587,False,https://eonet.gsfc.nasa.gov/api/v3/events/EONET_9309
EONET_9310,wildfires,Wildfire in The Democratic Republic of Congo 1020561,False,https://eonet.gsfc.nasa.gov/api/v3/events/EONET_9310
EONET_9311,wildfires,Wildfire in Brazil 1020585,False,https://eonet.gsfc.nasa.gov/api/v3/events/EONET_9311
EONET_9372,wildfires,Wildfire in The Democratic Republic of Congo 1020615,False,https://eonet.gsfc.nasa.gov/api/v3/events/EONET_9372
EONET_9373,wildfires,Wildfire in The Democratic Republic of Congo 1020616,False,https://eonet.gsfc.nasa.gov/api/v3/events/EONET_9373
EONET_9374,wildfires,Wildfire in Russian Federation 1020637,False,https://eonet.gsfc.nasa.gov/api/v3/events/EONET_9374
EONET_9375,wildfires,Wildfire in Bolivia 1020626,False,https://eonet.gsfc.nasa.gov/api/v3/events/EONET_9375
EONET_9407,wildfires,Wildfire in Angola 1020657,False,https://eonet.gsfc.nasa.gov/api/v3/events/EONET_9407
EONET_9408,wildfires,Wildfire in The Democratic Republic of Congo 1020658,False,https://eonet.gsfc.nasa.gov/api/v3/events/EONET_9408
EONET_9437,wildfires,Wildfire in The Democratic Republic of Congo 1020681,False,https://eonet.gsfc.nasa.gov/api/v3/events/EONET_9437
EONET_9438,wildfires,Wildfire in Bolivia 1020692,False,https://eonet.gsfc.nasa.gov/api/v3/events/EONET_9438
EONET_9439,wildfires,Wildfire in The Democratic Republic of Congo 1020682,False,https://eonet.gsfc.nasa.gov/api/v3/events/EONET_9439
EONET_9478,wildfires,Wildfire in The Democratic Republic of Congo 1020731,False,https://eonet.gsfc.nasa.gov/api/v3/events/EONET_9478
EONET_9479,wildfires,Wildfire in The Democratic Republic of Congo 1020736,False,https://eonet.gsfc.nasa.gov/api/v3/events/EONET_9479
EONET_9528,wildfires,Wildfire in Bolivia 1020768,False,https://eonet.gsfc.nasa.gov/api/v3/events/EONET_9528
EONET_9529,wildfires,Wildfire in Bolivia 1020769,False,https://eonet.gsfc.nasa.gov/api/v3/events/EONET_9529
EONET_9530,wildfires,Wildfire in Bolivia 1020772,False,https://eonet.gsfc.nasa.gov/api/v3/events/EONET_9530
EONET_9531,wildfires,Wildfire in The Democratic Republic of Congo 1020755,False,https://eonet.gsfc.nasa.gov/api/v3/events/EONET_9531
EONET_9675,wildfires,Wildfire in The Democratic Republic of Congo 1020943,False,https://eonet.gsfc.nasa.gov/api/v3/events/EONET_9675
EONET_9676,wildfires,Wildfire in The Democratic Republic of Congo 1020944,False,https://eonet.gsfc.nasa.gov/api/v3/events/EONET_9676
EONET_9677,wildfires,Wildfire in The Democratic Republic of Congo 1020819,False,https://eonet.gsfc.nasa.gov/api/v3/events/EONET_9677
EONET_9021,wildfires,"BIG HORN Wildfire, Klickitat, Washington",False,https://eonet.gsfc.nasa.gov/api/v3/events/EONET_9021
EONET_9051,wildfires,"MILL Wildfire, Plumas, California",False,https://eonet.gsfc.nasa.gov/api/v3/events/EONET_9051
EONET_9016,wildfires,"Sinnott Wildfire, Southeast Fairbanks, Alaska",False,https://eonet.gsfc.nasa.gov/api/v3/events/EONET_9016
EONET_9031,wildfires,"Telephone Wildfire, Harney, Oregon",False,https://eonet.gsfc.nasa.gov/api/v3/events/EONET_9031
EONET_9050,wildfires,"0502 PR DURGAN Wildfire, Crook, Oregon",False,https://eonet.gsfc.nasa.gov/api/v3/events/EONET_9050
EONET_9055,wildfires,"Windy Mesa Wildfire, Mohave, Arizona",False,https://eonet.gsfc.nasa.gov/api/v3/events/EONET_9055
EONET_9036,wildfires,"CRAZY CREEK Wildfire, Crook, Oregon",False,https://eonet.gsfc.nasa.gov/api/v3/events/EONET_9036
EONET_9041,wildfires,"Coffee Pot Wildfire, Lane, Oregon",False,https://eonet.gsfc.nasa.gov/api/v3/events/EONET_9041
EONET_8875,wildfires,"COURTROCK Wildfire, Grant, Oregon",False,https://eonet.gsfc.nasa.gov/api/v3/events/EONET_8875
EONET_8977,wildfires,Wildfire in Angola 1020342,False,https://eonet.gsfc.nasa.gov/api/v3/events/EONET_8977
EONET_9002,wildfires,Wildfire in Russian Federation 1020371,False,https://eonet.gsfc.nasa.gov/api/v3/events/EONET_9002
EONET_9074,wildfires,Wildfire in Russian Federation 1020393,False,https://eonet.gsfc.nasa.gov/api/v3/events/EONET_9074
EONET_9075,wildfires,Wildfire in Russian Federation 1020389,False,https://eonet.gsfc.nasa.gov/api/v3/events/EONET_9075
EONET_9090,wildfires,Wildfire in Russian Federation 1020409,False,https://eonet.gsfc.nasa.gov/api/v3/events/EONET_9090
EONET_9091,wildfires,Wildfire in Brazil 1020400,False,https://eonet.gsfc.nasa.gov/api/v3/events/EONET_9091
EONET_9140,wildfires,Wildfire in Brazil 1020415,False,https://eonet.gsfc.nasa.gov/api/v3/events/EONET_9140
EONET_9182,wildfires,Wildfire in Russian Federation 1020451,False,https://eonet.gsfc.nasa.gov/api/v3/events/EONET_9182
EONET_9183,wildfires,Wildfire in The Democratic Republic of Congo 1020450,False,https://eonet.gsfc.nasa.gov/api/v3/events/EONET_9183
EONET_9312,wildfires,Wildfire in Tanzania 1020514,False,https://eonet.gsfc.nasa.gov/api/v3/events/EONET_9312
EONET_9313,wildfires,Wildfire in Angola 1020515,False,https://eonet.gsfc.nasa.gov/api/v3/events/EONET_9313
EONET_9314,wildfires,Wildfire in Russian Federation 1020513,False,https://eonet.gsfc.nasa.gov/api/v3/events/EONET_9314
EONET_9315,wildfires,Wildfire in The Democratic Republic of Congo 1020516,False,https://eonet.gsfc.nasa.gov/api/v3/events/EONET_9315
EONET_9409,wildfires,Wildfire in The Democratic Republic of Congo 1020660,False,https://eonet.gsfc.nasa.gov/api/v3/events/EONET_9409
EONET_9410,wildfires,Wildfire in The Democratic Republic of Congo 1020659,False,https://eonet.gsfc.nasa.gov/api/v3/events/EONET_9410
EONET_9411,wildfires,Wildfire in Brazil 1020673,False,https://eonet.gsfc.nasa.gov/api/v3/events/EONET_9411
EONET_9440,wildfires,Wildfire in The Democratic Republic of Congo 1020683,False,https://eonet.gsfc.nasa.gov/api/v3/events/EONET_9440
EONET_9441,wildfires,Wildfire in Brazil 1020698,False,https://eonet.gsfc.nasa.gov/api/v3/events/EONET_9441
EONET_9480,wildfires,Wildfire in The Democratic Republic of Congo 1020718,False,https://eonet.gsfc.nasa.gov/api/v3/events/EONET_9480
EONET_9481,wildfires,Wildfire in The Democratic Republic of Congo 1020737,False,https://eonet.gsfc.nasa.gov/api/v3/events/EONET_9481
EONET_9532,wildfires,Wildfire in The Democratic Republic of Congo 1020756,False,https://eonet.gsfc.nasa.gov/api/v3/events/EONET_9532
EONET_8872,wildfires,"HAWARDEN Wildfire, Riverside, California",False,https://eonet.gsfc.nasa.gov/api/v3/events/EONET_8872
EONET_9100,wildfires,"No Man Wildfire, Lane, Oregon",False,https://eonet.gsfc.nasa.gov/api/v3/events/EONET_9100
EONET_8896,wildfires,"Presto Trail Wildfire, Bingham, Idaho",False,https://eonet.gsfc.nasa.gov/api/v3/events/EONET_8896
EONET_8882,wildfires,"Rock Wildfire, Gila, Arizona",False,https://eonet.gsfc.nasa.gov/api/v3/events/EONET_8882
EONET_9059,wildfires,"Allen Trap Wildfire, Gila, Arizona",False,https://eonet.gsfc.nasa.gov/api/v3/events/EONET_9059
EONET_9061,wildfires,"DAVIN ROAD Wildfire, Franklin, Washington",False,https://eonet.gsfc.nasa.gov/api/v3/events/EONET_9061
EONET_9118,wildfires,"Potter Wildfire, Douglas, Oregon",False,https://eonet.gsfc.nasa.gov/api/v3/events/EONET_9118
EONET_8851,wildfires,Wildfire in Australia 1020273,False,https://eonet.gsfc.nasa.gov/api/v3/events/EONET_8851
EONET_8943,wildfires,Wildfire in Canada 1020303,False,https://eonet.gsfc.nasa.gov/api/v3/events/EONET_8943
EONET_8944,wildfires,Wildfire in Canada 1020304,False,https://eonet.gsfc.nasa.gov/api/v3/events/EONET_8944
EONET_8945,wildfires,Wildfire in Australia 1020332,False,https://eonet.gsfc.nasa.gov/api/v3/events/EONET_8945
EONET_9003,wildfires,Wildfire in Russian Federation 1020372,False,https://eonet.gsfc.nasa.gov/api/v3/events/EONET_9003
EONET_9004,wildfires,Wildfire in Russian Federation 1020365,False,https://eonet.gsfc.nasa.gov/api/v3/events/EONET_9004
EONET_9076,wildfires,Wildfire in Russian Federation 1020385,False,https://eonet.gsfc.nasa.gov/api/v3/events/EONET_9076
EONET_9077,wildfires,Wildfire in Zambia 1020386,False,https://eonet.gsfc.nasa.gov/api/v3/events/EONET_9077
EONET_9092,wildfires,Wildfire in Russian Federation 1020406,False,https://eonet.gsfc.nasa.gov/api/v3/events/EONET_9092
EONET_9093,wildfires,Wildfire in Russian Federation 1020401,False,https://eonet.gsfc.nasa.gov/api/v3/events/EONET_9093
EONET_9184,wildfires,Wildfire in Russian Federation 1020452,False,https://eonet.gsfc.nasa.gov/api/v3/events/EONET_9184
EONET_9185,wildfires,Wildfire in Russian Federation 1020453,False,https://eonet.gsfc.nasa.gov/api/v3/events/EONET_9185
EONET_9186,wildfires,Wildfire in Angola 1020454,False,https://eonet.gsfc.nasa.gov/api/v3/events/EONET_9186
EONET_9316,wildfires,Wildfire in Angola 1020568,False,https://eonet.gsfc.nasa.gov/api/v3/events/EONET_9316
EONET_9317,wildfires,Wildfire in Brazil 1020567,False,https://eonet.gsfc.nasa.gov/api/v3/events/EONET_9317
EONET_9318,wildfires,Wildfire in Angola 1020564,False,https://eonet.gsfc.nasa.gov/api/v3/events/EONET_9318
EONET_9319,wildfires,Wildfire in Tanzania 1020517,False,https://eonet.gsfc.nasa.gov/api/v3/events/EONET_9319
EONET_9376,wildfires,Wildfire in The Democratic Republic of Congo 1020617,False,https://eonet.gsfc.nasa.gov/api/v3/events/EONET_9376
EONET_9377,wildfires,Wildfire in Brazil 1020629,False,https://eonet.gsfc.nasa.gov/api/v3/events/EONET_9377
EONET_9412,wildfires,Wildfire in The Democratic Republic of Congo 1020661,False,https://eonet.gsfc.nasa.gov/api/v3/events/EONET_9412
EONET_9533,wildfires,Wildfire in Bolivia 1020780,False,https://eonet.gsfc.nasa.gov/api/v3/events/EONET_9533
EONET_9534,wildfires,Wildfire in Brazil 1020781,False,https://eonet.gsfc.nasa.gov/api/v3/events/EONET_9534
EONET_9119,wildfires,"WHISKY CREEK Wildfire, Hood River, Oregon",False,https://eonet.gsfc.nasa.gov/api/v3/events/EONET_9119
EONET_8904,wildfires,"Otter Creek/Bass Lake RX Wildfire, Benzie, Michigan",False,https://eonet.gsfc.nasa.gov/api/v3/events/EONET_8904
EONET_9220,wildfires,"CLEARWATER Wildfire, Park, Wyoming",False,https://eonet.gsfc.nasa.gov/api/v3/events/EONET_9220
EONET_8920,wildfires,Wildfire in Russian Federation 1020294,False,https://eonet.gsfc.nasa.gov/api/v3/events/EONET_8920
EONET_8921,wildfires,Wildfire in Australia 1020295,False,https://eonet.gsfc.nasa.gov/api/v3/events/EONET_8921
EONET_8922,wildfires,Wildfire in Australia 1020296,False,https://eonet.gsfc.nasa.gov/api/v3/events/EONET_8922
EONET_8923,wildfires,Wildfire in Bolivia 1020297,False,https://eonet.gsfc.nasa.gov/api/v3/events/EONET_8923
EONET_8946,wildfires,Wildfire in Canada 1020318,False,https://eonet.gsfc.nasa.gov/api/v3/events/EONET_8946
EONET_8947,wildfires,Wildfire in Russian Federation 1020319,False,https://eonet.gsfc.nasa.gov/api/v3/events/EONET_8947
EONET_8948,wildfires,Wildfire in Canada 1020305,False,https://eonet.gsfc.nasa.gov/api/v3/events/EONET_8948
EONET_8949,wildfires,Wildfire in Canada 1020306,False,https://eonet.gsfc.nasa.gov/api/v3/events/EONET_8949
EONET_8978,wildfires,Wildfire in Bolivia 1020347,False,https://eonet.gsfc.nasa.gov/api/v3/events/EONET_8978
EONET_8979,wildfires,Wildfire in Russian Federation 1020343,False,https://eonet.gsfc.nasa.gov/api/v3/events/EONET_8979
EONET_8980,wildfires,Wildfire in Russian Federation 1020355,False,https://eonet.gsfc.nasa.gov/api/v3/events/EONET_8980
EONET_8981,wildfires,Wildfire in Australia 1020357,False,https://eonet.gsfc.nasa.gov/api/v3/events/EONET_8981
EONET_8982,wildfires,Wildfire in Russian Federation 1020358,False,https://eonet.gsfc.nasa.gov/api/v3/events/EONET_8982
EONET_9005,wildfires,Wildfire in Canada 1020366,False,https://eonet.gsfc.nasa.gov/api/v3/events/EONET_9005
EONET_9006,wildfires,Wildfire in Russian Federation 1020367,False,https://eonet.gsfc.nasa.gov/api/v3/events/EONET_9006
EONET_9007,wildfires,Wildfire in Russian Federation 1020370,False,https://eonet.gsfc.nasa.gov/api/v3/events/EONET_9007
EONET_9065,wildfires,Wildfire in Russian Federation 1020376,False,https://eonet.gsfc.nasa.gov/api/v3/events/EONET_9065
EONET_9078,wildfires,Wildfire in Brazil 1020390,False,https://eonet.gsfc.nasa.gov/api/v3/events/EONET_9078
EONET_9079,wildfires,Wildfire in Russian Federation 1020391,False,https://eonet.gsfc.nasa.gov/api/v3/events/EONET_9079
EONET_9086,wildfires,Wildfire in Canada 1020397,False,https://eonet.gsfc.nasa.gov/api/v3/events/EONET_9086
EONET_9087,wildfires,Wildfire in Russian Federation 1020396,False,https://eonet.gsfc.nasa.gov/api/v3/events/EONET_9087
EONET_9094,wildfires,Wildfire in Angola 1020402,False,https://eonet.gsfc.nasa.gov/api/v3/events/EONET_9094
EONET_9141,wildfires,Wildfire in The Democratic Republic of Congo 1020412,False,https://eonet.gsfc.nasa.gov/api/v3/events/EONET_9141
EONET_9187,wildfires,Wildfire in Russian Federation 1020455,False,https://eonet.gsfc.nasa.gov/api/v3/events/EONET_9187
EONET_9188,wildfires,Wildfire in Canada 1020456,False,https://eonet.gsfc.nasa.gov/api/v3/events/EONET_9188
EONET_9189,wildfires,Wildfire in Bolivia 1020469,False,https://eonet.gsfc.nasa.gov/api/v3/events/EONET_9189
EONET_9320,wildfires,Wildfire in The Democratic Republic of Congo 1020569,False,https://eonet.gsfc.nasa.gov/api/v3/events/EONET_9320
EONET_9321,wildfires,Wildfire in Mozambique 1020574,False,https://eonet.gsfc.nasa.gov/api/v3/events/EONET_9321
EONET_9322,wildfires,Wildfire in The Democratic Republic of Congo 1020520,False,https://eonet.gsfc.nasa.gov/api/v3/events/EONET_9322
EONET_9323,wildfires,Wildfire in Russian Federation 1020586,False,https://eonet.gsfc.nasa.gov/api/v3/events/EONET_9323
EONET_9324,wildfires,Wildfire in Canada 1020601,False,https://eonet.gsfc.nasa.gov/api/v3/events/EONET_9324
EONET_9325,wildfires,Wildfire in Mozambique 1020570,False,https://eonet.gsfc.nasa.gov/api/v3/events/EONET_9325
EONET_9326,wildfires,Wildfire in Angola 1020572,False,https://eonet.gsfc.nasa.gov/api/v3/events/EONET_9326
EONET_9327,wildfires,Wildfire in The Democratic Republic of Congo 1020521,False,https://eonet.gsfc.nasa.gov/api/v3/events/EONET_9327
EONET_9378,wildfires,Wildfire in Bolivia 1020638,False,https://eonet.gsfc.nasa.gov/api/v3/events/EONET_9378
EONET_9413,wildfires,Wildfire in Bolivia 1020674,False,https://eonet.gsfc.nasa.gov/api/v3/events/EONET_9413
EONET_9535,wildfires,Wildfire in Russian Federation 1020782,False,https://eonet.gsfc.nasa.gov/api/v3/events/EONET_9535
EONET_9536,wildfires,Wildfire in The Democratic Republic of Congo 1020783,False,https://eonet.gsfc.nasa.gov/api/v3/events/EONET_9536
EONET_8898,wildfires,"Bridge Creek Wildfire, Ferry, Washington",False,https://eonet.gsfc.nasa.gov/api/v3/events/EONET_8898
EONET_9039,wildfires,"Homestead Complex Wildfire, Lane, Oregon",False,https://eonet.gsfc.nasa.gov/api/v3/events/EONET_9039
EONET_9042,wildfires,"Clark 900 Wildfire, Lane, Oregon",False,https://eonet.gsfc.nasa.gov/api/v3/events/EONET_9042
EONET_8910,wildfires,"Kekaha Fire Wildfire, Kauai, Hawaii",False,https://eonet.gsfc.nasa.gov/api/v3/events/EONET_8910
EONET_9113,wildfires,"Mineral Wildfire, Lane, Oregon",False,https://eonet.gsfc.nasa.gov/api/v3/events/EONET_9113
EONET_8887,wildfires,"Diamond Complex Wildfire, Douglas, Oregon",False,https://eonet.gsfc.nasa.gov/api/v3/events/EONET_8887
EONET_8885,wildfires,"Pine Bench Wildfire, Douglas, Oregon",False,https://eonet.gsfc.nasa.gov/api/v3/events/EONET_8885
EONET_8879,wildfires,"Monkey Creek Wildfire, Morrow, Oregon",False,https://eonet.gsfc.nasa.gov/api/v3/events/EONET_8879
EONET_8821,wildfires,Wildfire in The Democratic Republic of Congo 1020241,False,https://eonet.gsfc.nasa.gov/api/v3/events/EONET_8821
EONET_8822,wildfires,Wildfire in Australia 1020252,False,https://eonet.gsfc.nasa.gov/api/v3/events/EONET_8822
EONET_8852,wildfires,Wildfire in Australia 1020274,False,https://eonet.gsfc.nasa.gov/api/v3/events/EONET_8852
EONET_8853,wildfires,Wildfire in Canada 1020263,False,https://eonet.gsfc.nasa.gov/api/v3/events/EONET_8853
EONET_8924,wildfires,Wildfire in Canada 1020282,False,https://eonet.gsfc.nasa.gov/api/v3/events/EONET_8924
EONET_8925,wildfires,Wildfire in Angola 1020283,False,https://eonet.gsfc.nasa.gov/api/v3/events/EONET_8925
EONET_8926,wildfires,Wildfire in United States 1020281,False,https://eonet.gsfc.nasa.gov/api/v3/events/EONET_8926
EONET_8927,wildfires,Wildfire in Russian Federation 1020298,False,https://eonet.gsfc.nasa.gov/api/v3/events/EONET_8927
EONET_8928,wildfires,Wildfire in Russian Federation 1020299,False,https://eonet.gsfc.nasa.gov/api/v3/events/EONET_8928
EONET_8929,wildfires,Wildfire in Australia 1020287,False,https://eonet.gsfc.nasa.gov/api/v3/events/EONET_8929
EONET_8950,wildfires,Wildfire in Russian Federation 1020320,False,https://eonet.gsfc.nasa.gov/api/v3/events/EONET_8950
EONET_8951,wildfires,Wildfire in Russian Federation 1020321,False,https://eonet.gsfc.nasa.gov/api/v3/events/EONET_8951
EONET_8983,wildfires,Wildfire in Australia 1020359,False,https://eonet.gsfc.nasa.gov/api/v3/events/EONET_8983
EONET_8984,wildfires,Wildfire in Australia 1020360,False,https://eonet.gsfc.nasa.gov/api/v3/events/EONET_8984
EONET_8985,wildfires,Wildfire in Bolivia 1020348,False,https://eonet.gsfc.nasa.gov/api/v3/events/EONET_8985
EONET_8986,wildfires,Wildfire in United States 1020337,False,https://eonet.gsfc.nasa.gov/api/v3/events/EONET_8986
EONET_9008,wildfires,Wildfire in Canada 1020363,False,https://eonet.gsfc.nasa.gov/api/v3/events/EONET_9008
EONET_9066,wildfires,Wildfire in The Democratic Republic of Congo 1020377,False,https://eonet.gsfc.nasa.gov/api/v3/events/EONET_9066
EONET_9067,wildfires,Wildfire in Australia 1020378,False,https://eonet.gsfc.nasa.gov/api/v3/events/EONET_9067
EONET_9080,wildfires,Wildfire in Russian Federation 1020387,False,https://eonet.gsfc.nasa.gov/api/v3/events/EONET_9080
EONET_9095,wildfires,Wildfire in Bolivia 1020403,False,https://eonet.gsfc.nasa.gov/api/v3/events/EONET_9095
EONET_9142,wildfires,Wildfire in Brazil 1020413,False,https://eonet.gsfc.nasa.gov/api/v3/events/EONET_9142
EONET_9190,wildfires,Wildfire in Brazil 1020457,False,https://eonet.gsfc.nasa.gov/api/v3/events/EONET_9190
EONET_9191,wildfires,Wildfire in The Democratic Republic of Congo 1020458,False,https://eonet.gsfc.nasa.gov/api/v3/events/EONET_9191
EONET_9192,wildfires,Wildfire in The Democratic Republic of Congo 1020459,False,https://eonet.gsfc.nasa.gov/api/v3/events/EONET_9192
EONET_9193,wildfires,Wildfire in The Democratic Republic of Congo 1020460,False,https://eonet.gsfc.nasa.gov/api/v3/events/EONET_9193
EONET_9328,wildfires,Wildfire in Namibia 1020528,False,https://eonet.gsfc.nasa.gov/api/v3/events/EONET_9328
EONET_9329,wildfires,Wildfire in The Democratic Republic of Congo 1020524,False,https://eonet.gsfc.nasa.gov/api/v3/events/EONET_9329
EONET_9330,wildfires,Wildfire in The Democratic Republic of Congo 1020577,False,https://eonet.gsfc.nasa.gov/api/v3/events/EONET_9330
EONET_9331,wildfires,Wildfire in The Democratic Republic of Congo 1020522,False,https://eonet.gsfc.nasa.gov/api/v3/events/EONET_9331
EONET_9332,wildfires,Wildfire in The Democratic Republic of Congo 1020523,False,https://eonet.gsfc.nasa.gov/api/v3/events/EONET_9332
EONET_9333,wildfires,Wildfire in Zambia 1020526,False,https://eonet.gsfc.nasa.gov/api/v3/events/EONET_9333
EONET_9334,wildfires,Wildfire in The Democratic Republic of Congo 1020527,False,https://eonet.gsfc.nasa.gov/api/v3/events/EONET_9334
EONET_9335,wildfires,Wildfire in The Democratic Republic of Congo 1020529,False,https://eonet.gsfc.nasa.gov/api/v3/events/EONET_9335
EONET_9336,wildfires,Wildfire in The Democratic Republic of Congo 1020575,False,https://eonet.gsfc.nasa.gov/api/v3/events/EONET_9336
EONET_9414,wildfires,Wildfire in Canada 1020639,False,https://eonet.gsfc.nasa.gov/api/v3/events/EONET_9414
EONET_9537,wildfires,Wildfire in Brazil 1020784,False,https://eonet.gsfc.nasa.gov/api/v3/events/EONET_9537
EONET_8883,wildfires,"Miners Wildfire, Snohomish, Washington",False,https://eonet.gsfc.nasa.gov/api/v3/events/EONET_8883
EONET_9101,wildfires,"Adam Mountain Wildfire, Lane, Oregon",False,https://eonet.gsfc.nasa.gov/api/v3/events/EONET_9101
EONET_9205,wildfires,"Horse Heaven Wildfire, Lane, Oregon",False,https://eonet.gsfc.nasa.gov/api/v3/events/EONET_9205
EONET_9122,wildfires,"Tanques Wildfire, Rio Arriba, New Mexico",False,https://eonet.gsfc.nasa.gov/api/v3/events/EONET_9122
EONET_8907,wildfires,"OCF CPT 60 Hopkins Rx 0718 Wildfire, Marion, Florida",False,https://eonet.gsfc.nasa.gov/api/v3/events/EONET_8907
EONET_8894,wildfires,"Swawilla I Wildfire, Ferry, Washington",False,https://eonet.gsfc.nasa.gov/api/v3/events/EONET_8894
EONET_8881,wildfires,"Battle Mountain Complex Wildfire, Umatilla, Oregon",False,https://eonet.gsfc.nasa.gov/api/v3/events/EONET_8881
EONET_9112,wildfires,"EASY Wildfire, Skagit, Washington",False,https://eonet.gsfc.nasa.gov/api/v3/events/EONET_9112
EONET_8888,wildfires,"Chalk MF Wildfire, Lane, Oregon",False,https://eonet.gsfc.nasa.gov/api/v3/events/EONET_8888
EONET_8912,wildfires,"ROBERSON DR (22) Wildfire, Glades, Florida",False,https://eonet.gsfc.nasa.gov/api/v3/events/EONET_8912
EONET_8880,wildfires,"Snake Wildfire, Umatilla, Oregon",False,https://eonet.gsfc.nasa.gov/api/v3/events/EONET_8880
EONET_8889,wildfires,"Pyramid SRZ Wildfire, Linn, Oregon",False,https://eonet.gsfc.nasa.gov/api/v3/events/EONET_8889
EONET_8780,wildfires,"Jack Canyon Mutual Aid Wildfire, Umatilla, Oregon",False,https://eonet.gsfc.nasa.gov/api/v3/events/EONET_8780
EONET_9027,wildfires,"Lemolo Wildfire, Douglas, Oregon",False,https://eonet.gsfc.nasa.gov/api/v3/events/EONET_9027
EONET_8878,wildfires,"Boneyard Wildfire, Grant, Oregon",False,https://eonet.gsfc.nasa.gov/api/v3/events/EONET_8878
EONET_8776,wildfires,"NF Owens Wildfire, Umatilla, Oregon",False,https://eonet.gsfc.nasa.gov/api/v3/events/EONET_8776
EONET_8797,wildfires,Wildfire in Australia 1020211,False,https://eonet.gsfc.nasa.gov/api/v3/events/EONET_8797
EONET_8823,wildfires,Wildfire in Canada 1020242,False,https://eonet.gsfc.nasa.gov/api/v3/events/EONET_8823
EONET_8824,wildfires,Wildfire in Australia 1020253,False,https://eonet.gsfc.nasa.gov/api/v3/events/EONET_8824
EONET_8825,wildfires,Wildfire in Australia 1020254,False,https://eonet.gsfc.nasa.gov/api/v3/events/EONET_8825
EONET_8826,wildfires,Wildfire in United States 1020249,False,https://eonet.gsfc.nasa.gov/api/v3/events/EONET_8826
EONET_8854,wildfires,Wildfire in United States 1020264,False,https://eonet.gsfc.nasa.gov/api/v3/events/EONET_8854
EONET_8855,wildfires,Wildfire in Australia 1020275,False,https://eonet.gsfc.nasa.gov/api/v3/events/EONET_8855
EONET_8856,wildfires,Wildfire in Australia 1020276,False,https://eonet.gsfc.nasa.gov/api/v3/events/EONET_8856
EONET_8857,wildfires,Wildfire in Australia 1020277,False,https://eonet.gsfc.nasa.gov/api/v3/events/EONET_8857
EONET_8930,wildfires,Wildfire in United States 1020284,False,https://eonet.gsfc.nasa.gov/api/v3/events/EONET_8930
EONET_8931,wildfires,Wildfire in Brazil 1020288,False,https://eonet.gsfc.nasa.gov/api/v3/events/EONET_8931
EONET_8932,wildfires,Wildfire in Brazil 1020289,False,https://eonet.gsfc.nasa.gov/api/v3/events/EONET_8932
EONET_8933,wildfires,Wildfire in Canada 1020290,False,https://eonet.gsfc.nasa.gov/api/v3/events/EONET_8933
EONET_8952,wildfires,Wildfire in Namibia 1020313,False,https://eonet.gsfc.nasa.gov/api/v3/events/EONET_8952
EONET_8953,wildfires,Wildfire in Russian Federation 1020322,False,https://eonet.gsfc.nasa.gov/api/v3/events/EONET_8953
EONET_8954,wildfires,Wildfire in Brazil 1020323,False,https://eonet.gsfc.nasa.gov/api/v3/events/EONET_8954
EONET_8955,wildfires,Wildfire in Russian Federation 1020330,False,https://eonet.gsfc.nasa.gov/api/v3/events/EONET_8955
EONET_8956,wildfires,Wildfire in Australia 1020333,False,https://eonet.gsfc.nasa.gov/api/v3/events/EONET_8956
EONET_8957,wildfires,Wildfire in Brazil 1020334,False,https://eonet.gsfc.nasa.gov/api/v3/events/EONET_8957
EONET_8958,wildfires,Wildfire in Brazil 1020335,False,https://eonet.gsfc.nasa.gov/api/v3/events/EONET_8958
EONET_8987,wildfires,Wildfire in Canada 1020349,False,https://eonet.gsfc.nasa.gov/api/v3/events/EONET_8987
EONET_9009,wildfires,Wildfire in Brazil 1020368,False,https://eonet.gsfc.nasa.gov/api/v3/events/EONET_9009
EONET_9096,wildfires,Wildfire in Bolivia 1020407,False,https://eonet.gsfc.nasa.gov/api/v3/events/EONET_9096
EONET_9097,wildfires,Wildfire in Bolivia 1020410,False,https://eonet.gsfc.nasa.gov/api/v3/events/EONET_9097
EONET_9194,wildfires,Wildfire in United States 1020462,False,https://eonet.gsfc.nasa.gov/api/v3/events/EONET_9194
EONET_9195,wildfires,Wildfire in The Democratic Republic of Congo 1020463,False,https://eonet.gsfc.nasa.gov/api/v3/events/EONET_9195
EONET_9196,wildfires,Wildfire in Brazil 1020461,False,https://eonet.gsfc.nasa.gov/api/v3/events/EONET_9196
EONET_9337,wildfires,Wildfire in Bolivia 1020531,False,https://eonet.gsfc.nasa.gov/api/v3/events/EONET_9337
EONET_9338,wildfires,Wildfire in The Democratic Republic of Congo 1020530,False,https://eonet.gsfc.nasa.gov/api/v3/events/EONET_9338
EONET_9538,wildfires,Wildfire in United States 1020785,False,https://eonet.gsfc.nasa.gov/api/v3/events/EONET_9538
EONET_8876,wildfires,"Lane 1 Wildfire, Lane, Oregon",False,https://eonet.gsfc.nasa.gov/api/v3/events/EONET_8876
EONET_9028,wildfires,"Middle Fork Wildfire, Klamath, Oregon",False,https://eonet.gsfc.nasa.gov/api/v3/events/EONET_9028
EONET_9014,wildfires,"Jack Saddle Wildfire, Douglas, Oregon",False,https://eonet.gsfc.nasa.gov/api/v3/events/EONET_9014
EONET_8900,wildfires,"Ore MR Wildfire, Lane, Oregon",False,https://eonet.gsfc.nasa.gov/api/v3/events/EONET_8900
EONET_8775,wildfires,"DURKEE Wildfire, Baker, Oregon",False,https://eonet.gsfc.nasa.gov/api/v3/events/EONET_8775
EONET_8886,wildfires,"Trail Wildfire, Douglas, Oregon",False,https://eonet.gsfc.nasa.gov/api/v3/events/EONET_8886
EONET_8779,wildfires,"BAER Silver King Wildfire, Piute, Utah",False,https://eonet.gsfc.nasa.gov/api/v3/events/EONET_8779
EONET_8790,wildfires,"Whip-poor-will Wildfire, Burlington, New Jersey",False,https://eonet.gsfc.nasa.gov/api/v3/events/EONET_8790
EONET_8798,wildfires,Wildfire in Canada 1020212,False,https://eonet.gsfc.nasa.gov/api/v3/events/EONET_8798
EONET_8799,wildfires,Wildfire in Zambia 1020213,False,https://eonet.gsfc.nasa.gov/api/v3/events/EONET_8799
EONET_8827,wildfires,Wildfire in Canada 1020243,False,https://eonet.gsfc.nasa.gov/api/v3/events/EONET_8827
EONET_8828,wildfires,Wildfire in Canada 1020232,False,https://eonet.gsfc.nasa.gov/api/v3/events/EONET_8828
EONET_8829,wildfires,Wildfire in Canada 1020233,False,https://eonet.gsfc.nasa.gov/api/v3/events/EONET_8829
EONET_8830,wildfires,Wildfire in Canada 1020234,False,https://eonet.gsfc.nasa.gov/api/v3/events/EONET_8830
EONET_8831,wildfires,Wildfire in Canada 1020235,False,https://eonet.gsfc.nasa.gov/api/v3/events/EONET_8831
EONET_8832,wildfires,Wildfire in Australia 1020255,False,https://eonet.gsfc.nasa.gov/api/v3/events/EONET_8832
EONET_8858,wildfires,Wildfire in The Democratic Republic of Congo 1020260,False,https://eonet.gsfc.nasa.gov/api/v3/events/EONET_8858
EONET_8859,wildfires,Wildfire in Brazil 1020278,False,https://eonet.gsfc.nasa.gov/api/v3/events/EONET_8859
EONET_8860,wildfires,Wildfire in Congo 1020265,False,https://eonet.gsfc.nasa.gov/api/v3/events/EONET_8860
EONET_8861,wildfires,Wildfire in Canada 1020266,False,https://eonet.gsfc.nasa.gov/api/v3/events/EONET_8861
EONET_8934,wildfires,Wildfire in Russian Federation 1020300,False,https://eonet.gsfc.nasa.gov/api/v3/events/EONET_8934
EONET_8959,wildfires,Wildfire in Tanzania 1020314,False,https://eonet.gsfc.nasa.gov/api/v3/events/EONET_8959
EONET_8960,wildfires,Wildfire in Canada 1020315,False,https://eonet.gsfc.nasa.gov/api/v3/events/EONET_8960
EONET_8961,wildfires,Wildfire in Canada 1020307,False,https://eonet.gsfc.nasa.gov/api/v3/events/EONET_8961
EONET_8988,wildfires,Wildfire in The Democratic Republic of Congo 1020356,False,https://eonet.gsfc.nasa.gov/api/v3/events/EONET_8988
EONET_8989,wildfires,Wildfire in Angola 1020344,False,https://eonet.gsfc.nasa.gov/api/v3/events/EONET_8989
EONET_8990,wildfires,Wildfire in Canada 1020350,False,https://eonet.gsfc.nasa.gov/api/v3/events/EONET_8990
EONET_8991,wildfires,Wildfire in The Democratic Republic of Congo 1020345,False,https://eonet.gsfc.nasa.gov/api/v3/events/EONET_8991
EONET_9010,wildfires,Wildfire in Canada 1020364,False,https://eonet.gsfc.nasa.gov/api/v3/events/EONET_9010
EONET_9068,wildfires,Wildfire in Russian Federation 1020380,False,https://eonet.gsfc.nasa.gov/api/v3/events/EONET_9068
EONET_9339,wildfires,Wildfire in Zambia 1020533,False,https://eonet.gsfc.nasa.gov/api/v3/events/EONET_9339
EONET_9340,wildfires,Wildfire in Bolivia 1020580,False,https://eonet.gsfc.nasa.gov/api/v3/events/EONET_9340
EONET_9341,wildfires,Wildfire in Russian Federation 1020532,False,https://eonet.gsfc.nasa.gov/api/v3/events/EONET_9341
EONET_8778,wildfires,"Cougar Creek Wildfire, Asotin, Washington",False,https://eonet.gsfc.nasa.gov/api/v3/events/EONET_8778
EONET_8773,wildfires,"Hill Wildfire, Humboldt, California",False,https://eonet.gsfc.nasa.gov/api/v3/events/EONET_8773
EONET_8892,wildfires,"LONG Wildfire, Tulare, California",False,https://eonet.gsfc.nasa.gov/api/v3/events/EONET_8892
EONET_8777,wildfires,"Texas Wildfire, Latah, Idaho",False,https://eonet.gsfc.nasa.gov/api/v3/events/EONET_8777
EONET_8800,wildfires,Wildfire in Canada 1020214,False,https://eonet.gsfc.nasa.gov/api/v3/events/EONET_8800
EONET_8801,wildfires,Wildfire in Canada 1020208,False,https://eonet.gsfc.nasa.gov/api/v3/events/EONET_8801
EONET_8802,wildfires,Wildfire in Australia 1020224,False,https://eonet.gsfc.nasa.gov/api/v3/events/EONET_8802
EONET_8833,wildfires,Wildfire in Canada 1020244,False,https://eonet.gsfc.nasa.gov/api/v3/events/EONET_8833
EONET_8834,wildfires,Wildfire in Canada 1020236,False,https://eonet.gsfc.nasa.gov/api/v3/events/EONET_8834
EONET_8862,wildfires,Wildfire in Russian Federation 1020261,False,https://eonet.gsfc.nasa.gov/api/v3/events/EONET_8862
EONET_8863,wildfires,Wildfire in Canada 1020267,False,https://eonet.gsfc.nasa.gov/api/v3/events/EONET_8863
EONET_8935,wildfires,Wildfire in Australia 1020301,False,https://eonet.gsfc.nasa.gov/api/v3/events/EONET_8935
EONET_8936,wildfires,Wildfire in Australia 1020291,False,https://eonet.gsfc.nasa.gov/api/v3/events/EONET_8936
EONET_8962,wildfires,Wildfire in Canada 1020308,False,https://eonet.gsfc.nasa.gov/api/v3/events/EONET_8962
EONET_8963,wildfires,Wildfire in Canada 1020309,False,https://eonet.gsfc.nasa.gov/api/v3/events/EONET_8963
EONET_8964,wildfires,Wildfire in Canada 1020310,False,https://eonet.gsfc.nasa.gov/api/v3/events/EONET_8964
EONET_8965,wildfires,Wildfire in Brazil 1020324,False,https://eonet.gsfc.nasa.gov/api/v3/events/EONET_8965
EONET_8966,wildfires,Wildfire in Australia 1020325,False,https://eonet.gsfc.nasa.gov/api/v3/events/EONET_8966
EONET_8967,wildfires,Wildfire in Angola 1020316,False,https://eonet.gsfc.nasa.gov/api/v3/events/EONET_8967
EONET_8992,wildfires,Wildfire in Canada 1020338,False,https://eonet.gsfc.nasa.gov/api/v3/events/EONET_8992
EONET_8993,wildfires,Wildfire in United States 1020339,False,https://eonet.gsfc.nasa.gov/api/v3/events/EONET_8993
EONET_8994,wildfires,Wildfire in Brazil 1020351,False,https://eonet.gsfc.nasa.gov/api/v3/events/EONET_8994
EONET_8995,wildfires,Wildfire in Russian Federation 1020352,False,https://eonet.gsfc.nasa.gov/api/v3/events/EONET_8995
EONET_9069,wildfires,Wildfire in Russian Federation 1020381,False,https://eonet.gsfc.nasa.gov/api/v3/events/EONET_9069
EONET_9081,wildfires,Wildfire in Canada 1020392,False,https://eonet.gsfc.nasa.gov/api/v3/events/EONET_9081
EONET_9098,wildfires,Wildfire in Bolivia 1020408,False,https://eonet.gsfc.nasa.gov/api/v3/events/EONET_9098
EONET_9197,wildfires,Wildfire in Canada 1020464,False,https://eonet.gsfc.nasa.gov/api/v3/events/EONET_9197
EONET_8792,wildfires,"WALLACE WALKER Wildfire, Franklin, Washington",False,https://eonet.gsfc.nasa.gov/api/v3/events/EONET_8792
EONET_8728,wildfires,"#1 Apex /AZ STATE Wildfire, Coconino, Arizona",False,https://eonet.gsfc.nasa.gov/api/v3/events/EONET_8728
EONET_8774,wildfires,"Miller Peak Wildfire, Missoula, Montana",False,https://eonet.gsfc.nasa.gov/api/v3/events/EONET_8774
EONET_8803,wildfires,Wildfire in United States 1020215,False,https://eonet.gsfc.nasa.gov/api/v3/events/EONET_8803
EONET_8804,wildfires,Wildfire in Canada 1020216,False,https://eonet.gsfc.nasa.gov/api/v3/events/EONET_8804
EONET_8835,wildfires,Wildfire in Canada 1020237,False,https://eonet.gsfc.nasa.gov/api/v3/events/EONET_8835
EONET_8836,wildfires,Wildfire in Canada 1020245,False,https://eonet.gsfc.nasa.gov/api/v3/events/EONET_8836
EONET_8837,wildfires,Wildfire in The Democratic Republic of Congo 1020247,False,https://eonet.gsfc.nasa.gov/api/v3/events/EONET_8837
EONET_8838,wildfires,Wildfire in Canada 1020238,False,https://eonet.gsfc.nasa.gov/api/v3/events/EONET_8838
EONET_8839,wildfires,Wildfire in Angola 1020246,False,https://eonet.gsfc.nasa.gov/api/v3/events/EONET_8839
EONET_8864,wildfires,Wildfire in Canada 1020262,False,https://eonet.gsfc.nasa.gov/api/v3/events/EONET_8864
EONET_8865,wildfires,Wildfire in Australia 1020270,False,https://eonet.gsfc.nasa.gov/api/v3/events/EONET_8865
EONET_8866,wildfires,Wildfire in Australia 1020271,False,https://eonet.gsfc.nasa.gov/api/v3/events/EONET_8866
EONET_8867,wildfires,Wildfire in Australia 1020279,False,https://eonet.gsfc.nasa.gov/api/v3/events/EONET_8867
EONET_8868,wildfires,Wildfire in Brazil 1020280,False,https://eonet.gsfc.nasa.gov/api/v3/events/EONET_8868
EONET_8937,wildfires,Wildfire in Zambia 1020286,False,https://eonet.gsfc.nasa.gov/api/v3/events/EONET_8937
EONET_8938,wildfires,Wildfire in Canada 1020285,False,https://eonet.gsfc.nasa.gov/api/v3/events/EONET_8938
EONET_8968,wildfires,Wildfire in Canada 1020311,False,https://eonet.gsfc.nasa.gov/api/v3/events/EONET_8968
EONET_8969,wildfires,Wildfire in Bolivia 1020326,False,https://eonet.gsfc.nasa.gov/api/v3/events/EONET_8969
EONET_8970,wildfires,Wildfire in Bolivia 1020327,False,https://eonet.gsfc.nasa.gov/api/v3/events/EONET_8970
EONET_8996,wildfires,Wildfire in Angola 1020346,False,https://eonet.gsfc.nasa.gov/api/v3/events/EONET_8996
EONET_9011,wildfires,Wildfire in Russian Federation 1020373,False,https://eonet.gsfc.nasa.gov/api/v3/events/EONET_9011
EONET_8731,wildfires,"Prairie Wildfire, Rosebud, Montana",False,https://eonet.gsfc.nasa.gov/api/v3/events/EONET_8731
EONET_8752,wildfires,"Wallace Draw Wildfire, Converse, Wyoming",False,https://eonet.gsfc.nasa.gov/api/v3/events/EONET_8752
EONET_8729,wildfires,"0404 RV LONE ROCK Wildfire, Gilliam, Oregon",False,https://eonet.gsfc.nasa.gov/api/v3/events/EONET_8729
EONET_8805,wildfires,Wildfire in Canada 1020217,False,https://eonet.gsfc.nasa.gov/api/v3/events/EONET_8805
EONET_8806,wildfires,Wildfire in Canada 1020218,False,https://eonet.gsfc.nasa.gov/api/v3/events/EONET_8806
EONET_8807,wildfires,Wildfire in Canada 1020209,False,https://eonet.gsfc.nasa.gov/api/v3/events/EONET_8807
EONET_8808,wildfires,Wildfire in Bolivia 1020225,False,https://eonet.gsfc.nasa.gov/api/v3/events/EONET_8808
EONET_8809,wildfires,Wildfire in Bolivia 1020226,False,https://eonet.gsfc.nasa.gov/api/v3/events/EONET_8809
EONET_8810,wildfires,Wildfire in Canada 1020230,False,https://eonet.gsfc.nasa.gov/api/v3/events/EONET_8810
EONET_8840,wildfires,"Wildfire in Angola, The Democratic Republic of Congo 1020248",False,https://eonet.gsfc.nasa.gov/api/v3/events/EONET_8840
EONET_8841,wildfires,Wildfire in Russian Federation 1020256,False,https://eonet.gsfc.nasa.gov/api/v3/events/EONET_8841
EONET_8971,wildfires,Wildfire in Australia 1020312,False,https://eonet.gsfc.nasa.gov/api/v3/events/EONET_8971
EONET_8997,wildfires,Wildfire in Brazil 1020353,False,https://eonet.gsfc.nasa.gov/api/v3/events/EONET_8997
EONET_8998,wildfires,Wildfire in Canada 1020340,False,https://eonet.gsfc.nasa.gov/api/v3/events/EONET_8998
EONET_9012,wildfires,Wildfire in Canada 1020369,False,https://eonet.gsfc.nasa.gov/api/v3/events/EONET_9012
EONET_9099,wildfires,Wildfire in Brazil 1020411,False,https://eonet.gsfc.nasa.gov/api/v3/events/EONET_9099
EONET_9539,wildfires,Wildfire in Canada 1020787,False,https://eonet.gsfc.nasa.gov/api/v3/events/EONET_9539
EONET_8911,wildfires,"RANCHO Wildfire, Kern, California",False,https://eonet.gsfc.nasa.gov/api/v3/events/EONET_8911
EONET_8732,wildfires,"Speirs Wildfire, Daggett, Utah",False,https://eonet.gsfc.nasa.gov/api/v3/events/EONET_8732
EONET_8739,wildfires,"Four Mile Wildfire, Big Horn, Montana",False,https://eonet.gsfc.nasa.gov/api/v3/events/EONET_8739
EONET_8771,wildfires,"TROUT Wildfire, Tulare, California",False,https://eonet.gsfc.nasa.gov/api/v3/events/EONET_8771
EONET_8909,wildfires,"WHITE Wildfire, Kern, California",False,https://eonet.gsfc.nasa.gov/api/v3/events/EONET_8909
EONET_8726,wildfires,"HURRICANE Wildfire, San Luis Obispo, California",False,https://eonet.gsfc.nasa.gov/api/v3/events/EONET_8726
EONET_8746,wildfires,"Line Creek Wildfire, Powder River, Montana",False,https://eonet.gsfc.nasa.gov/api/v3/events/EONET_8746
EONET_8722,wildfires,"Black Wildfire, Maricopa, Arizona",False,https://eonet.gsfc.nasa.gov/api/v3/events/EONET_8722
EONET_8760,wildfires,Wildfire in Bulgaria 1020197,False,https://eonet.gsfc.nasa.gov/api/v3/events/EONET_8760
EONET_8763,wildfires,Wildfire in Brazil 1020205,False,https://eonet.gsfc.nasa.gov/api/v3/events/EONET_8763
EONET_8764,wildfires,Wildfire in Canada 1020206,False,https://eonet.gsfc.nasa.gov/api/v3/events/EONET_8764
EONET_8765,wildfires,Wildfire in Canada 1020207,False,https://eonet.gsfc.nasa.gov/api/v3/events/EONET_8765
EONET_8811,wildfires,Wildfire in United States 1020219,False,https://eonet.gsfc.nasa.gov/api/v3/events/EONET_8811
EONET_8842,wildfires,Wildfire in Australia 1020257,False,https://eonet.gsfc.nasa.gov/api/v3/events/EONET_8842
EONET_8869,wildfires,Wildfire in Brazil 1020272,False,https://eonet.gsfc.nasa.gov/api/v3/events/EONET_8869
EONET_8972,wildfires,Wildfire in Bolivia 1020328,False,https://eonet.gsfc.nasa.gov/api/v3/events/EONET_8972
EONET_8999,wildfires,Wildfire in Canada 1020341,False,https://eonet.gsfc.nasa.gov/api/v3/events/EONET_8999
EONET_9000,wildfires,Wildfire in Brazil 1020361,False,https://eonet.gsfc.nasa.gov/api/v3/events/EONET_9000
EONET_9070,wildfires,Wildfire in Canada 1020382,False,https://eonet.gsfc.nasa.gov/api/v3/events/EONET_9070
EONET_8750,wildfires,"McGhee Wildfire, Rosebud, Montana",False,https://eonet.gsfc.nasa.gov/api/v3/events/EONET_8750
EONET_8901,wildfires,"Mestenas Canyon Wildfire, Rio Arriba, New Mexico",False,https://eonet.gsfc.nasa.gov/api/v3/events/EONET_8901
EONET_8737,wildfires,"Deadman Wildfire, Rosebud, Montana",False,https://eonet.gsfc.nasa.gov/api/v3/events/EONET_8737
EONET_8735,wildfires,"FREEMAN Wildfire, Pinal, Arizona",False,https://eonet.gsfc.nasa.gov/api/v3/events/EONET_8735
EONET_8724,wildfires,"BROWN Wildfire, Pima, Arizona",False,https://eonet.gsfc.nasa.gov/api/v3/events/EONET_8724
EONET_8709,wildfires,Wildfire in United States 1020181,False,https://eonet.gsfc.nasa.gov/api/v3/events/EONET_8709
EONET_8757,wildfires,Wildfire in Canada 1020193,False,https://eonet.gsfc.nasa.gov/api/v3/events/EONET_8757
EONET_8812,wildfires,Wildfire in Canada 1020221,False,https://eonet.gsfc.nasa.gov/api/v3/events/EONET_8812
EONET_8813,wildfires,Wildfire in Canada 1020220,False,https://eonet.gsfc.nasa.gov/api/v3/events/EONET_8813
EONET_8843,wildfires,Wildfire in Russian Federation 1020258,False,https://eonet.gsfc.nasa.gov/api/v3/events/EONET_8843
EONET_8844,wildfires,Wildfire in Canada 1020239,False,https://eonet.gsfc.nasa.gov/api/v3/events/EONET_8844
EONET_8939,wildfires,Wildfire in Angola 1020292,False,https://eonet.gsfc.nasa.gov/api/v3/events/EONET_8939
EONET_8973,wildfires,Wildfire in Bolivia 1020329,False,https://eonet.gsfc.nasa.gov/api/v3/events/EONET_8973
EONET_9001,wildfires,Wildfire in Russian Federation 1020362,False,https://eonet.gsfc.nasa.gov/api/v3/events/EONET_9001
EONET_8723,wildfires,"Bench Lake Wildfire, Custer, Idaho",False,https://eonet.gsfc.nasa.gov/api/v3/events/EONET_8723
EONET_8648,wildfires,"COW VALLEY Wildfire, Malheur, Oregon",False,https://eonet.gsfc.nasa.gov/api/v3/events/EONET_8648
EONET_8650,wildfires,"BONITA ROAD Wildfire, Malheur, Oregon",False,https://eonet.gsfc.nasa.gov/api/v3/events/EONET_8650
EONET_8733,wildfires,"Watch Wildfire, Gila, Arizona",False,https://eonet.gsfc.nasa.gov/api/v3/events/EONET_8733
EONET_8770,wildfires,"Buckhorn Wildfire, Graham, Arizona",False,https://eonet.gsfc.nasa.gov/api/v3/events/EONET_8770
EONET_8646,wildfires,"0381 RV JUNIPER Wildfire, Jefferson, Oregon",False,https://eonet.gsfc.nasa.gov/api/v3/events/EONET_8646
EONET_8766,wildfires,Wildfire in Canada 1020203,False,https://eonet.gsfc.nasa.gov/api/v3/events/EONET_8766
EONET_8814,wildfires,Wildfire in Bolivia 1020227,False,https://eonet.gsfc.nasa.gov/api/v3/events/EONET_8814
EONET_8815,wildfires,Wildfire in Bolivia 1020228,False,https://eonet.gsfc.nasa.gov/api/v3/events/EONET_8815
EONET_8940,wildfires,Wildfire in Brazil 1020302,False,https://eonet.gsfc.nasa.gov/api/v3/events/EONET_8940
EONET_8730,wildfires,"Falls Wildfire, Harney, Oregon",False,https://eonet.gsfc.nasa.gov/api/v3/events/EONET_8730
EONET_8605,wildfires,Wildfire in Canada 1020155,False,https://eonet.gsfc.nasa.gov/api/v3/events/EONET_8605
EONET_8606,wildfires,Wildfire in Canada 1020156,False,https://eonet.gsfc.nasa.gov/api/v3/events/EONET_8606
EONET_8607,wildfires,Wildfire in Canada 1020157,False,https://eonet.gsfc.nasa.gov/api/v3/events/EONET_8607
EONET_8608,wildfires,Wildfire in Canada 1020158,False,https://eonet.gsfc.nasa.gov/api/v3/events/EONET_8608
EONET_8609,wildfires,Wildfire in Canada 1020159,False,https://eonet.gsfc.nasa.gov/api/v3/events/EONET_8609
EONET_8610,wildfires,Wildfire in Canada 1020160,False,https://eonet.gsfc.nasa.gov/api/v3/events/EONET_8610
EONET_8635,wildfires,Wildfire in Canada 1020163,False,https://eonet.gsfc.nasa.gov/api/v3/events/EONET_8635
EONET_8710,wildfires,Wildfire in Angola 1020182,False,https://eonet.gsfc.nasa.gov/api/v3/events/EONET_8710
EONET_8717,wildfires,Wildfire in Bolivia 1020189,False,https://eonet.gsfc.nasa.gov/api/v3/events/EONET_8717
EONET_8720,wildfires,Wildfire in United States 1020192,False,https://eonet.gsfc.nasa.gov/api/v3/events/EONET_8720
EONET_8758,wildfires,Wildfire in Russian Federation 1020194,False,https://eonet.gsfc.nasa.gov/api/v3/events/EONET_8758
EONET_8761,wildfires,Wildfire in The Republic of North Macedonia 1020198,False,https://eonet.gsfc.nasa.gov/api/v3/events/EONET_8761
EONET_8767,wildfires,Wildfire in Canada 1020204,False,https://eonet.gsfc.nasa.gov/api/v3/events/EONET_8767
EONET_8768,wildfires,Wildfire in Canada 1020200,False,https://eonet.gsfc.nasa.gov/api/v3/events/EONET_8768
EONET_8816,wildfires,Wildfire in Canada 1020222,False,https://eonet.gsfc.nasa.gov/api/v3/events/EONET_8816
EONET_8870,wildfires,Wildfire in Angola 1020268,False,https://eonet.gsfc.nasa.gov/api/v3/events/EONET_8870
EONET_8974,wildfires,Wildfire in Russian Federation 1020317,False,https://eonet.gsfc.nasa.gov/api/v3/events/EONET_8974
EONET_8659,wildfires,"LARCH CREEK Wildfire, Wasco, Oregon",False,https://eonet.gsfc.nasa.gov/api/v3/events/EONET_8659
EONET_8681,wildfires,"2024 DOD Hardwood Range RX Wildfire, Juneau, Wisconsin",False,https://eonet.gsfc.nasa.gov/api/v3/events/EONET_8681
EONET_8655,wildfires,"COW 2 Wildfire, Tulare, California",False,https://eonet.gsfc.nasa.gov/api/v3/events/EONET_8655
EONET_8636,wildfires,Wildfire in Angola 1020164,False,https://eonet.gsfc.nasa.gov/api/v3/events/EONET_8636
EONET_8699,wildfires,Wildfire in Albania 1020161,False,https://eonet.gsfc.nasa.gov/api/v3/events/EONET_8699
EONET_8845,wildfires,Wildfire in Canada 1020250,False,https://eonet.gsfc.nasa.gov/api/v3/events/EONET_8845
EONET_8871,wildfires,Wildfire in Angola 1020269,False,https://eonet.gsfc.nasa.gov/api/v3/events/EONET_8871
EONET_8941,wildfires,Wildfire in Australia 1020293,False,https://eonet.gsfc.nasa.gov/api/v3/events/EONET_8941
EONET_8665,wildfires,"Pius Wildfire, Coconino, Arizona",False,https://eonet.gsfc.nasa.gov/api/v3/events/EONET_8665
EONET_8661,wildfires,"Upper Pine Wildfire, Harney, Oregon",False,https://eonet.gsfc.nasa.gov/api/v3/events/EONET_8661
EONET_8660,wildfires,"Salt Creek Rd MM 4 037 Wildfire, Jackson, Oregon",False,https://eonet.gsfc.nasa.gov/api/v3/events/EONET_8660
EONET_8637,wildfires,Wildfire in Australia 1020165,False,https://eonet.gsfc.nasa.gov/api/v3/events/EONET_8637
EONET_8700,wildfires,Wildfire in Russian Federation 1020173,False,https://eonet.gsfc.nasa.gov/api/v3/events/EONET_8700
EONET_8711,wildfires,Wildfire in Russian Federation 1020183,False,https://eonet.gsfc.nasa.gov/api/v3/events/EONET_8711
EONET_8762,wildfires,Wildfire in Russian Federation 1020199,False,https://eonet.gsfc.nasa.gov/api/v3/events/EONET_8762
EONET_8817,wildfires,Wildfire in Russian Federation 1020231,False,https://eonet.gsfc.nasa.gov/api/v3/events/EONET_8817
EONET_8846,wildfires,Wildfire in Russian Federation 1020251,False,https://eonet.gsfc.nasa.gov/api/v3/events/EONET_8846
EONET_8847,wildfires,Wildfire in Canada 1020240,False,https://eonet.gsfc.nasa.gov/api/v3/events/EONET_8847
EONET_8649,wildfires,"VISTA Wildfire, San Bernardino, California",False,https://eonet.gsfc.nasa.gov/api/v3/events/EONET_8649
EONET_8611,wildfires,Wildfire in Australia 1020132,False,https://eonet.gsfc.nasa.gov/api/v3/events/EONET_8611
EONET_8612,wildfires,Wildfire in Russian Federation 1020153,False,https://eonet.gsfc.nasa.gov/api/v3/events/EONET_8612
EONET_8613,wildfires,Wildfire in Russian Federation 1020133,False,https://eonet.gsfc.nasa.gov/api/v3/events/EONET_8613
EONET_8614,wildfires,Wildfire in Russian Federation 1020134,False,https://eonet.gsfc.nasa.gov/api/v3/events/EONET_8614
EONET_8638,wildfires,Wildfire in Russian Federation 1020166,False,https://eonet.gsfc.nasa.gov/api/v3/events/EONET_8638
EONET_8639,wildfires,Wildfire in Russian Federation 1020167,False,https://eonet.gsfc.nasa.gov/api/v3/events/EONET_8639
EONET_8701,wildfires,Wildfire in Canada 1020174,False,https://eonet.gsfc.nasa.gov/api/v3/events/EONET_8701
EONET_8712,wildfires,Wildfire in Russian Federation 1020184,False,https://eonet.gsfc.nasa.gov/api/v3/events/EONET_8712
EONET_8759,wildfires,Wildfire in Russian Federation 1020195,False,https://eonet.gsfc.nasa.gov/api/v3/events/EONET_8759
EONET_8818,wildfires,Wildfire in Brazil 1020229,False,https://eonet.gsfc.nasa.gov/api/v3/events/EONET_8818
EONET_8848,wildfires,Wildfire in Australia 1020259,False,https://eonet.gsfc.nasa.gov/api/v3/events/EONET_8848
EONET_8672,wildfires,"Tea Time Hill Wildfire, Burlington, New Jersey",False,https://eonet.gsfc.nasa.gov/api/v3/events/EONET_8672
EONET_8515,wildfires,Wildfire in United States 1020089,False,https://eonet.gsfc.nasa.gov/api/v3/events/EONET_8515
EONET_8526,wildfires,Wildfire in United States 1020100,False,https://eonet.gsfc.nasa.gov/api/v3/events/EONET_8526
EONET_8589,wildfires,Wildfire in Brazil 1020116,False,https://eonet.gsfc.nasa.gov/api/v3/events/EONET_8589
EONET_8590,wildfires,Wildfire in Russian Federation 1020117,False,https://eonet.gsfc.nasa.gov/api/v3/events/EONET_8590
EONET_8615,wildfires,Wildfire in South Africa 1020135,False,https://eonet.gsfc.nasa.gov/api/v3/events/EONET_8615
EONET_8616,wildfires,Wildfire in Russian Federation 1020138,False,https://eonet.gsfc.nasa.gov/api/v3/events/EONET_8616
EONET_8617,wildfires,Wildfire in Russian Federation 1020136,False,https://eonet.gsfc.nasa.gov/api/v3/events/EONET_8617
EONET_8618,wildfires,Wildfire in Russian Federation 1020137,False,https://eonet.gsfc.nasa.gov/api/v3/events/EONET_8618
EONET_8619,wildfires,Wildfire in Russian Federation 1020139,False,https://eonet.gsfc.nasa.gov/api/v3/events/EONET_8619
EONET_8620,wildfires,Wildfire in Canada 1020162,False,https://eonet.gsfc.nasa.gov/api/v3/events/EONET_8620
EONET_8640,wildfires,Wildfire in South Africa 1020168,False,https://eonet.gsfc.nasa.gov/api/v3/events/EONET_8640
EONET_8641,wildfires,Wildfire in Russian Federation 1020169,False,https://eonet.gsfc.nasa.gov/api/v3/events/EONET_8641
EONET_8654,wildfires,"Lake Wildfire, Santa Barbara, California",False,https://eonet.gsfc.nasa.gov/api/v3/events/EONET_8654
EONET_8702,wildfires,Wildfire in Canada 1020176,False,https://eonet.gsfc.nasa.gov/api/v3/events/EONET_8702
EONET_8703,wildfires,Wildfire in Russian Federation 1020175,False,https://eonet.gsfc.nasa.gov/api/v3/events/EONET_8703
EONET_8819,wildfires,Wildfire in Canada 1020210,False,https://eonet.gsfc.nasa.gov/api/v3/events/EONET_8819
EONET_8652,wildfires,"Silver King Wildfire, Piute, Utah",False,https://eonet.gsfc.nasa.gov/api/v3/events/EONET_8652
EONET_8688,wildfires,"West Marsh Wildfire, Volusia, Florida",False,https://eonet.gsfc.nasa.gov/api/v3/events/EONET_8688
EONET_8516,wildfires,Wildfire in Angola 1020090,False,https://eonet.gsfc.nasa.gov/api/v3/events/EONET_8516
EONET_8527,wildfires,Wildfire in Russian Federation 1020101,False,https://eonet.gsfc.nasa.gov/api/v3/events/EONET_8527
EONET_8591,wildfires,Wildfire in Canada 1020118,False,https://eonet.gsfc.nasa.gov/api/v3/events/EONET_8591
EONET_8621,wildfires,Wildfire in Russian Federation 1020140,False,https://eonet.gsfc.nasa.gov/api/v3/events/EONET_8621
EONET_8622,wildfires,Wildfire in Canada 1020141,False,https://eonet.gsfc.nasa.gov/api/v3/events/EONET_8622
EONET_8623,wildfires,Wildfire in Australia 1020142,False,https://eonet.gsfc.nasa.gov/api/v3/events/EONET_8623
EONET_8704,wildfires,Wildfire in Russian Federation 1020177,False,https://eonet.gsfc.nasa.gov/api/v3/events/EONET_8704
EONET_8713,wildfires,Wildfire in Russian Federation 1020185,False,https://eonet.gsfc.nasa.gov/api/v3/events/EONET_8713
EONET_8718,wildfires,Wildfire in Russian Federation 1020190,False,https://eonet.gsfc.nasa.gov/api/v3/events/EONET_8718
EONET_8820,wildfires,Wildfire in Canada 1020223,False,https://eonet.gsfc.nasa.gov/api/v3/events/EONET_8820
EONET_8690,wildfires,"ROAD 11 Wildfire, Douglas, Washington",False,https://eonet.gsfc.nasa.gov/api/v3/events/EONET_8690
EONET_8671,wildfires,"JOE BARKER ROAD Wildfire, Walla Walla, Washington",False,https://eonet.gsfc.nasa.gov/api/v3/events/EONET_8671
EONET_8517,wildfires,Wildfire in Canada 1020093,False,https://eonet.gsfc.nasa.gov/api/v3/events/EONET_8517
EONET_8518,wildfires,Wildfire in The Democratic Republic of Congo 1020091,False,https://eonet.gsfc.nasa.gov/api/v3/events/EONET_8518
EONET_8519,wildfires,Wildfire in Angola 1020092,False,https://eonet.gsfc.nasa.gov/api/v3/events/EONET_8519
EONET_8592,wildfires,Wildfire in Russian Federation 1020119,False,https://eonet.gsfc.nasa.gov/api/v3/events/EONET_8592
EONET_8593,wildfires,Wildfire in Russian Federation 1020120,False,https://eonet.gsfc.nasa.gov/api/v3/events/EONET_8593
EONET_8624,wildfires,Wildfire in Namibia 1020144,False,https://eonet.gsfc.nasa.gov/api/v3/events/EONET_8624
EONET_8625,wildfires,Wildfire in United States 1020143,False,https://eonet.gsfc.nasa.gov/api/v3/events/EONET_8625
EONET_8626,wildfires,Wildfire in Russian Federation 1020154,False,https://eonet.gsfc.nasa.gov/api/v3/events/EONET_8626
EONET_8642,wildfires,Wildfire in Canada 1020170,False,https://eonet.gsfc.nasa.gov/api/v3/events/EONET_8642
EONET_8705,wildfires,Wildfire in Russian Federation 1020178,False,https://eonet.gsfc.nasa.gov/api/v3/events/EONET_8705
EONET_8714,wildfires,Wildfire in Russian Federation 1020186,False,https://eonet.gsfc.nasa.gov/api/v3/events/EONET_8714
EONET_8480,wildfires,"Billy Creek Wildfire, Nez Perce, Idaho",False,https://eonet.gsfc.nasa.gov/api/v3/events/EONET_8480
EONET_8916,wildfires,"ORCHARD Wildfire, Kern, California",False,https://eonet.gsfc.nasa.gov/api/v3/events/EONET_8916
EONET_8656,wildfires,"SHELLY Wildfire, Siskiyou, California",False,https://eonet.gsfc.nasa.gov/api/v3/events/EONET_8656
EONET_8917,wildfires,"OLIVE Wildfire, Kern, California",False,https://eonet.gsfc.nasa.gov/api/v3/events/EONET_8917
EONET_8914,wildfires,"Cedardale Fire Wildfire, Woodward, Oklahoma",False,https://eonet.gsfc.nasa.gov/api/v3/events/EONET_8914
EONET_8491,wildfires,Wildfire in Australia 1020065,False,https://eonet.gsfc.nasa.gov/api/v3/events/EONET_8491
EONET_8505,wildfires,Wildfire in Angola 1020079,False,https://eonet.gsfc.nasa.gov/api/v3/events/EONET_8505
EONET_8520,wildfires,Wildfire in Australia 1020094,False,https://eonet.gsfc.nasa.gov/api/v3/events/EONET_8520
EONET_8594,wildfires,Wildfire in Russian Federation 1020121,False,https://eonet.gsfc.nasa.gov/api/v3/events/EONET_8594
EONET_8715,wildfires,Wildfire in Russian Federation 1020187,False,https://eonet.gsfc.nasa.gov/api/v3/events/EONET_8715
EONET_8657,wildfires,"Ridge Wildfire, Catron, New Mexico",False,https://eonet.gsfc.nasa.gov/api/v3/events/EONET_8657
EONET_8687,wildfires,"Hawk Wildfire, Yukon-Koyukuk, Alaska",False,https://eonet.gsfc.nasa.gov/api/v3/events/EONET_8687
EONET_8437,wildfires,Wildfire in Russian Federation 1020029,False,https://eonet.gsfc.nasa.gov/api/v3/events/EONET_8437
EONET_8457,wildfires,Wildfire in Angola 1020048,False,https://eonet.gsfc.nasa.gov/api/v3/events/EONET_8457
EONET_8492,wildfires,Wildfire in Russian Federation 1020066,False,https://eonet.gsfc.nasa.gov/api/v3/events/EONET_8492
EONET_8506,wildfires,Wildfire in Russian Federation 1020080,False,https://eonet.gsfc.nasa.gov/api/v3/events/EONET_8506
EONET_8521,wildfires,Wildfire in The Democratic Republic of Congo 1020095,False,https://eonet.gsfc.nasa.gov/api/v3/events/EONET_8521
EONET_8528,wildfires,Wildfire in Russian Federation 1020102,False,https://eonet.gsfc.nasa.gov/api/v3/events/EONET_8528
EONET_8529,wildfires,Wildfire in Zambia 1020103,False,https://eonet.gsfc.nasa.gov/api/v3/events/EONET_8529
EONET_8595,wildfires,Wildfire in Russian Federation 1020122,False,https://eonet.gsfc.nasa.gov/api/v3/events/EONET_8595
EONET_8596,wildfires,Wildfire in Russian Federation 1020123,False,https://eonet.gsfc.nasa.gov/api/v3/events/EONET_8596
EONET_8627,wildfires,Wildfire in Canada 1020145,False,https://eonet.gsfc.nasa.gov/api/v3/events/EONET_8627
EONET_8706,wildfires,Wildfire in Zambia 1020179,False,https://eonet.gsfc.nasa.gov/api/v3/events/EONET_8706
EONET_8707,wildfires,Wildfire in Russian Federation 1020180,False,https://eonet.gsfc.nasa.gov/api/v3/events/EONET_8707
EONET_8769,wildfires,Wildfire in Canada 1020202,False,https://eonet.gsfc.nasa.gov/api/v3/events/EONET_8769
EONET_8477,wildfires,"MCCAIN 4 Wildfire, San Diego, California",False,https://eonet.gsfc.nasa.gov/api/v3/events/EONET_8477
EONET_8686,wildfires,"South Cattle RX Wildfire, Yavapai, Arizona",False,https://eonet.gsfc.nasa.gov/api/v3/events/EONET_8686
EONET_8458,wildfires,Wildfire in Russian Federation 1020049,False,https://eonet.gsfc.nasa.gov/api/v3/events/EONET_8458
EONET_8493,wildfires,Wildfire in Canada 1020067,False,https://eonet.gsfc.nasa.gov/api/v3/events/EONET_8493
EONET_8494,wildfires,Wildfire in Bolivia 1020068,False,https://eonet.gsfc.nasa.gov/api/v3/events/EONET_8494
EONET_8507,wildfires,Wildfire in Brazil 1020081,False,https://eonet.gsfc.nasa.gov/api/v3/events/EONET_8507
EONET_8522,wildfires,Wildfire in Russian Federation 1020096,False,https://eonet.gsfc.nasa.gov/api/v3/events/EONET_8522
EONET_8523,wildfires,Wildfire in Russian Federation 1020097,False,https://eonet.gsfc.nasa.gov/api/v3/events/EONET_8523
EONET_8530,wildfires,Wildfire in Russian Federation 1020104,False,https://eonet.gsfc.nasa.gov/api/v3/events/EONET_8530
EONET_8531,wildfires,Wildfire in Russian Federation 1020105,False,https://eonet.gsfc.nasa.gov/api/v3/events/EONET_8531
EONET_8532,wildfires,Wildfire in Russian Federation 1020106,False,https://eonet.gsfc.nasa.gov/api/v3/events/EONET_8532
EONET_8597,wildfires,Wildfire in Russian Federation 1020124,False,https://eonet.gsfc.nasa.gov/api/v3/events/EONET_8597
EONET_8628,wildfires,Wildfire in Russian Federation 1020147,False,https://eonet.gsfc.nasa.gov/api/v3/events/EONET_8628
EONET_8629,wildfires,Wildfire in Russian Federation 1020146,False,https://eonet.gsfc.nasa.gov/api/v3/events/EONET_8629
EONET_8716,wildfires,Wildfire in Russian Federation 1020188,False,https://eonet.gsfc.nasa.gov/api/v3/events/EONET_8716
EONET_8719,wildfires,Wildfire in Russian Federation 1020191,False,https://eonet.gsfc.nasa.gov/api/v3/events/EONET_8719
EONET_9678,wildfires,"Wildfire in Bolivia, Brazil 1020946",False,https://eonet.gsfc.nasa.gov/api/v3/events/EONET_9678
EONET_8753,wildfires,"Melozitna Wildfire, Yukon-Koyukuk, Alaska",False,https://eonet.gsfc.nasa.gov/api/v3/events/EONET_8753
EONET_8484,wildfires,"National Wildfire, Yukon-Koyukuk, Alaska",False,https://eonet.gsfc.nasa.gov/api/v3/events/EONET_8484
EONET_8919,wildfires,"HOOKER PRARIE Wildfire, Polk, Florida",False,https://eonet.gsfc.nasa.gov/api/v3/events/EONET_8919
EONET_8438,wildfires,Wildfire in Russian Federation 1020031,False,https://eonet.gsfc.nasa.gov/api/v3/events/EONET_8438
EONET_8439,wildfires,Wildfire in Russian Federation 1020032,False,https://eonet.gsfc.nasa.gov/api/v3/events/EONET_8439
EONET_8495,wildfires,Wildfire in The Democratic Republic of Congo 1020069,False,https://eonet.gsfc.nasa.gov/api/v3/events/EONET_8495
EONET_8496,wildfires,Wildfire in Russian Federation 1020070,False,https://eonet.gsfc.nasa.gov/api/v3/events/EONET_8496
EONET_8533,wildfires,Wildfire in Russian Federation 1020107,False,https://eonet.gsfc.nasa.gov/api/v3/events/EONET_8533
EONET_8630,wildfires,Wildfire in Russian Federation 1020148,False,https://eonet.gsfc.nasa.gov/api/v3/events/EONET_8630
EONET_8631,wildfires,Wildfire in Russian Federation 1020149,False,https://eonet.gsfc.nasa.gov/api/v3/events/EONET_8631
EONET_8483,wildfires,"Salmon Wildfire, Yukon-Koyukuk, Alaska",False,https://eonet.gsfc.nasa.gov/api/v3/events/EONET_8483
EONET_8479,wildfires,"Eagle Wildfire, Yukon-Koyukuk, Alaska",False,https://eonet.gsfc.nasa.gov/api/v3/events/EONET_8479
EONET_8662,wildfires,"Grapefruit Complex Wildfire, Yukon-Koyukuk, Alaska",False,https://eonet.gsfc.nasa.gov/api/v3/events/EONET_8662
EONET_8440,wildfires,Wildfire in Russian Federation 1020033,False,https://eonet.gsfc.nasa.gov/api/v3/events/EONET_8440
EONET_8441,wildfires,Wildfire in Russian Federation 1020034,False,https://eonet.gsfc.nasa.gov/api/v3/events/EONET_8441
EONET_8459,wildfires,Wildfire in Russian Federation 1020052,False,https://eonet.gsfc.nasa.gov/api/v3/events/EONET_8459
EONET_8460,wildfires,Wildfire in Russian Federation 1020050,False,https://eonet.gsfc.nasa.gov/api/v3/events/EONET_8460
EONET_8461,wildfires,Wildfire in Russian Federation 1020051,False,https://eonet.gsfc.nasa.gov/api/v3/events/EONET_8461
EONET_8462,wildfires,Wildfire in Australia 1020053,False,https://eonet.gsfc.nasa.gov/api/v3/events/EONET_8462
EONET_8497,wildfires,Wildfire in The Democratic Republic of Congo 1020071,False,https://eonet.gsfc.nasa.gov/api/v3/events/EONET_8497
EONET_8498,wildfires,Wildfire in Russian Federation 1020072,False,https://eonet.gsfc.nasa.gov/api/v3/events/EONET_8498
EONET_8508,wildfires,Wildfire in Russian Federation 1020082,False,https://eonet.gsfc.nasa.gov/api/v3/events/EONET_8508
EONET_8524,wildfires,Wildfire in The Democratic Republic of Congo 1020098,False,https://eonet.gsfc.nasa.gov/api/v3/events/EONET_8524
EONET_8598,wildfires,Wildfire in Russian Federation 1020125,False,https://eonet.gsfc.nasa.gov/api/v3/events/EONET_8598
EONET_8643,wildfires,Wildfire in Russian Federation 1020171,False,https://eonet.gsfc.nasa.gov/api/v3/events/EONET_8643
EONET_8795,wildfires,"Kanuti Wildfire, Yukon-Koyukuk, Alaska",False,https://eonet.gsfc.nasa.gov/api/v3/events/EONET_8795
EONET_8355,wildfires,"Sushana River Wildfire, Denali, Alaska",False,https://eonet.gsfc.nasa.gov/api/v3/events/EONET_8355
EONET_8300,wildfires,Wildfire in Bolivia 1019963,False,https://eonet.gsfc.nasa.gov/api/v3/events/EONET_8300
EONET_8314,wildfires,Wildfire in Russian Federation 1019977,False,https://eonet.gsfc.nasa.gov/api/v3/events/EONET_8314
EONET_8334,wildfires,Wildfire in Russian Federation 1019995,False,https://eonet.gsfc.nasa.gov/api/v3/events/EONET_8334
EONET_8420,wildfires,Wildfire in Russian Federation 1020012,False,https://eonet.gsfc.nasa.gov/api/v3/events/EONET_8420
EONET_8442,wildfires,Wildfire in Russian Federation 1020035,False,https://eonet.gsfc.nasa.gov/api/v3/events/EONET_8442
EONET_8443,wildfires,Wildfire in Russian Federation 1020036,False,https://eonet.gsfc.nasa.gov/api/v3/events/EONET_8443
EONET_8444,wildfires,Wildfire in The Democratic Republic of Congo 1020037,False,https://eonet.gsfc.nasa.gov/api/v3/events/EONET_8444
EONET_8463,wildfires,Wildfire in Russian Federation 1020054,False,https://eonet.gsfc.nasa.gov/api/v3/events/EONET_8463
EONET_8499,wildfires,Wildfire in Tanzania 1020073,False,https://eonet.gsfc.nasa.gov/api/v3/events/EONET_8499
EONET_8500,wildfires,Wildfire in The Democratic Republic of Congo 1020074,False,https://eonet.gsfc.nasa.gov/api/v3/events/EONET_8500
EONET_8509,wildfires,Wildfire in Russian Federation 1020083,False,https://eonet.gsfc.nasa.gov/api/v3/events/EONET_8509
EONET_8534,wildfires,Wildfire in Russian Federation 1020108,False,https://eonet.gsfc.nasa.gov/api/v3/events/EONET_8534
EONET_8535,wildfires,Wildfire in Russian Federation 1020109,False,https://eonet.gsfc.nasa.gov/api/v3/events/EONET_8535
EONET_8536,wildfires,Wildfire in Canada 1020110,False,https://eonet.gsfc.nasa.gov/api/v3/events/EONET_8536
EONET_8599,wildfires,Wildfire in Russian Federation 1020126,False,https://eonet.gsfc.nasa.gov/api/v3/events/EONET_8599
EONET_8632,wildfires,Wildfire in Canada 1020150,False,https://eonet.gsfc.nasa.gov/api/v3/events/EONET_8632
EONET_8644,wildfires,Wildfire in Russian Federation 1020172,False,https://eonet.gsfc.nasa.gov/api/v3/events/EONET_8644
EONET_8486,wildfires,"Lost Chicken Hill Wildfire, Southeast Fairbanks, Alaska",False,https://eonet.gsfc.nasa.gov/api/v3/events/EONET_8486
EONET_8385,wildfires,"Purcell Wildfire, Northwest Arctic, Alaska",False,https://eonet.gsfc.nasa.gov/api/v3/events/EONET_8385
EONET_8386,wildfires,"Ekiek Wildfire, Northwest Arctic, Alaska",False,https://eonet.gsfc.nasa.gov/api/v3/events/EONET_8386
EONET_8377,wildfires,"Quinn Creek Wildfire, Bethel, Alaska",False,https://eonet.gsfc.nasa.gov/api/v3/events/EONET_8377
EONET_8683,wildfires,"East Toklat Wildfire, Denali, Alaska",False,https://eonet.gsfc.nasa.gov/api/v3/events/EONET_8683
EONET_8359,wildfires,"Gold King Creek Wildfire, Denali, Alaska",False,https://eonet.gsfc.nasa.gov/api/v3/events/EONET_8359
EONET_8369,wildfires,"PIZONA Wildfire, Mineral, Nevada",False,https://eonet.gsfc.nasa.gov/api/v3/events/EONET_8369
EONET_8315,wildfires,Wildfire in Russian Federation 1019978,False,https://eonet.gsfc.nasa.gov/api/v3/events/EONET_8315
EONET_8316,wildfires,Wildfire in Russian Federation 1019979,False,https://eonet.gsfc.nasa.gov/api/v3/events/EONET_8316
EONET_8335,wildfires,Wildfire in Canada 1019997,False,https://eonet.gsfc.nasa.gov/api/v3/events/EONET_8335
EONET_8336,wildfires,Wildfire in Russian Federation 1019996,False,https://eonet.gsfc.nasa.gov/api/v3/events/EONET_8336
EONET_8337,wildfires,Wildfire in Russian Federation 1019998,False,https://eonet.gsfc.nasa.gov/api/v3/events/EONET_8337
EONET_8421,wildfires,Wildfire in Russian Federation 1020013,False,https://eonet.gsfc.nasa.gov/api/v3/events/EONET_8421
EONET_8422,wildfires,Wildfire in Russian Federation 1020014,False,https://eonet.gsfc.nasa.gov/api/v3/events/EONET_8422
EONET_8423,wildfires,Wildfire in Russian Federation 1020015,False,https://eonet.gsfc.nasa.gov/api/v3/events/EONET_8423
EONET_8445,wildfires,Wildfire in Russian Federation 1020038,False,https://eonet.gsfc.nasa.gov/api/v3/events/EONET_8445
EONET_8446,wildfires,Wildfire in Russian Federation 1020039,False,https://eonet.gsfc.nasa.gov/api/v3/events/EONET_8446
EONET_8464,wildfires,Wildfire in Russian Federation 1020055,False,https://eonet.gsfc.nasa.gov/api/v3/events/EONET_8464
EONET_8465,wildfires,Wildfire in Russian Federation 1020056,False,https://eonet.gsfc.nasa.gov/api/v3/events/EONET_8465
EONET_8466,wildfires,Wildfire in Russian Federation 1020057,False,https://eonet.gsfc.nasa.gov/api/v3/events/EONET_8466
EONET_8501,wildfires,Wildfire in Russian Federation 1020075,False,https://eonet.gsfc.nasa.gov/api/v3/events/EONET_8501
EONET_8510,wildfires,Wildfire in Russian Federation 1020084,False,https://eonet.gsfc.nasa.gov/api/v3/events/EONET_8510
EONET_8537,wildfires,Wildfire in Russian Federation 1020111,False,https://eonet.gsfc.nasa.gov/api/v3/events/EONET_8537
EONET_8600,wildfires,Wildfire in Russian Federation 1020127,False,https://eonet.gsfc.nasa.gov/api/v3/events/EONET_8600
EONET_8363,wildfires,"Bearman Wildfire, Yukon-Koyukuk, Alaska",False,https://eonet.gsfc.nasa.gov/api/v3/events/EONET_8363
EONET_8378,wildfires,"Alder Wildfire, Southeast Fairbanks, Alaska",False,https://eonet.gsfc.nasa.gov/api/v3/events/EONET_8378
EONET_8382,wildfires,"Big Salmon Fork Wildfire, Yukon-Koyukuk, Alaska",False,https://eonet.gsfc.nasa.gov/api/v3/events/EONET_8382
EONET_8365,wildfires,"American Wildfire, Yukon-Koyukuk, Alaska",False,https://eonet.gsfc.nasa.gov/api/v3/events/EONET_8365
EONET_8485,wildfires,"Hodzana River Wildfire, Bethel, Alaska",False,https://eonet.gsfc.nasa.gov/api/v3/events/EONET_8485
EONET_8282,wildfires,Wildfire in Angola 1019945,False,https://eonet.gsfc.nasa.gov/api/v3/events/EONET_8282
EONET_8301,wildfires,Wildfire in Canada 1019964,False,https://eonet.gsfc.nasa.gov/api/v3/events/EONET_8301
EONET_8317,wildfires,Wildfire in The Democratic Republic of Congo 1019980,False,https://eonet.gsfc.nasa.gov/api/v3/events/EONET_8317
EONET_8318,wildfires,Wildfire in The Democratic Republic of Congo 1019981,False,https://eonet.gsfc.nasa.gov/api/v3/events/EONET_8318
EONET_8319,wildfires,Wildfire in The Democratic Republic of Congo 1019982,False,https://eonet.gsfc.nasa.gov/api/v3/events/EONET_8319
EONET_8320,wildfires,Wildfire in United States 1019983,False,https://eonet.gsfc.nasa.gov/api/v3/events/EONET_8320
EONET_8321,wildfires,Wildfire in Canada 1019984,False,https://eonet.gsfc.nasa.gov/api/v3/events/EONET_8321
EONET_8322,wildfires,Wildfire in Russian Federation 1019985,False,https://eonet.gsfc.nasa.gov/api/v3/events/EONET_8322
EONET_8338,wildfires,Wildfire in Russian Federation 1019999,False,https://eonet.gsfc.nasa.gov/api/v3/events/EONET_8338
EONET_8339,wildfires,Wildfire in Canada 1020000,False,https://eonet.gsfc.nasa.gov/api/v3/events/EONET_8339
EONET_8340,wildfires,Wildfire in Russian Federation 1020001,False,https://eonet.gsfc.nasa.gov/api/v3/events/EONET_8340
EONET_8424,wildfires,Wildfire in Russian Federation 1020016,False,https://eonet.gsfc.nasa.gov/api/v3/events/EONET_8424
EONET_8447,wildfires,Wildfire in Angola 1020044,False,https://eonet.gsfc.nasa.gov/api/v3/events/EONET_8447
EONET_8448,wildfires,Wildfire in Russian Federation 1020040,False,https://eonet.gsfc.nasa.gov/api/v3/events/EONET_8448
EONET_8449,wildfires,Wildfire in Canada 1020041,False,https://eonet.gsfc.nasa.gov/api/v3/events/EONET_8449
EONET_8450,wildfires,Wildfire in Russian Federation 1020042,False,https://eonet.gsfc.nasa.gov/api/v3/events/EONET_8450
EONET_8451,wildfires,Wildfire in The Democratic Republic of Congo 1020043,False,https://eonet.gsfc.nasa.gov/api/v3/events/EONET_8451
EONET_8467,wildfires,Wildfire in Russian Federation 1020058,False,https://eonet.gsfc.nasa.gov/api/v3/events/EONET_8467
EONET_8502,wildfires,Wildfire in Russian Federation 1020076,False,https://eonet.gsfc.nasa.gov/api/v3/events/EONET_8502
EONET_8511,wildfires,Wildfire in Russian Federation 1020085,False,https://eonet.gsfc.nasa.gov/api/v3/events/EONET_8511
EONET_8512,wildfires,Wildfire in Canada 1020086,False,https://eonet.gsfc.nasa.gov/api/v3/events/EONET_8512
EONET_8538,wildfires,Wildfire in Canada 1020112,False,https://eonet.gsfc.nasa.gov/api/v3/events/EONET_8538
EONET_8601,wildfires,Wildfire in Russian Federation 1020128,False,https://eonet.gsfc.nasa.gov/api/v3/events/EONET_8601
EONET_8633,wildfires,Wildfire in Russian Federation 1020151,False,https://eonet.gsfc.nasa.gov/api/v3/events/EONET_8633
EONET_8351,wildfires,"Grizzly Wildfire, Denali, Alaska",False,https://eonet.gsfc.nasa.gov/api/v3/events/EONET_8351
EONET_8360,wildfires,"Globe Wildfire, Yukon-Koyukuk, Alaska",False,https://eonet.gsfc.nasa.gov/api/v3/events/EONET_8360
EONET_8691,wildfires,"FRESNO JUNE LIGHTNING COMPLEX Wildfire, Fresno, California",False,https://eonet.gsfc.nasa.gov/api/v3/events/EONET_8691
EONET_8361,wildfires,"Iver Wildfire, Fairbanks North Star, Alaska",False,https://eonet.gsfc.nasa.gov/api/v3/events/EONET_8361
EONET_8362,wildfires,"Slate Wildfire, Yukon-Koyukuk, Alaska",False,https://eonet.gsfc.nasa.gov/api/v3/events/EONET_8362
EONET_8225,wildfires,"APACHE Wildfire, Butte, California",False,https://eonet.gsfc.nasa.gov/api/v3/events/EONET_8225
EONET_8260,wildfires,Wildfire in Canada 1019923,False,https://eonet.gsfc.nasa.gov/api/v3/events/EONET_8260
EONET_8268,wildfires,Wildfire in Brazil 1019931,False,https://eonet.gsfc.nasa.gov/api/v3/events/EONET_8268
EONET_8269,wildfires,Wildfire in United States 1019932,False,https://eonet.gsfc.nasa.gov/api/v3/events/EONET_8269
EONET_8283,wildfires,Wildfire in The Democratic Republic of Congo 1019947,False,https://eonet.gsfc.nasa.gov/api/v3/events/EONET_8283
EONET_8284,wildfires,Wildfire in The Democratic Republic of Congo 1019950,False,https://eonet.gsfc.nasa.gov/api/v3/events/EONET_8284
EONET_8285,wildfires,Wildfire in The Democratic Republic of Congo 1019946,False,https://eonet.gsfc.nasa.gov/api/v3/events/EONET_8285
EONET_8286,wildfires,Wildfire in The Democratic Republic of Congo 1019948,False,https://eonet.gsfc.nasa.gov/api/v3/events/EONET_8286
EONET_8287,wildfires,Wildfire in The Democratic Republic of Congo 1019949,False,https://eonet.gsfc.nasa.gov/api/v3/events/EONET_8287
EONET_8302,wildfires,Wildfire in The Democratic Republic of Congo 1019965,False,https://eonet.gsfc.nasa.gov/api/v3/events/EONET_8302
EONET_8303,wildfires,Wildfire in Angola 1019966,False,https://eonet.gsfc.nasa.gov/api/v3/events/EONET_8303
EONET_8304,wildfires,Wildfire in Bolivia 1019967,False,https://eonet.gsfc.nasa.gov/api/v3/events/EONET_8304
EONET_8305,wildfires,Wildfire in The Democratic Republic of Congo 1019968,False,https://eonet.gsfc.nasa.gov/api/v3/events/EONET_8305
EONET_8323,wildfires,Wildfire in The Democratic Republic of Congo 1019986,False,https://eonet.gsfc.nasa.gov/api/v3/events/EONET_8323
EONET_8324,wildfires,Wildfire in The Democratic Republic of Congo 1019987,False,https://eonet.gsfc.nasa.gov/api/v3/events/EONET_8324
EONET_8325,wildfires,Wildfire in The Democratic Republic of Congo 1019988,False,https://eonet.gsfc.nasa.gov/api/v3/events/EONET_8325
EONET_8326,wildfires,Wildfire in Russian Federation 1019989,False,https://eonet.gsfc.nasa.gov/api/v3/events/EONET_8326
EONET_8341,wildfires,Wildfire in Russian Federation 1020002,False,https://eonet.gsfc.nasa.gov/api/v3/events/EONET_8341
EONET_8342,wildfires,Wildfire in Russian Federation 1020003,False,https://eonet.gsfc.nasa.gov/api/v3/events/EONET_8342
EONET_8425,wildfires,Wildfire in Russian Federation 1020017,False,https://eonet.gsfc.nasa.gov/api/v3/events/EONET_8425
EONET_8426,wildfires,Wildfire in Russian Federation 1020019,False,https://eonet.gsfc.nasa.gov/api/v3/events/EONET_8426
EONET_8427,wildfires,Wildfire in Russian Federation 1020020,False,https://eonet.gsfc.nasa.gov/api/v3/events/EONET_8427
EONET_8428,wildfires,Wildfire in Russian Federation 1020021,False,https://eonet.gsfc.nasa.gov/api/v3/events/EONET_8428
EONET_8429,wildfires,Wildfire in Tanzania 1020018,False,https://eonet.gsfc.nasa.gov/api/v3/events/EONET_8429
EONET_8452,wildfires,Wildfire in Russian Federation 1020045,False,https://eonet.gsfc.nasa.gov/api/v3/events/EONET_8452
EONET_8468,wildfires,Wildfire in Russian Federation 1020059,False,https://eonet.gsfc.nasa.gov/api/v3/events/EONET_8468
EONET_8525,wildfires,Wildfire in Russian Federation 1020099,False,https://eonet.gsfc.nasa.gov/api/v3/events/EONET_8525
EONET_8539,wildfires,Wildfire in Russian Federation 1020113,False,https://eonet.gsfc.nasa.gov/api/v3/events/EONET_8539
EONET_8540,wildfires,Wildfire in Russian Federation 1020114,False,https://eonet.gsfc.nasa.gov/api/v3/events/EONET_8540
EONET_8541,wildfires,Wildfire in Russian Federation 1020115,False,https://eonet.gsfc.nasa.gov/api/v3/events/EONET_8541
EONET_8602,wildfires,Wildfire in Russian Federation 1020129,False,https://eonet.gsfc.nasa.gov/api/v3/events/EONET_8602
EONET_8603,wildfires,Wildfire in Russian Federation 1020130,False,https://eonet.gsfc.nasa.gov/api/v3/events/EONET_8603
EONET_8634,wildfires,Wildfire in Russian Federation 1020152,False,https://eonet.gsfc.nasa.gov/api/v3/events/EONET_8634
EONET_8370,wildfires,"FLASH 3-3 Wildfire, Fresno, California",False,https://eonet.gsfc.nasa.gov/api/v3/events/EONET_8370
EONET_8236,wildfires,"BOLT Wildfire, Fresno, California",False,https://eonet.gsfc.nasa.gov/api/v3/events/EONET_8236
EONET_8375,wildfires,"Main Wildfire, Yukon-Koyukuk, Alaska",False,https://eonet.gsfc.nasa.gov/api/v3/events/EONET_8375
EONET_8902,wildfires,"Cecil Dome Wildfire, Yukon-Koyukuk, Alaska",False,https://eonet.gsfc.nasa.gov/api/v3/events/EONET_8902
EONET_8430,wildfires,Wildfire in Russian Federation 1020022,False,https://eonet.gsfc.nasa.gov/api/v3/events/EONET_8430
EONET_8469,wildfires,Wildfire in Russian Federation 1020060,False,https://eonet.gsfc.nasa.gov/api/v3/events/EONET_8469
EONET_8513,wildfires,Wildfire in Russian Federation 1020087,False,https://eonet.gsfc.nasa.gov/api/v3/events/EONET_8513
EONET_8514,wildfires,Wildfire in Russian Federation 1020088,False,https://eonet.gsfc.nasa.gov/api/v3/events/EONET_8514
EONET_8604,wildfires,Wildfire in Russian Federation 1020131,False,https://eonet.gsfc.nasa.gov/api/v3/events/EONET_8604
EONET_8374,wildfires,"South Wildfire, Yukon-Koyukuk, Alaska",False,https://eonet.gsfc.nasa.gov/api/v3/events/EONET_8374
EONET_8383,wildfires,"Rabbit 2 Wildfire, Northwest Arctic, Alaska",False,https://eonet.gsfc.nasa.gov/api/v3/events/EONET_8383
EONET_8354,wildfires,"Little Black Wildfire, Northwest Arctic, Alaska",False,https://eonet.gsfc.nasa.gov/api/v3/events/EONET_8354
EONET_8482,wildfires,"Von Frank Wildfire, Yukon-Koyukuk, Alaska",False,https://eonet.gsfc.nasa.gov/api/v3/events/EONET_8482
EONET_8229,wildfires,"0277 RV LONG BEND Wildfire, Wasco, Oregon",False,https://eonet.gsfc.nasa.gov/api/v3/events/EONET_8229
EONET_8373,wildfires,"Fish Wildfire, Northwest Arctic, Alaska",False,https://eonet.gsfc.nasa.gov/api/v3/events/EONET_8373
EONET_8270,wildfires,Wildfire in Russian Federation 1019933,False,https://eonet.gsfc.nasa.gov/api/v3/events/EONET_8270
EONET_8271,wildfires,Wildfire in Russian Federation 1019934,False,https://eonet.gsfc.nasa.gov/api/v3/events/EONET_8271
EONET_8272,wildfires,Wildfire in Russian Federation 1019935,False,https://eonet.gsfc.nasa.gov/api/v3/events/EONET_8272
EONET_8273,wildfires,Wildfire in Australia 1019936,False,https://eonet.gsfc.nasa.gov/api/v3/events/EONET_8273
EONET_8327,wildfires,Wildfire in Russian Federation 1019990,False,https://eonet.gsfc.nasa.gov/api/v3/events/EONET_8327
EONET_8343,wildfires,Wildfire in Russian Federation 1020005,False,https://eonet.gsfc.nasa.gov/api/v3/events/EONET_8343
EONET_8344,wildfires,Wildfire in The Democratic Republic of Congo 1020004,False,https://eonet.gsfc.nasa.gov/api/v3/events/EONET_8344
EONET_8345,wildfires,Wildfire in Canada 1020006,False,https://eonet.gsfc.nasa.gov/api/v3/events/EONET_8345
EONET_8431,wildfires,Wildfire in The Democratic Republic of Congo 1020023,False,https://eonet.gsfc.nasa.gov/api/v3/events/EONET_8431
EONET_8432,wildfires,Wildfire in Russian Federation 1020024,False,https://eonet.gsfc.nasa.gov/api/v3/events/EONET_8432
EONET_8433,wildfires,Wildfire in Russian Federation 1020025,False,https://eonet.gsfc.nasa.gov/api/v3/events/EONET_8433
EONET_8453,wildfires,Wildfire in Russian Federation 1020046,False,https://eonet.gsfc.nasa.gov/api/v3/events/EONET_8453
EONET_8470,wildfires,Wildfire in Russian Federation 1020061,False,https://eonet.gsfc.nasa.gov/api/v3/events/EONET_8470
EONET_8352,wildfires,"Deep Wildfire, Yukon-Koyukuk, Alaska",False,https://eonet.gsfc.nasa.gov/api/v3/events/EONET_8352
EONET_8371,wildfires,"Oak Ridge Wildfire, Pueblo, Colorado",False,https://eonet.gsfc.nasa.gov/api/v3/events/EONET_8371
EONET_8214,wildfires,"Naluk Wildfire, Northwest Arctic, Alaska",False,https://eonet.gsfc.nasa.gov/api/v3/events/EONET_8214
EONET_8226,wildfires,"Crater Mountain Wildfire, Yukon-Koyukuk, Alaska",False,https://eonet.gsfc.nasa.gov/api/v3/events/EONET_8226
EONET_8223,wildfires,"Clear Wildfire, Fairbanks North Star, Alaska",False,https://eonet.gsfc.nasa.gov/api/v3/events/EONET_8223
EONET_8164,wildfires,Wildfire in Brazil 1019880,False,https://eonet.gsfc.nasa.gov/api/v3/events/EONET_8164
EONET_8165,wildfires,Wildfire in Paraguay 1019879,False,https://eonet.gsfc.nasa.gov/api/v3/events/EONET_8165
EONET_8187,wildfires,Wildfire in Brazil 1019902,False,https://eonet.gsfc.nasa.gov/api/v3/events/EONET_8187
EONET_8200,wildfires,Wildfire in Russian Federation 1019915,False,https://eonet.gsfc.nasa.gov/api/v3/events/EONET_8200
EONET_8261,wildfires,Wildfire in Russian Federation 1019924,False,https://eonet.gsfc.nasa.gov/api/v3/events/EONET_8261
EONET_8262,wildfires,Wildfire in Canada 1019925,False,https://eonet.gsfc.nasa.gov/api/v3/events/EONET_8262
EONET_8274,wildfires,Wildfire in Russian Federation 1019937,False,https://eonet.gsfc.nasa.gov/api/v3/events/EONET_8274
EONET_8288,wildfires,Wildfire in The Democratic Republic of Congo 1019951,False,https://eonet.gsfc.nasa.gov/api/v3/events/EONET_8288
EONET_8289,wildfires,Wildfire in The Democratic Republic of Congo 1019952,False,https://eonet.gsfc.nasa.gov/api/v3/events/EONET_8289
EONET_8306,wildfires,Wildfire in Russian Federation 1019969,False,https://eonet.gsfc.nasa.gov/api/v3/events/EONET_8306
EONET_8307,wildfires,Wildfire in The Democratic Republic of Congo 1019970,False,https://eonet.gsfc.nasa.gov/api/v3/events/EONET_8307
EONET_8308,wildfires,Wildfire in The Democratic Republic of Congo 1019971,False,https://eonet.gsfc.nasa.gov/api/v3/events/EONET_8308
EONET_8328,wildfires,Wildfire in The Democratic Republic of Congo 1019991,False,https://eonet.gsfc.nasa.gov/api/v3/events/EONET_8328
EONET_8329,wildfires,Wildfire in Russian Federation 1019992,False,https://eonet.gsfc.nasa.gov/api/v3/events/EONET_8329
EONET_8434,wildfires,Wildfire in Russian Federation 1020026,False,https://eonet.gsfc.nasa.gov/api/v3/events/EONET_8434
EONET_8454,wildfires,Wildfire in Russian Federation 1020047,False,https://eonet.gsfc.nasa.gov/api/v3/events/EONET_8454
EONET_8503,wildfires,Wildfire in Russian Federation 1020077,False,https://eonet.gsfc.nasa.gov/api/v3/events/EONET_8503
EONET_8235,wildfires,"Foraker Wildfire, Denali, Alaska",False,https://eonet.gsfc.nasa.gov/api/v3/events/EONET_8235
EONET_8915,wildfires,"Upper Applegate 3900 Wildfire, Jackson, Oregon",False,https://eonet.gsfc.nasa.gov/api/v3/events/EONET_8915
EONET_8166,wildfires,Wildfire in Russian Federation 1019881,False,https://eonet.gsfc.nasa.gov/api/v3/events/EONET_8166
EONET_8167,wildfires,Wildfire in Angola 1019882,False,https://eonet.gsfc.nasa.gov/api/v3/events/EONET_8167
EONET_8188,wildfires,Wildfire in Paraguay 1019903,False,https://eonet.gsfc.nasa.gov/api/v3/events/EONET_8188
EONET_8189,wildfires,Wildfire in Brazil 1019904,False,https://eonet.gsfc.nasa.gov/api/v3/events/EONET_8189
EONET_8201,wildfires,Wildfire in Russian Federation 1019917,False,https://eonet.gsfc.nasa.gov/api/v3/events/EONET_8201
EONET_8202,wildfires,Wildfire in Russian Federation 1019916,False,https://eonet.gsfc.nasa.gov/api/v3/events/EONET_8202
EONET_8275,wildfires,Wildfire in Russian Federation 1019938,False,https://eonet.gsfc.nasa.gov/api/v3/events/EONET_8275
EONET_8276,wildfires,Wildfire in Australia 1019939,False,https://eonet.gsfc.nasa.gov/api/v3/events/EONET_8276
EONET_8290,wildfires,Wildfire in The Democratic Republic of Congo 1019953,False,https://eonet.gsfc.nasa.gov/api/v3/events/EONET_8290
EONET_8346,wildfires,Wildfire in Russian Federation 1020007,False,https://eonet.gsfc.nasa.gov/api/v3/events/EONET_8346
EONET_8347,wildfires,Wildfire in Russian Federation 1020008,False,https://eonet.gsfc.nasa.gov/api/v3/events/EONET_8347
EONET_8471,wildfires,Wildfire in Russian Federation 1020064,False,https://eonet.gsfc.nasa.gov/api/v3/events/EONET_8471
EONET_8472,wildfires,Wildfire in Russian Federation 1020062,False,https://eonet.gsfc.nasa.gov/api/v3/events/EONET_8472
EONET_8473,wildfires,Wildfire in Russian Federation 1020063,False,https://eonet.gsfc.nasa.gov/api/v3/events/EONET_8473
EONET_8504,wildfires,Wildfire in Russian Federation 1020078,False,https://eonet.gsfc.nasa.gov/api/v3/events/EONET_8504
EONET_8241,wildfires,"Noodor Wildfire, Yukon-Koyukuk, Alaska",False,https://eonet.gsfc.nasa.gov/api/v3/events/EONET_8241
EONET_8364,wildfires,"Van Hatten Wildfire, Yukon-Koyukuk, Alaska",False,https://eonet.gsfc.nasa.gov/api/v3/events/EONET_8364
EONET_8157,wildfires,Wildfire in Angola 1019872,False,https://eonet.gsfc.nasa.gov/api/v3/events/EONET_8157
EONET_8168,wildfires,Wildfire in Russian Federation 1019883,False,https://eonet.gsfc.nasa.gov/api/v3/events/EONET_8168
EONET_8169,wildfires,Wildfire in Angola 1019884,False,https://eonet.gsfc.nasa.gov/api/v3/events/EONET_8169
EONET_8170,wildfires,Wildfire in Russian Federation 1019885,False,https://eonet.gsfc.nasa.gov/api/v3/events/EONET_8170
EONET_8171,wildfires,Wildfire in Russian Federation 1019887,False,https://eonet.gsfc.nasa.gov/api/v3/events/EONET_8171
EONET_8172,wildfires,Wildfire in Australia 1019886,False,https://eonet.gsfc.nasa.gov/api/v3/events/EONET_8172
EONET_8190,wildfires,Wildfire in Russian Federation 1019906,False,https://eonet.gsfc.nasa.gov/api/v3/events/EONET_8190
EONET_8191,wildfires,Wildfire in Russian Federation 1019905,False,https://eonet.gsfc.nasa.gov/api/v3/events/EONET_8191
EONET_8192,wildfires,Wildfire in Russian Federation 1019907,False,https://eonet.gsfc.nasa.gov/api/v3/events/EONET_8192
EONET_8193,wildfires,Wildfire in Brazil 1019908,False,https://eonet.gsfc.nasa.gov/api/v3/events/EONET_8193
EONET_8203,wildfires,Wildfire in Russian Federation 1019918,False,https://eonet.gsfc.nasa.gov/api/v3/events/EONET_8203
EONET_8263,wildfires,Wildfire in The Democratic Republic of Congo 1019926,False,https://eonet.gsfc.nasa.gov/api/v3/events/EONET_8263
EONET_8264,wildfires,Wildfire in Russian Federation 1019927,False,https://eonet.gsfc.nasa.gov/api/v3/events/EONET_8264
EONET_8265,wildfires,Wildfire in Russian Federation 1019928,False,https://eonet.gsfc.nasa.gov/api/v3/events/EONET_8265
EONET_8277,wildfires,Wildfire in Russian Federation 1019940,False,https://eonet.gsfc.nasa.gov/api/v3/events/EONET_8277
EONET_8291,wildfires,Wildfire in The Democratic Republic of Congo 1019955,False,https://eonet.gsfc.nasa.gov/api/v3/events/EONET_8291
EONET_8292,wildfires,Wildfire in Russian Federation 1019954,False,https://eonet.gsfc.nasa.gov/api/v3/events/EONET_8292
EONET_8330,wildfires,Wildfire in The Democratic Republic of Congo 1019993,False,https://eonet.gsfc.nasa.gov/api/v3/events/EONET_8330
EONET_8348,wildfires,Wildfire in The Democratic Republic of Congo 1020009,False,https://eonet.gsfc.nasa.gov/api/v3/events/EONET_8348
EONET_8349,wildfires,Wildfire in Russian Federation 1020010,False,https://eonet.gsfc.nasa.gov/api/v3/events/EONET_8349
EONET_8350,wildfires,Wildfire in Russian Federation 1020011,False,https://eonet.gsfc.nasa.gov/api/v3/events/EONET_8350
EONET_8435,wildfires,Wildfire in The Democratic Republic of Congo 1020027,False,https://eonet.gsfc.nasa.gov/api/v3/events/EONET_8435
EONET_8240,wildfires,"Little Underhill Creek Wildfire, Bethel, Alaska",False,https://eonet.gsfc.nasa.gov/api/v3/events/EONET_8240
EONET_8230,wildfires,"Midnight Wildfire, Yukon-Koyukuk, Alaska",False,https://eonet.gsfc.nasa.gov/api/v3/events/EONET_8230
EONET_8254,wildfires,"Wawa Wildfire, Highlands, Florida",False,https://eonet.gsfc.nasa.gov/api/v3/events/EONET_8254
EONET_8147,wildfires,Wildfire in Russian Federation 1019862,False,https://eonet.gsfc.nasa.gov/api/v3/events/EONET_8147
EONET_8173,wildfires,Wildfire in Australia 1019888,False,https://eonet.gsfc.nasa.gov/api/v3/events/EONET_8173
EONET_8174,wildfires,Wildfire in Russian Federation 1019889,False,https://eonet.gsfc.nasa.gov/api/v3/events/EONET_8174
EONET_8175,wildfires,Wildfire in Russian Federation 1019890,False,https://eonet.gsfc.nasa.gov/api/v3/events/EONET_8175
EONET_8194,wildfires,Wildfire in Russian Federation 1019911,False,https://eonet.gsfc.nasa.gov/api/v3/events/EONET_8194
EONET_8195,wildfires,Wildfire in Russian Federation 1019909,False,https://eonet.gsfc.nasa.gov/api/v3/events/EONET_8195
EONET_8196,wildfires,Wildfire in Russian Federation 1019910,False,https://eonet.gsfc.nasa.gov/api/v3/events/EONET_8196
EONET_8197,wildfires,Wildfire in Australia 1019912,False,https://eonet.gsfc.nasa.gov/api/v3/events/EONET_8197
EONET_8204,wildfires,Wildfire in Russian Federation 1019919,False,https://eonet.gsfc.nasa.gov/api/v3/events/EONET_8204
EONET_8278,wildfires,Wildfire in Russian Federation 1019941,False,https://eonet.gsfc.nasa.gov/api/v3/events/EONET_8278
EONET_8279,wildfires,Wildfire in The Democratic Republic of Congo 1019942,False,https://eonet.gsfc.nasa.gov/api/v3/events/EONET_8279
EONET_8293,wildfires,Wildfire in The Democratic Republic of Congo 1019956,False,https://eonet.gsfc.nasa.gov/api/v3/events/EONET_8293
EONET_8309,wildfires,Wildfire in Russian Federation 1019972,False,https://eonet.gsfc.nasa.gov/api/v3/events/EONET_8309
EONET_8310,wildfires,Wildfire in Russian Federation 1019973,False,https://eonet.gsfc.nasa.gov/api/v3/events/EONET_8310
EONET_8331,wildfires,Wildfire in The Democratic Republic of Congo 1019994,False,https://eonet.gsfc.nasa.gov/api/v3/events/EONET_8331
EONET_8253,wildfires,"Schiff Wildfire, Sioux, Nebraska",False,https://eonet.gsfc.nasa.gov/api/v3/events/EONET_8253
EONET_8213,wildfires,"Big Yetna River Wildfire, Yukon-Koyukuk, Alaska",False,https://eonet.gsfc.nasa.gov/api/v3/events/EONET_8213
EONET_8227,wildfires,"Zimmerman Creek Wildfire, Yukon-Koyukuk, Alaska",False,https://eonet.gsfc.nasa.gov/api/v3/events/EONET_8227
EONET_8380,wildfires,"South Fork George River Wildfire, Bethel, Alaska",False,https://eonet.gsfc.nasa.gov/api/v3/events/EONET_8380
EONET_8387,wildfires,"Eightmile Creek Wildfire, Bethel, Alaska",False,https://eonet.gsfc.nasa.gov/api/v3/events/EONET_8387
EONET_8384,wildfires,"Portage Wildfire, Bethel, Alaska",False,https://eonet.gsfc.nasa.gov/api/v3/events/EONET_8384
EONET_8372,wildfires,"Lower Meadow Creek Wildfire, Yukon-Koyukuk, Alaska",False,https://eonet.gsfc.nasa.gov/api/v3/events/EONET_8372
EONET_8376,wildfires,"Owhat River Wildfire, Bethel, Alaska",False,https://eonet.gsfc.nasa.gov/api/v3/events/EONET_8376
EONET_8246,wildfires,"Muskeg Creek Wildfire, Bethel, Alaska",False,https://eonet.gsfc.nasa.gov/api/v3/events/EONET_8246
EONET_8244,wildfires,"Togiak River Wildfire, Dillingham, Alaska",False,https://eonet.gsfc.nasa.gov/api/v3/events/EONET_8244
EONET_8221,wildfires,"Kako Wildfire, Kusilvak, Alaska",False,https://eonet.gsfc.nasa.gov/api/v3/events/EONET_8221
EONET_8356,wildfires,"Oskawalik River Wildfire, Bethel, Alaska",False,https://eonet.gsfc.nasa.gov/api/v3/events/EONET_8356
EONET_8245,wildfires,"Aniak River Wildfire, Bethel, Alaska",False,https://eonet.gsfc.nasa.gov/api/v3/events/EONET_8245
EONET_8148,wildfires,Wildfire in Australia 1019863,False,https://eonet.gsfc.nasa.gov/api/v3/events/EONET_8148
EONET_8149,wildfires,Wildfire in United States 1019864,False,https://eonet.gsfc.nasa.gov/api/v3/events/EONET_8149
EONET_8150,wildfires,Wildfire in Australia 1019865,False,https://eonet.gsfc.nasa.gov/api/v3/events/EONET_8150
EONET_8151,wildfires,Wildfire in United States 1019866,False,https://eonet.gsfc.nasa.gov/api/v3/events/EONET_8151
EONET_8152,wildfires,Wildfire in Brazil 1019867,False,https://eonet.gsfc.nasa.gov/api/v3/events/EONET_8152
EONET_8158,wildfires,Wildfire in The Democratic Republic of Congo 1019873,False,https://eonet.gsfc.nasa.gov/api/v3/events/EONET_8158
EONET_8159,wildfires,Wildfire in Australia 1019874,False,https://eonet.gsfc.nasa.gov/api/v3/events/EONET_8159
EONET_8176,wildfires,Wildfire in Australia 1019891,False,https://eonet.gsfc.nasa.gov/api/v3/events/EONET_8176
EONET_8177,wildfires,Wildfire in The Democratic Republic of Congo 1019892,False,https://eonet.gsfc.nasa.gov/api/v3/events/EONET_8177
EONET_8178,wildfires,Wildfire in The Democratic Republic of Congo 1019893,False,https://eonet.gsfc.nasa.gov/api/v3/events/EONET_8178
EONET_8179,wildfires,Wildfire in The Democratic Republic of Congo 1019894,False,https://eonet.gsfc.nasa.gov/api/v3/events/EONET_8179
EONET_8198,wildfires,Wildfire in Russian Federation 1019914,False,https://eonet.gsfc.nasa.gov/api/v3/events/EONET_8198
EONET_8199,wildfires,Wildfire in Russian Federation 1019913,False,https://eonet.gsfc.nasa.gov/api/v3/events/EONET_8199
EONET_8205,wildfires,Wildfire in Russian Federation 1019920,False,https://eonet.gsfc.nasa.gov/api/v3/events/EONET_8205
EONET_8266,wildfires,Wildfire in The Democratic Republic of Congo 1019930,False,https://eonet.gsfc.nasa.gov/api/v3/events/EONET_8266
EONET_8267,wildfires,Wildfire in Russian Federation 1019929,False,https://eonet.gsfc.nasa.gov/api/v3/events/EONET_8267
EONET_8294,wildfires,Wildfire in The Democratic Republic of Congo 1019957,False,https://eonet.gsfc.nasa.gov/api/v3/events/EONET_8294
EONET_8295,wildfires,Wildfire in The Democratic Republic of Congo 1019958,False,https://eonet.gsfc.nasa.gov/api/v3/events/EONET_8295
EONET_8296,wildfires,Wildfire in The Democratic Republic of Congo 1019959,False,https://eonet.gsfc.nasa.gov/api/v3/events/EONET_8296
EONET_8311,wildfires,Wildfire in The Democratic Republic of Congo 1019974,False,https://eonet.gsfc.nasa.gov/api/v3/events/EONET_8311
EONET_8312,wildfires,Wildfire in The Democratic Republic of Congo 1019975,False,https://eonet.gsfc.nasa.gov/api/v3/events/EONET_8312
EONET_8313,wildfires,Wildfire in The Democratic Republic of Congo 1019976,False,https://eonet.gsfc.nasa.gov/api/v3/events/EONET_8313
EONET_8436,wildfires,Wildfire in The Democratic Republic of Congo 1020028,False,https://eonet.gsfc.nasa.gov/api/v3/events/EONET_8436
EONET_8234,wildfires,"SALT Wildfire, Otero, New Mexico",False,https://eonet.gsfc.nasa.gov/api/v3/events/EONET_8234
EONET_8218,wildfires,"SITES Wildfire, Colusa, California",False,https://eonet.gsfc.nasa.gov/api/v3/events/EONET_8218
EONET_8233,wildfires,"SOUTH FORK Wildfire, Otero, New Mexico",False,https://eonet.gsfc.nasa.gov/api/v3/events/EONET_8233
EONET_8918,wildfires,"Morris Marina Road Wildfire, Carteret, North Carolina",False,https://eonet.gsfc.nasa.gov/api/v3/events/EONET_8918
EONET_8228,wildfires,"American Creek Wildfire, Lake and Peninsula, Alaska",False,https://eonet.gsfc.nasa.gov/api/v3/events/EONET_8228
EONET_8139,wildfires,Wildfire in United States 1019855,False,https://eonet.gsfc.nasa.gov/api/v3/events/EONET_8139
EONET_8155,wildfires,Wildfire in Russian Federation 1019870,False,https://eonet.gsfc.nasa.gov/api/v3/events/EONET_8155
EONET_8156,wildfires,Wildfire in Russian Federation 1019871,False,https://eonet.gsfc.nasa.gov/api/v3/events/EONET_8156
EONET_8160,wildfires,Wildfire in The Democratic Republic of Congo 1019876,False,https://eonet.gsfc.nasa.gov/api/v3/events/EONET_8160
EONET_8161,wildfires,Wildfire in Australia 1019875,False,https://eonet.gsfc.nasa.gov/api/v3/events/EONET_8161
EONET_8180,wildfires,Wildfire in Russian Federation 1019895,False,https://eonet.gsfc.nasa.gov/api/v3/events/EONET_8180
EONET_8181,wildfires,Wildfire in Russian Federation 1019896,False,https://eonet.gsfc.nasa.gov/api/v3/events/EONET_8181
EONET_8297,wildfires,Wildfire in The Democratic Republic of Congo 1019960,False,https://eonet.gsfc.nasa.gov/api/v3/events/EONET_8297
EONET_8238,wildfires,"POINT Wildfire, Sonoma, California",False,https://eonet.gsfc.nasa.gov/api/v3/events/EONET_8238
EONET_8162,wildfires,Wildfire in Australia 1019877,False,https://eonet.gsfc.nasa.gov/api/v3/events/EONET_8162
EONET_8163,wildfires,Wildfire in Russian Federation 1019878,False,https://eonet.gsfc.nasa.gov/api/v3/events/EONET_8163
EONET_8182,wildfires,Wildfire in The Democratic Republic of Congo 1019897,False,https://eonet.gsfc.nasa.gov/api/v3/events/EONET_8182
EONET_8280,wildfires,Wildfire in Russian Federation 1019943,False,https://eonet.gsfc.nasa.gov/api/v3/events/EONET_8280
EONET_8281,wildfires,Wildfire in Russian Federation 1019944,False,https://eonet.gsfc.nasa.gov/api/v3/events/EONET_8281
EONET_8298,wildfires,Wildfire in The Democratic Republic of Congo 1019961,False,https://eonet.gsfc.nasa.gov/api/v3/events/EONET_8298
EONET_8231,wildfires,"POST Wildfire, Los Angeles, California",False,https://eonet.gsfc.nasa.gov/api/v3/events/EONET_8231
EONET_8255,wildfires,"BEAM ROAD Wildfire, Yakima, Washington",False,https://eonet.gsfc.nasa.gov/api/v3/events/EONET_8255
EONET_8140,wildfires,Wildfire in Russian Federation 1019856,False,https://eonet.gsfc.nasa.gov/api/v3/events/EONET_8140
EONET_8206,wildfires,Wildfire in Australia 1019921,False,https://eonet.gsfc.nasa.gov/api/v3/events/EONET_8206
EONET_8217,wildfires,"Foote Wildfire, Greenlee, Arizona",False,https://eonet.gsfc.nasa.gov/api/v3/events/EONET_8217
EONET_6681,wildfires,Wildfire in Brazil 1019839,False,https://eonet.gsfc.nasa.gov/api/v3/events/EONET_6681
EONET_6687,wildfires,Wildfire in Botswana 1019845,False,https://eonet.gsfc.nasa.gov/api/v3/events/EONET_6687
EONET_6695,wildfires,Wildfire in Australia 1019853,False,https://eonet.gsfc.nasa.gov/api/v3/events/EONET_6695
EONET_8141,wildfires,Wildfire in Russian Federation 1019857,False,https://eonet.gsfc.nasa.gov/api/v3/events/EONET_8141
EONET_8153,wildfires,Wildfire in Russian Federation 1019868,False,https://eonet.gsfc.nasa.gov/api/v3/events/EONET_8153
EONET_8183,wildfires,Wildfire in Australia 1019898,False,https://eonet.gsfc.nasa.gov/api/v3/events/EONET_8183
EONET_8184,wildfires,Wildfire in Russian Federation 1019899,False,https://eonet.gsfc.nasa.gov/api/v3/events/EONET_8184
EONET_8249,wildfires,"Tututalak Wildfire, Northwest Arctic, Alaska",False,https://eonet.gsfc.nasa.gov/api/v3/events/EONET_8249
EONET_8232,wildfires,"Little Twist Wildfire, Beaver, Utah",False,https://eonet.gsfc.nasa.gov/api/v3/events/EONET_8232
EONET_8250,wildfires,"Urgoon Wildfire, Northwest Arctic, Alaska",False,https://eonet.gsfc.nasa.gov/api/v3/events/EONET_8250
EONET_6682,wildfires,Wildfire in Zambia 1019840,False,https://eonet.gsfc.nasa.gov/api/v3/events/EONET_6682
EONET_6683,wildfires,Wildfire in Australia 1019841,False,https://eonet.gsfc.nasa.gov/api/v3/events/EONET_6683
EONET_6684,wildfires,Wildfire in Australia 1019842,False,https://eonet.gsfc.nasa.gov/api/v3/events/EONET_6684
EONET_6688,wildfires,Wildfire in Russian Federation 1019846,False,https://eonet.gsfc.nasa.gov/api/v3/events/EONET_6688
EONET_6689,wildfires,Wildfire in Australia 1019847,False,https://eonet.gsfc.nasa.gov/api/v3/events/EONET_6689
EONET_8142,wildfires,Wildfire in Bolivia 1019858,False,https://eonet.gsfc.nasa.gov/api/v3/events/EONET_8142
EONET_8185,wildfires,Wildfire in The Democratic Republic of Congo 1019900,False,https://eonet.gsfc.nasa.gov/api/v3/events/EONET_8185
EONET_8299,wildfires,Wildfire in Russian Federation 1019962,False,https://eonet.gsfc.nasa.gov/api/v3/events/EONET_8299
EONET_8251,wildfires,"Goldbug Wildfire, Northwest Arctic, Alaska",False,https://eonet.gsfc.nasa.gov/api/v3/events/EONET_8251
EONET_6697,wildfires,"Lone Fire Wildfire, Roosevelt, Montana",False,https://eonet.gsfc.nasa.gov/api/v3/events/EONET_6697
EONET_6699,wildfires,"Chelsea Slough Fire Wildfire, Roosevelt, Montana",False,https://eonet.gsfc.nasa.gov/api/v3/events/EONET_6699
EONET_6700,wildfires,"Pit Fire Wildfire, Roosevelt, Montana",False,https://eonet.gsfc.nasa.gov/api/v3/events/EONET_6700
EONET_6701,wildfires,"South Ditch Wildfire, Fergus, Montana",False,https://eonet.gsfc.nasa.gov/api/v3/events/EONET_6701
EONET_6702,wildfires,"Gate Fire Wildfire, Roosevelt, Montana",False,https://eonet.gsfc.nasa.gov/api/v3/events/EONET_6702
EONET_6703,wildfires,"Fort Peck Tribal Dump Ground Wildfire, Roosevelt, Montana",False,https://eonet.gsfc.nasa.gov/api/v3/events/EONET_6703
EONET_6704,wildfires,"Dry Creek - Custer Wildfire, Custer, Montana",False,https://eonet.gsfc.nasa.gov/api/v3/events/EONET_6704
EONET_6715,wildfires,"Spring Gulch Wildfire, Yavapai, Arizona",False,https://eonet.gsfc.nasa.gov/api/v3/events/EONET_6715
EONET_6716,wildfires,"Pine Creek Wildfire, Lincoln, Montana",False,https://eonet.gsfc.nasa.gov/api/v3/events/EONET_6716
EONET_6717,wildfires,"VALENTINE Wildfire, Mono, California",False,https://eonet.gsfc.nasa.gov/api/v3/events/EONET_6717
EONET_6720,wildfires,"Elk Haven Wildfire, Lincoln, Montana",False,https://eonet.gsfc.nasa.gov/api/v3/events/EONET_6720
EONET_6721,wildfires,"RABBIT CREEK Wildfire, Okanogan, Washington",False,https://eonet.gsfc.nasa.gov/api/v3/events/EONET_6721
EONET_6723,wildfires,"Spring Wildfire, Powder River, Montana",False,https://eonet.gsfc.nasa.gov/api/v3/events/EONET_6723
EONET_6725,wildfires,"PHILLEO Wildfire, Stevens, Washington",False,https://eonet.gsfc.nasa.gov/api/v3/events/EONET_6725
EONET_6731,wildfires,"Round Lake Wildfire, Klamath, Oregon",False,https://eonet.gsfc.nasa.gov/api/v3/events/EONET_6731
EONET_6733,wildfires,"Waddle Wildfire, Elko, Nevada",False,https://eonet.gsfc.nasa.gov/api/v3/events/EONET_6733
EONET_6734,wildfires,"Shute Wildfire, Lincoln, Wyoming",False,https://eonet.gsfc.nasa.gov/api/v3/events/EONET_6734
EONET_6736,wildfires,"0221 NE DARLENE 2 Wildfire, Deschutes, Oregon",False,https://eonet.gsfc.nasa.gov/api/v3/events/EONET_6736
EONET_6737,wildfires,"Sego Wildfire, Dolores, Colorado",False,https://eonet.gsfc.nasa.gov/api/v3/events/EONET_6737
EONET_6739,wildfires,"Stuart 3 Wildfire, Fairbanks North Star, Alaska",False,https://eonet.gsfc.nasa.gov/api/v3/events/EONET_6739
EONET_6740,wildfires,"Cold Spring Ln Wildfire, Columbia, Washington",False,https://eonet.gsfc.nasa.gov/api/v3/events/EONET_6740
EONET_6743,wildfires,"Cedar City Assist 01 Wildfire, Iron, Utah",False,https://eonet.gsfc.nasa.gov/api/v3/events/EONET_6743
EONET_6747,wildfires,"MPMG Wildfire, Fairbanks North Star, Alaska",False,https://eonet.gsfc.nasa.gov/api/v3/events/EONET_6747
EONET_6748,wildfires,"Longs Ranch Wildfire, Douglas, Oregon",False,https://eonet.gsfc.nasa.gov/api/v3/events/EONET_6748
EONET_6678,wildfires,Wildfire in China 1019836,False,https://eonet.gsfc.nasa.gov/api/v3/events/EONET_6678
EONET_6690,wildfires,Wildfire in Russian Federation 1019848,False,https://eonet.gsfc.nasa.gov/api/v3/events/EONET_6690
EONET_6691,wildfires,Wildfire in Russian Federation 1019849,False,https://eonet.gsfc.nasa.gov/api/v3/events/EONET_6691
EONET_6692,wildfires,Wildfire in Brazil 1019850,False,https://eonet.gsfc.nasa.gov/api/v3/events/EONET_6692
EONET_6696,wildfires,Wildfire in Australia 1019854,False,https://eonet.gsfc.nasa.gov/api/v3/events/EONET_6696
EONET_8143,wildfires,"Wildfire in Botswana, Namibia 1019859",False,https://eonet.gsfc.nasa.gov/api/v3/events/EONET_8143
EONET_6750,wildfires,"South Devils Corral Wildfire, Jerome, Idaho",False,https://eonet.gsfc.nasa.gov/api/v3/events/EONET_6750
EONET_6752,wildfires,"Lakeshore Dr. Wildfire, Josephine, Oregon",False,https://eonet.gsfc.nasa.gov/api/v3/events/EONET_6752
EONET_6753,wildfires,"QUAKE Wildfire, Benton, Washington",False,https://eonet.gsfc.nasa.gov/api/v3/events/EONET_6753
EONET_6755,wildfires,"Cat Tail Creek Wildfire, Jackson, Oregon",False,https://eonet.gsfc.nasa.gov/api/v3/events/EONET_6755
EONET_6756,wildfires,"Deviation Wildfire, Northwest Arctic, Alaska",False,https://eonet.gsfc.nasa.gov/api/v3/events/EONET_6756
EONET_6757,wildfires,"Gyer Wildfire, Lake, Oregon",False,https://eonet.gsfc.nasa.gov/api/v3/events/EONET_6757
EONET_6764,wildfires,"Trail Wildfire, Washoe, Nevada",False,https://eonet.gsfc.nasa.gov/api/v3/events/EONET_6764
EONET_6771,wildfires,"GROVE Wildfire, Spokane, Washington",False,https://eonet.gsfc.nasa.gov/api/v3/events/EONET_6771
EONET_6779,wildfires,"LA PORTE Wildfire, Butte, California",False,https://eonet.gsfc.nasa.gov/api/v3/events/EONET_6779
EONET_6780,wildfires,"WATKINS Wildfire, Mariposa, California",False,https://eonet.gsfc.nasa.gov/api/v3/events/EONET_6780
EONET_6783,wildfires,"Warm Creek Wildfire, Jerome, Idaho",False,https://eonet.gsfc.nasa.gov/api/v3/events/EONET_6783
EONET_6788,wildfires,"PRESTON ROAD Wildfire, Okanogan, Washington",False,https://eonet.gsfc.nasa.gov/api/v3/events/EONET_6788
EONET_6789,wildfires,"STODDARD 3 Wildfire, San Bernardino, California",False,https://eonet.gsfc.nasa.gov/api/v3/events/EONET_6789
EONET_6795,wildfires,"Lake Creek Wildfire, Harney, Oregon",False,https://eonet.gsfc.nasa.gov/api/v3/events/EONET_6795
EONET_6798,wildfires,"Snow Ranch Wildfire, Archuleta, Colorado",False,https://eonet.gsfc.nasa.gov/api/v3/events/EONET_6798
EONET_6804,wildfires,"E Antelope Rd 2528 Wildfire, Jackson, Oregon",False,https://eonet.gsfc.nasa.gov/api/v3/events/EONET_6804
EONET_6813,wildfires,"Wildcat Wildfire, Tooele, Utah",False,https://eonet.gsfc.nasa.gov/api/v3/events/EONET_6813
EONET_6816,wildfires,"Bogners - Carter Wildfire, Carter, Montana",False,https://eonet.gsfc.nasa.gov/api/v3/events/EONET_6816
EONET_6817,wildfires,"CARO Wildfire, Spokane, Washington",False,https://eonet.gsfc.nasa.gov/api/v3/events/EONET_6817
EONET_6818,wildfires,"WILDCAT CREEK Wildfire, Caddo, Oklahoma",False,https://eonet.gsfc.nasa.gov/api/v3/events/EONET_6818
EONET_6820,wildfires,"PALISADES ROAD Wildfire, Douglas, Washington",False,https://eonet.gsfc.nasa.gov/api/v3/events/EONET_6820
EONET_6835,wildfires,"D54 STUCK VEHICLE 2S66 Wildfire, Tuolumne, California",False,https://eonet.gsfc.nasa.gov/api/v3/events/EONET_6835
EONET_6838,wildfires,"Timber Butte Wildfire, Klamath, Oregon",False,https://eonet.gsfc.nasa.gov/api/v3/events/EONET_6838
EONET_6841,wildfires,"ADOBE 3 Wildfire, Sonoma, California",False,https://eonet.gsfc.nasa.gov/api/v3/events/EONET_6841
EONET_6842,wildfires,"ADOBE 2 Wildfire, Sonoma, California",False,https://eonet.gsfc.nasa.gov/api/v3/events/EONET_6842
EONET_6844,wildfires,"Black Wildfire, Gila, Arizona",False,https://eonet.gsfc.nasa.gov/api/v3/events/EONET_6844
EONET_6845,wildfires,"I-5 MM 18 Wildfire, Jackson, Oregon",False,https://eonet.gsfc.nasa.gov/api/v3/events/EONET_6845
EONET_6849,wildfires,"ASSIST/KRN/48A Wildfire, Kern, California",False,https://eonet.gsfc.nasa.gov/api/v3/events/EONET_6849
EONET_6850,wildfires,"I 80  / CUMMINGS SKWY Wildfire, Contra Costa, California",False,https://eonet.gsfc.nasa.gov/api/v3/events/EONET_6850
EONET_6666,wildfires,"Wildfire in Bolivia, Brazil 1019827",False,https://eonet.gsfc.nasa.gov/api/v3/events/EONET_6666
EONET_6673,wildfires,Wildfire in The Democratic Republic of Congo 1019831,False,https://eonet.gsfc.nasa.gov/api/v3/events/EONET_6673
EONET_6679,wildfires,Wildfire in Australia 1019837,False,https://eonet.gsfc.nasa.gov/api/v3/events/EONET_6679
EONET_6685,wildfires,Wildfire in Australia 1019844,False,https://eonet.gsfc.nasa.gov/api/v3/events/EONET_6685
EONET_6686,wildfires,Wildfire in Russian Federation 1019843,False,https://eonet.gsfc.nasa.gov/api/v3/events/EONET_6686
EONET_6693,wildfires,Wildfire in Australia 1019851,False,https://eonet.gsfc.nasa.gov/api/v3/events/EONET_6693
EONET_8154,wildfires,Wildfire in The Democratic Republic of Congo 1019869,False,https://eonet.gsfc.nasa.gov/api/v3/events/EONET_8154
EONET_8186,wildfires,Wildfire in Russian Federation 1019901,False,https://eonet.gsfc.nasa.gov/api/v3/events/EONET_8186
EONET_6863,wildfires,"Canal Wildfire, Maricopa, Arizona",False,https://eonet.gsfc.nasa.gov/api/v3/events/EONET_6863
EONET_6866,wildfires,"Wickiup Wildfire, Klamath, Oregon",False,https://eonet.gsfc.nasa.gov/api/v3/events/EONET_6866
EONET_6874,wildfires,"2452 Wildfire, Harney, Oregon",False,https://eonet.gsfc.nasa.gov/api/v3/events/EONET_6874
EONET_6875,wildfires,"Heart Lake Camp Fire Wildfire, Lake, Oregon",False,https://eonet.gsfc.nasa.gov/api/v3/events/EONET_6875
EONET_6883,wildfires,"Beaver Creek Wildfire, Oneida, Wisconsin",False,https://eonet.gsfc.nasa.gov/api/v3/events/EONET_6883
EONET_6888,wildfires,"FALSE ALARM Wildfire, Los Angeles, California",False,https://eonet.gsfc.nasa.gov/api/v3/events/EONET_6888
EONET_6889,wildfires,"Drake Wildfire, Maricopa, Arizona",False,https://eonet.gsfc.nasa.gov/api/v3/events/EONET_6889
EONET_6894,wildfires,"Peacock Wildfire, Mohave, Arizona",False,https://eonet.gsfc.nasa.gov/api/v3/events/EONET_6894
EONET_6902,wildfires,"CRAWFISH Wildfire, Fresno, California",False,https://eonet.gsfc.nasa.gov/api/v3/events/EONET_6902
EONET_6903,wildfires,"Butler Rd Slash Wildfire, Lane, Oregon",False,https://eonet.gsfc.nasa.gov/api/v3/events/EONET_6903
EONET_6907,wildfires,"RAILROAD Wildfire, Shasta, California",False,https://eonet.gsfc.nasa.gov/api/v3/events/EONET_6907
EONET_6910,wildfires,"TRAINING Wildfire, San Bernardino, California",False,https://eonet.gsfc.nasa.gov/api/v3/events/EONET_6910
EONET_6912,wildfires,"Christi Court Wildfire, Brevard, Florida",False,https://eonet.gsfc.nasa.gov/api/v3/events/EONET_6912
EONET_6914,wildfires,"BLUEBELL Wildfire, Valencia, New Mexico",False,https://eonet.gsfc.nasa.gov/api/v3/events/EONET_6914
EONET_6925,wildfires,"School 124 Wildfire, Mohave, Arizona",False,https://eonet.gsfc.nasa.gov/api/v3/events/EONET_6925
EONET_6663,wildfires,Wildfire in The Democratic Republic of Congo 1019820,False,https://eonet.gsfc.nasa.gov/api/v3/events/EONET_6663
EONET_6667,wildfires,Wildfire in Australia 1019829,False,https://eonet.gsfc.nasa.gov/api/v3/events/EONET_6667
EONET_6668,wildfires,Wildfire in Australia 1019830,False,https://eonet.gsfc.nasa.gov/api/v3/events/EONET_6668
EONET_6669,wildfires,Wildfire in Angola 1019823,False,https://eonet.gsfc.nasa.gov/api/v3/events/EONET_6669
EONET_6670,wildfires,Wildfire in The Democratic Republic of Congo 1019824,False,https://eonet.gsfc.nasa.gov/api/v3/events/EONET_6670
EONET_6680,wildfires,"Wildfire in Paraguay, Brazil 1019838",False,https://eonet.gsfc.nasa.gov/api/v3/events/EONET_6680
EONET_6694,wildfires,Wildfire in Australia 1019852,False,https://eonet.gsfc.nasa.gov/api/v3/events/EONET_6694
EONET_8207,wildfires,"Wildfire in Bolivia, Brazil 1019922",False,https://eonet.gsfc.nasa.gov/api/v3/events/EONET_8207
EONET_6954,wildfires,"0205 RV Wildfire, Crook, Oregon",False,https://eonet.gsfc.nasa.gov/api/v3/events/EONET_6954
EONET_6961,wildfires,"Springhill Wildfire, Leon, Florida",False,https://eonet.gsfc.nasa.gov/api/v3/events/EONET_6961
EONET_6972,wildfires,"Greasewood Wildfire, Pinal, Arizona",False,https://eonet.gsfc.nasa.gov/api/v3/events/EONET_6972
EONET_6979,wildfires,"Bills Hill Wildfire, Volusia, Florida",False,https://eonet.gsfc.nasa.gov/api/v3/events/EONET_6979
EONET_6982,wildfires,"Highway Wildfire, Maricopa, Arizona",False,https://eonet.gsfc.nasa.gov/api/v3/events/EONET_6982
EONET_7006,wildfires,"Tumbleweed Wildfire, Cochise, Arizona",False,https://eonet.gsfc.nasa.gov/api/v3/events/EONET_7006
EONET_7009,wildfires,"TEN MILE Wildfire, Benton, Washington",False,https://eonet.gsfc.nasa.gov/api/v3/events/EONET_7009
EONET_7025,wildfires,"Owl Wildfire, Yukon-Koyukuk, Alaska",False,https://eonet.gsfc.nasa.gov/api/v3/events/EONET_7025
EONET_6674,wildfires,Wildfire in Russian Federation 1019832,False,https://eonet.gsfc.nasa.gov/api/v3/events/EONET_6674
EONET_8144,wildfires,Wildfire in Australia 1019860,False,https://eonet.gsfc.nasa.gov/api/v3/events/EONET_8144
EONET_7034,wildfires,"McDonald Wildfire, Fairbanks North Star, Alaska",False,https://eonet.gsfc.nasa.gov/api/v3/events/EONET_7034
EONET_7035,wildfires,"PIONEER Wildfire, Chelan, Washington",False,https://eonet.gsfc.nasa.gov/api/v3/events/EONET_7035
EONET_7041,wildfires,"GRIZZLY Wildfire, Nevada, California",False,https://eonet.gsfc.nasa.gov/api/v3/events/EONET_7041
EONET_7044,wildfires,"Lutheran Wildfire, Gila, Arizona",False,https://eonet.gsfc.nasa.gov/api/v3/events/EONET_7044
EONET_7050,wildfires,"Bear Wildfire, Gila, Arizona",False,https://eonet.gsfc.nasa.gov/api/v3/events/EONET_7050
EONET_7051,wildfires,"BULLARDS Wildfire, Yuba, California",False,https://eonet.gsfc.nasa.gov/api/v3/events/EONET_7051
EONET_7060,wildfires,"Vekol Wildfire, Maricopa, Arizona",False,https://eonet.gsfc.nasa.gov/api/v3/events/EONET_7060
EONET_7072,wildfires,"Owl Head Wildfire, Pinal, Arizona",False,https://eonet.gsfc.nasa.gov/api/v3/events/EONET_7072
EONET_7084,wildfires,"SPRINGS Wildfire, Siskiyou, California",False,https://eonet.gsfc.nasa.gov/api/v3/events/EONET_7084
EONET_7092,wildfires,"Cienega Creek Wildfire, Apache, Arizona",False,https://eonet.gsfc.nasa.gov/api/v3/events/EONET_7092
EONET_7103,wildfires,"Mesa Creek Wildfire, Mesa, Colorado",False,https://eonet.gsfc.nasa.gov/api/v3/events/EONET_7103
EONET_7111,wildfires,"Stevens Wildfire, Yukon-Koyukuk, Alaska",False,https://eonet.gsfc.nasa.gov/api/v3/events/EONET_7111
EONET_7115,wildfires,"DRY CANYON Wildfire, Socorro, New Mexico",False,https://eonet.gsfc.nasa.gov/api/v3/events/EONET_7115
EONET_7116,wildfires,"DOG Wildfire, Nevada, California",False,https://eonet.gsfc.nasa.gov/api/v3/events/EONET_7116
EONET_6654,wildfires,Wildfire in Russian Federation 1019811,False,https://eonet.gsfc.nasa.gov/api/v3/events/EONET_6654
EONET_6671,wildfires,Wildfire in The Democratic Republic of Congo 1019825,False,https://eonet.gsfc.nasa.gov/api/v3/events/EONET_6671
EONET_6675,wildfires,Wildfire in The Democratic Republic of Congo 1019833,False,https://eonet.gsfc.nasa.gov/api/v3/events/EONET_6675
EONET_7120,wildfires,"GARLOCK Wildfire, Fresno, California",False,https://eonet.gsfc.nasa.gov/api/v3/events/EONET_7120
EONET_7134,wildfires,"RAINING Wildfire, Santa Fe, New Mexico",False,https://eonet.gsfc.nasa.gov/api/v3/events/EONET_7134
EONET_7139,wildfires,"RIVER VIEW Wildfire, Yakima, Washington",False,https://eonet.gsfc.nasa.gov/api/v3/events/EONET_7139
EONET_7148,wildfires,"DELKENA Wildfire, Pend Oreille, Washington",False,https://eonet.gsfc.nasa.gov/api/v3/events/EONET_7148
EONET_7152,wildfires,"Strock Wildfire, Converse, Wyoming",False,https://eonet.gsfc.nasa.gov/api/v3/events/EONET_7152
EONET_7162,wildfires,"Mosquito Mayhem Wildfire, Douglas, Wisconsin",False,https://eonet.gsfc.nasa.gov/api/v3/events/EONET_7162
EONET_7163,wildfires,"Mosquito Mayhem Wildfire, Douglas, Wisconsin",False,https://eonet.gsfc.nasa.gov/api/v3/events/EONET_7163
EONET_7164,wildfires,"Gobbler Peak Wildfire, Apache, Arizona",False,https://eonet.gsfc.nasa.gov/api/v3/events/EONET_7164
EONET_7178,wildfires,"King Wildfire, Osage, Oklahoma",False,https://eonet.gsfc.nasa.gov/api/v3/events/EONET_7178
EONET_7181,wildfires,"MM 155 Wildfire, Sweetwater, Wyoming",False,https://eonet.gsfc.nasa.gov/api/v3/events/EONET_7181
EONET_7187,wildfires,"Say-HI Wildfire, Washburn, Wisconsin",False,https://eonet.gsfc.nasa.gov/api/v3/events/EONET_7187
EONET_7195,wildfires,"TEMPLIN Wildfire, Los Angeles, California",False,https://eonet.gsfc.nasa.gov/api/v3/events/EONET_7195
EONET_7204,wildfires,"VEG/JK/89A Wildfire, San Bernardino, California",False,https://eonet.gsfc.nasa.gov/api/v3/events/EONET_7204
EONET_7216,wildfires,"155 Wildfire, Kern, California",False,https://eonet.gsfc.nasa.gov/api/v3/events/EONET_7216
EONET_7226,wildfires,"ASSIST/STODDARD Wildfire, San Bernardino, California",False,https://eonet.gsfc.nasa.gov/api/v3/events/EONET_7226
EONET_6642,wildfires,Wildfire in Australia 1019803,False,https://eonet.gsfc.nasa.gov/api/v3/events/EONET_6642
EONET_7230,wildfires,"Combination 2 Wildfire, Granite, Montana",False,https://eonet.gsfc.nasa.gov/api/v3/events/EONET_7230
EONET_7235,wildfires,"Fossil Wildfire, Yukon-Koyukuk, Alaska",False,https://eonet.gsfc.nasa.gov/api/v3/events/EONET_7235
EONET_7239,wildfires,"US 2 mm611 Wildfire, Roosevelt, Montana",False,https://eonet.gsfc.nasa.gov/api/v3/events/EONET_7239
EONET_7240,wildfires,"Dry Forks Wildfire, Roosevelt, Montana",False,https://eonet.gsfc.nasa.gov/api/v3/events/EONET_7240
EONET_7242,wildfires,"US 2 mm610 Wildfire, Roosevelt, Montana",False,https://eonet.gsfc.nasa.gov/api/v3/events/EONET_7242
EONET_7243,wildfires,"ST HELENA HWY S RUTHERFORD Wildfire, Napa, California",False,https://eonet.gsfc.nasa.gov/api/v3/events/EONET_7243
EONET_7244,wildfires,"A Street West Wildfire, Roosevelt, Montana",False,https://eonet.gsfc.nasa.gov/api/v3/events/EONET_7244
EONET_7245,wildfires,"US 2 mm609 Wildfire, Roosevelt, Montana",False,https://eonet.gsfc.nasa.gov/api/v3/events/EONET_7245
EONET_7246,wildfires,"Poplar Rapid Wildfire, Roosevelt, Montana",False,https://eonet.gsfc.nasa.gov/api/v3/events/EONET_7246
EONET_7248,wildfires,"Dirt Wildfire, Roosevelt, Montana",False,https://eonet.gsfc.nasa.gov/api/v3/events/EONET_7248
EONET_7249,wildfires,"VEG/BO/82A Wildfire, San Bernardino, California",False,https://eonet.gsfc.nasa.gov/api/v3/events/EONET_7249
EONET_7255,wildfires,"Little Kobuk Wildfire, Northwest Arctic, Alaska",False,https://eonet.gsfc.nasa.gov/api/v3/events/EONET_7255
EONET_7260,wildfires,"BRAVO FIRE Wildfire, Coconino, Arizona",False,https://eonet.gsfc.nasa.gov/api/v3/events/EONET_7260
EONET_7261,wildfires,"I-5 MM 51 NB Wildfire, Jackson, Oregon",False,https://eonet.gsfc.nasa.gov/api/v3/events/EONET_7261
EONET_7264,wildfires,"MARKET Wildfire, Spokane, Washington",False,https://eonet.gsfc.nasa.gov/api/v3/events/EONET_7264
EONET_7272,wildfires,"Dutchy Way 403 Wildfire, Josephine, Oregon",False,https://eonet.gsfc.nasa.gov/api/v3/events/EONET_7272
EONET_7275,wildfires,"Old Hwy 99 MM1 Wildfire, Josephine, Oregon",False,https://eonet.gsfc.nasa.gov/api/v3/events/EONET_7275
EONET_7277,wildfires,"Scattering Springs Wildfire, Teton, Montana",False,https://eonet.gsfc.nasa.gov/api/v3/events/EONET_7277
EONET_7278,wildfires,"Sanitary Landfill Wildfire, Roosevelt, Montana",False,https://eonet.gsfc.nasa.gov/api/v3/events/EONET_7278
EONET_7279,wildfires,"Sunflower Lane 180 Wildfire, Josephine, Oregon",False,https://eonet.gsfc.nasa.gov/api/v3/events/EONET_7279
EONET_7280,wildfires,"Easy Lane Wildfire, Lane, Oregon",False,https://eonet.gsfc.nasa.gov/api/v3/events/EONET_7280
EONET_7293,wildfires,"WARREN Wildfire, Calaveras, California",False,https://eonet.gsfc.nasa.gov/api/v3/events/EONET_7293
EONET_7313,wildfires,"training Wildfire, Del Norte, California",False,https://eonet.gsfc.nasa.gov/api/v3/events/EONET_7313
EONET_7315,wildfires,"GIRD 3 Wildfire, San Diego, California",False,https://eonet.gsfc.nasa.gov/api/v3/events/EONET_7315
EONET_6643,wildfires,Wildfire in Australia 1019804,False,https://eonet.gsfc.nasa.gov/api/v3/events/EONET_6643
EONET_6644,wildfires,Wildfire in Australia 1019805,False,https://eonet.gsfc.nasa.gov/api/v3/events/EONET_6644
EONET_6655,wildfires,Wildfire in Australia 1019812,False,https://eonet.gsfc.nasa.gov/api/v3/events/EONET_6655
EONET_8145,wildfires,Wildfire in Australia 1019861,False,https://eonet.gsfc.nasa.gov/api/v3/events/EONET_8145
EONET_7333,wildfires,"OVERPASS Wildfire, Malheur, Oregon",False,https://eonet.gsfc.nasa.gov/api/v3/events/EONET_7333
EONET_7335,wildfires,"CHERRY 2 Wildfire, Los Angeles, California",False,https://eonet.gsfc.nasa.gov/api/v3/events/EONET_7335
EONET_7347,wildfires,"Duggan Rd 13515 Wildfire, Jackson, Oregon",False,https://eonet.gsfc.nasa.gov/api/v3/events/EONET_7347
EONET_7359,wildfires,"Johns Coffee Wildfire, Douglas, Oregon",False,https://eonet.gsfc.nasa.gov/api/v3/events/EONET_7359
EONET_7362,wildfires,"Lozier Creek Wildfire, Josephine, Oregon",False,https://eonet.gsfc.nasa.gov/api/v3/events/EONET_7362
EONET_7363,wildfires,"County X Wildfire, Burnett, Wisconsin",False,https://eonet.gsfc.nasa.gov/api/v3/events/EONET_7363
EONET_7366,wildfires,"HOLKOMA Wildfire, Fresno, California",False,https://eonet.gsfc.nasa.gov/api/v3/events/EONET_7366
EONET_7377,wildfires,"Saddle Wildfire, Maricopa, Arizona",False,https://eonet.gsfc.nasa.gov/api/v3/events/EONET_7377
EONET_7390,wildfires,"Labumba Wildfire, Graham, Arizona",False,https://eonet.gsfc.nasa.gov/api/v3/events/EONET_7390
EONET_6645,wildfires,Wildfire in Brazil 1019799,False,https://eonet.gsfc.nasa.gov/api/v3/events/EONET_6645
EONET_6664,wildfires,Wildfire in Australia 1019821,False,https://eonet.gsfc.nasa.gov/api/v3/events/EONET_6664
EONET_6676,wildfires,Wildfire in Brazil 1019834,False,https://eonet.gsfc.nasa.gov/api/v3/events/EONET_6676
EONET_7411,wildfires,"LAURENTIAN Wildfire, Nevada, California",False,https://eonet.gsfc.nasa.gov/api/v3/events/EONET_7411
EONET_7412,wildfires,"Thunderstorm Wildfire, Iron, Wisconsin",False,https://eonet.gsfc.nasa.gov/api/v3/events/EONET_7412
EONET_7415,wildfires,"ASSIST/BDC/SMOKETREE Wildfire, San Bernardino, California",False,https://eonet.gsfc.nasa.gov/api/v3/events/EONET_7415
EONET_7421,wildfires,"Livingston Rd 4075 Wildfire, Jackson, Oregon",False,https://eonet.gsfc.nasa.gov/api/v3/events/EONET_7421
EONET_7432,wildfires,"FALSE ALARM Wildfire, Los Angeles, California",False,https://eonet.gsfc.nasa.gov/api/v3/events/EONET_7432
EONET_7437,wildfires,"Halstead Wildfire, Tulare, California",False,https://eonet.gsfc.nasa.gov/api/v3/events/EONET_7437
EONET_7440,wildfires,"KENNEDY Wildfire, Tulare, California",False,https://eonet.gsfc.nasa.gov/api/v3/events/EONET_7440
EONET_7448,wildfires,"HELLMAN AV / RIVER RD Wildfire, Riverside, California",False,https://eonet.gsfc.nasa.gov/api/v3/events/EONET_7448
EONET_7461,wildfires,"ASSIST/RRU/62A Wildfire, Riverside, California",False,https://eonet.gsfc.nasa.gov/api/v3/events/EONET_7461
EONET_7470,wildfires,"Bellmont Wildfire, Coconino, Arizona",False,https://eonet.gsfc.nasa.gov/api/v3/events/EONET_7470
EONET_6641,wildfires,"Wildfire in Brazil, Bolivia 1019798",False,https://eonet.gsfc.nasa.gov/api/v3/events/EONET_6641
EONET_6646,wildfires,Wildfire in Australia 1019806,False,https://eonet.gsfc.nasa.gov/api/v3/events/EONET_6646
EONET_6647,wildfires,Wildfire in Australia 1019800,False,https://eonet.gsfc.nasa.gov/api/v3/events/EONET_6647
EONET_6648,wildfires,Wildfire in Russian Federation 1019807,False,https://eonet.gsfc.nasa.gov/api/v3/events/EONET_6648
EONET_6656,wildfires,Wildfire in Russian Federation 1019815,False,https://eonet.gsfc.nasa.gov/api/v3/events/EONET_6656
EONET_6657,wildfires,Wildfire in Australia 1019813,False,https://eonet.gsfc.nasa.gov/api/v3/events/EONET_6657
EONET_6658,wildfires,Wildfire in Brazil 1019814,False,https://eonet.gsfc.nasa.gov/api/v3/events/EONET_6658
EONET_7491,wildfires,"PALISADES ORCHARD Wildfire, Douglas, Washington",False,https://eonet.gsfc.nasa.gov/api/v3/events/EONET_7491
EONET_7493,wildfires,"ASSIST/BDC/83A Wildfire, San Bernardino, California",False,https://eonet.gsfc.nasa.gov/api/v3/events/EONET_7493
EONET_7496,wildfires,"Schultz Wildfire, Washburn, Wisconsin",False,https://eonet.gsfc.nasa.gov/api/v3/events/EONET_7496
EONET_7499,wildfires,"Murphy Wildfire, Sawyer, Wisconsin",False,https://eonet.gsfc.nasa.gov/api/v3/events/EONET_7499
EONET_7503,wildfires,"La Clocha 2 Wildfire, Brewster, Texas",False,https://eonet.gsfc.nasa.gov/api/v3/events/EONET_7503
EONET_7507,wildfires,"Second Pond Wildfire, Rosebud, Montana",False,https://eonet.gsfc.nasa.gov/api/v3/events/EONET_7507
EONET_7511,wildfires,"Bonfire Wildfire, Yellowstone, Montana",False,https://eonet.gsfc.nasa.gov/api/v3/events/EONET_7511
EONET_7525,wildfires,"ASSIST/KRN/WEST Wildfire, Kern, California",False,https://eonet.gsfc.nasa.gov/api/v3/events/EONET_7525
EONET_6649,wildfires,Wildfire in Russian Federation 1019801,False,https://eonet.gsfc.nasa.gov/api/v3/events/EONET_6649
EONET_6659,wildfires,Wildfire in Brazil 1019816,False,https://eonet.gsfc.nasa.gov/api/v3/events/EONET_6659
EONET_6660,wildfires,Wildfire in Russian Federation 1019817,False,https://eonet.gsfc.nasa.gov/api/v3/events/EONET_6660
EONET_6672,wildfires,Wildfire in Russian Federation 1019826,False,https://eonet.gsfc.nasa.gov/api/v3/events/EONET_6672
EONET_6677,wildfires,Wildfire in Russian Federation 1019835,False,https://eonet.gsfc.nasa.gov/api/v3/events/EONET_6677
EONET_7555,wildfires,"Diamond Creek Wildfire, Navajo, Arizona",False,https://eonet.gsfc.nasa.gov/api/v3/events/EONET_7555
EONET_7557,wildfires,"AVE 52 Wildfire, Riverside, California",False,https://eonet.gsfc.nasa.gov/api/v3/events/EONET_7557
EONET_7576,wildfires,"Crook Wildfire, Coconino, Arizona",False,https://eonet.gsfc.nasa.gov/api/v3/events/EONET_7576
EONET_7583,wildfires,"STETSON Wildfire, Yakima, Washington",False,https://eonet.gsfc.nasa.gov/api/v3/events/EONET_7583
EONET_7584,wildfires,"E YERMO RD  YERMO Wildfire, San Bernardino, California",False,https://eonet.gsfc.nasa.gov/api/v3/events/EONET_7584
EONET_7587,wildfires,"Coyote Wildfire, Gila, Arizona",False,https://eonet.gsfc.nasa.gov/api/v3/events/EONET_7587
EONET_7603,wildfires,"GODBERSON RD Wildfire, Wasco, Oregon",False,https://eonet.gsfc.nasa.gov/api/v3/events/EONET_7603
EONET_7614,wildfires,"Rodeo Road Wildfire, Grant, New Mexico",False,https://eonet.gsfc.nasa.gov/api/v3/events/EONET_7614
EONET_7627,wildfires,"Grill FA Wildfire, Yavapai, Arizona",False,https://eonet.gsfc.nasa.gov/api/v3/events/EONET_7627
EONET_6650,wildfires,Wildfire in Russian Federation 1019802,False,https://eonet.gsfc.nasa.gov/api/v3/events/EONET_6650
EONET_6661,wildfires,Wildfire in Russian Federation 1019818,False,https://eonet.gsfc.nasa.gov/api/v3/events/EONET_6661
EONET_7641,wildfires,"Kortsen II Wildfire, Pinal, Arizona",False,https://eonet.gsfc.nasa.gov/api/v3/events/EONET_7641
EONET_7666,wildfires,"BORDER 52 Wildfire, San Diego, California",False,https://eonet.gsfc.nasa.gov/api/v3/events/EONET_7666
EONET_7668,wildfires,"Copper Wildfire, Yavapai, Arizona",False,https://eonet.gsfc.nasa.gov/api/v3/events/EONET_7668
EONET_7685,wildfires,"Mtn Village Dump Wildfire, Kusilvak, Alaska",False,https://eonet.gsfc.nasa.gov/api/v3/events/EONET_7685
EONET_7693,wildfires,"Gardner Gulch Wildfire, El Paso, Colorado",False,https://eonet.gsfc.nasa.gov/api/v3/events/EONET_7693
EONET_7696,wildfires,"LETSOM MT. Wildfire, Lane, Oregon",False,https://eonet.gsfc.nasa.gov/api/v3/events/EONET_7696
EONET_7721,wildfires,"Scrambler Wildfire, Oconto, Wisconsin",False,https://eonet.gsfc.nasa.gov/api/v3/events/EONET_7721
EONET_7725,wildfires,"Sulfur Wildfire, Monroe, Wisconsin",False,https://eonet.gsfc.nasa.gov/api/v3/events/EONET_7725
EONET_7729,wildfires,"Jackman Wildfire, Bayfield, Wisconsin",False,https://eonet.gsfc.nasa.gov/api/v3/events/EONET_7729
EONET_7731,wildfires,"Mill Dam Wildfire, Marion, Florida",False,https://eonet.gsfc.nasa.gov/api/v3/events/EONET_7731
EONET_7735,wildfires,"CORNER Wildfire, Tulare, California",False,https://eonet.gsfc.nasa.gov/api/v3/events/EONET_7735
EONET_7739,wildfires,"REST HAVEN Wildfire, Yakima, Washington",False,https://eonet.gsfc.nasa.gov/api/v3/events/EONET_7739
EONET_7743,wildfires,"Tarzan Wildfire, Gila, Arizona",False,https://eonet.gsfc.nasa.gov/api/v3/events/EONET_7743
EONET_6651,wildfires,Wildfire in Mexico 1019808,False,https://eonet.gsfc.nasa.gov/api/v3/events/EONET_6651
EONET_6662,wildfires,Wildfire in Russian Federation 1019819,False,https://eonet.gsfc.nasa.gov/api/v3/events/EONET_6662
EONET_6665,wildfires,Wildfire in Brazil 1019822,False,https://eonet.gsfc.nasa.gov/api/v3/events/EONET_6665
EONET_7747,wildfires,"Alvon Wildfire, Greenbrier, West Virginia",False,https://eonet.gsfc.nasa.gov/api/v3/events/EONET_7747
EONET_7750,wildfires,"128 Wildfire, Waushara, Wisconsin",False,https://eonet.gsfc.nasa.gov/api/v3/events/EONET_7750
EONET_7753,wildfires,"407 Wildfire, Collier, Florida",False,https://eonet.gsfc.nasa.gov/api/v3/events/EONET_7753
EONET_7755,wildfires,"CANAL Wildfire, Madera, California",False,https://eonet.gsfc.nasa.gov/api/v3/events/EONET_7755
EONET_7756,wildfires,"Pink Peony Wildfire, Langlade, Wisconsin",False,https://eonet.gsfc.nasa.gov/api/v3/events/EONET_7756
EONET_7763,wildfires,"STARR ROAD Wildfire, Okanogan, Washington",False,https://eonet.gsfc.nasa.gov/api/v3/events/EONET_7763
EONET_7780,wildfires,"China Wildfire, Baker, Oregon",False,https://eonet.gsfc.nasa.gov/api/v3/events/EONET_7780
EONET_6652,wildfires,Wildfire in Russian Federation 1019809,False,https://eonet.gsfc.nasa.gov/api/v3/events/EONET_6652
EONET_7824,wildfires,"Posted Wildfire, Oneida, Wisconsin",False,https://eonet.gsfc.nasa.gov/api/v3/events/EONET_7824
EONET_7825,wildfires,"Pollen Wildfire, Oneida, Wisconsin",False,https://eonet.gsfc.nasa.gov/api/v3/events/EONET_7825
EONET_7833,wildfires,"Southbound #2 Wildfire, Douglas, Wisconsin",False,https://eonet.gsfc.nasa.gov/api/v3/events/EONET_7833
EONET_7834,wildfires,"Southbound #1 Wildfire, Douglas, Wisconsin",False,https://eonet.gsfc.nasa.gov/api/v3/events/EONET_7834
EONET_7835,wildfires,"Rice Bay Wildfire, Vilas, Wisconsin",False,https://eonet.gsfc.nasa.gov/api/v3/events/EONET_7835
EONET_7837,wildfires,"Peaceful Waters Wildfire, Washburn, Wisconsin",False,https://eonet.gsfc.nasa.gov/api/v3/events/EONET_7837
EONET_7838,wildfires,"Big Bend Wildfire, Burnett, Wisconsin",False,https://eonet.gsfc.nasa.gov/api/v3/events/EONET_7838
EONET_7839,wildfires,"Popple Fuzz 2 Wildfire, Burnett, Wisconsin",False,https://eonet.gsfc.nasa.gov/api/v3/events/EONET_7839
EONET_7840,wildfires,"Fridge Fire Wildfire, Douglas, Wisconsin",False,https://eonet.gsfc.nasa.gov/api/v3/events/EONET_7840
EONET_6653,wildfires,Wildfire in Bolivia 1019810,False,https://eonet.gsfc.nasa.gov/api/v3/events/EONET_6653
EONET_7882,wildfires,"Atchuelinguk Wildfire, Kusilvak, Alaska",False,https://eonet.gsfc.nasa.gov/api/v3/events/EONET_7882
EONET_7886,wildfires,"Pine Point Wildfire, Lincoln, Wisconsin",False,https://eonet.gsfc.nasa.gov/api/v3/events/EONET_7886
EONET_7904,wildfires,"Upper Bear Wildfire, Greenlee, Arizona",False,https://eonet.gsfc.nasa.gov/api/v3/events/EONET_7904
EONET_7906,wildfires,"20th ave Wildfire, Marquette, Wisconsin",False,https://eonet.gsfc.nasa.gov/api/v3/events/EONET_7906
EONET_8696,wildfires,"Two Calf Rx Wildfire, Fergus, Montana",False,https://eonet.gsfc.nasa.gov/api/v3/events/EONET_8696
EONET_7908,wildfires,"East Fence Wildfire, Vilas, Wisconsin",False,https://eonet.gsfc.nasa.gov/api/v3/events/EONET_7908
EONET_7909,wildfires,"Popple Fuzz Wildfire, Burnett, Wisconsin",False,https://eonet.gsfc.nasa.gov/api/v3/events/EONET_7909
EONET_6523,seaLakeIce,Iceberg A83,False,https://eonet.gsfc.nasa.gov/api/v3/events/EONET_6523
EONET_7916,wildfires,"SHOOTER Wildfire, Pima, Arizona",False,https://eonet.gsfc.nasa.gov/api/v3/events/EONET_7916
EONET_6636,wildfires,Wildfire in Russian Federation 1019796,False,https://eonet.gsfc.nasa.gov/api/v3/events/EONET_6636
EONET_7929,wildfires,"Chitty Wildfire, Greenlee, Arizona",False,https://eonet.gsfc.nasa.gov/api/v3/events/EONET_7929
EONET_7934,wildfires,"PEG LEG Wildfire, Pinal, Arizona",False,https://eonet.gsfc.nasa.gov/api/v3/events/EONET_7934
EONET_7936,wildfires,"Sanderson Creek Coal Seam Wildfire, Denali, Alaska",False,https://eonet.gsfc.nasa.gov/api/v3/events/EONET_7936
EONET_6637,wildfires,Wildfire in Russian Federation 1019797,False,https://eonet.gsfc.nasa.gov/api/v3/events/EONET_6637
EONET_8546,wildfires,"VALLEY Wildfire, Modoc, California",False,https://eonet.gsfc.nasa.gov/api/v3/events/EONET_8546
EONET_8789,wildfires,"RX WINN C76-77 Wildfire, Winn, Louisiana",False,https://eonet.gsfc.nasa.gov/api/v3/events/EONET_8789
EONET_7964,wildfires,"Skull Fire Wildfire, Columbia, Wisconsin",False,https://eonet.gsfc.nasa.gov/api/v3/events/EONET_7964
EONET_7968,wildfires,"Zirconium Wildfire, Monroe, Wisconsin",False,https://eonet.gsfc.nasa.gov/api/v3/events/EONET_7968
EONET_7969,wildfires,"Shutdown Wildfire, Juneau, Wisconsin",False,https://eonet.gsfc.nasa.gov/api/v3/events/EONET_7969
EONET_7976,wildfires,"Indios Wildfire, Rio Arriba, New Mexico",False,https://eonet.gsfc.nasa.gov/api/v3/events/EONET_7976
EONET_7977,wildfires,"Drive By Wildfire, Lincoln, Wisconsin",False,https://eonet.gsfc.nasa.gov/api/v3/events/EONET_7977
EONET_7987,wildfires,"SOY - Wilhoit Wildfire, Yavapai, Arizona",False,https://eonet.gsfc.nasa.gov/api/v3/events/EONET_7987
EONET_7989,wildfires,"Pelican Hills Wildfire, Oneida, Wisconsin",False,https://eonet.gsfc.nasa.gov/api/v3/events/EONET_7989
EONET_7992,wildfires,"Sumac Wildfire, Oconto, Wisconsin",False,https://eonet.gsfc.nasa.gov/api/v3/events/EONET_7992
EONET_7993,wildfires,"23 South Wildfire, Marquette, Wisconsin",False,https://eonet.gsfc.nasa.gov/api/v3/events/EONET_7993
EONET_8001,wildfires,"Fawn Wildfire, Marquette, Wisconsin",False,https://eonet.gsfc.nasa.gov/api/v3/events/EONET_8001
EONET_8004,wildfires,"Co Rd Y Wildfire, Marquette, Wisconsin",False,https://eonet.gsfc.nasa.gov/api/v3/events/EONET_8004
EONET_8014,wildfires,"Gale Dr Wildfire, Marquette, Wisconsin",False,https://eonet.gsfc.nasa.gov/api/v3/events/EONET_8014
EONET_8015,wildfires,"Rainbows Wildfire, Columbia, Wisconsin",False,https://eonet.gsfc.nasa.gov/api/v3/events/EONET_8015
EONET_8030,wildfires,"Chicken Wildfire, Utah, Utah",False,https://eonet.gsfc.nasa.gov/api/v3/events/EONET_8030
EONET_8031,wildfires,"Hwy 3 Wildfire, Lake, Minnesota",False,https://eonet.gsfc.nasa.gov/api/v3/events/EONET_8031
EONET_8034,wildfires,"Drag Wildfire, Vilas, Wisconsin",False,https://eonet.gsfc.nasa.gov/api/v3/events/EONET_8034
EONET_8036,wildfires,"Minonk Wildfire, Vilas, Wisconsin",False,https://eonet.gsfc.nasa.gov/api/v3/events/EONET_8036
EONET_8042,wildfires,"Spruce Creek Wildfire, Montezuma, Colorado",False,https://eonet.gsfc.nasa.gov/api/v3/events/EONET_8042
EONET_8044,wildfires,"Highway O Wildfire, Oneida, Wisconsin",False,https://eonet.gsfc.nasa.gov/api/v3/events/EONET_8044
EONET_8045,wildfires,"Ridgeway Wildfire, Oneida, Wisconsin",False,https://eonet.gsfc.nasa.gov/api/v3/events/EONET_8045
EONET_8693,wildfires,"Meadows RX Wildfire, Wilkin, Minnesota",False,https://eonet.gsfc.nasa.gov/api/v3/events/EONET_8693
EONET_8051,wildfires,"REAY Wildfire, Graham, Arizona",False,https://eonet.gsfc.nasa.gov/api/v3/events/EONET_8051
EONET_8052,wildfires,"Wolf Wildfire, Sawyer, Wisconsin",False,https://eonet.gsfc.nasa.gov/api/v3/events/EONET_8052
EONET_8055,wildfires,"Saari Wildfire, Price, Wisconsin",False,https://eonet.gsfc.nasa.gov/api/v3/events/EONET_8055
EONET_8060,wildfires,"Compton Wildfire, Bayfield, Wisconsin",False,https://eonet.gsfc.nasa.gov/api/v3/events/EONET_8060
EONET_8064,wildfires,"Birch Circle Wildfire, Rusk, Wisconsin",False,https://eonet.gsfc.nasa.gov/api/v3/events/EONET_8064
EONET_8070,wildfires,"Big Sand Wildfire, Cass, Minnesota",False,https://eonet.gsfc.nasa.gov/api/v3/events/EONET_8070
EONET_8071,wildfires,"Rd 54 Wildfire, St. Louis, Minnesota",False,https://eonet.gsfc.nasa.gov/api/v3/events/EONET_8071
EONET_8073,wildfires,"Grace Wildfire, St. Louis, Minnesota",False,https://eonet.gsfc.nasa.gov/api/v3/events/EONET_8073
EONET_8074,wildfires,"Redwood Wildfire, St. Louis, Minnesota",False,https://eonet.gsfc.nasa.gov/api/v3/events/EONET_8074
EONET_8075,wildfires,"Moose Lake Wildfire, Sawyer, Wisconsin",False,https://eonet.gsfc.nasa.gov/api/v3/events/EONET_8075
EONET_8697,wildfires,"Chiminea RX Wildfire, Catron, New Mexico",False,https://eonet.gsfc.nasa.gov/api/v3/events/EONET_8697
EONET_8076,wildfires,"Intersection Wildfire, St. Louis, Minnesota",False,https://eonet.gsfc.nasa.gov/api/v3/events/EONET_8076
EONET_8094,wildfires,"TRAINING 3 Wildfire, Fresno, California",False,https://eonet.gsfc.nasa.gov/api/v3/events/EONET_8094
EONET_8097,wildfires,"Galena Dump Wildfire, Yukon-Koyukuk, Alaska",False,https://eonet.gsfc.nasa.gov/api/v3/events/EONET_8097
EONET_9215,wildfires,"Esquibel RX Wildfire, Rio Arriba, New Mexico",False,https://eonet.gsfc.nasa.gov/api/v3/events/EONET_9215
EONET_8550,wildfires,"Flying Bucket Wildfire, Maricopa, Arizona",False,https://eonet.gsfc.nasa.gov/api/v3/events/EONET_8550
EONET_8120,wildfires,"844 Wildfire, McKenzie, North Dakota",False,https://eonet.gsfc.nasa.gov/api/v3/events/EONET_8120
EONET_8121,wildfires,"Icy Bay Wildfire, Yakutat, Alaska",False,https://eonet.gsfc.nasa.gov/api/v3/events/EONET_8121
EONET_8698,wildfires,"NW Sands Block J RX Wildfire, Bayfield, Wisconsin",False,https://eonet.gsfc.nasa.gov/api/v3/events/EONET_8698
EONET_8135,wildfires,"Miller Wildfire, Pinal, Arizona",False,https://eonet.gsfc.nasa.gov/api/v3/events/EONET_8135
EONET_8409,wildfires,"County Line Wildfire Wildfire, Camden, New Jersey",False,https://eonet.gsfc.nasa.gov/api/v3/events/EONET_8409
EONET_8788,wildfires,"RX CALE C-80 Wildfire, Rapides, Louisiana",False,https://eonet.gsfc.nasa.gov/api/v3/events/EONET_8788
EONET_9226,wildfires,"Montoya RX Wildfire, Rio Arriba, New Mexico",False,https://eonet.gsfc.nasa.gov/api/v3/events/EONET_9226
EONET_8551,wildfires,"Little Yamsay Wildfire, Klamath, Oregon",False,https://eonet.gsfc.nasa.gov/api/v3/events/EONET_8551
EONET_6510,seaLakeIce,Iceberg D33C,False,https://eonet.gsfc.nasa.gov/api/v3/events/EONET_6510
EONET_8785,wildfires,"RX WEST LOWMAN Wildfire, Boise, Idaho",False,https://eonet.gsfc.nasa.gov/api/v3/events/EONET_8785
EONET_8677,wildfires,"ANF Boykin Spring C88 RX Wildfire, Jasper, Texas",False,https://eonet.gsfc.nasa.gov/api/v3/events/EONET_8677
EONET_8680,wildfires,"SHNF C92 RX Wildfire, San Jacinto, Texas",False,https://eonet.gsfc.nasa.gov/api/v3/events/EONET_8680
EONET_8787,wildfires,"RX WINN-40-115 Wildfire, Winn, Louisiana",False,https://eonet.gsfc.nasa.gov/api/v3/events/EONET_8787
EONET_8695,wildfires,"Ponderosa RX Wildfire, Summit, Utah",False,https://eonet.gsfc.nasa.gov/api/v3/events/EONET_8695
EONET_8398,wildfires,"Twisted Arrow Wildfire, Benson, North Dakota",False,https://eonet.gsfc.nasa.gov/api/v3/events/EONET_8398
EONET_8908,wildfires,"Harry Hampton RCW RX Wildfire, Richland, South Carolina",False,https://eonet.gsfc.nasa.gov/api/v3/events/EONET_8908
EONET_8786,wildfires,"RX Caney 7/8 Wildfire, Claiborne, Louisiana",False,https://eonet.gsfc.nasa.gov/api/v3/events/EONET_8786
EONET_8219,wildfires,"TAL Bell Spring Wildfire, Talladega, Alabama",False,https://eonet.gsfc.nasa.gov/api/v3/events/EONET_8219
EONET_8488,wildfires,"Edith Gap Wildfire, Shenandoah, Virginia",False,https://eonet.gsfc.nasa.gov/api/v3/events/EONET_8488
EONET_8489,wildfires,"Capon Wildfire, Rockingham, Virginia",False,https://eonet.gsfc.nasa.gov/api/v3/events/EONET_8489
EONET_8558,wildfires,"Dove Hollow Wildfire, Hardy, West Virginia",False,https://eonet.gsfc.nasa.gov/api/v3/events/EONET_8558
EONET_8490,wildfires,"Waites Run Wildfire, Hardy, West Virginia",False,https://eonet.gsfc.nasa.gov/api/v3/events/EONET_8490
EONET_8416,wildfires,"Spring Run Wildfire, Grant, West Virginia",False,https://eonet.gsfc.nasa.gov/api/v3/events/EONET_8416
EONET_8404,wildfires,"Grace Mountain Wildfire, Hardy, West Virginia",False,https://eonet.gsfc.nasa.gov/api/v3/events/EONET_8404
EONET_8563,wildfires,"Claiborne - 2 Rock Creek Ridge Road Wildfire, Claiborne, Tennessee",False,https://eonet.gsfc.nasa.gov/api/v3/events/EONET_8563
EONET_8487,wildfires,"Waterfall Mountain Wildfire, Page, Virginia",False,https://eonet.gsfc.nasa.gov/api/v3/events/EONET_8487
EONET_8692,wildfires,"Robinson Rx Wildfire, Washington, Idaho",False,https://eonet.gsfc.nasa.gov/api/v3/events/EONET_8692
EONET_6608,wildfires,"Range 50B Wildfire, Perry, Mississippi",False,https://eonet.gsfc.nasa.gov/api/v3/events/EONET_6608
EONET_6598,wildfires,"MA North Stinnett Wildfire, Hutchinson, Texas",False,https://eonet.gsfc.nasa.gov/api/v3/events/EONET_6598
EONET_6597,wildfires,"Betty&#039;s Way Wildfire, Lincoln, Nebraska",False,https://eonet.gsfc.nasa.gov/api/v3/events/EONET_6597
EONET_6594,wildfires,"MA North CIG Wildfire, Moore, Texas",False,https://eonet.gsfc.nasa.gov/api/v3/events/EONET_6594
EONET_6585,wildfires,"Chewalla Creek Wildfire, Marshall, Mississippi",False,https://eonet.gsfc.nasa.gov/api/v3/events/EONET_6585
EONET_6474,seaLakeIce,Iceberg D35,False,https://eonet.gsfc.nasa.gov/api/v3/events/EONET_6474
EONET_6470,volcanoes,"Lewotobi Volcano, Indonesia",False,https://eonet.gsfc.nasa.gov/api/v3/events/EONET_6470
EONET_9224,wildfires,"North Pool Piles RX Wildfire, Mineral, Colorado",False,https://eonet.gsfc.nasa.gov/api/v3/events/EONET_9224
EONET_6462,volcanoes,"Marapi Volcano, Indonesia",False,https://eonet.gsfc.nasa.gov/api/v3/events/EONET_6462
EONET_6452,volcanoes,"Dukono Volcano, Indonesia",False,https://eonet.gsfc.nasa.gov/api/v3/events/EONET_6452
EONET_8585,wildfires,"Fish Creek Wildfire, Greenlee, Arizona",False,https://eonet.gsfc.nasa.gov/api/v3/events/EONET_8585
EONET_6448,seaLakeIce,Iceberg D34,False,https://eonet.gsfc.nasa.gov/api/v3/events/EONET_6448
EONET_8782,wildfires,"WATERHOUSE Wildfire, Tuolumne, California",False,https://eonet.gsfc.nasa.gov/api/v3/events/EONET_8782
EONET_6423,seaLakeIce,Iceberg D33A,False,https://eonet.gsfc.nasa.gov/api/v3/events/EONET_6423
EONET_6424,seaLakeIce,Iceberg D33B,False,https://eonet.gsfc.nasa.gov/api/v3/events/EONET_6424
EONET_8408,wildfires,"Air Park Wildfire, Ocean, New Jersey",False,https://eonet.gsfc.nasa.gov/api/v3/events/EONET_8408
EONET_8583,wildfires,"Chilcoot Wildfire, Douglas, Oregon",False,https://eonet.gsfc.nasa.gov/api/v3/events/EONET_8583
EONET_8407,wildfires,"Dragway Wildfire, Camden, New Jersey",False,https://eonet.gsfc.nasa.gov/api/v3/events/EONET_8407
EONET_8573,wildfires,"Hurdy Gurdy Wildfire, Del Norte, California",False,https://eonet.gsfc.nasa.gov/api/v3/events/EONET_8573
EONET_8574,wildfires,"Prescott Wildfire, Siskiyou, California",False,https://eonet.gsfc.nasa.gov/api/v3/events/EONET_8574
EONET_8579,wildfires,"Corral Wildfire, Del Norte, California",False,https://eonet.gsfc.nasa.gov/api/v3/events/EONET_8579
EONET_8576,wildfires,"Marlow Wildfire, Del Norte, California",False,https://eonet.gsfc.nasa.gov/api/v3/events/EONET_8576
EONET_8884,wildfires,"2023 SRF Lightning Complex Wildfire, Humboldt, California",False,https://eonet.gsfc.nasa.gov/api/v3/events/EONET_8884
EONET_8575,wildfires,"Coon Wildfire, Del Norte, California",False,https://eonet.gsfc.nasa.gov/api/v3/events/EONET_8575
EONET_8577,wildfires,"Blue Creek 2 Wildfire, Del Norte, California",False,https://eonet.gsfc.nasa.gov/api/v3/events/EONET_8577
EONET_8582,wildfires,"Bluff #1 Wildfire, Del Norte, California",False,https://eonet.gsfc.nasa.gov/api/v3/events/EONET_8582
EONET_8578,wildfires,"Holiday Wildfire, Del Norte, California",False,https://eonet.gsfc.nasa.gov/api/v3/events/EONET_8578
EONET_8572,wildfires,"Pilot Wildfire, Humboldt, California",False,https://eonet.gsfc.nasa.gov/api/v3/events/EONET_8572
EONET_8580,wildfires,"Diamond Wildfire, Del Norte, California",False,https://eonet.gsfc.nasa.gov/api/v3/events/EONET_8580
EONET_8567,wildfires,"Black Feather Wildfire, Rio Arriba, New Mexico",False,https://eonet.gsfc.nasa.gov/api/v3/events/EONET_8567
EONET_6369,volcanoes,"Ibu Volcano, Indonesia",False,https://eonet.gsfc.nasa.gov/api/v3/events/EONET_6369
EONET_8565,wildfires,"Cocke County Mill Creek Road Fire Wildfire, Cocke, Tennessee",False,https://eonet.gsfc.nasa.gov/api/v3/events/EONET_8565
EONET_6320,seaLakeIce,Iceberg A81,False,https://eonet.gsfc.nasa.gov/api/v3/events/EONET_6320
EONET_6288,seaLakeIce,Iceberg D32,False,https://eonet.gsfc.nasa.gov/api/v3/events/EONET_6288
EONET_6175,volcanoes,"Stromboli Volcano, Italy",False,https://eonet.gsfc.nasa.gov/api/v3/events/EONET_6175
EONET_6104,volcanoes,"Aira Volcano, Japan",False,https://eonet.gsfc.nasa.gov/api/v3/events/EONET_6104
EONET_8569,wildfires,"Fish Wildfire, Greenlee, Arizona",False,https://eonet.gsfc.nasa.gov/api/v3/events/EONET_8569
EONET_6051,seaLakeIce,Iceberg C39,False,https://eonet.gsfc.nasa.gov/api/v3/events/EONET_6051
EONET_5359,seaLakeIce,Iceberg A76C,False,https://eonet.gsfc.nasa.gov/api/v3/events/EONET_5359
EONET_5202,volcanoes,"Merapi Volcano, Indonesia",False,https://eonet.gsfc.nasa.gov/api/v3/events/EONET_5202
EONET_4624,volcanoes,"Santa Maria Volcano, Guatemala",False,https://eonet.gsfc.nasa.gov/api/v3/events/EONET_4624
EONET_4561,volcanoes,"Semeru Volcano, Indonesia",False,https://eonet.gsfc.nasa.gov/api/v3/events/EONET_4561
EONET_4269,volcanoes,"Reventador Volcano, Ecuador",False,https://eonet.gsfc.nasa.gov/api/v3/events/EONET_4269
EONET_4156,volcanoes,"Sangay Volcano, Ecuador",False,https://eonet.gsfc.nasa.gov/api/v3/events/EONET_4156
EONET_4133,seaLakeIce,Iceberg C18B,False,https://eonet.gsfc.nasa.gov/api/v3/events/EONET_4133
EONET_4134,seaLakeIce,Iceberg C24,False,https://eonet.gsfc.nasa.gov/api/v3/events/EONET_4134
EONET_4136,seaLakeIce,Iceberg C30,False,https://eonet.gsfc.nasa.gov/api/v3/events/EONET_4136
EONET_4137,seaLakeIce,Iceberg C31,False,https://eonet.gsfc.nasa.gov/api/v3/events/EONET_4137
EONET_4143,seaLakeIce,Iceberg D23,False,https://eonet.gsfc.nasa.gov/api/v3/events/EONET_4143
EONET_4122,seaLakeIce,Iceberg B09G,False,https://eonet.gsfc.nasa.gov/api/v3/events/EONET_4122
EONET_4089,seaLakeIce,Iceberg C36,False,https://eonet.gsfc.nasa.gov/api/v3/events/EONET_4089
EONET_2871,seaLakeIce,Iceberg D15B,False,https://eonet.gsfc.nasa.gov/api/v3/events/EONET_2871
EONET_2870,seaLakeIce,Iceberg D15A,False,https://eonet.gsfc.nasa.gov/api/v3/events/EONET_2870
EONET_2736,seaLakeIce,Iceberg B22A,False,https://eonet.gsfc.nasa.gov/api/v3/events/EONET_2736
EONET_2876,seaLakeIce,Iceberg C15,False,https://eonet.gsfc.nasa.gov/api/v3/events/EONET_2876
EONET_2878,seaLakeIce,Iceberg B09B,False,https://eonet.gsfc.nasa.gov/api/v3/events/EONET_2878
EONET_2997,seaLakeIce,Iceberg C21B,False,https://eonet.gsfc.nasa.gov/api/v3/events/EONET_2997
EONET_980,volcanoes,"Fuego Volcano, Guatemala",False,https://eonet.gsfc.nasa.gov/api/v3/events/EONET_980
