geometry_id,event_id,date,type,longitude,latitude,magnitude,magnitude_unit
GEO_8C4D06FABA,EONET_20822,2026-06-25T00:00:00Z,Point,-55.51,-64.35,62.73,NM^2
GEO_F9A5348968,EONET_20671,2026-06-23T00:00:00Z,Point,145.7,14.7,35.0,kts
GEO_B80DBF3AED,EONET_20671,2026-06-23T06:00:00Z,Point,144.8,14.7,35.0,kts
GEO_6CD53B22A9,EONET_20671,2026-06-23T12:00:00Z,Point,143.9,14.8,30.0,kts
GEO_85015C2AE4,EONET_20671,2026-06-23T18:00:00Z,Point,142.8,14.9,30.0,kts
GEO_F9080A3D56,EONET_20671,2026-06-24T00:00:00Z,Point,141.9,15.1,30.0,kts
GEO_9B00070C3D,EONET_20671,2026-06-24T06:00:00Z,Point,140.8,15.7,30.0,kts
GEO_C0B6486916,EONET_20671,2026-06-24T12:00:00Z,Point,139.7,16.3,30.0,kts
GEO_63601A8BA1,EONET_20671,2026-06-24T18:00:00Z,Point,138.5,17.0,35.0,kts
GEO_4DAF8AD59F,EONET_20671,2026-06-25T00:00:00Z,Point,137.6,17.8,40.0,kts
GEO_3ADDB24E7F,EONET_20671,2026-06-25T06:00:00Z,Point,135.5,19.7,45.0,kts
GEO_906EF6439F,EONET_20671,2026-06-25T12:00:00Z,Point,135.0,21.2,45.0,kts
GEO_A1A91C30F6,EONET_20671,2026-06-25T18:00:00Z,Point,134.1,22.4,50.0,kts
GEO_8EA1278923,EONET_20671,2026-06-26T00:00:00Z,Point,133.6,25.0,55.0,kts
GEO_F3D0F4817D,EONET_20671,2026-06-26T06:00:00Z,Point,134.6,28.4,45.0,kts
GEO_C9480D5EDE,EONET_20671,2026-06-26T12:00:00Z,Point,136.1,31.8,35.0,kts
GEO_E094D5D41B,EONET_20671,2026-06-26T18:00:00Z,Point,137.5,34.0,45.0,kts
GEO_8D38647713,EONET_20671,2026-06-27T00:00:00Z,Point,142.9,36.4,45.0,kts
GEO_1462E9FCBC,EONET_20606,2026-06-19T12:00:00Z,Point,140.0,13.7,35.0,kts
GEO_9D0FE63F20,EONET_20606,2026-06-19T18:00:00Z,Point,138.6,14.0,40.0,kts
GEO_14CEF97032,EONET_20606,2026-06-20T00:00:00Z,Point,137.8,14.1,45.0,kts
GEO_E72431E580,EONET_20606,2026-06-20T06:00:00Z,Point,136.7,14.2,45.0,kts
GEO_16976111DF,EONET_20606,2026-06-20T12:00:00Z,Point,135.4,14.3,50.0,kts
GEO_EE845AF092,EONET_20606,2026-06-20T18:00:00Z,Point,134.3,14.8,55.0,kts
GEO_E537F85072,EONET_20606,2026-06-21T00:00:00Z,Point,133.0,15.4,55.0,kts
GEO_18FE51AFE0,EONET_20606,2026-06-21T06:00:00Z,Point,131.9,16.1,65.0,kts
GEO_A003246341,EONET_20606,2026-06-21T12:00:00Z,Point,130.6,16.5,75.0,kts
GEO_92DBCB9E15,EONET_20606,2026-06-21T18:00:00Z,Point,128.9,17.3,80.0,kts
GEO_D251E1176E,EONET_20606,2026-06-22T00:00:00Z,Point,127.8,17.5,100.0,kts
GEO_88FFC6565D,EONET_20606,2026-06-22T06:00:00Z,Point,126.9,17.9,115.0,kts
GEO_73114A9FA9,EONET_20606,2026-06-22T12:00:00Z,Point,126.1,18.1,125.0,kts
GEO_38BB631700,EONET_20606,2026-06-22T18:00:00Z,Point,125.6,18.3,125.0,kts
GEO_D2B80AA2BE,EONET_20606,2026-06-23T00:00:00Z,Point,125.2,18.9,115.0,kts
GEO_14A2756EB5,EONET_20606,2026-06-23T06:00:00Z,Point,124.8,19.1,110.0,kts
GEO_F0F65D5950,EONET_20606,2026-06-23T12:00:00Z,Point,124.7,19.6,100.0,kts
GEO_D5C26D9F4A,EONET_20606,2026-06-23T18:00:00Z,Point,124.8,20.2,85.0,kts
GEO_EF5469E41A,EONET_20606,2026-06-24T00:00:00Z,Point,124.6,21.0,75.0,kts
GEO_813348DFF5,EONET_20606,2026-06-24T06:00:00Z,Point,124.8,21.8,70.0,kts
GEO_4CB9A0467E,EONET_20606,2026-06-24T12:00:00Z,Point,124.8,22.1,65.0,kts
GEO_C65B44F15F,EONET_20606,2026-06-24T18:00:00Z,Point,125.0,22.6,55.0,kts
GEO_21A90A3F58,EONET_20606,2026-06-25T00:00:00Z,Point,125.3,23.7,50.0,kts
GEO_1409A30DBE,EONET_20606,2026-06-25T06:00:00Z,Point,126.0,24.8,50.0,kts
GEO_DBFCD86DB7,EONET_20606,2026-06-25T12:00:00Z,Point,126.2,25.5,50.0,kts
GEO_87A673A7F7,EONET_20606,2026-06-25T18:00:00Z,Point,126.6,26.8,40.0,kts
GEO_7E4A492C95,EONET_20606,2026-06-26T00:00:00Z,Point,127.0,27.5,35.0,kts
GEO_F6D6250283,EONET_20606,2026-06-26T06:00:00Z,Point,128.0,28.0,35.0,kts
GEO_07EF270A88,EONET_20606,2026-06-26T12:00:00Z,Point,129.3,28.5,35.0,kts
GEO_54196F9119,EONET_20606,2026-06-26T18:00:00Z,Point,131.2,29.6,35.0,kts
GEO_0017B9637A,EONET_20606,2026-06-27T00:00:00Z,Point,133.2,31.6,35.0,kts
GEO_86C6B99447,EONET_20606,2026-06-27T06:00:00Z,Point,135.8,32.7,40.0,kts
GEO_633386AD73,EONET_20606,2026-06-27T12:00:00Z,Point,141.4,35.5,40.0,kts
GEO_2EB47D68AA,EONET_20558,2026-06-17T13:57:00Z,Point,-114.767567,42.805867,1000.0,acres
GEO_2D3B1F1114,EONET_20565,2026-06-16T23:57:00Z,Point,-82.4186111,28.7994444,687.0,acres
GEO_340796A0DC,EONET_20560,2026-06-16T23:43:00Z,Point,-119.390027,48.250361,1700.0,acres
GEO_90DB5A189A,EONET_20562,2026-06-16T22:53:00Z,Point,-119.410833,48.274722,670.0,acres
GEO_ECA1EC5283,EONET_20559,2026-06-16T16:43:00Z,Point,-118.615417,45.616957,1000.0,acres
GEO_F2F1AECA36,EONET_20561,2026-06-16T16:11:00Z,Point,-113.70575,38.09192,1100.0,acres
GEO_0CA1478F91,EONET_20567,2026-06-15T22:51:00Z,Point,-80.4233333,25.8116667,3500.0,acres
GEO_F99F9EB310,EONET_20569,2026-06-15T18:32:00Z,Point,-113.535333,36.075,724.0,acres
GEO_BE1BF0C291,EONET_20570,2026-06-15T18:30:00Z,Point,-81.330714,27.720842,556.0,acres
GEO_95A7CEBA23,EONET_20564,2026-06-15T18:24:00Z,Point,-117.103582,33.976656,3085.0,acres
GEO_54B0E90F8B,EONET_20566,2026-06-15T17:00:00Z,Point,-112.2032,36.9157,1165.0,acres
GEO_F489DCA1A6,EONET_20710,2026-06-15T00:00:00Z,Point,-71.378,-36.868,,
GEO_94F07F0C13,EONET_20520,2026-06-14T19:39:00Z,Point,-81.1661111,26.3666667,535.0,acres
GEO_717BC29321,EONET_20523,2026-06-14T17:18:00Z,Point,-81.9430556,27.7152778,600.0,acres
GEO_17FC155C58,EONET_20516,2026-06-14T16:30:00Z,Point,-120.3144,46.27602,5000.0,acres
GEO_BC9C8D4806,EONET_20513,2026-06-14T10:57:00Z,Point,-81.426633,29.07815,600.0,acres
GEO_D0C243D240,EONET_20571,2026-06-14T10:26:00Z,Point,-118.90997,46.05679,8262.0,acres
GEO_A40BFEFCD3,EONET_20517,2026-06-14T10:25:00Z,Point,-118.896108,46.346137,1000.0,acres
GEO_E16337E0F6,EONET_20519,2026-06-13T17:54:00Z,Point,-118.6341667,35.2638889,1075.0,acres
GEO_A5DC45A284,EONET_20518,2026-06-13T10:37:00Z,Point,-117.19118,46.4322,686.0,acres
GEO_614BB6B159,EONET_20522,2026-06-12T12:12:00Z,Point,-151.805649,66.047957,908.28,acres
GEO_A417A0A455,EONET_20524,2026-06-12T11:08:00Z,Point,-87.047567,33.062922,534.0,acres
GEO_4C97438644,EONET_20446,2026-06-10T14:51:00Z,Point,-78.636,38.925944,1560.0,acres
GEO_7989D3B4F9,EONET_20442,2026-06-09T20:08:00Z,Point,-103.638333,42.659167,8989.0,acres
GEO_741A1D53E7,EONET_20521,2026-06-09T17:45:00Z,Point,-108.292667,34.0465,6920.0,acres
GEO_B21948F7FA,EONET_20447,2026-06-09T11:20:00Z,Point,-81.2536,27.59925,2000.0,acres
GEO_96671269C2,EONET_20444,2026-06-09T00:15:00Z,Point,-112.410167,40.460017,1863.0,acres
GEO_A7B12383ED,EONET_20443,2026-06-08T14:35:00Z,Point,-122.0754,38.5148,860.0,acres
GEO_D572AAD8EE,EONET_20387,2026-06-07T15:24:00Z,Point,-112.164042,39.205895,1287.0,acres
GEO_5DF5E075C6,EONET_20448,2026-06-07T14:01:00Z,Point,-80.42115,26.509333,7609.0,acres
GEO_12E379F940,EONET_20388,2026-06-06T20:44:00Z,Point,-105.04695,44.084633,3789.0,acres
GEO_B1534BB726,EONET_20389,2026-06-06T14:14:00Z,Point,-120.018153,47.793631,1508.0,acres
GEO_3E072AE457,EONET_20385,2026-06-05T15:51:00Z,Point,-120.245512,37.378149,1644.0,acres
GEO_053E884C6D,EONET_20386,2026-06-04T18:04:00Z,Point,189.0,7.0,1444.27,acres
GEO_7C5EED7890,EONET_20391,2026-06-04T17:25:00Z,Point,1.0,3.0,5918.0,acres
GEO_C6C1F65C79,EONET_20441,2026-06-03T16:39:00Z,Point,-76.34346667,35.482,618.0,acres
GEO_079AB9556F,EONET_20287,2026-05-30T20:21:00Z,Point,-120.930004,45.665397,620.0,acres
GEO_5850B5B112,EONET_20286,2026-05-30T12:20:00Z,Point,-104.3555,32.611733,712.0,acres
GEO_1BBC718A3E,EONET_20409,2026-05-30T00:00:00Z,Point,-86.84,12.606,,
GEO_A69B6045C4,EONET_20392,2026-05-29T00:00:00Z,Point,149.6762,45.7593,,
GEO_5046C8508A,EONET_20290,2026-05-28T15:33:00Z,Point,-84.92062679,44.51933255,539.0,acres
GEO_948D5175E9,EONET_20395,2026-05-28T00:00:00Z,Point,147.78,-3.03,,
GEO_CC763153F4,EONET_20301,2026-05-26T23:30:00Z,Point,-105.96236,45.0612,2689.0,acres
GEO_74625E4574,EONET_20254,2026-05-25T20:50:00Z,Point,-113.935667,43.050333,1500.0,acres
GEO_A341E31453,EONET_20252,2026-05-25T19:11:00Z,Point,-120.43789,44.85563,1500.0,acres
GEO_060CB47EED,EONET_20257,2026-05-25T17:55:00Z,Point,-115.0565,40.9655,654.0,acres
GEO_9948B8C933,EONET_20250,2026-05-25T16:59:00Z,Point,-113.73075,42.17555,1273.0,acres
GEO_FB1F838F29,EONET_20258,2026-05-25T16:44:00Z,Point,-115.244683,42.734717,3000.0,acres
GEO_B2E29C6A87,EONET_20259,2026-05-23T21:26:00Z,Point,-80.7791667,26.0994444,1200.0,acres
GEO_C73832639F,EONET_20253,2026-05-23T17:39:00Z,Point,-119.33745,46.16526,2000.0,acres
GEO_46992E651A,EONET_20263,2026-05-23T16:29:00Z,Point,-84.565664,30.053136,1500.0,acres
GEO_DC42EA852A,EONET_20249,2026-05-23T15:44:00Z,Point,-80.766667,26.15,1200.0,acres
GEO_37E7C1D5FA,EONET_20260,2026-05-23T15:06:00Z,Point,-118.014333,40.709867,2448.0,acres
GEO_9FF77EC561,EONET_20262,2026-05-23T11:59:00Z,Point,-159.286667,66.435,600.0,acres
GEO_61ED5E00A5,EONET_20256,2026-05-23T09:28:00Z,Point,-81.2598,27.644633,6275.0,acres
GEO_FBD0D29C8A,EONET_20264,2026-05-22T10:24:00Z,Point,-81.507167,29.073833,800.0,acres
GEO_04694E4672,EONET_20261,2026-05-21T23:07:00Z,Point,-103.948693,35.53034,2000.0,acres
GEO_D4C4248426,EONET_20230,2026-05-20T11:12:00Z,Point,-89.035278,30.673333,1535.0,acres
GEO_7E24C067CF,EONET_20229,2026-05-20T09:22:00Z,Point,-88.6597,31.4154,2129.0,acres
GEO_85433C34ED,EONET_20231,2026-05-20T07:59:00Z,Point,-76.385286,34.926008,670.0,acres
GEO_4EA03F2EAB,EONET_20236,2026-05-19T22:10:00Z,Point,-81.6369444,26.1155556,650.0,acres
GEO_9E00C0B773,EONET_20232,2026-05-19T19:16:00Z,Point,-119.6036111,34.8297222,904.0,acres
GEO_71E7511264,EONET_20238,2026-05-19T16:17:00Z,Point,-116.362754,32.732894,550.0,acres
GEO_57B6C4FA62,EONET_20234,2026-05-19T15:21:00Z,Point,-117.08441,33.76272,600.0,acres
GEO_87B74FFCAB,EONET_20233,2026-05-19T15:16:00Z,Point,-117.505889,33.975363,1379.0,acres
GEO_D8E8BCD94D,EONET_20289,2026-05-19T12:05:00Z,Point,-90.152327,47.989121,775.0,acres
GEO_CF7F6A7B15,EONET_20241,2026-05-19T10:02:00Z,Point,-88.857778,31.024444,2840.0,acres
GEO_B64B8FB386,EONET_20240,2026-05-19T09:35:00Z,Point,-88.9338,31.4618,1772.0,acres
GEO_2126F11688,EONET_20242,2026-05-19T08:51:00Z,Point,-92.841389,32.056667,2610.0,acres
GEO_C0FFC74FB2,EONET_20153,2026-05-18T19:06:00Z,Point,-101.7812159,34.38652018,1500.0,acres
GEO_89736D09ED,EONET_20157,2026-05-18T13:21:00Z,Point,-118.743684,34.250088,1385.0,acres
GEO_CB334FFDE6,EONET_20159,2026-05-18T12:05:00Z,Point,-118.7891667,35.4458333,2535.0,acres
GEO_1721679682,EONET_20239,2026-05-18T09:55:00Z,Point,-88.8018,31.5193,1473.0,acres
GEO_4FF539A9D3,EONET_20172,2026-05-18T08:58:00Z,Point,-92.483333,31.749722,1814.0,acres
GEO_03F71FF6DC,EONET_20152,2026-05-17T18:24:00Z,Point,-102.0169,35.225011,2570.0,acres
GEO_9C10D78BBA,EONET_20167,2026-05-17T15:00:00Z,Point,-100.1141,37.2162,17968.0,acres
GEO_5EA1C1C41C,EONET_20151,2026-05-17T14:05:00Z,Point,-111.283273,45.602087,1200.0,acres
GEO_CF5EFF63C3,EONET_20194,2026-05-17T09:52:00Z,Point,-81.327217,27.621983,1329.19,acres
GEO_31510D56CD,EONET_20411,2026-05-17T00:00:00Z,Point,130.305,30.793,,
GEO_3EF3DE7FA1,EONET_20163,2026-05-16T20:54:00Z,Point,-102.6666667,36.8933333,28609.0,acres
GEO_EC2F6759DA,EONET_20161,2026-05-16T14:45:00Z,Point,-94.081924,46.598218,1666.0,acres
GEO_A067AC3B4A,EONET_20183,2026-05-16T11:04:00Z,Point,-88.995,30.671667,1937.0,acres
GEO_527287FF7C,EONET_20165,2026-05-16T09:28:00Z,Point,-102.4322222,36.6363889,23884.0,acres
GEO_2D2E24FDB0,EONET_20197,2026-05-16T09:19:00Z,Point,-88.6589,31.4806,2185.0,acres
GEO_C130A8F89A,EONET_20410,2026-05-16T00:00:00Z,Point,160.595,55.972,,
GEO_B2CEB192E9,EONET_20170,2026-05-15T22:09:00Z,Point,-100.6252778,36.9980556,6745.6,acres
GEO_765425F59F,EONET_20169,2026-05-15T21:57:00Z,Point,-100.5897222,36.94,1119.5,acres
GEO_AE5D47DC03,EONET_20164,2026-05-15T17:32:00Z,Point,-102.3725,36.9572222,18323.0,acres
GEO_8ABBE35D04,EONET_20171,2026-05-15T17:31:00Z,Point,15.0,30.0,35455.0,acres
GEO_A70CFEA764,EONET_20150,2026-05-15T12:25:00Z,Point,-120.086061,33.917233,14600.0,acres
GEO_C02B586A27,EONET_20178,2026-05-15T08:55:00Z,Point,-101.5922,37.219417,1500.0,acres
GEO_CB19A80DDF,EONET_20220,2026-05-15T00:00:00Z,Point,-130.63,-74.22,31.48,NM^2
GEO_5F3B3F7572,EONET_20221,2026-05-15T00:00:00Z,Point,79.31,-67.28,27.17,NM^2
GEO_ED6163A83C,EONET_20187,2026-05-14T20:17:00Z,Point,-103.1274,35.4584,30144.0,acres
GEO_A8AB4C9E0A,EONET_20166,2026-05-14T19:40:00Z,Point,-101.9550667,34.94155,34131.0,acres
GEO_E05BD72348,EONET_20155,2026-05-14T18:17:00Z,Point,-101.655228,37.18058,14173.0,acres
GEO_696655962C,EONET_20186,2026-05-14T18:06:00Z,Point,-103.934566,34.818397,7093.0,acres
GEO_A00AF1DCF2,EONET_20098,2026-05-14T11:04:00Z,Point,-93.72348843,43.11279415,550.0,acres
GEO_981AD44CE8,EONET_20204,2026-05-14T09:54:00Z,Point,-88.9959,30.673,900.0,acres
GEO_956CB75CBA,EONET_20206,2026-05-14T09:35:00Z,Point,-88.6767,31.4818,1286.0,acres
GEO_943492B551,EONET_20156,2026-05-14T07:42:00Z,Point,14.0,200.0,31860.0,acres
GEO_55A8D475F4,EONET_20095,2026-05-14T03:26:00Z,Point,-103.2415,42.626352,700.0,acres
GEO_9A59158B91,EONET_20189,2026-05-13T22:52:00Z,Point,-105.2177,43.49225,1317.0,acres
GEO_79B4B71700,EONET_20094,2026-05-13T20:02:00Z,Point,-117.98596,35.235788,800.0,acres
GEO_511660BF9C,EONET_20177,2026-05-13T19:12:00Z,Point,-112.340167,46.477333,1100.0,acres
GEO_F64AE0BD67,EONET_20096,2026-05-13T17:08:00Z,Point,-112.24211,39.46574,1100.0,acres
GEO_B71274E1D2,EONET_20255,2026-05-13T11:37:00Z,Point,-91.299747,46.617832,924.0,acres
GEO_196B316D6E,EONET_20099,2026-05-13T09:44:00Z,Point,-92.5188,31.746,2234.0,acres
GEO_5A0CC624C0,EONET_20205,2026-05-12T11:12:00Z,Point,-99.5704,45.3842,655.0,acres
GEO_5F5870AA27,EONET_20061,2026-05-11T13:22:00Z,Point,-88.630401,42.8455985,802.3,acres
GEO_8FCBBDDB6B,EONET_20062,2026-05-11T10:01:00Z,Point,-80.4538889,25.9602778,4800.0,acres
GEO_C3A311E752,EONET_20064,2026-05-11T09:09:00Z,Point,-95.04077,32.758815,500.0,acres
GEO_8ACDF7A7EF,EONET_20101,2026-05-11T08:45:00Z,Point,-86.0925,44.72,513.0,acres
GEO_42B61651D9,EONET_20063,2026-05-10T11:34:00Z,Point,-96.27005,45.32005,517.0,acres
GEO_17569EB228,EONET_20066,2026-05-10T09:04:00Z,Point,-86.091389,44.729167,671.0,acres
GEO_15B632B922,EONET_20069,2026-05-09T17:20:00Z,Point,-119.4958333,35.3419444,665.0,acres
GEO_BBE7A43BAB,EONET_20237,2026-05-08T10:26:00Z,Point,-98.658,44.774,665.0,acres
GEO_F2F06EDB3D,EONET_20413,2026-05-08T00:00:00Z,Point,148.42,-5.525,,
GEO_45D1DB1712,EONET_20002,2026-05-07T19:20:00Z,Point,-120.917759,43.810294,1500.0,acres
GEO_9D1A8C2C9B,EONET_20065,2026-05-07T14:24:00Z,Point,-117.8589,35.50478,2278.0,acres
GEO_DF82FFA479,EONET_20009,2026-05-06T10:23:00Z,Point,-88.3992015,43.0403647,638.0,acres
GEO_D4FEF528BB,EONET_20003,2026-05-05T20:55:00Z,Point,-83.1752778,29.8519444,1600.0,acres
GEO_AEF4B768DA,EONET_20004,2026-05-05T14:33:00Z,Point,-82.1758333,29.5297222,956.0,acres
GEO_D348B16F84,EONET_20012,2026-05-05T10:39:00Z,Point,-99.0419444,36.2888889,907.0,acres
GEO_0EF6A3D6F8,EONET_19972,2026-05-04T11:05:00Z,Point,-95.9166,45.3272,669.0,acres
GEO_89975258DE,EONET_19970,2026-05-04T10:38:00Z,Point,-99.985,48.856667,581.7,acres
GEO_64A95C6403,EONET_20248,2026-05-04T09:50:00Z,Point,-88.9858,31.5088,1071.0,acres
GEO_647D5E33B2,EONET_19973,2026-05-03T18:27:00Z,Point,-118.8036111,35.3644444,2500.0,acres
GEO_2305B2D062,EONET_19971,2026-05-02T22:36:00Z,Point,-112.612123,33.345111,980.0,acres
GEO_7358AE515D,EONET_19974,2026-05-02T18:52:00Z,Point,-102.905231,43.266956,1104.48,acres
GEO_0E5C913087,EONET_20184,2026-05-01T19:25:00Z,Point,-149.695544,61.255148,1918.0,acres
GEO_26AD2FC31F,EONET_19977,2026-05-01T13:29:00Z,Point,-92.5961834,45.8940373,655.1,acres
GEO_7FD843D654,EONET_20008,2026-05-01T09:58:00Z,Point,-94.919444,45.3875,665.0,acres
GEO_A56604B4B5,EONET_20013,2026-04-30T18:33:00Z,Point,-112.51,46.984333,500.0,acres
GEO_C071B85238,EONET_19934,2026-04-30T12:53:00Z,Point,-105.55355,48.52908,612.0,acres
GEO_225543512A,EONET_19978,2026-04-30T10:25:00Z,Point,-95.991,47.1572,505.0,acres
GEO_B40DBADDCE,EONET_19941,2026-04-29T12:13:00Z,Point,-90.929398,43.039137,562.0,acres
GEO_097E99CD59,EONET_20265,2026-04-29T12:01:00Z,Point,-101.533,43.142,3434.0,acres
GEO_0DF2F27778,EONET_19976,2026-04-29T09:51:00Z,Point,-112.16423,41.204062,2050.0,acres
GEO_0C04306CAF,EONET_19942,2026-04-29T09:10:00Z,Point,-98.04277778,32.85722222,500.0,acres
GEO_7A0F838ADE,EONET_19940,2026-04-28T20:06:00Z,Point,-104.055975,34.846208,1500.0,acres
GEO_8A74718028,EONET_19939,2026-04-28T17:35:00Z,Point,-85.3177778,32.2958333,522.0,acres
GEO_C1695E5209,EONET_19937,2026-04-27T18:50:00Z,Point,-80.55105,25.7609,8500.0,acres
GEO_C991F9BF3A,EONET_20103,2026-04-27T00:00:00Z,Point,-85.3364,10.8314,,
GEO_CD48FB1347,EONET_20100,2026-04-26T16:37:00Z,Point,-98.49615,38.12723,4600.0,acres
GEO_D2F70F9293,EONET_19913,2026-04-26T15:43:00Z,Point,-101.2498,41.8008,1100.0,acres
GEO_05271231C1,EONET_19914,2026-04-26T08:16:00Z,Point,-86.048555,44.11771,611.0,acres
GEO_BDE3CCDDB8,EONET_20102,2026-04-26T00:00:00Z,Point,-86.1688,11.9844,,
GEO_724290B235,EONET_19916,2026-04-25T08:56:00Z,Point,-96.339308,45.226197,1303.0,acres
GEO_2C19BAF668,EONET_20188,2026-04-24T18:59:00Z,Point,-146.6044,64.70676,5300.0,acres
GEO_B36D79F259,EONET_20203,2026-04-24T18:52:00Z,Point,-146.284999,64.002424,3066.0,acres
GEO_C557602ABD,EONET_20068,2026-04-24T18:49:00Z,Point,-146.3023,64.00716,20000.0,acres
GEO_310A93B570,EONET_20067,2026-04-24T18:47:00Z,Point,-145.6726,63.98684,622.0,acres
GEO_9F53E12ED7,EONET_20010,2026-04-24T18:42:00Z,Point,-145.9018,63.86224,1805.0,acres
GEO_B40C71F3E8,EONET_19910,2026-04-24T18:29:00Z,Point,-103.6385,37.317111,2113.0,acres
GEO_DCA57527DB,EONET_19917,2026-04-24T16:23:00Z,Point,-99.7361111,44.65,1800.0,acres
GEO_013C8C04E5,EONET_19912,2026-04-24T10:53:00Z,Point,-90.6275479,45.7851589,580.6,acres
GEO_E381AA5659,EONET_19919,2026-04-24T09:32:00Z,Point,-92.19055,35.966217,726.0,acres
GEO_AD8838B6B7,EONET_19840,2026-04-23T14:23:00Z,Point,-92.6535178,45.8508587,1490.3,acres
GEO_06727C5AFD,EONET_20011,2026-04-23T12:17:00Z,Point,-99.0475,47.988889,860.0,acres
GEO_B762384E44,EONET_19839,2026-04-23T12:13:00Z,Point,-101.3950833,43.631,1000.0,acres
GEO_29CA494D2D,EONET_19832,2026-04-23T11:03:00Z,Point,-85.896883,43.88275,658.0,acres
GEO_A3CA813DF8,EONET_19911,2026-04-23T10:40:00Z,Point,-101.03325,43.18306,900.0,acres
GEO_444476515D,EONET_19843,2026-04-23T09:06:00Z,Point,-99.04273,42.12483,1000.0,acres
GEO_D7308D5CCC,EONET_19844,2026-04-22T21:43:00Z,Point,-101.004,42.763583,2500.0,acres
GEO_13331835A5,EONET_19841,2026-04-22T21:07:00Z,Point,-104.61,38.67,4900.0,acres
GEO_1CB9A6F25A,EONET_19838,2026-04-22T20:05:00Z,Point,-97.647004,42.862657,4000.0,acres
GEO_AA3019DB02,EONET_19834,2026-04-22T17:15:00Z,Point,-101.029476,42.246685,5000.0,acres
GEO_CBAD148C62,EONET_19845,2026-04-22T13:40:00Z,Point,-95.912189,47.020535,1500.0,acres
GEO_53CE23372C,EONET_19850,2026-04-22T08:34:00Z,Point,-83.483333,44.425,537.0,acres
GEO_E2D64A7285,EONET_19835,2026-04-21T23:15:00Z,Point,-82.6311111,29.2822222,2000.0,acres
GEO_32D1DEAAD2,EONET_19854,2026-04-21T17:12:00Z,Point,-92.645347,45.8694852,557.3,acres
GEO_64E0B2FDB7,EONET_19836,2026-04-21T16:28:00Z,Point,-80.5,26.3002778,9600.0,acres
GEO_AED3F58547,EONET_19908,2026-04-21T14:48:00Z,Point,-108.62195,33.36595,3264.0,acres
GEO_C863852205,EONET_19831,2026-04-21T12:01:00Z,Point,-81.8438889,31.2222222,5531.0,acres
GEO_072D6FFD12,EONET_20005,2026-04-21T10:44:00Z,Point,-113.262817,43.8285,1255.0,acres
GEO_39EDAC0DBB,EONET_19846,2026-04-21T10:19:00Z,Point,-88.86195,30.698133,2564.0,acres
GEO_D35FE07DDA,EONET_19852,2026-04-21T09:00:00Z,Point,-92.615933,31.132467,1701.0,acres
GEO_C394AB52BE,EONET_19833,2026-04-20T15:26:00Z,Point,-109.3142,45.092167,1241.0,acres
GEO_CDA15BF521,EONET_19849,2026-04-20T15:04:00Z,Point,-97.862,40.452,642.0,acres
GEO_50D3E436E1,EONET_19858,2026-04-20T15:02:00Z,Point,-97.792,40.467,535.0,acres
GEO_E10508E22E,EONET_19851,2026-04-20T13:16:00Z,Point,-93.683986,45.525011,881.0,acres
GEO_0174AD995D,EONET_19853,2026-04-20T13:11:00Z,Point,-85.829167,44.150617,704.0,acres
GEO_CE157421F1,EONET_19792,2026-04-20T10:45:00Z,Point,-81.6333333,29.8861111,1700.0,acres
GEO_85B29CB5CD,EONET_19797,2026-04-19T21:13:00Z,Point,-81.6330556,29.7855556,700.0,acres
GEO_E40070F93B,EONET_19799,2026-04-19T19:36:00Z,Point,-81.6327778,29.7855556,700.0,acres
GEO_050E0A0DF6,EONET_19857,2026-04-19T15:19:00Z,Point,-83.591667,44.416667,613.0,acres
GEO_84F95CE6E7,EONET_19856,2026-04-19T14:53:00Z,Point,-85.80305,43.849417,522.0,acres
GEO_B32618EA13,EONET_19793,2026-04-19T10:47:00Z,Point,-82.7680556,30.7563889,4000.0,acres
GEO_C2F106D02D,EONET_19801,2026-04-19T09:53:00Z,Point,-92.6494912,45.8375735,675.6,acres
GEO_2342736765,EONET_19796,2026-04-18T14:41:00Z,Point,-81.9855556,30.6886111,500.0,acres
GEO_E938D11A01,EONET_19837,2026-04-17T16:15:00Z,Point,-114.202833,45.848167,535.0,acres
GEO_8778A3EA4C,EONET_19795,2026-04-17T12:12:00Z,Point,-109.41723,48.81675,705.0,acres
GEO_E6C3A6C669,EONET_19805,2026-04-17T10:51:00Z,Point,-95.10404,31.56589,1300.0,acres
GEO_359E24F535,EONET_19806,2026-04-17T10:46:00Z,Point,-95.2677,31.0137,500.0,acres
GEO_8603BC9ACB,EONET_19802,2026-04-17T10:41:00Z,Point,-92.62707719,35.5865604,760.0,acres
GEO_994A0B5279,EONET_19800,2026-04-17T09:27:00Z,Point,-81.2741667,32.7258333,518.39,acres
GEO_AB9D955875,EONET_19807,2026-04-16T16:49:00Z,Point,-93.157417,31.062467,1847.0,acres
GEO_24180D5900,EONET_19804,2026-04-16T09:50:00Z,Point,-93.708514,45.503583,1100.0,acres
GEO_B53745618A,EONET_19714,2026-04-15T09:41:00Z,Point,-96.271767,45.46325,652.0,acres
GEO_FE8CFF1B35,EONET_19717,2026-04-15T09:14:00Z,Point,-91.013,31.419,655.0,acres
GEO_191D7A3EBB,EONET_19715,2026-04-14T16:34:00Z,Point,-105.416063,34.643232,566.0,acres
GEO_36577BF926,EONET_19718,2026-04-14T15:23:00Z,Point,-79.2833333,33.7498333,1750.0,acres
GEO_A8C8DB0092,EONET_19725,2026-04-14T09:48:00Z,Point,-91.013,31.419,842.0,acres
GEO_AB9051346A,EONET_19724,2026-04-14T09:42:00Z,Point,-94.2842,31.042883,1925.0,acres
GEO_2241AFE193,EONET_19726,2026-04-14T09:24:00Z,Point,-88.9888,31.5603,1025.0,acres
GEO_A07BE96A0A,EONET_19558,2026-04-13T20:18:00Z,Point,-81.6330556,26.1502778,1733.0,acres
GEO_21975FEF75,EONET_19721,2026-04-13T16:52:00Z,Point,-95.8944,46.012,502.0,acres
GEO_569171EBC2,EONET_19719,2026-04-13T13:31:00Z,Point,-88.0188889,31.2669444,807.0,acres
GEO_15E478EFC4,EONET_19935,2026-04-13T11:41:00Z,Point,-81.941859,37.639725,1000.0,acres
GEO_3AF1C19A61,EONET_19909,2026-04-13T10:59:00Z,Point,-89.260833,30.712778,1028.0,acres
GEO_D645DEAACF,EONET_19560,2026-04-13T09:16:00Z,Point,-81.158752,27.630425,1197.0,acres
GEO_8222C69EAD,EONET_19563,2026-04-13T08:42:00Z,Point,-88.630401,42.8455985,802.3,acres
GEO_7DFF9DADB7,EONET_19720,2026-04-12T23:30:00Z,Point,-88.2997222,31.0927778,1700.0,acres
GEO_110DE975D8,EONET_19555,2026-04-12T21:48:00Z,Point,-104.3737,37.011,644.0,acres
GEO_237602E1B9,EONET_19565,2026-04-12T21:12:00Z,Point,-89.117047,31.092419,500.0,acres
GEO_111F432B17,EONET_19566,2026-04-12T15:59:00Z,Point,-82.163933,37.704877,500.0,acres
GEO_E4C2AAC6E0,EONET_19557,2026-04-12T09:02:00Z,Point,-84.53148,36.75897,650.0,acres
GEO_F0CB92953C,EONET_19571,2026-04-11T22:45:00Z,Point,-83.2108333,29.5366667,700.0,acres
GEO_E60909C6F7,EONET_19561,2026-04-11T14:40:00Z,Point,-103.249124,43.687519,5408.0,acres
GEO_806883AA54,EONET_19564,2026-04-11T08:58:00Z,Point,-94.302133,31.276467,1100.0,acres
GEO_3EE5FAED2D,EONET_19573,2026-04-11T08:08:00Z,Point,-81.259689,27.572409,4920.0,acres
GEO_961805339B,EONET_19569,2026-04-10T22:49:00Z,Point,-101.5497222,36.2416667,552.1,acres
GEO_2585DE75A1,EONET_19570,2026-04-10T22:47:00Z,Point,-101.7577778,36.8186111,899.3,acres
GEO_17F3F5C3FD,EONET_19568,2026-04-10T22:46:00Z,Point,-100.7680556,36.7338889,2412.0,acres
GEO_7C04723788,EONET_19583,2026-04-10T09:29:00Z,Point,-88.6813,31.5038,985.0,acres
GEO_0F6C9BFFA4,EONET_19577,2026-04-10T08:52:00Z,Point,-93.706253,45.525781,1531.0,acres
GEO_C8B854945E,EONET_19581,2026-04-10T08:52:00Z,Point,-89.5273,32.3809,888.0,acres
GEO_17958E1AAB,EONET_19584,2026-04-10T08:20:00Z,Point,-93.266667,34.716667,1241.0,acres
GEO_503A3B11AD,EONET_19405,2026-04-09T15:09:00Z,Point,-88.483243,42.9227232,1375.5,acres
GEO_075092E6A5,EONET_19412,2026-04-09T13:08:00Z,Point,-96.849207,36.568752,4934.0,acres
GEO_3F4B0AFF32,EONET_19414,2026-04-09T11:29:00Z,Point,-96.232358,36.471122,5591.0,acres
GEO_E8EE1568DD,EONET_19585,2026-04-09T10:53:00Z,Point,-88.866111,30.974167,1050.0,acres
GEO_727B59C577,EONET_19855,2026-04-09T10:47:00Z,Point,-109.100917,46.751617,1116.0,acres
GEO_B1F2AA240A,EONET_19579,2026-04-09T10:34:00Z,Point,-89.5408,32.3711,1072.0,acres
GEO_140CAB7156,EONET_19415,2026-04-09T10:30:00Z,Point,-95.13378,31.56518,500.0,acres
GEO_782E48C7DA,EONET_19416,2026-04-09T10:20:00Z,Point,-78.5313889,34.435,762.0,acres
GEO_8889DCBF3F,EONET_19586,2026-04-09T09:52:00Z,Point,-93.666974,35.243252,785.0,acres
GEO_375C042D42,EONET_19406,2026-04-09T09:22:00Z,Point,-92.167783,35.95415,1215.0,acres
GEO_719BAB563C,EONET_19418,2026-04-09T09:15:00Z,Point,-96.059996,36.695248,1391.0,acres
GEO_9D1665D1F0,EONET_19403,2026-04-09T09:07:00Z,Point,-88.8983,31.5102,582.0,acres
GEO_C4192051E6,EONET_19588,2026-04-09T09:04:00Z,Point,-93.187444,34.664083,2779.0,acres
GEO_0D66F0F123,EONET_19590,2026-04-09T09:04:00Z,Point,-93.970228,34.869867,1082.0,acres
GEO_2395681FE1,EONET_19580,2026-04-09T08:56:00Z,Point,-90.966,31.401,1442.0,acres
GEO_0515657237,EONET_19404,2026-04-09T08:53:00Z,Point,-92.634817,31.142233,765.0,acres
GEO_ED90C74D6C,EONET_19410,2026-04-09T08:04:00Z,Point,-83.27194,33.655288,878.0,acres
GEO_C075345510,EONET_19419,2026-04-08T19:31:00Z,Point,-104.67037,35.68405,1415.0,acres
GEO_7752839A02,EONET_19424,2026-04-08T19:13:00Z,Point,-94.638858,30.492511,500.0,acres
GEO_923F3E1DD6,EONET_19420,2026-04-08T18:11:00Z,Point,-96.225036,36.779277,1259.0,acres
GEO_B72942C75B,EONET_19438,2026-04-08T11:56:00Z,Point,-86.6266,38.2051,1279.0,acres
GEO_8B8C217E8F,EONET_19426,2026-04-08T10:52:00Z,Point,-93.426325,35.1749,810.0,acres
GEO_BA3CEE44DE,EONET_19427,2026-04-08T10:49:00Z,Point,-88.859583,31.05635,1360.0,acres
GEO_71B0746D9A,EONET_19429,2026-04-08T10:25:00Z,Point,-89.6524,32.5163,1860.0,acres
GEO_E6131868D9,EONET_19938,2026-04-08T10:11:00Z,Point,-115.89314,44.07671,700.0,acres
GEO_6E050C8134,EONET_19434,2026-04-08T10:08:00Z,Point,-89.0287,34.8459,933.0,acres
GEO_B686BDFB8A,EONET_19437,2026-04-08T09:42:00Z,Point,-90.984,31.402,985.0,acres
GEO_9165D7157F,EONET_19421,2026-04-08T09:40:00Z,Point,-93.626833,31.174617,3645.0,acres
GEO_3E23C1E161,EONET_19436,2026-04-08T09:13:00Z,Point,-95.652333,30.529633,2802.0,acres
GEO_2419CBB99B,EONET_19435,2026-04-08T08:44:00Z,Point,-95.569167,30.536367,783.0,acres
GEO_E620C2A1CF,EONET_19430,2026-04-08T08:24:00Z,Point,-94.096898,34.761897,1602.0,acres
GEO_9708C606C2,EONET_19433,2026-04-08T08:24:00Z,Point,-93.9,35.734,1359.0,acres
GEO_40C7F96385,EONET_19423,2026-04-08T08:09:00Z,Point,-93.666667,34.933333,3441.0,acres
GEO_04D40D2CE7,EONET_19431,2026-04-08T08:08:00Z,Point,-93.523297,35.845119,1747.0,acres
GEO_7768D5A783,EONET_19428,2026-04-07T20:00:00Z,Point,-86.091944,33.155833,545.0,acres
GEO_C251912542,EONET_19918,2026-04-07T18:21:00Z,Point,-79.790533,37.9668,1195.0,acres
GEO_95E1AC23A9,EONET_19409,2026-04-07T17:48:00Z,Point,-83.376383,33.407033,1178.0,acres
GEO_52456B250A,EONET_19422,2026-04-07T13:34:00Z,Point,-113.877617,46.164317,800.0,acres
GEO_59226D3675,EONET_19448,2026-04-07T10:38:00Z,Point,-90.73,31.635,808.0,acres
GEO_3576897085,EONET_19449,2026-04-07T10:38:00Z,Point,-89.5682,32.4037,1296.0,acres
GEO_652F31864C,EONET_19450,2026-04-07T10:38:00Z,Point,-89.6599,32.4098,778.0,acres
GEO_70260B9B98,EONET_19444,2026-04-07T10:11:00Z,Point,-89.2329,34.7893,518.0,acres
GEO_60AD8AAD01,EONET_19446,2026-04-07T09:46:00Z,Point,-94.3093,35.6695,1321.0,acres
GEO_1F6A6E8F58,EONET_19447,2026-04-07T09:39:00Z,Point,-93.395096,35.218256,2016.0,acres
GEO_9B73EA3A61,EONET_19458,2026-04-07T09:30:00Z,Point,-96.362972,36.539489,550.0,acres
GEO_84FE2934ED,EONET_19443,2026-04-07T09:29:00Z,Point,-94.254627,34.783517,4456.0,acres
GEO_8A86DE0380,EONET_19452,2026-04-07T09:18:00Z,Point,-95.728667,30.52045,1585.0,acres
GEO_818637910C,EONET_19445,2026-04-07T09:13:00Z,Point,-93.738056,34.525556,2294.0,acres
GEO_04B1463BAA,EONET_19455,2026-04-07T09:08:00Z,Point,-95.57925,30.524133,712.0,acres
GEO_9892F4B321,EONET_19454,2026-04-07T09:07:00Z,Point,-93.464358,35.808903,951.0,acres
GEO_CD78D7C69A,EONET_19459,2026-04-07T09:07:00Z,Point,-96.616347,36.463582,2304.0,acres
GEO_9797709BB3,EONET_19456,2026-04-07T09:02:00Z,Point,-92.562217,31.197633,1593.0,acres
GEO_6FB98C5175,EONET_19451,2026-04-07T08:21:00Z,Point,-93.484417,34.671333,1463.0,acres
GEO_F39138F152,EONET_19413,2026-04-06T20:45:00Z,Point,-101.832244,35.468784,1262.0,acres
GEO_5556FA20D8,EONET_19460,2026-04-06T20:11:00Z,Point,-88.3992015,43.0403647,638.0,acres
GEO_A828B5B214,EONET_19572,2026-04-06T18:32:00Z,Point,-79.821194,37.951306,2000.0,acres
GEO_99ED64CCAF,EONET_19589,2026-04-06T18:24:00Z,Point,-81.191833,36.7655,1377.0,acres
GEO_5B144D9653,EONET_19453,2026-04-06T17:23:00Z,Point,-84.229,36.969,1887.0,acres
GEO_40788AA082,EONET_19408,2026-04-06T11:43:00Z,Point,-83.464333,33.36415,1742.0,acres
GEO_6EA53E007D,EONET_19407,2026-04-06T11:18:00Z,Point,-83.505083,33.198667,1682.0,acres
GEO_058C735E1E,EONET_19462,2026-04-06T10:52:00Z,Point,-94.260589,34.766957,806.0,acres
GEO_7DBBF231E2,EONET_19461,2026-04-06T09:19:00Z,Point,-93.649722,34.524444,777.0,acres
GEO_821BFD6BE9,EONET_19349,2026-04-06T09:15:00Z,Point,-89.382263,34.49759,2113.0,acres
GEO_B6F16B35A5,EONET_19351,2026-04-05T22:32:00Z,Point,-81.0269444,26.4713889,562.0,acres
GEO_DE1453463C,EONET_19425,2026-04-04T23:23:00Z,Point,-87.04236,32.76539,1650.0,acres
GEO_CE192AC94F,EONET_19587,2026-04-04T16:08:00Z,Point,-123.20401,39.718807,655.0,acres
GEO_1EEC25DD18,EONET_19356,2026-04-03T19:45:00Z,Point,-81.172485,27.607297,1800.0,acres
GEO_0CE47A672B,EONET_19350,2026-04-03T15:54:00Z,Point,-81.279167,26.228889,511.0,acres
GEO_CA9E67C05A,EONET_19355,2026-04-03T14:19:00Z,Point,-117.078415,33.891678,4176.0,acres
GEO_8FD653765F,EONET_19357,2026-04-03T13:28:00Z,Point,-88.630401,42.8455985,802.3,acres
GEO_09A0173018,EONET_19848,2026-04-03T10:31:00Z,Point,-81.586056,33.339944,863.0,acres
GEO_FFE766B058,EONET_19352,2026-04-02T17:18:00Z,Point,-82.4283333,30.5716667,2523.0,acres
GEO_A00B86C5A4,EONET_19203,2026-04-02T11:26:00Z,Point,-92.6888328,45.7153853,655.7,acres
GEO_7C15BD03CA,EONET_19204,2026-04-02T10:05:00Z,Point,-95.537898,31.407942,1000.0,acres
GEO_F2398CF7DA,EONET_19847,2026-04-02T08:37:00Z,Point,-81.497269,33.214186,910.0,acres
GEO_4128E02547,EONET_19208,2026-04-01T09:11:00Z,Point,-94.327475,34.800258,1402.0,acres
GEO_40E36FF7E5,EONET_19842,2026-04-01T07:48:00Z,Point,-79.221611,38.337334,1118.0,acres
GEO_8BFCB33482,EONET_19229,2026-03-31T13:22:00Z,Point,-75.97625,38.396085,1500.0,acres
GEO_9090098874,EONET_19232,2026-03-31T10:13:00Z,Point,-94.104296,32.667308,509.0,acres
GEO_9E2D9F1794,EONET_19224,2026-03-31T07:55:00Z,Point,-81.528333,34.421667,606.3,acres
GEO_A25495DC2B,EONET_19225,2026-03-30T19:32:00Z,Point,-95.3977778,35.0475,505.0,acres
GEO_86F6A8821E,EONET_19194,2026-03-30T15:26:00Z,Point,-86.5408333,33.4077778,2500.0,acres
GEO_026868158F,EONET_19803,2026-03-30T13:43:00Z,Point,-78.916783,41.91305,2044.0,acres
GEO_E4B1A13C8A,EONET_19239,2026-03-30T12:41:00Z,Point,-87.915,32.2358333,570.0,acres
GEO_CD7D7EE77D,EONET_19237,2026-03-30T11:43:00Z,Point,-94.248164,34.805454,1888.0,acres
GEO_B074BD92A2,EONET_19233,2026-03-30T10:17:00Z,Point,-95.258555,31.347207,1373.0,acres
GEO_0EE463F261,EONET_19234,2026-03-30T09:54:00Z,Point,-93.801389,34.564167,3795.0,acres
GEO_4A2F8AB01A,EONET_19238,2026-03-30T09:28:00Z,Point,-88.8988,31.5429,1444.0,acres
GEO_50675B332B,EONET_19212,2026-03-30T09:16:00Z,Point,-83.6958,33.1173,501.0,acres
GEO_B3EB8E9756,EONET_19236,2026-03-30T09:11:00Z,Point,-94.193667,31.413583,1667.0,acres
GEO_8B2CB6BECB,EONET_19205,2026-03-29T21:00:00Z,Point,-82.5197222,31.4411111,1279.0,acres
GEO_409531C0E2,EONET_19207,2026-03-29T18:16:00Z,Point,-81.1739,36.31295,600.0,acres
GEO_81C8073DE0,EONET_19439,2026-03-29T17:39:00Z,Point,-82.146232,39.474996,2006.0,acres
GEO_AC06E759FD,EONET_19235,2026-03-29T17:01:00Z,Point,-82.124323,39.449275,728.0,acres
GEO_8714AA6162,EONET_19245,2026-03-29T15:40:00Z,Point,-86.6787,38.3132,633.0,acres
GEO_3B455D9B4F,EONET_19213,2026-03-29T14:35:00Z,Point,-83.41644,33.376697,1501.0,acres
GEO_E89F9A437D,EONET_19241,2026-03-29T11:43:00Z,Point,-99.615742,40.496668,1200.0,acres
GEO_2D99EF5CD5,EONET_19247,2026-03-29T09:15:00Z,Point,-90.2632005,44.2254153,609.2,acres
GEO_6BC306E5DB,EONET_19246,2026-03-29T08:13:00Z,Point,-92.754167,36.800278,2134.0,acres
GEO_95C09EE201,EONET_19242,2026-03-28T18:18:00Z,Point,-96.077,36.5468,1810.0,acres
GEO_B80A6297DC,EONET_19249,2026-03-28T17:14:00Z,Point,-96.45943,36.820957,2910.0,acres
GEO_1BEBBFA93B,EONET_19243,2026-03-27T18:19:00Z,Point,-113.921867,45.526033,1300.0,acres
GEO_4E75B64CB8,EONET_19226,2026-03-27T15:32:00Z,Point,-103.285447,35.146209,3668.0,acres
GEO_84A1C8E3FB,EONET_19252,2026-03-27T15:29:00Z,Point,-89.955556,33.374444,1500.0,acres
GEO_79FACA9C86,EONET_18975,2026-03-27T12:21:00Z,Point,-94.34081,30.3957,650.0,acres
GEO_F906A73BB6,EONET_19240,2026-03-27T11:06:00Z,Point,-118.249869,48.589957,841.0,acres
GEO_DC87E1C8F5,EONET_18971,2026-03-27T10:02:00Z,Point,-89.9555556,33.3744444,1500.0,acres
GEO_81820B27F9,EONET_18979,2026-03-27T09:18:00Z,Point,-98.47647,38.20875,500.0,acres
GEO_E616379168,EONET_18984,2026-03-27T03:53:00Z,Point,-95.3672222,35.0533333,1208.0,acres
GEO_BBC858582C,EONET_19250,2026-03-26T20:42:00Z,Point,-95.0955556,36.9369444,600.0,acres
GEO_9AB201362B,EONET_19716,2026-03-26T19:07:00Z,Point,-111.117611,34.664046,643.0,acres
GEO_28B5C3920D,EONET_18982,2026-03-26T18:00:00Z,Point,-96.6398,36.4778,2486.0,acres
GEO_723EC76C00,EONET_18989,2026-03-26T16:33:00Z,Point,-98.3569444,36.005,620.0,acres
GEO_DA0C5777F8,EONET_18973,2026-03-26T10:39:00Z,Point,-95.257567,47.885474,658.0,acres
GEO_1F0156FCC4,EONET_18995,2026-03-26T09:29:00Z,Point,-90.734,31.736,555.0,acres
GEO_C9FDC8F162,EONET_18987,2026-03-26T09:27:00Z,Point,-101.760772,42.001111,13805.0,acres
GEO_31A26554FA,EONET_18988,2026-03-26T09:26:00Z,Point,-101.927778,42.021944,37150.0,acres
GEO_AEAE8DD352,EONET_18994,2026-03-26T09:17:00Z,Point,-92.825556,32.036667,1816.0,acres
GEO_B0E4B10D45,EONET_19248,2026-03-26T09:04:00Z,Point,-94.35225,31.103717,5010.0,acres
GEO_F34C4077BE,EONET_18993,2026-03-26T08:49:00Z,Point,-92.646933,31.135,925.0,acres
GEO_510C333C88,EONET_19195,2026-03-26T07:32:00Z,Point,-81.635,34.588056,1059.0,acres
GEO_E8A7A9FCFC,EONET_18986,2026-03-26T04:06:00Z,Point,-95.5319444,34.7991667,1216.0,acres
GEO_3DD442BFB7,EONET_18992,2026-03-25T20:36:00Z,Point,-104.638056,37.846389,638.0,acres
GEO_8FC700CABC,EONET_18990,2026-03-25T18:53:00Z,Point,-95.158513,31.131093,815.0,acres
GEO_58E463F616,EONET_19214,2026-03-25T18:37:00Z,Point,-83.476397,33.240418,878.0,acres
GEO_D3A0A07406,EONET_19006,2026-03-25T13:07:00Z,Point,-86.9869444,31.83,708.0,acres
GEO_88D770BC51,EONET_19005,2026-03-25T11:15:00Z,Point,-87.2674,34.365,809.0,acres
GEO_4F8DC3840C,EONET_18996,2026-03-25T10:28:00Z,Point,-94.886818,31.189088,4234.0,acres
GEO_F392C90227,EONET_18998,2026-03-25T09:53:00Z,Point,-89.8787,40.400583,1750.0,acres
GEO_AF12B31A18,EONET_19003,2026-03-25T09:34:00Z,Point,-94.318322,34.818241,3264.0,acres
GEO_6CBD41BC22,EONET_18999,2026-03-25T08:45:00Z,Point,-93.545833,34.425278,3812.0,acres
GEO_86701CC6FB,EONET_19002,2026-03-25T08:07:00Z,Point,-93.46725,34.669806,2511.0,acres
GEO_5ED30BB62F,EONET_19244,2026-03-25T06:44:00Z,Point,-83.68166,37.878829,1081.0,acres
GEO_8EAACE3F92,EONET_19576,2026-03-25T06:17:00Z,Point,-83.52107,37.067529,1505.0,acres
GEO_071AC0E633,EONET_18991,2026-03-24T19:48:00Z,Point,-82.5494444,29.0691667,572.98,acres
GEO_8E7B18AC9B,EONET_19007,2026-03-24T18:31:00Z,Point,-83.494928,33.117915,1014.0,acres
GEO_926F57BAA3,EONET_19227,2026-03-24T18:28:00Z,Point,-109.79702,34.130612,1014.0,acres
GEO_5974394624,EONET_19582,2026-03-24T16:32:00Z,Point,-96.267969,36.802463,2271.0,acres
GEO_B6B5E66FEB,EONET_19457,2026-03-24T16:23:00Z,Point,-108.900717,47.625617,2210.0,acres
GEO_7DE850E2A6,EONET_19441,2026-03-24T15:58:00Z,Point,-82.506944,38.718611,846.0,acres
GEO_8FBD7E8745,EONET_19008,2026-03-24T15:45:00Z,Point,-95.1038333,36.1373333,1309.0,acres
GEO_B9680E264C,EONET_19012,2026-03-24T14:26:00Z,Point,-96.125892,36.627446,698.0,acres
GEO_E1A361F6A1,EONET_18985,2026-03-24T13:54:00Z,Point,-101.4915333,35.71033333,2937.0,acres
GEO_688CC36DD0,EONET_19014,2026-03-24T13:39:00Z,Point,-96.15697,36.4916,568.0,acres
GEO_A488E8378A,EONET_18981,2026-03-24T10:27:00Z,Point,-94.194099,34.822777,3009.0,acres
GEO_64CC8CA225,EONET_19011,2026-03-24T09:55:00Z,Point,-94.3509,35.7401,2343.0,acres
GEO_B89BC2EF7A,EONET_19010,2026-03-24T09:22:00Z,Point,-93.668056,34.584167,698.0,acres
GEO_ED0C11933C,EONET_19013,2026-03-24T08:14:00Z,Point,-95.6025,34.6885,1369.0,acres
GEO_C98B81FF8C,EONET_19004,2026-03-24T07:47:00Z,Point,-80.063054,37.598086,1193.0,acres
GEO_906568B803,EONET_19215,2026-03-24T07:24:00Z,Point,-83.674067,33.169817,2245.0,acres
GEO_E9FE591451,EONET_18750,2026-03-24T02:44:00Z,Point,-95.2988889,35.0336111,600.0,acres
GEO_DDF8F461C3,EONET_18972,2026-03-23T20:23:00Z,Point,-94.7365,35.6228333,712.0,acres
GEO_6A296578D2,EONET_18758,2026-03-23T19:31:00Z,Point,-94.7343333,36.1103333,1250.0,acres
GEO_1CBB9E9E3D,EONET_18768,2026-03-23T17:32:00Z,Point,-96.4380556,35.5188889,2068.0,acres
GEO_FDA304E7FF,EONET_18772,2026-03-23T17:17:00Z,Point,-85.4469444,34.2797222,500.0,acres
GEO_2650AF7DE4,EONET_19440,2026-03-23T16:58:00Z,Point,-80.131283,37.977383,770.0,acres
GEO_66874A3482,EONET_19723,2026-03-23T16:56:00Z,Point,-79.945217,38.15295,2460.0,acres
GEO_AE2D4F52CA,EONET_19009,2026-03-23T16:22:00Z,Point,-91.245283,37.024717,659.0,acres
GEO_203D21606B,EONET_18780,2026-03-23T14:21:00Z,Point,-95.987222,35.207222,2026.0,acres
GEO_DF3CCDA1B2,EONET_18781,2026-03-23T14:05:00Z,Point,-95.803611,35.203333,680.0,acres
GEO_EB19F1BEA0,EONET_18763,2026-03-23T10:37:00Z,Point,-89.3958,32.3396,1777.0,acres
GEO_38D7CCAD04,EONET_18786,2026-03-23T10:31:00Z,Point,-94.7688333,35.6081667,600.0,acres
GEO_75A771DDE1,EONET_18760,2026-03-23T10:25:00Z,Point,-89.0925,30.671033,802.0,acres
GEO_C3285A6EC1,EONET_18767,2026-03-23T10:16:00Z,Point,-90.96295,37.99645,1469.0,acres
GEO_C8F09E6274,EONET_18757,2026-03-23T09:37:00Z,Point,-93.163889,36.059167,700.0,acres
GEO_410BC93242,EONET_18779,2026-03-23T09:32:00Z,Point,-88.913,31.529,1600.0,acres
GEO_EAD8675D3F,EONET_19727,2026-03-23T09:05:00Z,Point,-86.100556,33.266944,664.0,acres
GEO_1F128C40AF,EONET_18788,2026-03-23T08:50:00Z,Point,-83.5877,35.2159,1025.0,acres
GEO_63F1EC1142,EONET_18789,2026-03-23T08:34:00Z,Point,-94.6327778,35.6419444,560.0,acres
GEO_AC32648E5F,EONET_18790,2026-03-23T08:23:00Z,Point,-94.8066667,36.0330556,1126.4,acres
GEO_3C80B20BC0,EONET_19196,2026-03-23T07:53:00Z,Point,-81.650833,34.636389,1132.0,acres
GEO_D07744776D,EONET_19360,2026-03-23T07:12:00Z,Point,-79.537472,33.17875,1162.0,acres
GEO_9938F24067,EONET_18769,2026-03-22T20:49:00Z,Point,-96.9775,35.015,857.0,acres
GEO_F614F36401,EONET_18756,2026-03-22T17:36:00Z,Point,-88.701897,37.384629,1382.0,acres
GEO_242925081D,EONET_19216,2026-03-22T16:48:00Z,Point,-83.789,33.161772,1203.0,acres
GEO_D885209EF7,EONET_18771,2026-03-22T16:04:00Z,Point,-99.2852778,36.0866667,623.0,acres
GEO_57F35EEB0D,EONET_18751,2026-03-22T15:05:00Z,Point,-88.7819444,34.8483333,802.0,acres
GEO_D4C9242CE4,EONET_18752,2026-03-22T13:50:00Z,Point,-85.3222222,30.5072222,500.0,acres
GEO_35880E0FC5,EONET_19217,2026-03-22T09:33:00Z,Point,-83.7338,33.1396,809.0,acres
GEO_7E8C9D3BF8,EONET_18785,2026-03-22T09:18:00Z,Point,-83.461761,33.320013,920.0,acres
GEO_53065BC349,EONET_18797,2026-03-22T08:50:00Z,Point,-82.462667,36.892,1513.0,acres
GEO_79A4600D3A,EONET_18787,2026-03-22T08:46:00Z,Point,-79.283194,38.416361,1513.0,acres
GEO_F7B5011220,EONET_18791,2026-03-22T08:15:00Z,Point,-93.309722,34.555278,3577.0,acres
GEO_01E9299967,EONET_18798,2026-03-22T07:18:00Z,Point,-77.1,34.778333,924.0,acres
GEO_A4EA65B73E,EONET_18770,2026-03-22T00:08:00Z,Point,-95.5191667,34.3602778,1600.0,acres
GEO_8FD07D406C,EONET_18778,2026-03-21T23:05:00Z,Point,-108.222067,44.860117,1915.0,acres
GEO_68B14373A6,EONET_18793,2026-03-21T18:48:00Z,Point,-96.5991,37.6749,1557.0,acres
GEO_FC3C44D9FE,EONET_19218,2026-03-21T16:48:00Z,Point,-83.414038,33.41174,1293.0,acres
GEO_A78CFA4314,EONET_18766,2026-03-21T09:58:00Z,Point,-94.216,34.806,652.0,acres
GEO_45D4A73F0A,EONET_18799,2026-03-21T09:41:00Z,Point,-93.870917,34.882067,1033.0,acres
GEO_C518B97628,EONET_18801,2026-03-21T09:26:00Z,Point,-92.445278,31.740833,1455.0,acres
GEO_A4C4D8D28D,EONET_18774,2026-03-21T09:20:00Z,Point,-85.917891,33.364143,1020.0,acres
GEO_F28C764AB4,EONET_18782,2026-03-21T09:05:00Z,Point,-85.4477778,34.2769444,509.0,acres
GEO_32D8092B03,EONET_18802,2026-03-21T09:03:00Z,Point,-87.055383,32.674783,1300.0,acres
GEO_6832D97603,EONET_18748,2026-03-21T08:43:00Z,Point,-84.254,35.220783,1903.0,acres
GEO_DEED358CC8,EONET_18810,2026-03-21T08:37:00Z,Point,-96.280622,36.426885,5000.0,acres
GEO_8A047D30AB,EONET_18796,2026-03-21T07:57:00Z,Point,-82.450217,36.90875,1400.0,acres
GEO_79BED4B245,EONET_19197,2026-03-21T07:38:00Z,Point,-81.683333,34.644444,607.0,acres
GEO_FDAB8B1D14,EONET_18800,2026-03-21T07:12:00Z,Point,-80.07,37.655333,502.0,acres
GEO_05851D232F,EONET_19220,2026-03-20T20:08:00Z,Point,-83.6682,33.0131,572.0,acres
GEO_EC370A9993,EONET_19219,2026-03-20T20:06:00Z,Point,-83.480883,33.1793,2200.0,acres
GEO_C67649ACDF,EONET_18807,2026-03-20T19:33:00Z,Point,-96.789282,33.705185,746.0,acres
GEO_61E54B8DFE,EONET_18803,2026-03-20T17:35:00Z,Point,-106.14654,42.90757,6287.0,acres
GEO_198AED2C9A,EONET_18794,2026-03-20T17:24:00Z,Point,-89.513588,37.830978,1318.0,acres
GEO_524BE7F30F,EONET_18820,2026-03-20T16:40:00Z,Point,-93.870917,34.882067,837.0,acres
GEO_CB29C65916,EONET_18811,2026-03-20T16:39:00Z,Point,-93.97866,34.768276,1613.0,acres
GEO_466C41F190,EONET_18777,2026-03-20T16:23:00Z,Point,-96.280967,36.4266,5000.0,acres
GEO_028BBEAAD7,EONET_19000,2026-03-20T16:09:00Z,Point,-107.62402,32.45655,3200.0,acres
GEO_0C7752F493,EONET_18823,2026-03-20T12:53:00Z,Point,-85.908056,33.441667,2442.0,acres
GEO_85F294D047,EONET_18812,2026-03-20T12:33:00Z,Point,-90.68759,36.955356,702.0,acres
GEO_C84D5C1855,EONET_18776,2026-03-20T10:19:00Z,Point,-91.077,31.372,771.0,acres
GEO_B8FAF9EA7E,EONET_18808,2026-03-20T09:51:00Z,Point,-93.809533,31.469917,2333.0,acres
GEO_F32776EFC1,EONET_18822,2026-03-20T09:51:00Z,Point,-88.7483,31.4912,1105.0,acres
GEO_4105D201E0,EONET_18824,2026-03-20T09:09:00Z,Point,-87.2295,34.30163,854.0,acres
GEO_5C04150DC6,EONET_18817,2026-03-20T09:01:00Z,Point,-93.365711,35.220262,674.0,acres
GEO_26B814B476,EONET_18821,2026-03-20T08:36:00Z,Point,-87.028753,32.888971,1048.0,acres
GEO_B8C231285A,EONET_18816,2026-03-20T08:18:00Z,Point,-93.411794,34.638603,2088.0,acres
GEO_C9B0D1F195,EONET_18814,2026-03-20T08:09:00Z,Point,-94.313611,34.411944,918.0,acres
GEO_F652124D69,EONET_18815,2026-03-20T08:07:00Z,Point,-94.71035,34.338967,500.0,acres
GEO_E09C71EB59,EONET_19370,2026-03-20T07:55:00Z,Point,-82.402642,33.943442,572.0,acres
GEO_62892C7311,EONET_19371,2026-03-20T07:42:00Z,Point,-82.478506,33.931944,704.0,acres
GEO_3840766155,EONET_19198,2026-03-20T07:38:00Z,Point,-81.575,34.467222,1293.0,acres
GEO_E31D83D726,EONET_18997,2026-03-19T20:21:00Z,Point,-91.098967,37.432883,1410.0,acres
GEO_1425015C75,EONET_19221,2026-03-19T18:31:00Z,Point,-83.7738,33.1448,509.0,acres
GEO_74B82D0F9C,EONET_18813,2026-03-19T16:15:00Z,Point,-88.552696,37.44427,869.0,acres
GEO_715C304B28,EONET_18842,2026-03-19T15:11:00Z,Point,-90.526367,36.890617,1438.0,acres
GEO_35675FC16C,EONET_18753,2026-03-19T14:39:00Z,Point,-84.812867,30.310367,1752.0,acres
GEO_B2FD8DE29D,EONET_19222,2026-03-19T11:23:00Z,Point,-83.812067,33.235117,1896.0,acres
GEO_9B07EF6885,EONET_18828,2026-03-19T10:56:00Z,Point,-93.784444,34.5875,2112.0,acres
GEO_8C5AD5A6B7,EONET_18841,2026-03-19T10:19:00Z,Point,-87.3185,34.314694,807.0,acres
GEO_0B874A0628,EONET_18838,2026-03-19T10:18:00Z,Point,-85.906632,33.380666,1692.0,acres
GEO_48F4DF5050,EONET_18826,2026-03-19T10:15:00Z,Point,-92.874123,32.127716,1405.0,acres
GEO_FB90CECD66,EONET_18829,2026-03-19T10:00:00Z,Point,-95.187895,31.25011,4029.0,acres
GEO_8A3B6FE50C,EONET_18830,2026-03-19T09:41:00Z,Point,-93.7682,31.27175,2280.0,acres
GEO_EB6E9B2936,EONET_18836,2026-03-19T09:28:00Z,Point,-93.5005,34.642028,1688.0,acres
GEO_7CD56DA42B,EONET_18849,2026-03-19T09:23:00Z,Point,-95.70388889,33.81055556,750.0,acres
GEO_6B06235CAA,EONET_19575,2026-03-19T09:19:00Z,Point,-88.78,38.726,844.0,acres
GEO_362446502A,EONET_18832,2026-03-19T09:18:00Z,Point,-93.97866,34.768276,2490.0,acres
GEO_23C042B100,EONET_19574,2026-03-19T09:15:00Z,Point,-90.105,40.0383,1400.0,acres
GEO_35FFDA4DCA,EONET_18831,2026-03-19T09:10:00Z,Point,-95.635033,30.525217,973.0,acres
GEO_6F2D2DD6CF,EONET_18835,2026-03-19T09:02:00Z,Point,-93.4343,35.257,1651.0,acres
GEO_071BFE5B23,EONET_18840,2026-03-19T08:56:00Z,Point,-87.507098,32.981519,1467.0,acres
GEO_72E174CA16,EONET_18834,2026-03-19T08:37:00Z,Point,-92.616,31.1053,764.0,acres
GEO_84506ADC44,EONET_18837,2026-03-19T08:27:00Z,Point,-93.911,35.7,1400.0,acres
GEO_37BD10E50D,EONET_18818,2026-03-19T08:24:00Z,Point,-94.0487,36.4452,537.0,acres
GEO_27321A3033,EONET_18833,2026-03-19T08:14:00Z,Point,-93.514833,34.958417,1880.0,acres
GEO_40D7A18A2C,EONET_18848,2026-03-18T17:35:00Z,Point,-96.3132,36.3578,5000.0,acres
GEO_E9D978270F,EONET_19358,2026-03-18T14:04:00Z,Point,-110.305833,31.356667,1255.0,acres
GEO_10CBD0EFEA,EONET_18765,2026-03-18T14:02:00Z,Point,-110.331944,31.581389,630.0,acres
GEO_7A1D7D9178,EONET_19223,2026-03-18T13:24:00Z,Point,-83.520117,33.2402,1345.0,acres
GEO_E4998E8D7B,EONET_18754,2026-03-18T13:11:00Z,Point,-104.963722,38.527029,7385.0,acres
GEO_4064C11C0B,EONET_18845,2026-03-18T11:12:00Z,Point,-110.8792,34.3097,876.0,acres
GEO_62919B1178,EONET_18847,2026-03-18T10:37:00Z,Point,-90.998,31.302,947.0,acres
GEO_29EE354244,EONET_18854,2026-03-18T10:35:00Z,Point,-88.9175,33.9493,1037.0,acres
GEO_B53C39C03B,EONET_18855,2026-03-18T10:33:00Z,Point,-89.6363,32.3932,2139.0,acres
GEO_B295F6A67C,EONET_18868,2026-03-18T09:57:00Z,Point,-95.202153,31.277529,1693.0,acres
GEO_B500F87BB4,EONET_18867,2026-03-18T09:56:00Z,Point,-95.287414,31.478816,1277.0,acres
GEO_2970DC2C42,EONET_18851,2026-03-18T09:49:00Z,Point,-95.71155,30.535383,1662.0,acres
GEO_1D6A1B6FD1,EONET_18865,2026-03-18T09:49:00Z,Point,-86.1,33.2,672.0,acres
GEO_7F0CBB8918,EONET_18871,2026-03-18T09:40:00Z,Point,-94.821583,36.285056,1185.0,acres
GEO_2FFFC7878B,EONET_18872,2026-03-18T09:37:00Z,Point,-95.5726,34.7039,1534.0,acres
GEO_F782CBEB92,EONET_18866,2026-03-18T09:34:00Z,Point,-93.958717,31.714333,1401.0,acres
GEO_5D78067622,EONET_18853,2026-03-18T09:25:00Z,Point,-93.3897,35.1505,954.0,acres
GEO_4A9E7184AB,EONET_18857,2026-03-18T09:22:00Z,Point,-89.511504,38.026954,588.0,acres
GEO_12BD6C7843,EONET_18860,2026-03-18T09:15:00Z,Point,-93.028483,35.687897,1138.0,acres
GEO_8F386424E8,EONET_18858,2026-03-18T09:12:00Z,Point,-92.61045,31.015383,1025.0,acres
GEO_C6DE57FAAA,EONET_18783,2026-03-18T09:05:00Z,Point,-95.921667,35.285278,1026.8,acres
GEO_5E284BDA8D,EONET_18870,2026-03-18T09:03:00Z,Point,-87.498451,33.002553,1602.0,acres
GEO_53DE33061B,EONET_18850,2026-03-18T08:55:00Z,Point,-92.340505,31.44231,943.0,acres
GEO_F7123742A3,EONET_18869,2026-03-18T08:46:00Z,Point,-94.038643,34.716671,762.0,acres
GEO_F29CD220B2,EONET_18862,2026-03-18T08:37:00Z,Point,-92.4196,36.023633,1749.0,acres
GEO_5AB5AEA1C6,EONET_18863,2026-03-18T08:31:00Z,Point,-94.335138,34.830681,1857.0,acres
GEO_4E99821D87,EONET_18859,2026-03-18T08:15:00Z,Point,-94.671,34.306,4265.0,acres
GEO_D8DA04ACCF,EONET_18852,2026-03-18T08:09:00Z,Point,-94.71035,34.338967,805.0,acres
GEO_DC20F2CDAC,EONET_18861,2026-03-18T08:05:00Z,Point,-93.339556,35.6835,1410.0,acres
GEO_0C85B40B79,EONET_18856,2026-03-17T18:06:00Z,Point,-91.325139,37.461583,3178.0,acres
GEO_C9E6784D6B,EONET_18755,2026-03-17T12:54:00Z,Point,-84.945431,30.152413,6043.0,acres
GEO_106936D980,EONET_18879,2026-03-17T10:49:00Z,Point,-92.769925,35.454286,1436.0,acres
GEO_7FCD023395,EONET_18806,2026-03-17T09:34:00Z,Point,-93.449379,35.176148,1416.0,acres
GEO_16C0C0EC3B,EONET_18876,2026-03-17T09:13:00Z,Point,-94.432402,34.8134,2752.0,acres
GEO_805AFBAC98,EONET_18878,2026-03-17T08:56:00Z,Point,-93.558917,34.952467,2632.0,acres
GEO_6D55F6E93B,EONET_18846,2026-03-17T08:38:00Z,Point,-93.710556,36.633611,1055.0,acres
GEO_142DB481CA,EONET_18875,2026-03-17T08:09:00Z,Point,-95.5615,34.7232,1791.0,acres
GEO_9D1BCE1631,EONET_18874,2026-03-17T08:00:00Z,Point,-93.877288,34.64513,3580.0,acres
GEO_A7FB084322,EONET_18825,2026-03-17T01:50:00Z,Point,-95.1716667,34.9902778,850.0,acres
GEO_C4E57ADB3A,EONET_18843,2026-03-16T13:15:00Z,Point,-110.21895,34.305967,552.0,acres
GEO_CB72EE9B14,EONET_18844,2026-03-16T13:14:00Z,Point,-110.286367,34.317467,591.0,acres
GEO_05E97DE9DC,EONET_18647,2026-03-16T09:20:00Z,Point,-96.503611,35.664722,673.0,acres
GEO_706EAD193D,EONET_18652,2026-03-15T22:05:00Z,Point,-97.445,34.0369444,750.0,acres
GEO_6EC1C1AD32,EONET_18653,2026-03-15T21:51:00Z,Point,-99.4272222,34.7436111,3656.0,acres
GEO_4749CFEAC5,EONET_18649,2026-03-15T20:40:00Z,Point,-102.24943,35.46241,1500.0,acres
GEO_B074521B07,EONET_18645,2026-03-15T11:52:00Z,Point,-101.2283333,45.1172222,991.1,acres
GEO_5A8D0CA3A7,EONET_18650,2026-03-15T08:17:00Z,Point,-86.105806,33.211278,1606.0,acres
GEO_D436019029,EONET_18762,2026-03-15T01:37:00Z,Point,-100.432885,40.871877,129103.0,acres
GEO_D864CEE29F,EONET_18655,2026-03-14T16:10:00Z,Point,-96.16634,36.72568,586.0,acres
GEO_B9B34FFAA1,EONET_18864,2026-03-14T10:25:00Z,Point,-87.302722,34.265139,1188.0,acres
GEO_5F1037FB85,EONET_18656,2026-03-14T10:05:00Z,Point,-96.121944,36.589167,1960.0,acres
GEO_11FF04ECEF,EONET_18667,2026-03-14T09:45:00Z,Point,-95.606283,30.562583,619.0,acres
GEO_936954FB28,EONET_18664,2026-03-14T09:43:00Z,Point,-94.774167,34.778867,722.0,acres
GEO_B8693F0A74,EONET_18666,2026-03-14T09:25:00Z,Point,-95.680217,30.557617,2681.0,acres
GEO_634F297BC8,EONET_18669,2026-03-14T09:22:00Z,Point,-93.951389,34.441389,5499.0,acres
GEO_F6824A2C64,EONET_18805,2026-03-14T09:18:00Z,Point,-93.25,35.683333,1823.0,acres
GEO_7806BCE166,EONET_18670,2026-03-14T09:13:00Z,Point,-93.850334,34.814723,1595.0,acres
GEO_D5AF90C983,EONET_18676,2026-03-14T09:07:00Z,Point,-86.0961,33.25,614.0,acres
GEO_80410CE125,EONET_18672,2026-03-14T08:58:00Z,Point,-89.517,37.86162,500.0,acres
GEO_4896827861,EONET_18668,2026-03-14T08:56:00Z,Point,-93.689228,34.928513,3072.0,acres
GEO_DFB47A9B79,EONET_18675,2026-03-14T08:52:00Z,Point,-92.960167,30.984533,1528.0,acres
GEO_B3412B33EF,EONET_19192,2026-03-14T08:21:00Z,Point,-83.110833,34.924722,700.0,acres
GEO_6D95906105,EONET_18773,2026-03-13T19:40:00Z,Point,-82.116889,33.62975,632.0,acres
GEO_451E87F077,EONET_18678,2026-03-13T19:09:00Z,Point,-91.037117,37.466167,709.0,acres
GEO_EFA331A3E7,EONET_18677,2026-03-13T18:28:00Z,Point,-91.225133,37.41545,1949.0,acres
GEO_ECC28F8281,EONET_18679,2026-03-13T15:57:00Z,Point,-90.561728,36.919713,1679.0,acres
GEO_C92F378F6A,EONET_18657,2026-03-13T15:19:00Z,Point,-96.575,36.525833,5039.0,acres
GEO_8C58FA5E75,EONET_18663,2026-03-13T12:18:00Z,Point,-93.771333,36.502833,969.0,acres
GEO_C4F018EBDF,EONET_18692,2026-03-13T11:12:00Z,Point,-97.100129,34.540371,622.0,acres
GEO_5CC00644D7,EONET_18688,2026-03-13T11:00:00Z,Point,-96.477814,39.638844,800.0,acres
GEO_9C282E0732,EONET_18687,2026-03-13T10:38:00Z,Point,-93.849167,34.566389,1744.0,acres
GEO_6E2E0936E2,EONET_18690,2026-03-13T10:38:00Z,Point,-93.860278,34.388889,1164.0,acres
GEO_529F700A8B,EONET_18654,2026-03-13T10:30:00Z,Point,-102.15696,41.47436,572804.0,acres
GEO_6A66EA62B0,EONET_18683,2026-03-13T09:46:00Z,Point,-93.216667,35.55,680.0,acres
GEO_6B7D341476,EONET_18682,2026-03-13T09:37:00Z,Point,-93.166667,35.533333,1147.0,acres
GEO_D64BA8D0FB,EONET_19372,2026-03-13T09:26:00Z,Point,-82.333742,34.025692,501.0,acres
GEO_F4908A2E1E,EONET_18680,2026-03-13T09:15:00Z,Point,-95.147617,30.487333,936.0,acres
GEO_89C8DE359F,EONET_18685,2026-03-13T08:47:00Z,Point,-92.20455,36.022,3224.0,acres
GEO_39B719532B,EONET_18693,2026-03-13T08:38:00Z,Point,-91.2017,37.1494,1162.0,acres
GEO_495D35C270,EONET_18662,2026-03-13T08:30:00Z,Point,-91.4934,37.3829,1012.0,acres
GEO_7FDD0B7401,EONET_18681,2026-03-13T08:28:00Z,Point,-93.879,35.698,2139.0,acres
GEO_91BF661025,EONET_19193,2026-03-13T07:41:00Z,Point,-83.167778,34.907222,1347.0,acres
GEO_5C81410D66,EONET_19199,2026-03-13T07:33:00Z,Point,-81.625556,34.610278,1015.0,acres
GEO_9F24249AA5,EONET_18691,2026-03-12T21:50:00Z,Point,-100.9613,42.802367,6000.0,acres
GEO_53F009E5FE,EONET_18651,2026-03-12T17:17:00Z,Point,-103.566727,43.748119,8420.0,acres
GEO_C5D8828CFE,EONET_18658,2026-03-12T17:08:00Z,Point,-100.4097,41.846617,35814.0,acres
GEO_7FCC28A7A3,EONET_18671,2026-03-12T16:44:00Z,Point,-101.2286111,45.1775,991.1,acres
GEO_4D9CC18607,EONET_18694,2026-03-12T11:27:00Z,Point,-97.1009,34.5366,852.0,acres
GEO_C2B9A7D055,EONET_19211,2026-03-11T09:44:00Z,Point,-83.253,34.952,1706.0,acres
GEO_2791A5F432,EONET_19200,2026-03-11T07:51:00Z,Point,-81.436944,34.456667,667.0,acres
GEO_F3D2432562,EONET_19373,2026-03-11T07:41:00Z,Point,-82.180303,33.779997,2820.0,acres
GEO_0E84CAF75B,EONET_18526,2026-03-10T22:40:00Z,Point,-102.16138,35.6423,8500.0,acres
GEO_5F4675D693,EONET_18531,2026-03-10T17:12:00Z,Point,-93.885147,34.974698,2523.0,acres
GEO_FFC507BB71,EONET_19210,2026-03-10T16:00:00Z,Point,-83.741364,33.178082,1607.0,acres
GEO_54F5C4EAF7,EONET_19374,2026-03-10T08:03:00Z,Point,-82.306856,34.091561,1208.0,acres
GEO_922EE9ECC5,EONET_18659,2026-03-10T07:45:00Z,Point,-79.97011,37.93312,517.0,acres
GEO_4F9FB45401,EONET_18527,2026-03-09T17:52:00Z,Point,-100.753,35.422,7000.0,acres
GEO_AAD12C0CDE,EONET_18696,2026-03-09T17:27:00Z,Point,-83.324183,33.66365,617.0,acres
GEO_98DB1CA4CF,EONET_18532,2026-03-09T15:37:00Z,Point,-105.647467,43.699,2490.23,acres
GEO_D694B64EE9,EONET_18665,2026-03-09T12:02:00Z,Point,-111.438133,38.840033,2500.0,acres
GEO_957BED8FED,EONET_18536,2026-03-08T19:26:00Z,Point,-110.27752,47.54961,700.0,acres
GEO_635CDE9F1C,EONET_18540,2026-03-08T15:17:00Z,Point,-112.26804,47.909896,500.0,acres
GEO_B2730259A5,EONET_18546,2026-03-08T11:35:00Z,Point,-88.15605,41.35475,609.0,acres
GEO_19D1030F62,EONET_18542,2026-03-08T08:07:00Z,Point,-98.700088,34.74737,1209.0,acres
GEO_075375ADDB,EONET_18544,2026-03-07T19:54:00Z,Point,-83.2216667,29.6138889,750.0,acres
GEO_280DA97F61,EONET_18528,2026-03-07T19:11:00Z,Point,-81.8244444,27.6811111,3297.0,acres
GEO_DA681241A8,EONET_18554,2026-03-07T09:45:00Z,Point,-89.6184,32.4147,1539.0,acres
GEO_371C1286F4,EONET_18552,2026-03-07T09:39:00Z,Point,-83.69,33.1551,971.0,acres
GEO_B5B2AA9FE4,EONET_18550,2026-03-06T19:18:00Z,Point,-83.34578,33.673932,663.0,acres
GEO_4FFB3094F6,EONET_18551,2026-03-06T19:12:00Z,Point,-83.4938,33.366933,1034.0,acres
GEO_BD9C10ABD9,EONET_18558,2026-03-06T10:39:00Z,Point,-90.89,31.49,550.0,acres
GEO_7DE71F0B0A,EONET_19230,2026-03-06T09:27:00Z,Point,-110.29857,31.33446,1160.0,acres
GEO_6C2BCAD49E,EONET_18560,2026-03-06T09:19:00Z,Point,-86.158333,33.1925,980.0,acres
GEO_F9BD8C1287,EONET_18547,2026-03-06T08:53:00Z,Point,-90.70045,34.688717,861.0,acres
GEO_D117BF8CAC,EONET_18839,2026-03-06T08:47:00Z,Point,-87.292821,34.340635,945.0,acres
GEO_99F6C729C4,EONET_18557,2026-03-06T08:04:00Z,Point,-83.697383,33.170333,1605.0,acres
GEO_0A7C7394B8,EONET_18553,2026-03-05T17:23:00Z,Point,-83.6781,33.1114,803.0,acres
GEO_D96AF6896D,EONET_19209,2026-03-05T12:57:00Z,Point,-83.535,33.262,1306.0,acres
GEO_996425FB13,EONET_18530,2026-03-05T12:56:00Z,Point,-100.4097,41.846617,1200.0,acres
GEO_D41FBCA981,EONET_18697,2026-03-05T09:28:00Z,Point,-86.186944,33.19,863.0,acres
GEO_0811710E85,EONET_18561,2026-03-05T09:13:00Z,Point,-85.59,33.714167,2323.0,acres
GEO_FE789D918D,EONET_18563,2026-03-05T08:08:00Z,Point,-83.677117,33.054667,880.0,acres
GEO_A00C2A41CE,EONET_19201,2026-03-05T07:35:00Z,Point,-81.427222,34.692778,922.0,acres
GEO_FC5A5FBD2B,EONET_18537,2026-03-04T21:01:00Z,Point,-81.0430556,26.4147222,741.0,acres
GEO_B99CB22776,EONET_18535,2026-03-04T18:53:00Z,Point,-75.826833,35.646833,1410.0,acres
GEO_AAAF261241,EONET_18648,2026-03-04T18:11:00Z,Point,-85.7495,33.731667,2491.0,acres
GEO_9F3B3AE8C3,EONET_18573,2026-03-04T15:47:00Z,Point,-90.0327778,33.4419444,526.0,acres
GEO_B81071DEEE,EONET_18571,2026-03-04T11:51:00Z,Point,-84.85038333,35.57711667,543.0,acres
GEO_851ACC5989,EONET_18562,2026-03-04T11:35:00Z,Point,-93.641389,34.579722,2352.0,acres
GEO_BFCE03B84E,EONET_18570,2026-03-04T11:10:00Z,Point,-88.898611,31.471667,1632.0,acres
GEO_5C3181C7CC,EONET_18974,2026-03-04T09:56:00Z,Point,-85.546667,33.795,1246.0,acres
GEO_07BDABE351,EONET_18549,2026-03-04T09:34:00Z,Point,-99.899717,35.6394,640.0,acres
GEO_97B1B9C284,EONET_18978,2026-03-04T09:11:00Z,Point,-87.46862,32.898367,859.0,acres
GEO_4D5566FF16,EONET_18569,2026-03-04T08:36:00Z,Point,-93.192117,31.492633,1243.0,acres
GEO_676939FC79,EONET_18556,2026-03-03T19:14:00Z,Point,-104.768501,36.031828,1132.0,acres
GEO_E0D099B778,EONET_18565,2026-03-03T17:35:00Z,Point,-89.6402778,30.4752778,1211.0,acres
GEO_DF687C0A15,EONET_18575,2026-03-03T12:53:00Z,Point,-93.51,34.374444,1237.0,acres
GEO_7DD7E731E9,EONET_18583,2026-03-03T12:20:00Z,Point,-100.9008333,39.9608333,1521.0,acres
GEO_5600D1852A,EONET_18555,2026-03-03T11:07:00Z,Point,-88.9558,34.0435,927.0,acres
GEO_8A0A160C77,EONET_18533,2026-03-03T10:31:00Z,Point,-85.027485,30.115633,1930.0,acres
GEO_951246EAAD,EONET_18577,2026-03-03T10:19:00Z,Point,-94.000847,34.949564,1922.0,acres
GEO_2640854F0D,EONET_18578,2026-03-03T10:19:00Z,Point,-93.263904,32.67485,800.0,acres
GEO_9C9688D54F,EONET_18574,2026-03-03T10:08:00Z,Point,-93.008003,32.905806,2862.0,acres
GEO_FCC3A3270E,EONET_18580,2026-03-03T09:46:00Z,Point,-85.560401,33.750005,2364.0,acres
GEO_9F55F8E29E,EONET_18579,2026-03-03T09:32:00Z,Point,-86.08,33.212778,1373.0,acres
GEO_30C0868709,EONET_18581,2026-03-03T09:32:00Z,Point,-88.7995,31.5434,2861.0,acres
GEO_4A8651F98D,EONET_18582,2026-03-03T09:12:00Z,Point,-85.5645,32.487481,562.0,acres
GEO_8DF6B83F76,EONET_18977,2026-03-03T09:01:00Z,Point,-87.390211,32.900163,810.0,acres
GEO_86B2595113,EONET_18576,2026-03-03T09:00:00Z,Point,-94.310556,34.737222,3111.0,acres
GEO_2AE584F85D,EONET_18566,2026-03-03T08:36:00Z,Point,-85.078569,34.588991,1064.0,acres
GEO_B55B5F7F16,EONET_18564,2026-03-02T15:23:00Z,Point,-83.716345,33.033678,1269.0,acres
GEO_5459C9D506,EONET_18586,2026-03-02T13:08:00Z,Point,-88.048,41.34486700000008,869.0,acres
GEO_9120D26AA7,EONET_18309,2026-03-02T12:34:00Z,Point,-83.82495,35.12033300000007,1957.0,acres
GEO_255EDAC638,EONET_18534,2026-03-02T11:15:00Z,Point,-86.631821,31.093738,2903.0,acres
GEO_241CB09847,EONET_18591,2026-03-02T09:39:00Z,Point,-86.068889,33.325000000000045,1121.0,acres
GEO_EE7E5AEA36,EONET_18308,2026-03-02T09:24:00Z,Point,-85.489226,33.818256000000076,721.0,acres
GEO_9293C9F400,EONET_18873,2026-03-02T09:08:00Z,Point,-95.8295,34.6214,1380.0,acres
GEO_72B78190FE,EONET_18976,2026-03-02T08:43:00Z,Point,-87.386417,32.951617,1482.0,acres
GEO_15AC28FB46,EONET_18587,2026-03-02T08:28:00Z,Point,-93.281531,32.67698800000005,1200.0,acres
GEO_3F6E9C10FF,EONET_18588,2026-03-01T16:10:00Z,Point,-85.593056,34.41472200000004,500.0,acres
GEO_2C57BCED3B,EONET_18317,2026-03-01T09:14:00Z,Point,-86.576534,31.122318000000064,1949.0,acres
GEO_1A99DF6EF8,EONET_18311,2026-03-01T09:08:00Z,Point,-93.693889,34.54694400000005,2707.0,acres
GEO_AEBEDA6E7E,EONET_18318,2026-03-01T08:57:00Z,Point,-92.441277,31.62357700000007,1332.0,acres
GEO_19C993A404,EONET_18314,2026-03-01T08:44:00Z,Point,-93.3748,34.641383000000076,1159.0,acres
GEO_EFA81DF80F,EONET_18590,2026-03-01T08:29:00Z,Point,-94.664571,34.771306,550.0,acres
GEO_E6E253E7F9,EONET_18313,2026-03-01T08:20:00Z,Point,-94.205,34.70250000000004,1382.0,acres
GEO_E47A6385E1,EONET_18323,2026-02-28T20:37:00Z,Point,-92.1398,37.6896,2200.0,acres
GEO_A18662F20F,EONET_18315,2026-02-28T15:05:00Z,Point,-100.646594,30.8553797,798.0,acres
GEO_C527268612,EONET_18312,2026-02-28T13:32:00Z,Point,-95.3933333,35.0777778,800.0,acres
GEO_D99A28AC52,EONET_18326,2026-02-28T09:37:00Z,Point,-92.223,36.06403300000005,2452.0,acres
GEO_B6623B4EEF,EONET_18320,2026-02-28T09:36:00Z,Point,-91.2232,37.4177,907.0,acres
GEO_DA19B769C7,EONET_18324,2026-02-28T09:28:00Z,Point,-93.844135,34.94650400000006,3175.0,acres
GEO_996AA17717,EONET_18328,2026-02-28T09:22:00Z,Point,-98.700088,34.74373000000003,2310.0,acres
GEO_695B61B602,EONET_18325,2026-02-28T09:01:00Z,Point,-93.016036,35.807322000000056,5625.0,acres
GEO_68722AF700,EONET_18332,2026-02-28T08:30:00Z,Point,-93.266111,35.04527800000005,3025.0,acres
GEO_6F36B1F3E3,EONET_18331,2026-02-28T08:17:00Z,Point,-93.708333,34.74666700000006,4774.0,acres
GEO_5366F230E5,EONET_18327,2026-02-28T08:06:00Z,Point,-93.389444,34.564722000000074,3382.0,acres
GEO_AFD452756E,EONET_18333,2026-02-28T08:00:00Z,Point,-94.646917,34.083444,1110.0,acres
GEO_F7934CE91B,EONET_18316,2026-02-28T00:14:00Z,Point,-95.9663889,34.34916670000007,2477.0,acres
GEO_625F77B03A,EONET_18329,2026-02-27T16:32:00Z,Point,-92.355833,37.703333,562.0,acres
GEO_F42736D7CB,EONET_18334,2026-02-27T14:51:00Z,Point,-82.0230556,27.700277800000038,2000.0,acres
GEO_03A53F53FE,EONET_18336,2026-02-27T11:59:00Z,Point,-92.866667,35.450000000000045,832.0,acres
GEO_DDEBCAFE33,EONET_18338,2026-02-27T09:58:00Z,Point,-93.991881,34.95899300000008,2064.0,acres
GEO_48A287C06E,EONET_18346,2026-02-27T09:30:00Z,Point,-91.205578,37.10968200000008,1231.0,acres
GEO_43F4B13BA5,EONET_18347,2026-02-27T09:30:00Z,Point,-92.026333,37.494667,1554.0,acres
GEO_BFF55E84EF,EONET_18345,2026-02-27T09:15:00Z,Point,-91.150517,36.888042,4125.0,acres
GEO_701B3B6417,EONET_18337,2026-02-27T09:09:00Z,Point,-92.452683,31.640270000000044,1468.0,acres
GEO_CB0B686F6F,EONET_18341,2026-02-27T08:50:00Z,Point,-92.929167,35.964444,1064.0,acres
GEO_5446B1180D,EONET_18340,2026-02-27T08:48:00Z,Point,-93.736714,35.65416400000004,750.0,acres
GEO_61306F9F41,EONET_18339,2026-02-27T08:45:00Z,Point,-94.66835,34.38010000000003,2732.0,acres
GEO_2002335583,EONET_18343,2026-02-27T08:44:00Z,Point,-96.156944,35.504167,702.0,acres
GEO_111E8D6A79,EONET_18342,2026-02-27T08:41:00Z,Point,-93.779722,34.708889000000056,748.0,acres
GEO_1AB736D835,EONET_18335,2026-02-27T08:40:00Z,Point,-92.7625,31.88222200000007,1711.0,acres
GEO_7BF1FFA1AB,EONET_18349,2026-02-27T08:11:00Z,Point,-94.14638889,30.246944444000064,500.0,acres
GEO_CDC61F75B5,EONET_18350,2026-02-27T08:11:00Z,Point,-94.9552,31.325900000000047,1000.0,acres
GEO_0B378DD35C,EONET_18351,2026-02-27T08:11:00Z,Point,-95.00019,31.365910000000042,550.0,acres
GEO_0FD3B079BE,EONET_18352,2026-02-27T08:11:00Z,Point,-94.9326,31.30750000000006,1000.0,acres
GEO_5E9532B69F,EONET_18353,2026-02-27T08:09:00Z,Point,-95.880324,31.971722000000057,581.0,acres
GEO_E79A21FC91,EONET_18354,2026-02-27T08:09:00Z,Point,-95.70222222,33.805833333000066,700.0,acres
GEO_3DCEDE811D,EONET_18355,2026-02-27T08:09:00Z,Point,-94.70361111,33.272777778000034,500.0,acres
GEO_218C452AB2,EONET_18344,2026-02-27T08:03:00Z,Point,-93.16275,30.987783000000036,1737.0,acres
GEO_ABBBEEA606,EONET_18310,2026-02-26T17:33:00Z,Point,-108.43738,46.30904,5060.0,acres
GEO_F9E9DAAA28,EONET_18572,2026-02-26T12:53:00Z,Point,-112.098152,46.497328,700.0,acres
GEO_9FC3B0BC5C,EONET_18364,2026-02-26T10:19:00Z,Point,-93.4717,35.23238300000003,706.0,acres
GEO_741A61B0A0,EONET_18358,2026-02-26T09:37:00Z,Point,-93.830645,35.00735600000007,1464.0,acres
GEO_67B59D9BBE,EONET_18154,2026-02-26T09:34:00Z,Point,-96.116667,35.308056,535.0,acres
GEO_25AE3F4A7A,EONET_18357,2026-02-26T09:30:00Z,Point,-94.05651,34.71777000000003,1040.0,acres
GEO_E3BE220752,EONET_18365,2026-02-26T09:19:00Z,Point,-92.875139,35.453047000000026,1000.0,acres
GEO_CD38FC93FF,EONET_18367,2026-02-26T09:15:00Z,Point,-92.588,31.10800000000006,1159.0,acres
GEO_C6D2479D62,EONET_18361,2026-02-26T09:12:00Z,Point,-93.362228,35.736428000000046,1131.0,acres
GEO_0793A93F38,EONET_18363,2026-02-26T08:52:00Z,Point,-94.3199,35.72730000000007,1100.0,acres
GEO_A0BE9A2FE1,EONET_18360,2026-02-26T08:47:00Z,Point,-93.725833,34.588333000000034,3618.0,acres
GEO_08439B7682,EONET_18149,2026-02-26T08:30:00Z,Point,-93.325531,35.67181100000005,1861.0,acres
GEO_C29CB664A7,EONET_18356,2026-02-26T08:16:00Z,Point,-92.468611,36.13611100000003,3000.0,acres
GEO_845FF288E1,EONET_18362,2026-02-26T08:09:00Z,Point,-94.67,34.3986,1488.0,acres
GEO_2A77EBAE21,EONET_18366,2026-02-26T08:05:00Z,Point,-93.584722,34.72388900000004,3101.0,acres
GEO_37A1C1ED45,EONET_18145,2026-02-25T20:11:00Z,Point,-96.2105556,35.79583330000003,733.0,acres
GEO_B76EC030AA,EONET_18151,2026-02-25T19:37:00Z,Point,-89.0786,31.124167,600.0,acres
GEO_3E0DF7E795,EONET_18155,2026-02-25T16:28:00Z,Point,-96.34903,36.39913,700.0,acres
GEO_89C2111314,EONET_18359,2026-02-25T16:02:00Z,Point,-89.6483333,30.446944400000064,540.0,acres
GEO_B82F8D30FD,EONET_18175,2026-02-25T11:47:00Z,Point,-94.815864,36.31854100000004,1770.0,acres
GEO_908F873FBB,EONET_18162,2026-02-25T10:57:00Z,Point,-91.107667,36.644533,1343.0,acres
GEO_EC38CF3288,EONET_18348,2026-02-25T10:22:00Z,Point,-88.186847,42.45129700000007,538.0,acres
GEO_D06B9AFB4F,EONET_18158,2026-02-25T09:45:00Z,Point,-95.22,34.6688889,905.0,acres
GEO_DBEB05CFAB,EONET_18176,2026-02-25T09:29:00Z,Point,-91.096444,36.79764800000004,1933.0,acres
GEO_04C9A8832B,EONET_18156,2026-02-25T09:26:00Z,Point,-93.35,35.73333300000007,1000.0,acres
GEO_A02F4ECB7E,EONET_18322,2026-02-25T08:58:00Z,Point,-87.363315,32.97016200000007,1102.0,acres
GEO_733497422C,EONET_18321,2026-02-25T08:56:00Z,Point,-86.01308,33.33258,1397.0,acres
GEO_0AFA21E0B9,EONET_18160,2026-02-25T08:49:00Z,Point,-93.832312,34.82732400000003,621.0,acres
GEO_46730F615E,EONET_18169,2026-02-25T08:49:00Z,Point,-87.405038,32.91171700000007,1005.0,acres
GEO_6116BC2142,EONET_18163,2026-02-25T08:48:00Z,Point,-94.105611,34.769488000000024,900.0,acres
GEO_87BF764BC6,EONET_18164,2026-02-25T08:31:00Z,Point,-93.862,35.68300000000005,2827.0,acres
GEO_EECB687679,EONET_18165,2026-02-25T08:26:00Z,Point,-93.391944,34.53638900000004,2002.0,acres
GEO_4D2D15BE00,EONET_18179,2026-02-25T08:13:00Z,Point,-83.73645,33.20190000000002,1020.0,acres
GEO_2C443DB6DC,EONET_18166,2026-02-25T08:12:00Z,Point,-94.7796,34.26746300000008,863.0,acres
GEO_CD35E4D8BF,EONET_18168,2026-02-25T08:08:00Z,Point,-83.6737,33.02550000000008,734.0,acres
GEO_870D6DAACF,EONET_18171,2026-02-25T08:06:00Z,Point,-93.839722,34.75750000000005,1884.0,acres
GEO_B28F339943,EONET_18172,2026-02-25T08:06:00Z,Point,-93.346278,34.615,1364.0,acres
GEO_57F51A7D05,EONET_18178,2026-02-25T08:02:00Z,Point,-92.1868,33.11890000000005,600.0,acres
GEO_BE0CD86FC7,EONET_18170,2026-02-25T07:59:00Z,Point,-93.397389,34.70891700000004,1259.0,acres
GEO_C925B36585,EONET_18161,2026-02-24T18:04:00Z,Point,-92.1983,37.374833,550.0,acres
GEO_D8764C9F53,EONET_18147,2026-02-24T18:03:00Z,Point,-98.746777,30.440144,1160.0,acres
GEO_0DDB225E07,EONET_18157,2026-02-24T17:34:00Z,Point,-102.24182,36.29863,540.0,acres
GEO_02FFD12BA1,EONET_18153,2026-02-24T16:07:00Z,Point,-96.207222,35.37527800000004,739.0,acres
GEO_4596B516FE,EONET_18146,2026-02-24T14:16:00Z,Point,-94.3567,31.0586,1330.0,acres
GEO_6EBE0E6BAD,EONET_18182,2026-02-24T10:16:00Z,Point,-93.725278,34.72555600000004,1190.0,acres
GEO_44A864A845,EONET_18177,2026-02-24T09:36:00Z,Point,-92.072583,36.03586100000007,1017.0,acres
GEO_1680E89D89,EONET_18181,2026-02-24T09:34:00Z,Point,-93.847919,34.959516000000065,2997.0,acres
GEO_733A077898,EONET_18187,2026-02-24T09:26:00Z,Point,-93.163889,36.05916700000006,700.0,acres
GEO_8B4A8BAC72,EONET_18174,2026-02-24T09:25:00Z,Point,-88.941,37.33600000000007,2000.0,acres
GEO_AF53B4B15B,EONET_18180,2026-02-24T09:03:00Z,Point,-93.451667,34.61138900000003,1961.0,acres
GEO_B0292269B6,EONET_18186,2026-02-24T08:21:00Z,Point,-83.73,33.07590000000005,633.0,acres
GEO_B94B3EBBCC,EONET_18183,2026-02-24T07:57:00Z,Point,-87.435335,32.965332000000046,3122.0,acres
GEO_E4773B490E,EONET_18173,2026-02-23T22:10:00Z,Point,-95.58,34.75194440000007,1405.0,acres
GEO_02539A16E3,EONET_18167,2026-02-23T17:35:00Z,Point,-95.111848,31.510818,515.0,acres
GEO_1222FB8FCA,EONET_18584,2026-02-23T16:18:00Z,Point,-110.216667,31.633333,1874.0,acres
GEO_5712864961,EONET_18085,2026-02-23T09:55:00Z,Point,-87.266682,34.26913500000006,794.0,acres
GEO_980E25B1D4,EONET_18084,2026-02-23T09:53:00Z,Point,-87.266349,34.28917300000006,745.0,acres
GEO_3D3F52FD19,EONET_18070,2026-02-23T09:36:00Z,Point,-93.829095,34.982759000000044,2481.0,acres
GEO_88D3677D31,EONET_18087,2026-02-23T09:13:00Z,Point,-87.352546,32.988440000000026,1402.0,acres
GEO_D881C4D831,EONET_18188,2026-02-23T09:12:00Z,Point,-87.451253,33.01784900000007,2300.0,acres
GEO_F2030387DF,EONET_18081,2026-02-23T08:31:00Z,Point,-93.530278,34.57138900000007,747.0,acres
GEO_D3C6AC76E9,EONET_18078,2026-02-23T08:19:00Z,Point,-93.47575,34.652972000000034,2936.0,acres
GEO_4C227BE932,EONET_18076,2026-02-23T08:12:00Z,Point,-93.965833,34.66055600000004,693.0,acres
GEO_43B7087255,EONET_18083,2026-02-23T08:07:00Z,Point,-93.103583,34.924972000000025,1682.0,acres
GEO_C864B49CD0,EONET_18074,2026-02-23T08:06:00Z,Point,-94.846833,34.84198300000003,3099.0,acres
GEO_CFCDEC1FC6,EONET_18069,2026-02-23T07:14:00Z,Point,-81.336917,26.11905,10252.0,acres
GEO_C87172D64A,EONET_18075,2026-02-22T20:32:00Z,Point,-82.0136111,30.880555600000037,697.0,acres
GEO_8F1999677D,EONET_18695,2026-02-22T19:19:00Z,Point,-86.810544,31.026977,2073.0,acres
GEO_63B5BB4C28,EONET_18152,2026-02-22T18:12:00Z,Point,-93.827667,36.54566700000004,4052.0,acres
GEO_34BEC34BB9,EONET_18072,2026-02-22T15:35:00Z,Point,-89.061656,31.090807,2160.0,acres
GEO_99C1F1E330,EONET_18101,2026-02-22T10:29:00Z,Point,-93.7729,31.121000000000038,561.0,acres
GEO_247A77EA4F,EONET_18089,2026-02-22T09:57:00Z,Point,-98.176574,36.772965000000056,528.0,acres
GEO_571A9A6321,EONET_18088,2026-02-22T09:33:00Z,Point,-94.168021,34.700015000000064,3344.0,acres
GEO_D0DA557A89,EONET_18091,2026-02-22T09:17:00Z,Point,-92.37075,36.08075000000008,3961.0,acres
GEO_847BA93BB5,EONET_18090,2026-02-22T09:06:00Z,Point,-89.350101,37.20481600000005,1520.0,acres
GEO_987F74B5A6,EONET_18094,2026-02-22T08:24:00Z,Point,-93.342783,34.63016700000003,657.0,acres
GEO_D22FA464CE,EONET_18092,2026-02-21T23:40:00Z,Point,-81.1619444,28.090833300000043,750.0,acres
GEO_8B55C563E6,EONET_18103,2026-02-21T21:22:00Z,Point,-88.4905556,31.297777800000063,555.0,acres
GEO_6592EC7A82,EONET_18104,2026-02-21T09:45:00Z,Point,-96.001897,35.584754,585.0,acres
GEO_8CFED947C7,EONET_18098,2026-02-21T09:19:00Z,Point,-91.204848,36.883271,1259.0,acres
GEO_F682E29211,EONET_18102,2026-02-21T09:18:00Z,Point,-95.09872,31.378585000000044,3061.0,acres
GEO_B0C9518A44,EONET_18106,2026-02-21T08:16:00Z,Point,-93.864444,34.424722,8259.0,acres
GEO_0B74D9D870,EONET_18109,2026-02-21T08:03:00Z,Point,-93.363667,34.633639,1171.0,acres
GEO_F00A9B870B,EONET_18108,2026-02-21T07:58:00Z,Point,-93.100028,34.933417,1971.0,acres
GEO_BCD2BABB28,EONET_18099,2026-02-20T16:58:00Z,Point,-90.949829,37.92864800000007,774.0,acres
GEO_9B9CDF9A4E,EONET_18097,2026-02-20T16:56:00Z,Point,-91.239783,37.441783000000044,735.0,acres
GEO_5BD91FE8C7,EONET_18113,2026-02-20T10:24:00Z,Point,-93.869617,35.001844,811.0,acres
GEO_27BB6ED030,EONET_18112,2026-02-20T10:16:00Z,Point,-94.231248,34.82457,1063.0,acres
GEO_5831864A94,EONET_18568,2026-02-20T10:06:00Z,Point,-95.037088,31.384045,1805.0,acres
GEO_B7C3270CDF,EONET_18111,2026-02-20T09:56:00Z,Point,-93.0302,35.791717,669.0,acres
GEO_A1C41C0A88,EONET_18118,2026-02-20T09:52:00Z,Point,-93.547778,34.521667,643.0,acres
GEO_4986536350,EONET_18117,2026-02-20T09:51:00Z,Point,-93.7065,35.169,1991.0,acres
GEO_6E4587462B,EONET_18116,2026-02-20T09:17:00Z,Point,-91.1278,36.9066,2786.0,acres
GEO_CBCA73E9DB,EONET_18115,2026-02-20T09:15:00Z,Point,-92.11,36.0,1877.0,acres
GEO_538DD41C59,EONET_18120,2026-02-20T08:39:00Z,Point,-93.3748,34.641383,557.0,acres
GEO_77D4B93271,EONET_18110,2026-02-20T08:34:00Z,Point,-94.7656,34.7939,682.0,acres
GEO_C87D1BDB15,EONET_18119,2026-02-20T08:28:00Z,Point,-94.311944,34.759167,4328.0,acres
GEO_9C9E89B7FF,EONET_18114,2026-02-20T08:22:00Z,Point,-89.438,37.56600000000003,597.0,acres
GEO_B08CA3257F,EONET_18073,2026-02-19T19:56:00Z,Point,-95.5269444,34.74805560000004,9565.0,acres
GEO_87F22C5009,EONET_18071,2026-02-19T18:40:00Z,Point,-89.140899,31.094010000000026,1800.0,acres
GEO_9354166F7D,EONET_18082,2026-02-19T16:14:00Z,Point,-92.005,37.551667000000066,659.0,acres
GEO_02DADDBC11,EONET_18100,2026-02-19T11:27:00Z,Point,-100.8355556,36.69750000000005,820.0,acres
GEO_8F75DA3283,EONET_18123,2026-02-19T11:06:00Z,Point,-94.151752,34.747884,1209.0,acres
GEO_5B9FD58FE2,EONET_18567,2026-02-19T10:14:00Z,Point,-95.288702,31.49908,687.0,acres
GEO_B81456696C,EONET_18124,2026-02-19T09:53:00Z,Point,-95.342861,31.47275,760.0,acres
GEO_9838EF2D95,EONET_17974,2026-02-19T09:08:00Z,Point,-95.130367,30.5323,1705.0,acres
GEO_DCAAB8FD46,EONET_18539,2026-02-19T09:06:00Z,Point,-90.967,31.489,882.0,acres
GEO_3B286533C0,EONET_18093,2026-02-19T08:36:00Z,Point,-93.491944,34.61111100000005,1779.0,acres
GEO_0E124A6804,EONET_18525,2026-02-19T08:30:00Z,Point,-85.884167,33.505,739.0,acres
GEO_AD82E2F52A,EONET_18121,2026-02-19T08:28:00Z,Point,-93.573611,34.627778,1130.0,acres
GEO_8A23D7DEA5,EONET_18589,2026-02-19T08:21:00Z,Point,-85.5925,33.740833000000066,1074.0,acres
GEO_BE1CF7C5A7,EONET_18086,2026-02-18T21:52:00Z,Point,-94.8433333,36.44888890000004,536.0,acres
GEO_F443101054,EONET_17985,2026-02-18T18:07:00Z,Point,-86.742073,31.075666,795.0,acres
GEO_F0E3286287,EONET_17983,2026-02-18T15:27:00Z,Point,-83.530183,33.1503,1071.0,acres
GEO_3BAAC50EA6,EONET_17981,2026-02-18T13:03:00Z,Point,-96.135252,36.770772,665.0,acres
GEO_320D11EFDE,EONET_17993,2026-02-18T10:21:00Z,Point,-92.5122,35.27,1208.0,acres
GEO_B8E4321E04,EONET_17975,2026-02-18T10:12:00Z,Point,-95.342861,31.47275,629.0,acres
GEO_07526DFA51,EONET_17992,2026-02-18T10:04:00Z,Point,-89.231267,30.68835000000007,965.0,acres
GEO_68AE56E8E5,EONET_17979,2026-02-18T09:42:00Z,Point,-94.405467,31.20405,976.0,acres
GEO_C90378D434,EONET_17999,2026-02-18T09:39:00Z,Point,-98.526914,33.44498,676.0,acres
GEO_676DD73762,EONET_17976,2026-02-18T09:34:00Z,Point,-93.761467,31.259533,668.0,acres
GEO_B1ACC56B11,EONET_17990,2026-02-18T09:30:00Z,Point,-89.4351,37.6449,2050.0,acres
GEO_3AB8260432,EONET_18184,2026-02-18T09:18:00Z,Point,-86.071944,33.245,1277.0,acres
GEO_6CAA216DCF,EONET_17995,2026-02-18T09:16:00Z,Point,-93.136617,31.430717,1055.0,acres
GEO_234EC83C6A,EONET_17994,2026-02-18T09:15:00Z,Point,-92.582292,31.548951,1389.0,acres
GEO_BDE7FE0687,EONET_17977,2026-02-18T09:00:00Z,Point,-95.7345,30.591333,2860.0,acres
GEO_BDA52FFEBF,EONET_18096,2026-02-18T08:58:00Z,Point,-92.057,36.90850000000006,1322.0,acres
GEO_B5AD764B2D,EONET_18319,2026-02-18T08:57:00Z,Point,-85.506833,33.80716700000005,745.0,acres
GEO_578C3A496C,EONET_18548,2026-02-18T08:55:00Z,Point,-92.2,36.02,2139.0,acres
GEO_A25B8C781C,EONET_17991,2026-02-18T08:52:00Z,Point,-93.057167,31.010417,1565.0,acres
GEO_66EFDF10C7,EONET_17998,2026-02-18T08:41:00Z,Point,-92.026333,36.904333,2630.0,acres
GEO_81CB57EEEA,EONET_18122,2026-02-18T08:36:00Z,Point,-90.9399,39.8935,1300.0,acres
GEO_44C3CC09C2,EONET_18001,2026-02-18T08:05:00Z,Point,-83.474,33.333,773.0,acres
GEO_7FE2E9BD7B,EONET_18000,2026-02-18T07:26:00Z,Point,-82.351211,34.021889,567.0,acres
GEO_D3CD8F5EE9,EONET_17988,2026-02-17T23:27:00Z,Point,-101.31,36.91888890000007,12894.0,acres
GEO_B5100F2E3B,EONET_17978,2026-02-17T19:31:00Z,Point,-103.887294,35.796667,3797.0,acres
GEO_3DB95A8F39,EONET_17987,2026-02-17T18:56:00Z,Point,-101.1269444,36.92194440000003,3680.0,acres
GEO_F180C181FA,EONET_18002,2026-02-17T17:57:00Z,Point,-81.3416667,28.0833333,1300.0,acres
GEO_D7EBF2216F,EONET_17986,2026-02-17T17:21:00Z,Point,-99.4369444,36.42194440000003,2159.0,acres
GEO_F01CF2F7CD,EONET_17980,2026-02-17T17:18:00Z,Point,-102.2734346,35.4217811,12000.0,acres
GEO_C4B9DC8278,EONET_18004,2026-02-17T17:07:00Z,Point,-87.266682,34.269135,684.0,acres
GEO_182984383D,EONET_17989,2026-02-17T13:40:00Z,Point,-100.5038889,36.8108333,283283.0,acres
GEO_1BD46E8502,EONET_18008,2026-02-17T12:43:00Z,Point,-97.60233308,27.34778549,904.0,acres
GEO_3C1217CAC8,EONET_18003,2026-02-17T10:18:00Z,Point,-88.86195,30.698133,805.0,acres
GEO_FEFC9ADE9D,EONET_17984,2026-02-17T09:58:00Z,Point,-86.742073,31.075666,795.0,acres
GEO_5214120C40,EONET_18006,2026-02-17T09:17:00Z,Point,-92.62855,31.246967,993.0,acres
GEO_5C1D9518CF,EONET_18005,2026-02-17T08:53:00Z,Point,-93.0008,31.451217,1886.0,acres
GEO_CEEBF5B087,EONET_18007,2026-02-17T08:20:00Z,Point,-85.925,33.390278,1142.0,acres
GEO_93994B8F2B,EONET_17893,2026-02-16T15:50:00Z,Point,-83.545453,33.198357,1073.0,acres
GEO_26B156A879,EONET_17894,2026-02-16T14:35:00Z,Point,-95.6354,31.9688,500.0,acres
GEO_CE330DCCEE,EONET_17895,2026-02-16T14:18:00Z,Point,-98.95305556,31.62638889,1350.0,acres
GEO_7D8B743864,EONET_17896,2026-02-16T14:17:00Z,Point,-99.10124,33.21483,708.0,acres
GEO_90252DFCB9,EONET_17897,2026-02-15T23:26:00Z,Point,-81.3183333,27.7991667,800.0,acres
GEO_EC96862B0B,EONET_17898,2026-02-15T23:15:00Z,Point,-81.3225,29.405,500.0,acres
GEO_0E8E91CEDA,EONET_18018,2026-02-14T10:37:00Z,Point,-87.229556,34.28163900000004,836.0,acres
GEO_FBEFE788D8,EONET_17901,2026-02-13T15:07:00Z,Point,-80.8683333,27.0969444,8612.0,acres
GEO_D9D92005BD,EONET_17907,2026-02-13T12:15:00Z,Point,-95.27888889,30.76638889,776.4,acres
GEO_E276078681,EONET_17903,2026-02-13T08:56:00Z,Point,-87.397756,32.94625300000007,1954.0,acres
GEO_9291B03DAC,EONET_17902,2026-02-13T08:49:00Z,Point,-87.433916,32.920492,1458.0,acres
GEO_55B61AF3F9,EONET_18017,2026-02-13T08:33:00Z,Point,-86.176111,33.156667,523.0,acres
GEO_A0FF40F02C,EONET_17904,2026-02-13T08:24:00Z,Point,-93.317111,35.692514,742.0,acres
GEO_FB9C1F081D,EONET_17900,2026-02-13T08:21:00Z,Point,-85.541667,33.766667,945.0,acres
GEO_5E50F099A6,EONET_18592,2026-02-13T00:00:00Z,Point,81.05,-66.84,56.17,NM^2
GEO_C417E6F468,EONET_18592,2026-04-24T00:00:00Z,Point,79.82,-67.09,98.0,NM^2
GEO_9457642634,EONET_17908,2026-02-12T18:00:00Z,Point,-94.5127778,35.6644444,798.0,acres
GEO_51EC84A366,EONET_17899,2026-02-12T15:10:00Z,Point,-84.9725,30.259444,675.0,acres
GEO_42C15D3EE6,EONET_17841,2026-02-12T10:35:00Z,Point,-95.10661,30.875470000000064,500.0,acres
GEO_211EED5E2A,EONET_17842,2026-02-12T10:32:00Z,Point,-95.04583,30.862400000000036,500.0,acres
GEO_641384B4A2,EONET_17910,2026-02-12T10:17:00Z,Point,-94.918017,34.841983,1000.0,acres
GEO_F5B53E6ADA,EONET_17844,2026-02-12T10:07:00Z,Point,-99.11569854,33.32525715400004,1379.0,acres
GEO_6426B37B52,EONET_17909,2026-02-12T10:00:00Z,Point,-92.2889,36.0622,1932.0,acres
GEO_D6DD45D07F,EONET_17911,2026-02-12T09:47:00Z,Point,-93.4994,35.1746,518.0,acres
GEO_671DC2C9F4,EONET_17915,2026-02-12T09:37:00Z,Point,-87.312004,32.985688,2288.0,acres
GEO_DA2D43100D,EONET_17917,2026-02-12T09:37:00Z,Point,-87.4458,32.976389,719.0,acres
GEO_4766D04F37,EONET_17914,2026-02-12T08:50:00Z,Point,-85.8675,33.443056,2446.0,acres
GEO_7476AAA900,EONET_17846,2026-02-12T08:41:00Z,Point,-91.0577,37.9455,1259.0,acres
GEO_7D608773F9,EONET_17916,2026-02-12T08:26:00Z,Point,-94.4,34.742778,1649.0,acres
GEO_F6061F4919,EONET_17913,2026-02-12T08:19:00Z,Point,-93.89,35.672,564.0,acres
GEO_24999766EB,EONET_17853,2026-02-11T17:20:00Z,Point,-81.8788889,27.83333330000005,1216.0,acres
GEO_ACD8BC19CE,EONET_17850,2026-02-11T16:39:00Z,Point,-100.8380556,36.8444444,1983.0,acres
GEO_41FDFCC644,EONET_17855,2026-02-11T16:24:00Z,Point,-94.99761,30.87071000000003,500.0,acres
GEO_E4CB3C949C,EONET_17851,2026-02-11T15:23:00Z,Point,-81.0991667,26.3227778,2600.0,acres
GEO_5144382388,EONET_18016,2026-02-11T14:44:00Z,Point,-85.508333,33.816667,1230.0,acres
GEO_03BB86B0C9,EONET_17858,2026-02-11T10:06:00Z,Point,-93.746108,35.735464000000036,3184.0,acres
GEO_D573D02872,EONET_17857,2026-02-11T09:26:00Z,Point,-92.15445,36.045300000000054,520.0,acres
GEO_A9758F3F44,EONET_17852,2026-02-11T09:14:00Z,Point,-92.783083,35.498369,825.0,acres
GEO_B70254687B,EONET_17847,2026-02-11T09:09:00Z,Point,-93.794167,36.565833000000055,782.0,acres
GEO_412CB30C66,EONET_17848,2026-02-11T09:03:00Z,Point,-92.863333,36.6025,896.0,acres
GEO_C4B9AFFD58,EONET_17854,2026-02-11T08:46:00Z,Point,-93.901,35.698000000000036,1354.0,acres
GEO_0B487D71CF,EONET_17856,2026-02-10T11:11:00Z,Point,-95.4386111,35.1380556,879.0,acres
GEO_91AAD47A02,EONET_17892,2026-02-10T10:58:00Z,Point,-83.502417,33.17575,1230.0,acres
GEO_BA15657241,EONET_17863,2026-02-10T10:47:00Z,Point,-104.02023,35.27199,3366.0,acres
GEO_5346550C19,EONET_18185,2026-02-10T09:57:00Z,Point,-87.273667,34.073833,647.0,acres
GEO_D9AE9FD32C,EONET_17840,2026-02-10T09:49:00Z,Point,-96.206389,35.030833,513.0,acres
GEO_FCD99695B4,EONET_17862,2026-02-10T09:19:00Z,Point,-92.403389,36.052583,1363.0,acres
GEO_B1D89FE797,EONET_17912,2026-02-10T09:15:00Z,Point,-85.935778,33.361778,744.0,acres
GEO_E170244A9E,EONET_17859,2026-02-10T08:49:00Z,Point,-85.98225,33.379033,632.0,acres
GEO_148CC905BA,EONET_17860,2026-02-10T08:22:00Z,Point,-93.232767,31.45065,2799.0,acres
GEO_6D5726DCE7,EONET_17861,2026-02-09T15:52:00Z,Point,-103.33152,35.16633,2674.0,acres
GEO_E578D4893E,EONET_17775,2026-02-09T09:46:00Z,Point,-87.4077,34.2614,1058.0,acres
GEO_5444215732,EONET_17765,2026-02-09T09:40:00Z,Point,-93.57,34.549444,691.0,acres
GEO_A72E9B4DB5,EONET_17776,2026-02-09T09:25:00Z,Point,-95.685,34.6993,565.0,acres
GEO_4AD136A704,EONET_17771,2026-02-09T09:10:00Z,Point,-93.167,30.995,1031.0,acres
GEO_42C19CF6AE,EONET_17773,2026-02-09T08:54:00Z,Point,-92.465403,31.598904,2004.0,acres
GEO_267E2AA43E,EONET_17769,2026-02-09T08:53:00Z,Point,-93.970133,31.776917,2035.0,acres
GEO_F8D5C6FD1C,EONET_17777,2026-02-09T08:30:00Z,Point,-93.616944,34.736111,568.0,acres
GEO_368A4C7AA5,EONET_17783,2026-02-08T15:04:00Z,Point,-89.6126,32.5053,763.0,acres
GEO_BDE9C8CF59,EONET_17779,2026-02-08T08:48:00Z,Point,-93.118017,31.00105,1409.0,acres
GEO_AEC1ED3C59,EONET_17905,2026-02-08T08:39:00Z,Point,-85.619444,33.788611,760.0,acres
GEO_FF7A8092D0,EONET_17780,2026-02-08T08:32:00Z,Point,-92.466435,31.661012,1525.0,acres
GEO_4CFD8FA438,EONET_17782,2026-02-08T08:18:00Z,Point,-93.069617,31.435833,1828.0,acres
GEO_E4BC65A634,EONET_17781,2026-02-08T08:05:00Z,Point,-92.796,31.906283,1629.0,acres
GEO_8C45EEBB89,EONET_17774,2026-02-08T07:24:00Z,Point,-95.4122222,34.8591667,820.0,acres
GEO_7892AADEEC,EONET_17764,2026-02-07T21:39:00Z,Point,-95.9836111,34.3811111,873.0,acres
GEO_D661617912,EONET_17763,2026-02-07T21:01:00Z,Point,-80.7569444,26.3225,4267.0,acres
GEO_2018AD4271,EONET_17784,2026-02-07T18:44:00Z,Point,-99.759704,30.590252,605.0,acres
GEO_870823DE09,EONET_17778,2026-02-07T16:40:00Z,Point,-94.613746,29.819656,680.0,acres
GEO_7B1A5338B8,EONET_17768,2026-02-07T09:54:00Z,Point,-95.220978,31.28406,2697.0,acres
GEO_C8B6DAF63E,EONET_17785,2026-02-07T09:46:00Z,Point,-92.8505,32.092,1155.0,acres
GEO_72BC6CC5F4,EONET_17790,2026-02-07T09:25:00Z,Point,-95.7683,34.9769,820.0,acres
GEO_67FE544DFA,EONET_17793,2026-02-07T09:09:00Z,Point,-93.1975,31.46855,2986.0,acres
GEO_9A4E8B6AE3,EONET_17796,2026-02-07T09:02:00Z,Point,-98.192779,36.707273,2500.0,acres
GEO_A34088528A,EONET_17786,2026-02-07T09:00:00Z,Point,-92.5668,31.13,1640.0,acres
GEO_E941383490,EONET_17791,2026-02-07T08:56:00Z,Point,-92.438513,31.691145,1414.0,acres
GEO_7E36810F32,EONET_18015,2026-02-07T08:50:00Z,Point,-87.417117,32.940117,2517.0,acres
GEO_5C20F5FFD1,EONET_17792,2026-02-07T08:48:00Z,Point,-92.559,31.108067,2170.0,acres
GEO_4BA6E449AA,EONET_17794,2026-02-07T08:33:00Z,Point,-86.604308,31.150885,583.0,acres
GEO_8F024FFD96,EONET_17814,2026-02-06T12:29:00Z,Point,-95.43611111,28.94944444,650.0,acres
GEO_013AF1B0C7,EONET_17789,2026-02-06T11:36:00Z,Point,-87.375917,33.012583,2046.0,acres
GEO_03CC0F5A99,EONET_17803,2026-02-06T11:16:00Z,Point,-90.980717,31.4202,590.0,acres
GEO_0DD1212FC4,EONET_17795,2026-02-06T11:04:00Z,Point,-88.901833,30.632483,1726.0,acres
GEO_17D3DA467A,EONET_17797,2026-02-06T10:40:00Z,Point,-94.991389,35.441667,500.0,acres
GEO_E0C84B0E05,EONET_17810,2026-02-06T10:14:00Z,Point,-92.483859,31.708243,1718.0,acres
GEO_030258C6E5,EONET_17812,2026-02-06T09:30:00Z,Point,-92.6717,31.1722,606.0,acres
GEO_D94188A882,EONET_17802,2026-02-06T09:29:00Z,Point,-88.819,31.4693,1862.0,acres
GEO_307C04D947,EONET_17799,2026-02-06T09:04:00Z,Point,-86.541,31.021,529.0,acres
GEO_3A7C720B7F,EONET_17811,2026-02-06T08:56:00Z,Point,-92.867778,32.061111,1143.0,acres
GEO_BFD4A0C02E,EONET_17813,2026-02-06T08:52:00Z,Point,-93.075333,31.4738,2720.0,acres
GEO_C22EA17F61,EONET_17806,2026-02-06T08:35:00Z,Point,-95.057002,31.354762,3745.0,acres
GEO_9C6BE6C678,EONET_18014,2026-02-06T08:20:00Z,Point,-87.4792,32.9175,2225.0,acres
GEO_6C8C2D8D3B,EONET_17804,2026-02-06T07:52:00Z,Point,-84.631667,30.152833,5192.0,acres
GEO_F5FD043BA8,EONET_18012,2026-02-05T14:40:00Z,Point,-85.844167,33.533889,780.0,acres
GEO_1102BF5A26,EONET_18013,2026-02-05T14:21:00Z,Point,-85.601333,33.734,1261.0,acres
GEO_0AD5EE2F01,EONET_17772,2026-02-05T14:19:00Z,Point,-85.925,33.390278,1004.0,acres
GEO_54B5554050,EONET_17788,2026-02-05T14:18:00Z,Point,-85.578333,33.768667,908.0,acres
GEO_06ECE5E09F,EONET_17787,2026-02-05T14:11:00Z,Point,-85.62,33.826333,1500.0,acres
GEO_AEC8ED3E3E,EONET_17808,2026-02-05T14:06:00Z,Point,-85.884167,33.505,668.0,acres
GEO_FA32CD578E,EONET_17801,2026-02-05T11:00:00Z,Point,-88.901833,30.632483,957.0,acres
GEO_ACABB7EC55,EONET_17711,2026-02-05T10:19:00Z,Point,-99.27062,35.5951,543.0,acres
GEO_3B4CCA985D,EONET_17800,2026-02-05T09:23:00Z,Point,-91.064,31.375,803.0,acres
GEO_D3B5702239,EONET_17712,2026-02-05T09:21:00Z,Point,-95.137283,30.490783,1947.0,acres
GEO_6E48034D8C,EONET_17798,2026-02-05T08:45:00Z,Point,-86.527776,31.084385,805.0,acres
GEO_078B43ED21,EONET_17845,2026-02-04T18:35:00Z,Point,-106.128965,37.486731,844.0,acres
GEO_7BA63DD876,EONET_18011,2026-02-04T17:06:00Z,Point,-87.408333,32.975,2688.0,acres
GEO_5C7559BA4C,EONET_17717,2026-02-03T18:21:00Z,Point,-81.237778,27.5925,3047.0,acres
GEO_AF44B02C79,EONET_17718,2026-02-03T17:18:00Z,Point,-89.3847222,30.6852778,600.0,acres
GEO_350AC793B9,EONET_17716,2026-02-02T23:29:00Z,Point,-85.3877778,30.05,650.0,acres
GEO_371B3121AC,EONET_17719,2026-02-02T16:43:00Z,Point,-98.2305,33.48196667,738.4,acres
GEO_793CAC735A,EONET_17809,2026-02-02T16:17:00Z,Point,-85.883333,33.4125,1489.0,acres
GEO_C90BB3DF95,EONET_17720,2026-02-02T16:05:00Z,Point,-85.556667,33.79,633.0,acres
GEO_1F8F06B50C,EONET_17805,2026-02-02T13:46:00Z,Point,-111.722167,46.709167,950.0,acres
GEO_1AD2B9BA77,EONET_17724,2026-02-02T11:05:00Z,Point,-88.9697,31.557,1366.0,acres
GEO_B0625FA4CB,EONET_17725,2026-02-02T10:55:00Z,Point,-88.891783,30.628983,691.0,acres
GEO_01B6D058EE,EONET_17662,2026-02-02T10:31:00Z,Point,-87.38604,34.270908,2536.0,acres
GEO_FF3ABB485E,EONET_17728,2026-02-02T10:12:00Z,Point,-92.542757,31.726,2480.0,acres
GEO_27B54F1293,EONET_18010,2026-02-02T10:01:00Z,Point,-87.382584,34.090856,693.0,acres
GEO_3039ACC1D3,EONET_17664,2026-02-02T09:59:00Z,Point,-87.375367,32.917133,880.0,acres
GEO_CE565E1536,EONET_17721,2026-02-02T09:21:00Z,Point,-95.676333,30.56055,2693.0,acres
GEO_7FCB72A13D,EONET_17723,2026-02-02T09:16:00Z,Point,-93.016,30.993,1003.0,acres
GEO_35DDC1F4B5,EONET_17722,2026-02-02T09:15:00Z,Point,-92.747222,31.918056,1679.0,acres
GEO_C9C1ABC924,EONET_17660,2026-02-02T09:05:00Z,Point,-93.097133,31.507367,3092.0,acres
GEO_1780BA3E37,EONET_17726,2026-02-02T07:11:00Z,Point,-84.631,30.357,2506.0,acres
GEO_043285F0C6,EONET_17659,2026-02-01T19:14:00Z,Point,-85.855278,33.474722,1036.0,acres
GEO_F728456445,EONET_17727,2026-02-01T19:13:00Z,Point,-85.637011,33.724541,1556.0,acres
GEO_8BA09B569E,EONET_17667,2026-02-01T17:08:00Z,Point,-95.751667,30.585,653.0,acres
GEO_3240622FE6,EONET_17666,2026-02-01T10:07:00Z,Point,-89.5911,32.5117,736.0,acres
GEO_57D0819DFE,EONET_17668,2026-02-01T09:46:00Z,Point,-86.071944,33.245,819.0,acres
GEO_F862D7B0AA,EONET_17670,2026-02-01T08:33:00Z,Point,-85.538333,33.792667,521.0,acres
GEO_E62E10AE83,EONET_17663,2026-02-01T07:55:00Z,Point,-87.016667,32.775,731.0,acres
GEO_BA7B62254F,EONET_17665,2026-01-31T13:11:00Z,Point,-89.136223,31.096348,650.0,acres
GEO_41F66CE259,EONET_18009,2026-01-31T11:34:00Z,Point,-87.35286,32.8968,710.0,acres
GEO_610053698D,EONET_17672,2026-01-31T10:52:00Z,Point,-95.252622,31.34468,1928.0,acres
GEO_50D04BBE6E,EONET_17675,2026-01-30T10:57:00Z,Point,-88.856717,30.6841,596.0,acres
GEO_23E6A7010E,EONET_17673,2026-01-30T10:34:00Z,Point,-95.199912,31.403297,1387.0,acres
GEO_9FF9C32F6F,EONET_17669,2026-01-30T09:02:00Z,Point,-85.9,33.466667,759.0,acres
GEO_5172EA402D,EONET_17586,2026-01-29T08:29:00Z,Point,-85.572972,33.819111,589.0,acres
GEO_4BE8E00DAF,EONET_17585,2026-01-29T07:15:00Z,Point,-80.392267,26.642667,4000.0,acres
GEO_5C54A25E9E,EONET_17715,2026-01-28T18:34:00Z,Point,-118.4403,39.582367,2900.0,acres
GEO_33A323B59C,EONET_17588,2026-01-28T08:55:00Z,Point,-81.320114,27.723452,761.0,acres
GEO_824DAD60BA,EONET_17589,2026-01-28T08:42:00Z,Point,-76.808333,34.925833,701.0,acres
GEO_1BA01FF684,EONET_17587,2026-01-28T07:01:00Z,Point,-84.845245,30.147026,6758.0,acres
GEO_49AF2ACF59,EONET_17590,2026-01-27T18:07:00Z,Point,-85.69,33.522333,1187.0,acres
GEO_1B677F42DD,EONET_17679,2026-01-27T18:04:00Z,Point,-86.605613,31.129558,1020.0,acres
GEO_673DE3006E,EONET_17674,2026-01-27T10:25:00Z,Point,-110.339,31.51914,835.0,acres
GEO_8D8D3E747A,EONET_17593,2026-01-27T09:42:00Z,Point,-93.77722222,31.11305556,600.0,acres
GEO_91B7945CF1,EONET_17594,2026-01-27T09:40:00Z,Point,-93.77722222,31.11194444,500.0,acres
GEO_ACDD693B2D,EONET_17680,2026-01-27T08:18:00Z,Point,-86.641667,31.008333,845.0,acres
GEO_EFE4282B51,EONET_17678,2026-01-27T08:17:00Z,Point,-86.683717,31.008309,831.0,acres
GEO_0C5299638A,EONET_17592,2026-01-27T07:02:00Z,Point,-81.5506,25.959733,1855.0,acres
GEO_21E7B102BE,EONET_17676,2026-01-26T08:32:00Z,Point,-86.669444,31.013889,1916.0,acres
GEO_0D1DC59615,EONET_17677,2026-01-26T08:25:00Z,Point,-86.569467,31.122133,2777.0,acres
GEO_F89293B730,EONET_17906,2026-01-24T09:19:00Z,Point,-81.205616,27.601514,937.0,acres
GEO_78A25375AB,EONET_17453,2026-01-23T15:40:00Z,Point,-106.617583,34.0385,3000.0,acres
GEO_3B1236E16E,EONET_17454,2026-01-22T17:43:00Z,Point,-97.16666667,27.70138889,1999.0,acres
GEO_20A33D850B,EONET_17455,2026-01-22T08:59:00Z,Point,-81.242182,27.701885,1078.0,acres
GEO_4856CB4181,EONET_17452,2026-01-21T19:25:00Z,Point,-81.345,26.0911111,593.0,acres
GEO_BD1E935543,EONET_17457,2026-01-21T09:01:00Z,Point,-94.535,29.5875,842.0,acres
GEO_C7CBCF03B0,EONET_17459,2026-01-21T07:02:00Z,Point,-84.782,30.158,4413.0,acres
GEO_B84D79A09A,EONET_17463,2026-01-20T19:51:00Z,Point,-84.6047222,30.0744444,4793.0,acres
GEO_239CAF57BF,EONET_17464,2026-01-20T12:07:00Z,Point,-93.1981,36.0677,575.0,acres
GEO_CA59B33E11,EONET_17465,2026-01-20T12:02:00Z,Point,-93.896543,34.890104,1198.0,acres
GEO_E9979DFD78,EONET_17467,2026-01-20T10:54:00Z,Point,-85.615167,33.6985,2852.0,acres
GEO_82B027144E,EONET_17466,2026-01-20T08:28:00Z,Point,-93.615833,35.668694,775.0,acres
GEO_AFFFF6BA41,EONET_17450,2026-01-19T18:02:00Z,Point,-114.538383,34.795917,3868.0,acres
GEO_AAC9D0A28C,EONET_17661,2026-01-19T14:52:00Z,Point,-89.288343,34.593554,1248.0,acres
GEO_0F61782B3E,EONET_17317,2026-01-19T13:10:00Z,Point,-87.374133,32.93305,1076.0,acres
GEO_B16352C111,EONET_17318,2026-01-19T13:10:00Z,Point,-87.378367,32.980217,542.0,acres
GEO_B52B65E494,EONET_17807,2026-01-19T11:52:00Z,Point,-123.222185,38.849631,671.0,acres
GEO_2A4EF235D9,EONET_17469,2026-01-19T09:47:00Z,Point,-94.047957,35.00509,516.0,acres
GEO_3092913DE9,EONET_17319,2026-01-19T08:02:00Z,Point,-99.4524,30.6123,800.0,acres
GEO_2162AD9691,EONET_17320,2026-01-19T08:00:00Z,Point,-96.46388889,28.48305556,550.0,acres
GEO_7BA4F2593A,EONET_17316,2026-01-19T07:23:00Z,Point,-81.583083,29.024133,872.0,acres
GEO_D5A0F1A328,EONET_17321,2026-01-18T18:18:00Z,Point,-81.8927778,27.7961111,600.0,acres
GEO_2DF839C177,EONET_17462,2026-01-18T11:28:00Z,Point,-96.90802,34.382,1745.0,acres
GEO_56AE39748B,EONET_17322,2026-01-18T10:12:00Z,Point,-94.047957,35.00509,1279.0,acres
GEO_AA6D2F9096,EONET_17323,2026-01-18T10:08:00Z,Point,-93.108,31.023,2243.0,acres
GEO_CBAF8E1E80,EONET_17324,2026-01-17T18:53:00Z,Point,-82.7788889,30.4547222,500.0,acres
GEO_620C2EF9E3,EONET_17468,2026-01-17T17:25:00Z,Point,-114.538383,34.795917,2800.0,acres
GEO_2A9794EB2E,EONET_17451,2026-01-17T16:37:00Z,Point,-84.604944,30.074444,4816.0,acres
GEO_2C2AC5D198,EONET_17327,2026-01-17T11:01:00Z,Point,-87.383133,32.91355,528.0,acres
GEO_534D82623E,EONET_17328,2026-01-17T11:01:00Z,Point,-85.517744,33.79591,812.0,acres
GEO_FECB9E18BB,EONET_17326,2026-01-17T06:58:00Z,Point,-80.39685,26.53615,987.0,acres
GEO_55DC16C6ED,EONET_17333,2026-01-16T16:37:00Z,Point,-94.445278,34.7425,850.0,acres
GEO_6E7A490D1F,EONET_17329,2026-01-16T13:06:00Z,Point,-94.15641,34.964561,979.0,acres
GEO_203781912D,EONET_17330,2026-01-16T10:01:00Z,Point,-93.089417,31.0373,2449.0,acres
GEO_AC3FC18527,EONET_17334,2026-01-16T09:22:00Z,Point,-92.554439,31.4759,1090.0,acres
GEO_9CECEF7BEC,EONET_17332,2026-01-16T08:58:00Z,Point,-93.164333,31.46275,1665.0,acres
GEO_261FC14885,EONET_17331,2026-01-16T08:21:00Z,Point,-84.584833,30.102333,2367.0,acres
GEO_9BA07D5132,EONET_17227,2026-01-16T04:07:00Z,Point,-96.0813889,34.9602778,14210.0,acres
GEO_7949EFB61F,EONET_17223,2026-01-15T13:45:00Z,Point,-85.084547,34.617153,562.0,acres
GEO_0B62BED0AC,EONET_17224,2026-01-15T09:30:00Z,Point,-92.52455,31.601963,1185.0,acres
GEO_120382051B,EONET_17231,2026-01-15T09:22:00Z,Point,-95.855278,35.318056,1174.0,acres
GEO_ADAAA3D90B,EONET_17228,2026-01-15T09:15:00Z,Point,-92.965,31.052,2997.0,acres
GEO_AE0EB78ECC,EONET_17232,2026-01-15T09:05:00Z,Point,-96.72333333,30.89277778,500.0,acres
GEO_646A2D74B2,EONET_17230,2026-01-15T09:00:00Z,Point,-93.1537,31.377667,2478.0,acres
GEO_825839FA2D,EONET_17233,2026-01-14T17:12:00Z,Point,-97.619391,27.309122,629.0,acres
GEO_12D8F356B5,EONET_17461,2026-01-13T12:39:00Z,Point,-96.578549,34.550156,1296.0,acres
GEO_79D489DE2C,EONET_17458,2026-01-13T09:25:00Z,Point,-92.038889,37.537536,846.0,acres
GEO_027AB740C5,EONET_17237,2026-01-13T08:47:00Z,Point,-92.3294,36.0178,730.0,acres
GEO_75EE1F9210,EONET_17591,2026-01-13T08:43:00Z,Point,-94.2922,31.127283,2763.0,acres
GEO_1FA2A2E81A,EONET_17236,2026-01-13T08:35:00Z,Point,-93.810556,34.688333,545.0,acres
GEO_B5CD152392,EONET_17235,2026-01-13T08:23:00Z,Point,-93.028483,35.687897,1803.0,acres
GEO_1D5E50FD9F,EONET_17239,2026-01-12T16:35:00Z,Point,-85.934167,33.403611,556.0,acres
GEO_907763CEE8,EONET_17101,2026-01-12T11:04:00Z,Point,-96.6082,34.5344,1009.0,acres
GEO_F65DC16F17,EONET_17238,2026-01-12T09:08:00Z,Point,-92.792192,35.473233,828.0,acres
GEO_5B6E3FA56E,EONET_17240,2026-01-12T08:35:00Z,Point,-93.297117,35.64505,1350.0,acres
GEO_6A7E5FE2FD,EONET_17226,2026-01-12T07:40:00Z,Point,-84.4835,30.387333,2310.0,acres
GEO_A39C9E8C1C,EONET_17225,2026-01-12T07:09:00Z,Point,-84.393,30.3895,2662.0,acres
GEO_9FD0242368,EONET_17103,2026-01-11T08:33:00Z,Point,-80.675053,28.631728,1210.0,acres
GEO_798509AC9A,EONET_17104,2026-01-10T08:34:00Z,Point,-81.320101,27.54858,1161.0,acres
GEO_AC760C9780,EONET_17460,2026-01-09T14:36:00Z,Point,-94.872778,36.256944,788.0,acres
GEO_2D84291089,EONET_17241,2026-01-09T10:07:00Z,Point,-86.58686,31.145515,845.0,acres
GEO_8C68918AB2,EONET_17102,2026-01-09T09:49:00Z,Point,-97.223333,34.339722,688.0,acres
GEO_21582D1C2A,EONET_17106,2026-01-09T09:48:00Z,Point,-81.220433,27.621615,552.0,acres
GEO_8094E6DC7F,EONET_17105,2026-01-09T07:19:00Z,Point,-80.675053,28.631728,1400.0,acres
GEO_D8F160DD9B,EONET_17234,2026-01-08T09:57:00Z,Point,-112.105746,35.941284,985.0,acres
GEO_43048EECCC,EONET_16976,2026-01-08T09:16:00Z,Point,-81.179397,27.623545,742.0,acres
GEO_A4AAFF4987,EONET_17165,2026-01-07T00:00:00Z,Point,123.685,13.257,,
GEO_E714DD2E52,EONET_17584,2026-01-05T17:03:00Z,Point,-121.348145,45.295069,561.0,acres
GEO_27E67C876D,EONET_17229,2026-01-05T13:32:00Z,Point,-106.369774,41.300849,953.0,acres
GEO_6AC0319406,EONET_16811,2026-01-03T18:13:00Z,Point,-92.949033,36.88005,700.0,acres
GEO_C75822659A,EONET_16812,2026-01-02T23:07:00Z,Point,-93.879367,31.64805,674.0,acres
GEO_61FCF34FAF,EONET_16815,2026-01-02T07:55:00Z,Point,-93.79361111,31.12194444,874.0,acres
GEO_B45A61580A,EONET_16816,2026-01-02T07:54:00Z,Point,-94.96972222,30.42638889,538.0,acres
GEO_7E87338562,EONET_16817,2026-01-01T16:13:00Z,Point,-93.98622,31.05655,500.0,acres
GEO_EB20D3052C,EONET_17166,2025-12-29T00:00:00Z,Point,-71.857,-15.787,,
GEO_FFBB123421,EONET_16718,2025-12-23T09:43:00Z,Point,-95.0722222,35.6455556,654.0,acres
GEO_ECEF0638D7,EONET_16614,2025-12-21T19:05:00Z,Point,-95.1911111,34.7875,900.0,acres
GEO_65AC66C2DF,EONET_16613,2025-12-19T20:10:00Z,Point,-98.2419444,36.0505556,726.5,acres
GEO_B4C166CECE,EONET_16717,2025-12-18T20:10:00Z,Point,-98.11316527,27.10075144,516.5,acres
GEO_1D9CFCB42D,EONET_16517,2025-12-18T13:46:00Z,Point,-102.610878,39.598158,2000.0,acres
GEO_7836D84B0E,EONET_16518,2025-12-18T13:45:00Z,Point,-102.605378,40.046355,12000.0,acres
GEO_780AB983E2,EONET_16813,2025-12-18T13:45:00Z,Point,-102.54703,40.206285,584.0,acres
GEO_8C45922316,EONET_16519,2025-12-18T12:50:00Z,Point,-104.886358,41.044446,565.0,acres
GEO_F5222ECB1F,EONET_16520,2025-12-16T09:51:00Z,Point,-92.356667,36.07955,858.0,acres
GEO_BDD1D271C4,EONET_16404,2025-12-15T10:25:00Z,Point,-92.07395,36.043117,575.0,acres
GEO_F11D0EE7A8,EONET_16405,2025-12-12T10:02:00Z,Point,-87.303889,32.885556,780.0,acres
GEO_17AE6C4B33,EONET_16406,2025-12-12T09:01:00Z,Point,-92.5125,36.0796,701.0,acres
GEO_D2A46EFE63,EONET_16300,2025-12-11T09:32:00Z,Point,-98.785,30.52333333,810.0,acres
GEO_B1D98F630D,EONET_16298,2025-12-11T08:59:00Z,Point,-92.813056,31.899722,1025.0,acres
GEO_C37CB52284,EONET_16299,2025-12-11T08:49:00Z,Point,-81.312723,27.578841,567.0,acres
GEO_48450FA698,EONET_16303,2025-12-10T09:56:00Z,Point,-97.0169,34.4235,545.0,acres
GEO_A6FB6932E7,EONET_16407,2025-12-10T09:10:00Z,Point,-81.326637,27.568357,575.0,acres
GEO_F40EA7D2A3,EONET_16301,2025-12-10T08:57:00Z,Point,-92.983583,31.04205,3053.0,acres
GEO_0F14827FB7,EONET_16304,2025-12-09T09:20:00Z,Point,-81.313239,27.562976,520.0,acres
GEO_F0EE23F148,EONET_16302,2025-12-09T09:01:00Z,Point,-93.7993,31.18175,1626.0,acres
GEO_AC37B1B580,EONET_16259,2025-12-08T09:20:00Z,Point,-92.947,31.031,2818.0,acres
GEO_39655DAB9F,EONET_16260,2025-12-06T09:34:00Z,Point,-81.240721,27.548611,1269.0,acres
GEO_86632E4C0B,EONET_16262,2025-12-05T08:44:00Z,Point,-81.240809,27.549446,936.0,acres
GEO_6E5022093D,EONET_16264,2025-12-04T10:09:00Z,Point,-111.447201,34.738139,1600.0,acres
GEO_17ECF86A00,EONET_16258,2025-12-03T12:49:00Z,Point,-103.831333,44.21555,900.0,acres
GEO_43FFFB1448,EONET_16203,2025-12-03T00:00:00Z,Point,167.835,-15.389,,
GEO_8F24ACF149,EONET_16265,2025-12-02T09:35:00Z,Point,-104.025504,44.177044,540.0,acres
GEO_A6AD360574,EONET_16202,2025-12-02T00:00:00Z,Point,-76.3948,2.3095,,
GEO_98C6383CC3,EONET_16263,2025-12-01T18:32:00Z,Point,-104.3865,44.53875,520.0,acres
GEO_D6F24A97DA,EONET_15984,2025-11-20T09:18:00Z,Point,-99.39083333,31.95083333,580.0,acres
GEO_951A35B48D,EONET_15987,2025-11-18T17:59:00Z,Point,-118.183545,44.027127,1748.0,acres
GEO_46418190C2,EONET_16261,2025-11-18T17:10:00Z,Point,-111.45956,39.3549,502.0,acres
GEO_FD2F2B0AAF,EONET_15986,2025-11-18T00:56:00Z,Point,-86.1772222,32.4369444,1427.0,acres
GEO_BE03284412,EONET_15983,2025-11-17T16:54:00Z,Point,-93.757778,29.838611,601.0,acres
GEO_3FF42C1AAC,EONET_15985,2025-11-17T14:28:00Z,Point,-77.1015,35.9455,579.0,acres
GEO_3BC9EB28A2,EONET_15895,2025-11-17T09:53:00Z,Point,-96.08379714,28.65476614,570.0,acres
GEO_1EC17E3294,EONET_15893,2025-11-17T09:11:00Z,Point,-93.853133,36.554083,1220.0,acres
GEO_DFAF945B4E,EONET_15894,2025-11-17T07:29:00Z,Point,-77.8686111,37.02,800.0,acres
GEO_B9D7CA7D7E,EONET_15896,2025-11-16T08:31:00Z,Point,-88.917,37.367,500.0,acres
GEO_36DF981350,EONET_15876,2025-11-14T08:07:00Z,Point,-95.68231,32.738759,1200.0,acres
GEO_57CD2C5DE9,EONET_15877,2025-11-13T15:00:00Z,Point,-118.794566,37.555334,1000.0,acres
GEO_E610CC40E1,EONET_15879,2025-11-13T09:38:00Z,Point,-111.477585,34.784677,938.0,acres
GEO_61E49120D4,EONET_15880,2025-11-12T21:10:00Z,Point,-109.69602,33.711183,1014.0,acres
GEO_27CFB456C5,EONET_15882,2025-11-12T10:50:00Z,Point,-89.2859,32.1603,2719.0,acres
GEO_873B1B381D,EONET_15878,2025-11-08T15:02:00Z,Point,-110.826383,40.914467,1300.0,acres
GEO_79E9CB0316,EONET_15864,2025-11-07T16:52:00Z,Point,-155.3575,19.769167,2100.0,acres
GEO_4F570B3C3A,EONET_15867,2025-11-07T09:57:00Z,Point,-94.63222222,31.10333333,510.0,acres
GEO_1727743E3B,EONET_15865,2025-11-07T09:25:00Z,Point,-104.76112,38.562249,5500.0,acres
GEO_FD03C1E33D,EONET_15863,2025-11-05T16:58:00Z,Point,-80.08045,37.60025,3127.0,acres
GEO_A7399BC291,EONET_15874,2025-11-04T17:21:00Z,Point,-88.3992015,43.0403647,638.0,acres
GEO_39BCE0E528,EONET_15873,2025-11-04T17:15:00Z,Point,-100.53657,42.1358,1000.0,acres
GEO_AE9EE79E69,EONET_15869,2025-11-04T09:00:00Z,Point,-111.686667,35.276111,1482.0,acres
GEO_64E8F13FD3,EONET_15857,2025-11-02T13:30:00Z,Point,-96.7877778,28.1233333,500.0,acres
GEO_71E46BE55C,EONET_15856,2025-11-02T11:55:00Z,Point,-96.78781,28.12353,500.0,acres
GEO_56566C0EBA,EONET_15870,2025-10-31T18:00:00Z,Point,-111.524053,38.655422,1750.0,acres
GEO_25A804A05B,EONET_15852,2025-10-31T00:00:00Z,Point,65.58,-66.89,25.93,NM^2
GEO_AF797F320A,EONET_15852,2025-11-14T00:00:00Z,Point,63.9,-66.73,20.0,NM^2
GEO_6E21429343,EONET_15852,2025-11-21T00:00:00Z,Point,62.44,-66.63,20.0,NM^2
GEO_4F540E933C,EONET_15852,2025-11-28T00:00:00Z,Point,60.51,-66.75,20.0,NM^2
GEO_4BDE5C9EA5,EONET_15852,2025-12-05T00:00:00Z,Point,58.76,-66.43,20.0,NM^2
GEO_E36FE9F585,EONET_15852,2025-12-12T00:00:00Z,Point,57.75,-66.1,20.0,NM^2
GEO_AE8879DB73,EONET_15852,2025-12-26T00:00:00Z,Point,56.88,-65.81,20.0,NM^2
GEO_5012DC2562,EONET_15852,2026-01-16T00:00:00Z,Point,54.0,-65.26,20.0,NM^2
GEO_1DEAF7D8A7,EONET_15852,2026-02-06T00:00:00Z,Point,53.92,-64.81,20.0,NM^2
GEO_C9E41E56D7,EONET_15852,2026-02-26T00:00:00Z,Point,52.75,-65.4,20.0,NM^2
GEO_CFE55C3EBB,EONET_15852,2026-03-06T00:00:00Z,Point,51.67,-65.75,20.0,NM^2
GEO_80320F39E7,EONET_15852,2026-03-20T00:00:00Z,Point,50.08,-66.04,20.0,NM^2
GEO_44513F238D,EONET_15852,2026-03-26T00:00:00Z,Point,47.82,-66.61,20.0,NM^2
GEO_90335E76F0,EONET_15852,2026-04-10T00:00:00Z,Point,44.61,-67.16,20.0,NM^2
GEO_1DD97A8354,EONET_15852,2026-04-17T00:00:00Z,Point,41.4,-67.77,20.0,NM^2
GEO_ED94F1A47A,EONET_15852,2026-04-24T00:00:00Z,Point,39.08,-68.47,20.0,NM^2
GEO_6F53F56DDC,EONET_15871,2025-10-30T14:00:00Z,Point,-110.701332,34.385202,3647.0,acres
GEO_2A3E857237,EONET_15843,2025-10-28T19:07:00Z,Point,-117.468684,48.505606,959.0,acres
GEO_F93D631D22,EONET_15872,2025-10-27T12:57:00Z,Point,-119.309245,48.908821,678.0,acres
GEO_0AE2119776,EONET_15866,2025-10-27T11:41:00Z,Point,-117.533129,48.402056,518.0,acres
GEO_554127503C,EONET_15831,2025-10-25T10:45:00Z,Point,-88.981,31.093,571.0,acres
GEO_2C5816A28D,EONET_15842,2025-10-22T13:46:00Z,Point,-109.752467,34.168583,1200.0,acres
GEO_41DCEB8F01,EONET_15846,2025-10-22T13:46:00Z,Point,-109.785583,34.188,1720.0,acres
GEO_1F27576822,EONET_15833,2025-10-22T11:50:00Z,Point,-117.575314,48.373081,543.0,acres
GEO_AEAAF6834D,EONET_15820,2025-10-21T17:13:00Z,Point,-89.13245,31.15025,2547.0,acres
GEO_FB2E68EF9C,EONET_15881,2025-10-21T14:51:00Z,Point,-109.067917,33.797333,1000.0,acres
GEO_642772477F,EONET_15807,2025-10-16T09:32:00Z,Point,-99.37416667,30.92305556,500.0,acres
GEO_A517D63C7C,EONET_15832,2025-10-15T16:21:00Z,Point,-119.28733,48.908786,605.0,acres
GEO_16CBF39DC2,EONET_15845,2025-10-14T16:49:00Z,Point,-116.17191,44.16258,745.0,acres
GEO_63E04B3E48,EONET_15844,2025-10-10T13:27:00Z,Point,-110.9671,40.6407,515.0,acres
GEO_3AFEF15355,EONET_15787,2025-10-05T08:51:00Z,Point,-89.6505556,33.1594444,600.0,acres
GEO_3C839AB1F6,EONET_15786,2025-10-04T16:08:00Z,Point,-101.4124004,34.4898772,2547.7,acres
GEO_915F4B01B5,EONET_15785,2025-10-02T18:50:00Z,Point,-111.431483,40.193367,540.0,acres
GEO_F948E09059,EONET_15680,2025-09-28T16:09:00Z,Point,-114.3345,43.7595,512.0,acres
GEO_0F5F7AFB8F,EONET_15626,2025-09-28T15:56:00Z,Point,-108.72265,48.0676,747.0,acres
GEO_32871426C5,EONET_15789,2025-09-24T15:50:00Z,Point,-91.306,46.619383,500.0,acres
GEO_E2B6FE4DFD,EONET_15818,2025-09-24T12:53:00Z,Point,-111.601217,40.6875,565.0,acres
GEO_E2102EB8A8,EONET_15577,2025-09-22T15:28:00Z,Point,-99.32425763,32.39138247,539.0,acres
GEO_B9A1B74EEC,EONET_15682,2025-09-22T14:48:00Z,Point,-111.532667,41.771833,1050.0,acres
GEO_44A92FF5E9,EONET_15579,2025-09-22T11:14:00Z,Point,-89.1289,31.08202,761.0,acres
GEO_1B2A1DA3F1,EONET_15580,2025-09-18T21:41:00Z,Point,-110.4100833,35.64186111,653.0,acres
GEO_E796FF59C8,EONET_15520,2025-09-17T21:21:00Z,Point,-80.4383333,26.5169444,800.0,acres
GEO_46ACD7D944,EONET_15521,2025-09-17T20:15:00Z,Point,-119.56524,35.85456,550.0,acres
GEO_129BD193BA,EONET_15519,2025-09-16T18:30:00Z,Point,-100.489464,35.0418,543.0,acres
GEO_D195DF0FE8,EONET_15518,2025-09-16T12:07:00Z,Point,-80.438667,26.494367,800.0,acres
GEO_E65DD7780F,EONET_15523,2025-09-14T12:04:00Z,Point,-112.34563,41.440563,1500.0,acres
GEO_B1AF5FDA00,EONET_15627,2025-09-12T20:23:00Z,Point,-113.329233,47.612867,1415.0,acres
GEO_92B8AB27F3,EONET_15432,2025-09-11T09:06:00Z,Point,-84.179833,30.144067,1047.0,acres
GEO_45FAE8BF84,EONET_15435,2025-09-11T08:44:00Z,Point,-98.646225,34.695669,4383.0,acres
GEO_817DBE5078,EONET_15437,2025-09-10T10:06:00Z,Point,-84.046317,30.1314,9793.0,acres
GEO_25361D0DD3,EONET_15811,2025-09-10T00:00:00Z,Point,123.13,10.4096,,
GEO_171112E916,EONET_15434,2025-09-09T12:51:00Z,Point,-118.54042,46.49877,4905.0,acres
GEO_A9F0D70422,EONET_15439,2025-09-09T09:09:00Z,Point,-88.6516802,43.4993813,787.6,acres
GEO_F21F8056AF,EONET_15431,2025-09-07T18:22:00Z,Point,-120.951333,45.116167,500.0,acres
GEO_1E360F34D1,EONET_15576,2025-09-06T16:18:00Z,Point,-123.085167,47.784167,558.0,acres
GEO_1B1F0AC0EE,EONET_15380,2025-09-05T20:25:00Z,Point,-117.462368,34.017805,551.0,acres
GEO_752E439701,EONET_15385,2025-09-04T22:46:00Z,Point,-120.487917,44.989367,20349.0,acres
GEO_82A09E26EB,EONET_15387,2025-09-04T19:25:00Z,Point,-123.915264,42.687458,1506.75,acres
GEO_98CDBBF4BE,EONET_15382,2025-09-04T19:21:00Z,Point,-123.947333,42.705167,1088.0,acres
GEO_CF3BDFDAE4,EONET_15381,2025-09-04T15:20:00Z,Point,-123.922833,42.692833,904.0,acres
GEO_7866BEA109,EONET_15522,2025-09-04T14:41:00Z,Point,-116.121362,48.267881,571.0,acres
GEO_1EF653AFD0,EONET_15388,2025-09-03T22:28:00Z,Point,-123.76,42.72971284,1036.0,acres
GEO_6BE6F2181F,EONET_15384,2025-09-03T22:18:00Z,Point,-117.993817,41.827033,1247.67,acres
GEO_3CBE50F05B,EONET_15282,2025-09-03T18:44:00Z,Point,-112.829033,44.723633,1062.0,acres
GEO_DB743FE77A,EONET_15433,2025-09-03T16:03:00Z,Point,-115.678583,48.122583,770.0,acres
GEO_A4D620ED78,EONET_15301,2025-09-02T21:49:00Z,Point,-81.8444444,27.7119444,735.0,acres
GEO_55E19039FC,EONET_15284,2025-09-02T20:56:00Z,Point,-120.072833,37.241167,4451.0,acres
GEO_61D5C776F6,EONET_15290,2025-09-02T18:36:00Z,Point,-120.512173,37.909117,13790.62,acres
GEO_2DEB3336F2,EONET_15297,2025-09-02T17:42:00Z,Point,-118.341111,48.340277,600.0,acres
GEO_83A3DB977C,EONET_15283,2025-09-02T16:12:00Z,Point,-120.48975,44.419667,2500.0,acres
GEO_71A5F500FF,EONET_15285,2025-09-02T15:05:00Z,Point,-120.642167,37.886167,1333.0,acres
GEO_43BEBFCD5C,EONET_15288,2025-09-02T14:59:00Z,Point,-120.48974,38.106192,599.0,acres
GEO_F9C2DDA85C,EONET_15289,2025-09-02T13:35:00Z,Point,-120.437333,37.819667,6984.0,acres
GEO_F469DF1F24,EONET_15286,2025-09-02T11:45:00Z,Point,-120.384618,37.776687,1028.0,acres
GEO_2034E341E1,EONET_15287,2025-09-02T09:10:00Z,Point,-120.843757,37.944756,3462.0,acres
GEO_AD12C467A3,EONET_15279,2025-09-02T06:01:00Z,Point,-120.311182,36.099461,13500.0,acres
GEO_F2FD7E2EF5,EONET_15386,2025-09-01T20:13:00Z,Point,-118.466867,48.56315,700.0,acres
GEO_8E890C0AFE,EONET_15296,2025-09-01T17:24:00Z,Point,-120.549617,47.7533,4004.0,acres
GEO_11C41DBBA0,EONET_15298,2025-09-01T16:02:00Z,Point,-122.804478,40.967679,538.0,acres
GEO_E7DD8A1B1A,EONET_15383,2025-09-01T15:42:00Z,Point,-120.819522,47.382805,1984.0,acres
GEO_F5BC8D3738,EONET_15294,2025-09-01T15:38:00Z,Point,-122.397417,41.160217,758.0,acres
GEO_994DE29B8F,EONET_15299,2025-09-01T12:58:00Z,Point,-118.374666,47.873166,6030.0,acres
GEO_9714D65A34,EONET_15295,2025-09-01T11:45:00Z,Point,-117.511367,48.49425,651.0,acres
GEO_0238FF41F2,EONET_15436,2025-08-31T22:33:00Z,Point,-116.655633,47.018117,797.0,acres
GEO_9734B80FA7,EONET_15151,2025-08-31T20:52:00Z,Point,-118.16,48.6766667,600.0,acres
GEO_222FEF8753,EONET_15291,2025-08-30T15:49:00Z,Point,-115.987167,47.879833,1800.0,acres
GEO_B0A58D70E3,EONET_15292,2025-08-30T10:53:00Z,Point,-118.15995,48.676667,881.0,acres
GEO_17D94094C3,EONET_15293,2025-08-29T23:26:00Z,Point,-117.824,48.864833,630.0,acres
GEO_8F4E44A237,EONET_15145,2025-08-29T22:35:00Z,Point,-117.883167,48.833,3193.0,acres
GEO_C64727FADA,EONET_15149,2025-08-29T20:16:00Z,Point,-119.7323,40.7461,1276.0,acres
GEO_9B381196D6,EONET_15152,2025-08-29T08:14:00Z,Point,-97.5763,27.9007,500.0,acres
GEO_567C0E68D2,EONET_15148,2025-08-29T03:17:00Z,Point,-118.995336,45.962929,7585.0,acres
GEO_6364AFF81F,EONET_15156,2025-08-28T10:43:00Z,Point,-84.144083,30.160267,827.0,acres
GEO_6FEE0EE7F3,EONET_15154,2025-08-28T10:42:00Z,Point,-84.14165,30.136267,882.0,acres
GEO_948E645609,EONET_15085,2025-08-28T02:13:00Z,Point,-117.512,42.687883,4912.0,acres
GEO_FA194D44D2,EONET_15146,2025-08-27T22:06:00Z,Point,-121.104893,48.922702,737.0,acres
GEO_6F61C064E9,EONET_15147,2025-08-27T17:44:00Z,Point,-123.185,41.790117,1236.0,acres
GEO_B8A6375DAC,EONET_15091,2025-08-27T12:09:00Z,Point,-118.7344877,34.44045713,5370.0,acres
GEO_17E960BCF8,EONET_15092,2025-08-27T10:40:00Z,Point,-106.52255,45.91109,853.0,acres
GEO_3DD305C260,EONET_15280,2025-08-26T17:24:00Z,Point,-123.266433,41.414917,872.0,acres
GEO_192A0E4FD3,EONET_15094,2025-08-26T09:41:00Z,Point,-84.441267,30.0104,996.0,acres
GEO_B4EE4F2E90,EONET_15096,2025-08-26T06:54:00Z,Point,-99.817396,48.853448,1342.0,acres
GEO_A0519EA839,EONET_15087,2025-08-25T21:39:00Z,Point,-123.540583,41.530133,2134.0,acres
GEO_44890ED737,EONET_15144,2025-08-25T21:23:00Z,Point,-121.3967,46.845383,1268.0,acres
GEO_2947F2FA75,EONET_15281,2025-08-25T18:34:00Z,Point,-122.850456,40.902691,506.0,acres
GEO_8DA254EB76,EONET_15330,2025-08-25T00:00:00Z,Point,160.27,54.596,,
GEO_6CE7064219,EONET_15046,2025-08-24T20:03:00Z,Point,-116.59,41.138,3612.0,acres
GEO_EB77C2CA3B,EONET_15086,2025-08-24T18:26:00Z,Point,-122.241617,43.468783,7764.0,acres
GEO_E25D76CFEF,EONET_15058,2025-08-24T16:32:00Z,Point,-79.4626667,34.9691667,761.0,acres
GEO_AABD1F1E1D,EONET_15050,2025-08-24T15:44:00Z,Point,-120.477333,40.435833,500.0,acres
GEO_B95A6E2259,EONET_15045,2025-08-24T11:39:00Z,Point,-119.042959,36.860693,4420.0,acres
GEO_EC9FFE07B0,EONET_15057,2025-08-23T17:13:00Z,Point,-112.518978,38.723474,500.0,acres
GEO_37F2462C09,EONET_15389,2025-08-23T14:21:00Z,Point,-114.998067,45.904267,920.0,acres
GEO_0EDC682E9A,EONET_15056,2025-08-22T21:32:00Z,Point,-110.0038333,43.3246667,9891.0,acres
GEO_3990D2A4F1,EONET_15052,2025-08-22T18:14:00Z,Point,-118.5865,35.564333,2537.0,acres
GEO_6C7050F649,EONET_15059,2025-08-22T17:47:00Z,Point,-100.0051536,35.01891131,672.0,acres
GEO_A7A44CFCEB,EONET_15048,2025-08-22T15:34:00Z,Point,-97.339378,27.342234,5747.0,acres
GEO_3E67AFD183,EONET_15088,2025-08-22T13:35:00Z,Point,-110.958833,42.554167,4356.0,acres
GEO_0DC4EA3A29,EONET_15051,2025-08-21T19:59:00Z,Point,-121.354533,44.513117,21971.0,acres
GEO_3B4BFFC5D4,EONET_15049,2025-08-21T18:00:00Z,Point,-122.550064,38.591983,6803.0,acres
GEO_2064505719,EONET_15053,2025-08-21T16:39:00Z,Point,-110.006,43.32806,10000.0,acres
GEO_489AE3E665,EONET_15150,2025-08-21T10:07:00Z,Point,-115.64005,48.5401,622.0,acres
GEO_706D3488DF,EONET_15095,2025-08-20T19:34:00Z,Point,-115.0895,46.239167,1334.0,acres
GEO_4B7539F314,EONET_15089,2025-08-20T19:13:00Z,Point,-112.869,46.745833,1650.0,acres
GEO_680FA569D5,EONET_14954,2025-08-20T17:17:00Z,Point,-120.641667,38.534833,624.0,acres
GEO_A2926129D9,EONET_15055,2025-08-20T14:28:00Z,Point,-114.838833,46.5645,700.0,acres
GEO_C27C617112,EONET_15153,2025-08-20T12:06:00Z,Point,-114.865667,45.750667,617.0,acres
GEO_B6588D190D,EONET_14960,2025-08-19T22:24:00Z,Point,-81.9627778,27.7161111,640.0,acres
GEO_1493B34717,EONET_14956,2025-08-19T20:23:00Z,Point,-111.3681,44.9432,500.0,acres
GEO_1E61EC8746,EONET_14955,2025-08-19T17:06:00Z,Point,-80.5413889,26.2161111,19200.0,acres
GEO_E2EC8DC42B,EONET_15093,2025-08-19T14:14:00Z,Point,-109.208833,33.640167,540.0,acres
GEO_420A94E855,EONET_15155,2025-08-18T20:51:00Z,Point,-113.160883,47.9275,526.0,acres
GEO_E7D5014E14,EONET_14962,2025-08-18T20:41:00Z,Point,-108.74616,45.59207,930.15,acres
GEO_E48C68E506,EONET_14961,2025-08-18T17:15:00Z,Point,-108.2475,45.254833,700.0,acres
GEO_8A3AA987FA,EONET_14959,2025-08-18T15:22:00Z,Point,-93.754461,29.897157,1456.0,acres
GEO_EB99238ED5,EONET_14897,2025-08-17T19:05:00Z,Point,-114.509567,41.878117,506.0,acres
GEO_7150EB2DA3,EONET_14958,2025-08-17T17:37:00Z,Point,-114.7133,47.346967,2000.0,acres
GEO_D7E9479900,EONET_14957,2025-08-17T16:09:00Z,Point,-109.209167,43.159333,525.0,acres
GEO_46234C97DD,EONET_14953,2025-08-17T15:39:00Z,Point,-107.091173,39.849463,1720.0,acres
GEO_153B4DA52E,EONET_14893,2025-08-16T18:29:00Z,Point,-111.721783,45.49225,3500.0,acres
GEO_BA6CEAC8CA,EONET_14894,2025-08-16T18:29:00Z,Point,-114.5095,41.878167,506.0,acres
GEO_71DE856131,EONET_14895,2025-08-15T23:03:00Z,Point,-116.209267,41.389933,28000.0,acres
GEO_42FD9DEA2B,EONET_14890,2025-08-15T13:47:00Z,Point,-111.609,44.095333,851.0,acres
GEO_DFCC6301A1,EONET_14899,2025-08-14T21:11:00Z,Point,-112.8462,46.719,848.0,acres
GEO_C13B38ADCF,EONET_14900,2025-08-14T19:21:00Z,Point,-119.926983,39.837052,1483.0,acres
GEO_13C7C6A15F,EONET_14901,2025-08-14T18:31:00Z,Point,-112.037333,45.557667,1156.0,acres
GEO_A1626BF904,EONET_14902,2025-08-14T18:31:00Z,Point,-114.4117,40.00325,639.0,acres
GEO_9EF4827F10,EONET_14904,2025-08-14T14:44:00Z,Point,-108.74655,44.208967,18046.0,acres
GEO_6D62D1B1E8,EONET_14815,2025-08-14T11:57:00Z,Point,-108.14578,45.20166,500.0,acres
GEO_7B04ABCBA1,EONET_14896,2025-08-14T04:08:00Z,Point,-118.79862,34.72053,591.2,acres
GEO_2144EEFABD,EONET_14816,2025-08-13T21:40:00Z,Point,-107.945833,43.629667,91581.0,acres
GEO_62B67DB8A2,EONET_14903,2025-08-13T21:22:00Z,Point,-111.9825,45.4575,1932.0,acres
GEO_94323ED05C,EONET_14818,2025-08-13T19:25:00Z,Point,-117.847033,47.80135,500.0,acres
GEO_8AAF246C21,EONET_14817,2025-08-13T19:21:00Z,Point,-116.592939,48.021703,675.0,acres
GEO_FEC0B0248C,EONET_14811,2025-08-13T17:53:00Z,Point,-111.490633,44.775783,2260.0,acres
GEO_D7B98968E3,EONET_15054,2025-08-13T17:08:00Z,Point,-115.142036,46.562652,1000.0,acres
GEO_5A12466B07,EONET_14905,2025-08-13T17:04:00Z,Point,-117.80628,46.6955,6597.0,acres
GEO_C32F1B5EAB,EONET_14898,2025-08-13T16:48:00Z,Point,-111.944583,41.32945,577.0,acres
GEO_BFBF83DD0B,EONET_14891,2025-08-13T16:45:00Z,Point,-111.286783,34.43225,550.0,acres
GEO_6F566E1772,EONET_14813,2025-08-13T16:17:00Z,Point,-107.246967,43.951467,800.0,acres
GEO_F7741EC6D1,EONET_14820,2025-08-13T16:04:00Z,Point,-107.3782,45.9866,2568.0,acres
GEO_DE6F9D07C4,EONET_14819,2025-08-13T15:12:00Z,Point,-106.513,45.893,1062.0,acres
GEO_06BF26DC6F,EONET_14814,2025-08-13T14:02:00Z,Point,-116.98975,42.5217,5000.0,acres
GEO_6666AF961B,EONET_14824,2025-08-13T08:57:00Z,Point,-116.157917,44.666917,1871.0,acres
GEO_026C15D867,EONET_14821,2025-08-13T02:37:00Z,Point,-107.642833,45.459,500.0,acres
GEO_87748FB1F3,EONET_14823,2025-08-11T19:41:00Z,Point,-121.334396,41.808115,980.0,acres
GEO_FCEEB85D97,EONET_14825,2025-08-11T18:37:00Z,Point,-107.055967,40.192667,1700.0,acres
GEO_DFF7E83D94,EONET_14771,2025-08-09T15:10:00Z,Point,-112.657717,40.700733,1486.0,acres
GEO_1FEC6FA65F,EONET_14769,2025-08-08T19:29:00Z,Point,-107.2865,35.4805,1551.0,acres
GEO_52C0D39614,EONET_14770,2025-08-07T16:29:00Z,Point,-118.735536,34.439631,5370.0,acres
GEO_F1B4A7DA51,EONET_14772,2025-08-07T13:28:00Z,Point,-110.702833,40.81,2310.0,acres
GEO_CAB2A13A99,EONET_14773,2025-08-07T12:21:00Z,Point,-110.190444,32.978583,1010.0,acres
GEO_0AE9083CB1,EONET_14724,2025-08-06T17:45:00Z,Point,-108.4252,40.362383,1000.0,acres
GEO_0D4837C70F,EONET_14768,2025-08-06T13:06:00Z,Point,-110.1018,33.667617,2511.0,acres
GEO_876045EA1C,EONET_14729,2025-08-05T20:47:00Z,Point,-82.0147222,27.8508333,800.0,acres
GEO_9232B3064A,EONET_14722,2025-08-04T15:34:00Z,Point,-116.53934,33.56159,1690.0,acres
GEO_463BA15713,EONET_14727,2025-08-04T13:47:00Z,Point,-107.32927,45.92634,1469.0,acres
GEO_BE440B34CD,EONET_14775,2025-08-04T12:23:00Z,Point,-144.315283,65.431117,1002.6,acres
GEO_300819E3E3,EONET_14822,2025-08-04T11:39:00Z,Point,-116.910436,34.317234,1036.0,acres
GEO_AA9B85551D,EONET_14774,2025-08-03T20:46:00Z,Point,-93.030833,31.492967,1480.0,acres
GEO_8DA5EA7A3B,EONET_14650,2025-08-03T18:28:00Z,Point,-107.7714,38.8774,700.0,acres
GEO_9925EC0FAA,EONET_14661,2025-08-03T17:25:00Z,Point,-110.232833,33.652167,500.0,acres
GEO_738F46F36C,EONET_14655,2025-08-03T16:37:00Z,Point,-108.215367,39.973267,1000.0,acres
GEO_BF3CAA07DD,EONET_14654,2025-08-02T22:48:00Z,Point,-108.23401,39.93385,700.0,acres
GEO_44AD99190C,EONET_14660,2025-08-02T16:56:00Z,Point,-116.401907,43.34371,916.8,acres
GEO_1A699928A1,EONET_14653,2025-08-02T15:09:00Z,Point,-107.745278,39.959444,3000.0,acres
GEO_9C9D16006E,EONET_14659,2025-08-02T11:45:00Z,Point,-115.694333,41.396717,5500.0,acres
GEO_F3F15C1305,EONET_14664,2025-08-01T23:46:00Z,Point,-116.90375,41.19055,4230.0,acres
GEO_D644A0BF46,EONET_14662,2025-08-01T23:44:00Z,Point,-116.852667,41.213667,3271.0,acres
GEO_7BA3F98AD8,EONET_14651,2025-08-01T23:31:00Z,Point,-116.844167,41.384833,22256.0,acres
GEO_5B1A7FB1B4,EONET_14669,2025-08-01T21:10:00Z,Point,-80.4225,26.4336111,2400.0,acres
GEO_6BF9778BE6,EONET_14658,2025-08-01T19:20:00Z,Point,-112.900556,34.446667,923.0,acres
GEO_BE0D906D33,EONET_14721,2025-08-01T17:12:00Z,Point,-120.159167,35.076367,96106.0,acres
GEO_7EC0697E16,EONET_14667,2025-08-01T16:05:00Z,Point,-108.574733,45.4264,955.0,acres
GEO_A593046E98,EONET_14652,2025-08-01T15:33:00Z,Point,-107.32962,36.96974,1115.0,acres
GEO_C7BF7A0E80,EONET_14720,2025-08-01T12:18:00Z,Point,-115.437556,46.035496,612.0,acres
GEO_F03D89C66A,EONET_14666,2025-08-01T11:34:00Z,Point,-114.5233333,47.6911111,600.0,acres
GEO_2E0F26F071,EONET_14663,2025-07-31T18:44:00Z,Point,-120.149667,48.475167,539.0,acres
GEO_D2C50C7844,EONET_14656,2025-07-31T17:47:00Z,Point,-118.625567,45.4367,500.0,acres
GEO_46DF2E33D2,EONET_14657,2025-07-31T12:09:00Z,Point,-116.1472,48.284,700.0,acres
GEO_C442D22077,EONET_14545,2025-07-31T09:19:00Z,Point,-84.170333,30.124639,3550.0,acres
GEO_B20CEE89C0,EONET_14540,2025-07-31T05:52:00Z,Point,-116.483442,43.235043,6000.0,acres
GEO_F3E9202C1A,EONET_14548,2025-07-30T21:49:00Z,Point,-81.9627778,27.8030556,645.0,acres
GEO_0C4EEA30A3,EONET_14543,2025-07-30T21:47:00Z,Point,-95.278571,29.028061,650.0,acres
GEO_01AE671212,EONET_14725,2025-07-30T21:18:00Z,Point,-123.018833,41.307667,943.0,acres
GEO_7C5CFBF345,EONET_14812,2025-07-30T19:07:00Z,Point,-115.264833,44.605167,953.0,acres
GEO_531BFC4BB3,EONET_14547,2025-07-30T02:11:00Z,Point,-117.282398,44.294698,1124.5,acres
GEO_669807254C,EONET_14542,2025-07-29T23:00:00Z,Point,-117.311299,42.874844,17271.04,acres
GEO_B234C9F34B,EONET_14541,2025-07-29T20:46:00Z,Point,-118.044333,41.660333,2863.0,acres
GEO_8A4FFF1322,EONET_14665,2025-07-29T20:06:00Z,Point,-113.183899,44.159395,615.0,acres
GEO_14D8A3B04E,EONET_14549,2025-07-29T19:48:00Z,Point,-107.3755,43.062367,814.5,acres
GEO_C6322A6D2D,EONET_14544,2025-07-29T19:47:00Z,Point,-113.649,44.471667,1820.0,acres
GEO_F530111910,EONET_14550,2025-07-29T17:34:00Z,Point,-101.18584,34.84057,7625.0,acres
GEO_915D45F21F,EONET_14551,2025-07-29T10:39:00Z,Point,-121.480278,44.984139,1756.0,acres
GEO_EBCFF2AE94,EONET_14726,2025-07-28T21:02:00Z,Point,-108.191167,37.678,514.0,acres
GEO_52BE3EF85F,EONET_14552,2025-07-28T08:54:00Z,Point,-84.103806,30.121111,3695.0,acres
GEO_E43B15F5DC,EONET_14498,2025-07-27T21:29:00Z,Point,-117.428917,42.848933,10000.0,acres
GEO_FD6EFF7377,EONET_14502,2025-07-27T08:05:00Z,Point,-83.039222,29.414194,1080.0,acres
GEO_E0D9E780FD,EONET_14499,2025-07-27T05:00:00Z,Point,-100.406583,44.143117,2250.0,acres
GEO_55E2A79069,EONET_14500,2025-07-26T19:44:00Z,Point,-107.265083,43.860917,2900.0,acres
GEO_9B89BC7497,EONET_14501,2025-07-25T17:25:00Z,Point,-121.323879,41.684141,2533.0,acres
GEO_FE99B8360C,EONET_14503,2025-07-25T13:55:00Z,Point,-113.830787,42.183228,826.2,acres
GEO_806CA451FF,EONET_14459,2025-07-22T11:10:00Z,Point,-81.4737,29.118233,4000.0,acres
GEO_D4F782E410,EONET_14460,2025-07-22T09:12:00Z,Point,-84.372528,30.061944,1092.0,acres
GEO_A91DD25663,EONET_14430,2025-07-21T09:38:00Z,Point,-84.440222,30.048167,800.0,acres
GEO_58A00D5B39,EONET_14728,2025-07-20T21:24:00Z,Point,-144.242733,67.678833,3646.0,acres
GEO_CAA445ED24,EONET_14433,2025-07-20T20:49:00Z,Point,-116.440133,37.05025,1100.0,acres
GEO_2A79F26EBC,EONET_14436,2025-07-19T18:36:00Z,Point,-117.74417,47.841564,1255.0,acres
GEO_FEE35C41C2,EONET_14439,2025-07-19T10:00:00Z,Point,-84.491194,30.006806,556.0,acres
GEO_7728C44AC0,EONET_14432,2025-07-19T01:35:00Z,Point,-121.480278,44.984139,2046.0,acres
GEO_70EA21B026,EONET_14434,2025-07-18T18:46:00Z,Point,-121.427851,45.701499,8776.0,acres
GEO_982C2D1F9F,EONET_14372,2025-07-16T15:51:00Z,Point,-116.79812,33.501354,1071.59,acres
GEO_98F3EC2096,EONET_14374,2025-07-16T15:38:00Z,Point,-116.787954,33.526501,1071.59,acres
GEO_043FC50B4A,EONET_14380,2025-07-15T20:59:00Z,Point,-112.412383,42.0147,1698.0,acres
GEO_B629CBDEEB,EONET_14382,2025-07-15T19:38:00Z,Point,-110.948117,34.61695,1048.0,acres
GEO_D3964E5D3C,EONET_14381,2025-07-15T19:12:00Z,Point,-115.89549,42.978896,1697.7,acres
GEO_9DE1B21DC6,EONET_14379,2025-07-15T19:03:00Z,Point,-116.277833,41.525,3306.0,acres
GEO_2EA743AB78,EONET_14373,2025-07-15T18:35:00Z,Point,-117.208667,44.50165,851.0,acres
GEO_252DF840EF,EONET_14730,2025-07-15T18:35:00Z,Point,-118.3062,35.729717,648.0,acres
GEO_62A7797CD5,EONET_14384,2025-07-15T14:40:00Z,Point,-120.0263889,46.1944444,500.0,acres
GEO_1DF7DFFD38,EONET_14375,2025-07-14T20:50:00Z,Point,-121.802502,42.440228,627.0,acres
GEO_51F20AD266,EONET_14378,2025-07-14T19:15:00Z,Point,-119.5205,48.484367,921.0,acres
GEO_4089E362F2,EONET_14385,2025-07-14T19:13:00Z,Point,-118.721533,45.9453,700.0,acres
GEO_73D7F24359,EONET_14723,2025-07-14T17:48:00Z,Point,-145.532217,64.477117,1636.16,acres
GEO_DA28A90906,EONET_14383,2025-07-14T17:03:00Z,Point,-101.6569035,43.62067728,583.0,acres
GEO_53B29129C2,EONET_14377,2025-07-13T22:19:00Z,Point,-108.255465,37.02525,515.0,acres
GEO_C509809879,EONET_14310,2025-07-13T20:42:00Z,Point,-120.94205,44.79655,1400.0,acres
GEO_F8958F0FC7,EONET_14316,2025-07-13T16:39:00Z,Point,-112.080083,38.561317,700.0,acres
GEO_4C1C4516B4,EONET_14312,2025-07-13T14:04:00Z,Point,-117.027278,42.682278,835.0,acres
GEO_3073D3FD16,EONET_14309,2025-07-12T19:05:00Z,Point,-120.821905,44.238553,719.0,acres
GEO_B6A037E3B3,EONET_14332,2025-07-12T11:27:00Z,Point,-98.927,43.971,663.0,acres
GEO_118E8E6F7C,EONET_14336,2025-07-11T12:54:00Z,Point,-105.9405,42.942667,700.0,acres
GEO_D8FD7552A1,EONET_14284,2025-07-11T12:00:00Z,Point,-168.78,-73.71,71.16,NM^2
GEO_9A9B0F6045,EONET_14284,2025-07-31T00:00:00Z,Point,-169.13,-73.22,133.0,NM^2
GEO_C3E89EAA6B,EONET_14284,2025-08-21T00:00:00Z,Point,-170.77,-72.46,133.0,NM^2
GEO_36C63D02C4,EONET_14284,2025-09-04T00:00:00Z,Point,-172.24,-72.05,133.0,NM^2
GEO_5083769B48,EONET_14284,2025-09-18T00:00:00Z,Point,-173.86,-71.78,133.0,NM^2
GEO_4B8556EF2E,EONET_14284,2025-10-09T00:00:00Z,Point,-175.09,-71.46,133.0,NM^2
GEO_BC72804DE6,EONET_14284,2025-10-23T00:00:00Z,Point,-176.33,-71.23,133.0,NM^2
GEO_D009C9C933,EONET_14284,2025-11-28T00:00:00Z,Point,-178.04,-71.04,133.0,NM^2
GEO_066CED1A12,EONET_14284,2026-01-02T00:00:00Z,Point,-178.98,-71.47,63.0,NM^2
GEO_37CA386B67,EONET_14284,2026-03-06T00:00:00Z,Point,-178.51,-71.91,48.0,NM^2
GEO_B5D6405C8E,EONET_14284,2026-03-20T00:00:00Z,Point,-179.77,-72.28,48.0,NM^2
GEO_191F6DEFAE,EONET_14284,2026-04-10T00:00:00Z,Point,178.02,-72.46,48.0,NM^2
GEO_C20D795EF3,EONET_14284,2026-04-24T00:00:00Z,Point,176.25,-72.13,48.0,NM^2
GEO_0E6E0EE5F7,EONET_14284,2026-04-30T00:00:00Z,Point,174.5,-71.85,48.0,NM^2
GEO_23880A92E5,EONET_14284,2026-05-08T00:00:00Z,Point,171.94,-71.42,48.0,NM^2
GEO_CCC074D3F9,EONET_14284,2026-05-15T00:00:00Z,Point,169.5,-70.62,48.0,NM^2
GEO_58EDE1C89F,EONET_14284,2026-05-21T00:00:00Z,Point,167.53,-70.24,48.0,NM^2
GEO_8FADA8220C,EONET_14284,2026-06-05T00:00:00Z,Point,165.49,-69.93,48.0,NM^2
GEO_F795CD9FB0,EONET_14284,2026-06-12T00:00:00Z,Point,164.3,-70.23,48.0,NM^2
GEO_F5E26F753B,EONET_14327,2025-07-11T11:26:00Z,Point,-80.726917,25.618717,1034.0,acres
GEO_1A4955A639,EONET_14334,2025-07-10T19:12:00Z,Point,-80.5466667,26.3336111,1800.0,acres
GEO_FF5B9BD6F3,EONET_14325,2025-07-10T18:53:00Z,Point,-108.389883,38.665033,2192.0,acres
GEO_84BE0F4C61,EONET_14319,2025-07-10T18:07:00Z,Point,-108.875333,38.754333,936.0,acres
GEO_39105B1934,EONET_14305,2025-07-10T16:52:00Z,Point,-109.18287,38.36017,7000.0,acres
GEO_7A4E25265B,EONET_14329,2025-07-10T15:36:00Z,Point,-114.8035,45.100667,535.0,acres
GEO_4645DDFE4B,EONET_14323,2025-07-10T14:08:00Z,Point,-107.719167,38.5581,3633.0,acres
GEO_BD3F24D7A5,EONET_14376,2025-07-10T00:31:00Z,Point,-158.213,67.0685,1494.0,acres
GEO_696A478D3B,EONET_14321,2025-07-10T00:30:00Z,Point,-112.379793,36.795371,40186.0,acres
GEO_1F1994274A,EONET_14324,2025-07-09T19:47:00Z,Point,-108.382833,33.020333,711.0,acres
GEO_A83A139F69,EONET_14318,2025-07-09T19:11:00Z,Point,-110.906,33.859667,752.0,acres
GEO_83B98684FE,EONET_14337,2025-07-09T18:39:00Z,Point,-113.2455556,40.0975,1500.0,acres
GEO_0A09148CD3,EONET_14313,2025-07-09T17:25:00Z,Point,-112.072267,39.1627,672.0,acres
GEO_E085FF33B9,EONET_14328,2025-07-09T17:24:00Z,Point,-119.925934,43.822274,4403.0,acres
GEO_F4987CED9D,EONET_14335,2025-07-09T16:58:00Z,Point,-117.134,46.399,880.0,acres
GEO_C81691D1F9,EONET_14315,2025-07-09T16:09:00Z,Point,-118.1144,47.7785,5812.0,acres
GEO_3D3BDAB0BE,EONET_14307,2025-07-09T15:50:00Z,Point,-158.898927,67.229706,21218.98,acres
GEO_7461C6A061,EONET_14330,2025-07-09T12:48:00Z,Point,-114.976417,45.4753,1038.0,acres
GEO_7A68182200,EONET_14308,2025-07-09T12:01:00Z,Point,-154.85255,67.055867,1662.84,acres
GEO_FB5F2DDD88,EONET_14338,2025-07-09T09:11:00Z,Point,-92.348333,31.468611,1562.0,acres
GEO_992F5D7E2B,EONET_14326,2025-07-09T02:31:00Z,Point,-156.492233,66.590567,5056.97,acres
GEO_2DA8693BBD,EONET_14311,2025-07-08T22:31:00Z,Point,-122.2936161,42.0541864,923.5,acres
GEO_C07CF50216,EONET_14317,2025-07-08T20:33:00Z,Point,-123.588684,41.406725,7319.0,acres
GEO_6C1E830974,EONET_14306,2025-07-08T19:12:00Z,Point,-159.561667,67.2835,3797.0,acres
GEO_7A83E02355,EONET_14331,2025-07-08T18:01:00Z,Point,-80.6613,25.64051,1374.0,acres
GEO_5B81BA3809,EONET_14198,2025-07-08T16:38:00Z,Point,-117.982361,48.821248,3000.0,acres
GEO_6AD90BC169,EONET_14200,2025-07-08T16:18:00Z,Point,-114.336333,41.368,2000.0,acres
GEO_40068ACA6E,EONET_14215,2025-07-08T15:34:00Z,Point,-80.79,26.3833333,3300.0,acres
GEO_77675BE203,EONET_14322,2025-07-08T14:38:00Z,Point,-121.361867,42.323717,2705.0,acres
GEO_CC0041CE59,EONET_14320,2025-07-08T12:09:00Z,Point,-116.09682,37.31998,36500.0,acres
GEO_49A80F46B9,EONET_14209,2025-07-07T22:59:00Z,Point,-121.288889,44.803444,965.8,acres
GEO_AF6016A024,EONET_14199,2025-07-07T14:45:00Z,Point,-120.038167,44.019167,655.0,acres
GEO_6308AF4806,EONET_14218,2025-07-07T12:12:00Z,Point,-156.631383,66.135283,2500.0,acres
GEO_0E3861DB1B,EONET_14196,2025-07-06T12:35:00Z,Point,-158.14,67.97,1102.01,acres
GEO_9F4E02E756,EONET_14197,2025-07-04T20:43:00Z,Point,-146.021117,66.8268,1038.0,acres
GEO_B09B7A85ED,EONET_14670,2025-07-04T19:02:00Z,Point,-112.1032,36.238417,116592.0,acres
GEO_C317AAAB78,EONET_14207,2025-07-04T18:31:00Z,Point,-118.867117,41.4988,6169.0,acres
GEO_E31968D106,EONET_14202,2025-07-04T14:25:00Z,Point,-108.161667,47.621667,806.0,acres
GEO_AA1AB414B5,EONET_14204,2025-07-04T03:33:00Z,Point,-117.863733,40.714483,17583.0,acres
GEO_22E87C6DDA,EONET_14203,2025-07-03T21:44:00Z,Point,-123.410667,41.315333,1346.0,acres
GEO_6749527717,EONET_14210,2025-07-03T19:58:00Z,Point,-146.271833,64.4515,685.15,acres
GEO_36DD6C608B,EONET_14205,2025-07-03T14:22:00Z,Point,-123.1997222,41.4258333,515.0,acres
GEO_F97C74A253,EONET_14227,2025-07-03T13:53:00Z,Point,-94.056877,30.778548,500.0,acres
GEO_A5554A2FC3,EONET_14211,2025-07-03T01:30:00Z,Point,-108.452633,47.556967,3450.0,acres
GEO_B25F0E464F,EONET_14223,2025-07-02T20:31:00Z,Point,-105.230283,42.604967,1500.0,acres
GEO_3ACD397842,EONET_14201,2025-07-02T19:37:00Z,Point,-119.91205,47.926667,3410.0,acres
GEO_E571901471,EONET_14219,2025-07-02T18:52:00Z,Point,-117.547016,47.282184,700.0,acres
GEO_DCEED21515,EONET_14225,2025-07-02T18:50:00Z,Point,-119.097306,45.923944,2489.0,acres
GEO_A304450336,EONET_14208,2025-07-02T18:11:00Z,Point,-112.258333,34.1135,600.0,acres
GEO_9CF63CCCCF,EONET_14255,2025-07-02T16:29:00Z,Point,-120.046793,35.09519,100.0,acres
GEO_3B4B982D49,EONET_14212,2025-07-02T15:47:00Z,Point,-120.950117,44.4813,624.0,acres
GEO_9F263FA8E8,EONET_14206,2025-07-02T12:19:00Z,Point,-122.096717,40.833867,2549.0,acres
GEO_099673FC56,EONET_14226,2025-07-01T22:56:00Z,Point,-106.0963,44.43205,870.0,acres
GEO_901508E68A,EONET_14228,2025-07-01T18:30:00Z,Point,-108.223028,43.731972,1082.0,acres
GEO_1B62E953DC,EONET_14213,2025-07-01T14:51:00Z,Point,-119.591367,42.425033,1584.0,acres
GEO_3A5648A8F7,EONET_14214,2025-07-01T13:05:00Z,Point,-80.896733,25.533017,8373.0,acres
GEO_574F000AC2,EONET_14130,2025-06-30T14:29:00Z,Point,-117.326132,33.802331,689.0,acres
GEO_65CC90E7F1,EONET_14129,2025-06-29T18:30:00Z,Point,-116.89443,33.871222,2414.0,acres
GEO_9492B93458,EONET_14131,2025-06-29T01:39:00Z,Point,-106.794327,41.853392,1247.0,acres
GEO_21288E8B74,EONET_14132,2025-06-28T20:55:00Z,Point,-109.1863889,35.6166667,6545.0,acres
GEO_2AD0B1124A,EONET_14060,2025-06-26T18:07:00Z,Point,-108.598633,40.26395,801.0,acres
GEO_D5607B884F,EONET_14082,2025-06-26T08:36:00Z,Point,-81.190217,25.6428,3443.0,acres
GEO_38AB5B010A,EONET_14081,2025-06-25T07:39:00Z,Point,-81.190217,25.6428,10000.0,acres
GEO_BA1B52000D,EONET_14085,2025-06-25T07:17:00Z,Point,-81.190217,25.6428,13443.0,acres
GEO_1A6FC173FB,EONET_14086,2025-06-25T07:14:00Z,Point,-81.3562,26.204167,715.0,acres
GEO_CF7E5CC06B,EONET_14087,2025-06-25T07:12:00Z,Point,-82.210217,30.597533,1560.0,acres
GEO_ECD74AC869,EONET_14072,2025-06-24T21:58:00Z,Point,-80.9752778,27.0647222,2028.0,acres
GEO_5CE49A7E9C,EONET_14098,2025-06-24T21:47:00Z,Point,-82.1061111,27.9261111,1200.0,acres
GEO_295678F531,EONET_14099,2025-06-24T06:47:00Z,Point,-82.247567,30.86855,600.0,acres
GEO_F814C250DD,EONET_14095,2025-06-23T17:41:00Z,Point,-141.106667,66.326383,601.0,acres
GEO_7F5E7EE3BF,EONET_14096,2025-06-23T10:29:00Z,Point,-118.34398,46.47261,1543.0,acres
GEO_4DFD3B9D7F,EONET_14062,2025-06-22T22:44:00Z,Point,-159.64,68.17,1868.15,acres
GEO_5D28539E29,EONET_14083,2025-06-22T21:25:00Z,Point,-151.537233,65.085039,530.0,acres
GEO_292B264920,EONET_14100,2025-06-22T13:41:00Z,Point,-154.87,69.54,1355.16,acres
GEO_965F847E91,EONET_14101,2025-06-22T13:09:00Z,Point,-155.25,69.47,617.82,acres
GEO_CD721F8838,EONET_14070,2025-06-22T00:19:00Z,Point,-148.602775,64.724717,6430.26,acres
GEO_E8B54CD909,EONET_14090,2025-06-21T20:03:00Z,Point,-156.590973,65.851001,14079.16,acres
GEO_B59425E86B,EONET_14071,2025-06-21T18:32:00Z,Point,-146.588333,65.7275,852.0,acres
GEO_12262577A7,EONET_14102,2025-06-21T17:29:00Z,Point,-145.008333,62.766833,936.0,acres
GEO_050940A93C,EONET_14061,2025-06-21T16:55:00Z,Point,-144.365467,63.797167,2855.71,acres
GEO_1636E36F62,EONET_14063,2025-06-21T16:47:00Z,Point,-158.14,66.38,1645.75,acres
GEO_0E76772CA9,EONET_14064,2025-06-21T13:27:00Z,Point,-163.886333,65.887333,854.18,acres
GEO_1C128D9026,EONET_14092,2025-06-21T00:45:00Z,Point,-141.210917,63.115533,5465.01,acres
GEO_7FB1219C03,EONET_14077,2025-06-20T23:04:00Z,Point,-141.44,63.378917,4584.4,acres
GEO_42B309366C,EONET_14093,2025-06-20T23:03:00Z,Point,-141.947883,63.4187,19938.63,acres
GEO_A5C782D331,EONET_14089,2025-06-20T22:46:00Z,Point,-156.739841,65.582658,10526.33,acres
GEO_576607294E,EONET_14088,2025-06-20T22:41:00Z,Point,-156.743,65.582333,1000.0,acres
GEO_B6393E99DA,EONET_14067,2025-06-20T21:51:00Z,Point,-144.510988,65.631179,13498.45,acres
GEO_86DADFF2BA,EONET_14103,2025-06-20T20:40:00Z,Point,-145.97365,62.60625,736.0,acres
GEO_72B5023E22,EONET_14073,2025-06-20T20:34:00Z,Point,-142.5525,64.2,2641.26,acres
GEO_D6735836C8,EONET_14069,2025-06-20T19:57:00Z,Point,-148.759167,64.73555,4265.16,acres
GEO_3AC931E0B0,EONET_14091,2025-06-20T19:49:00Z,Point,-141.54,66.83,694.0,acres
GEO_2E35DF70F9,EONET_14075,2025-06-20T19:41:00Z,Point,-148.154167,65.122783,3125.0,acres
GEO_ED596D6990,EONET_14065,2025-06-20T18:42:00Z,Point,-144.760333,65.636167,1100.0,acres
GEO_9FF3FDCCF8,EONET_14079,2025-06-20T18:37:00Z,Point,-144.343517,65.368167,2140.0,acres
GEO_BDAC0EDE7E,EONET_14084,2025-06-20T18:35:00Z,Point,-154.8635,63.9605,4748.0,acres
GEO_8C95EBBF26,EONET_14094,2025-06-20T18:28:00Z,Point,-155.283333,63.583333,7415.3,acres
GEO_23A8F44986,EONET_14074,2025-06-20T18:20:00Z,Point,-153.99,68.05,543.0,acres
GEO_266A30B654,EONET_14104,2025-06-20T17:56:00Z,Point,-107.829344,40.245916,585.0,acres
GEO_27149FA77B,EONET_14057,2025-06-20T17:53:00Z,Point,-151.61,65.1,2017.0,acres
GEO_F531BB13DA,EONET_14066,2025-06-20T17:21:00Z,Point,-144.221117,65.862217,2700.0,acres
GEO_ABC8413A2F,EONET_14080,2025-06-20T17:16:00Z,Point,-144.808,67.337383,3020.0,acres
GEO_2F7FF4BC61,EONET_14058,2025-06-20T14:33:00Z,Point,-156.7275,65.685833,563.35,acres
GEO_1AD6D146E8,EONET_14105,2025-06-20T12:40:00Z,Point,-143.9174,65.4264,2081.86,acres
GEO_41D45487CE,EONET_14097,2025-06-20T12:21:00Z,Point,-150.98055,67.471117,1534.0,acres
GEO_7BAA48330B,EONET_14078,2025-06-20T09:03:00Z,Point,-119.644167,38.8524,17714.0,acres
GEO_95D383668D,EONET_14106,2025-06-20T07:13:00Z,Point,-80.6448,25.3807,1200.0,acres
GEO_527F5E8CA7,EONET_14059,2025-06-20T03:06:00Z,Point,-147.891533,64.222833,11165.0,acres
GEO_4C5221AB05,EONET_13975,2025-06-20T01:55:00Z,Point,-144.298667,65.608833,1000.0,acres
GEO_EDB071C9D7,EONET_14068,2025-06-20T01:50:00Z,Point,-148.446383,64.713883,2165.1,acres
GEO_AC89A0EACD,EONET_13973,2025-06-20T01:45:00Z,Point,-144.234167,65.611833,1000.0,acres
GEO_53D2085A04,EONET_14254,2025-06-19T23:14:00Z,Point,-149.284717,64.041383,30988.0,acres
GEO_FCB298CFD8,EONET_13970,2025-06-19T20:59:00Z,Point,-113.515417,37.346567,1000.0,acres
GEO_87760B24A2,EONET_13974,2025-06-19T12:36:00Z,Point,-159.735833,68.203333,2034.0,acres
GEO_CDDC06CD87,EONET_13988,2025-06-19T07:08:00Z,Point,-81.110883,26.023867,1400.0,acres
GEO_EC3CC7F4C4,EONET_13997,2025-06-18T13:21:00Z,Point,-108.21086,33.59564,550.0,acres
GEO_7C408B6DF5,EONET_13992,2025-06-18T09:18:00Z,Point,-84.184444,30.144389,782.0,acres
GEO_7CE0DFDA99,EONET_13980,2025-06-17T17:57:00Z,Point,-105.80735,33.066183,780.0,acres
GEO_FDB37C49BD,EONET_13998,2025-06-17T17:48:00Z,Point,-120.059,45.3894,1700.0,acres
GEO_5FF7B9969D,EONET_13972,2025-06-17T17:44:00Z,Point,-116.841545,32.891216,1049.0,acres
GEO_160195A984,EONET_13991,2025-06-17T17:37:00Z,Point,-156.02,63.82,512.02,acres
GEO_EA4433ABF5,EONET_13993,2025-06-17T15:16:00Z,Point,-154.048383,66.868083,640.0,acres
GEO_F45A75549A,EONET_13983,2025-06-17T12:09:00Z,Point,-159.06,65.66,1378.37,acres
GEO_B8C4D6F094,EONET_13995,2025-06-17T07:11:00Z,Point,-81.110883,26.023867,3000.0,acres
GEO_1E577D4AF5,EONET_13969,2025-06-16T22:17:00Z,Point,-152.59,63.19,781.0,acres
GEO_D49E2BFB3F,EONET_13996,2025-06-16T20:41:00Z,Point,-153.848333,66.758333,4209.0,acres
GEO_805FA440D6,EONET_13990,2025-06-16T15:33:00Z,Point,-158.03627,66.565531,593.5,acres
GEO_B97F37DDFC,EONET_13989,2025-06-16T15:29:00Z,Point,-158.039,66.565333,1881.49,acres
GEO_5B52679B55,EONET_13979,2025-06-16T13:38:00Z,Point,-121.346667,44.444667,3279.0,acres
GEO_9C348A4F46,EONET_14005,2025-06-16T09:00:00Z,Point,-81.389122,27.710079,520.0,acres
GEO_4AC83F51E8,EONET_14003,2025-06-16T08:40:00Z,Point,-81.0949,26.0679,5000.0,acres
GEO_3014C59953,EONET_14009,2025-06-14T16:48:00Z,Point,-102.472476,47.981964,2200.0,acres
GEO_093D160927,EONET_14010,2025-06-14T16:21:00Z,Point,-102.472476,47.981964,2200.0,acres
GEO_F6BD9CB4EE,EONET_13976,2025-06-14T16:19:00Z,Point,-158.2245,61.725167,1779.14,acres
GEO_F9E0115774,EONET_14011,2025-06-14T14:54:00Z,Point,-102.472476,47.981964,1800.0,acres
GEO_11C779985B,EONET_14007,2025-06-14T07:21:00Z,Point,-81.0949,26.0679,3000.0,acres
GEO_A6B7ED7FFE,EONET_14008,2025-06-13T17:22:00Z,Point,-118.93,35.6383333,4407.0,acres
GEO_E65AAEBEA2,EONET_14001,2025-06-13T16:48:00Z,Point,-74.63979,39.74558,6000.0,acres
GEO_880D229650,EONET_13981,2025-06-13T16:39:00Z,Point,-110.9005556,37.0422222,1145.0,acres
GEO_23A6F827F0,EONET_13985,2025-06-13T16:18:00Z,Point,-110.528967,42.90025,1456.0,acres
GEO_6E57271AE2,EONET_13978,2025-06-13T15:55:00Z,Point,-120.723083,48.091433,910.0,acres
GEO_EE307C3D5F,EONET_14012,2025-06-13T02:35:00Z,Point,-118.82,46.0330556,2026.0,acres
GEO_0E007E5669,EONET_14000,2025-06-12T18:22:00Z,Point,-111.988449,34.37424,915.0,acres
GEO_A5498146B9,EONET_13982,2025-06-12T11:42:00Z,Point,-108.21086,33.59564,57753.0,acres
GEO_C803528015,EONET_13986,2025-06-12T10:51:00Z,Point,-108.232667,32.979417,43547.0,acres
GEO_543CCBE868,EONET_14006,2025-06-12T10:45:00Z,Point,-118.818667,46.029694,1900.0,acres
GEO_48CEC0F263,EONET_13999,2025-06-12T02:36:00Z,Point,-120.511167,45.442333,10458.0,acres
GEO_AB642A32A3,EONET_13971,2025-06-11T20:21:00Z,Point,-112.381833,37.548333,7650.0,acres
GEO_78986E898E,EONET_14004,2025-06-11T16:57:00Z,Point,-114.223668,38.409203,727.0,acres
GEO_79D8E866B9,EONET_13987,2025-06-11T16:45:00Z,Point,-121.2892,45.6793,3700.0,acres
GEO_769E6B27F1,EONET_14014,2025-06-11T16:11:00Z,Point,-81.9958333,27.6380556,1350.0,acres
GEO_F80561AB7A,EONET_13977,2025-06-11T16:09:00Z,Point,-114.197867,38.296972,1068.0,acres
GEO_C43B44C15E,EONET_13867,2025-06-03T17:46:00Z,Point,-117.204583,44.28555,800.0,acres
GEO_FCF7B4547E,EONET_13869,2025-06-03T11:47:00Z,Point,-89.3482,34.7437,1129.0,acres
GEO_9270843076,EONET_13868,2025-06-03T08:16:00Z,Point,-82.310433,30.654383,3370.0,acres
GEO_E4B76E2812,EONET_13866,2025-05-31T20:25:00Z,Point,-114.8405,47.514617,929.0,acres
GEO_374E9F4808,EONET_13872,2025-05-30T12:55:00Z,Point,-93.908417,31.619583,1276.0,acres
GEO_1E99464A9C,EONET_13781,2025-05-29T18:50:00Z,Point,-116.874085,43.894257,1289.0,acres
GEO_C0ACE39433,EONET_13792,2025-05-29T11:12:00Z,Point,-98.947678,31.651263,1168.0,acres
GEO_A3BCB6EBE0,EONET_13784,2025-05-27T14:20:00Z,Point,-81.720617,29.4605,849.0,acres
GEO_2EDB62FD5E,EONET_13785,2025-05-26T21:30:00Z,Point,-108.45813,34.15964,727.0,acres
GEO_A2F8B86D4B,EONET_13794,2025-05-26T16:53:00Z,Point,-82.0055556,27.7786111,930.0,acres
GEO_7736DCEA25,EONET_13788,2025-05-26T10:57:00Z,Point,-81.18388,27.63524,1272.0,acres
GEO_31BE5E5F8E,EONET_13789,2025-05-25T18:44:00Z,Point,-120.47939,45.06103,1776.0,acres
GEO_B296FA9D8C,EONET_13786,2025-05-25T18:21:00Z,Point,-105.54944,33.48351,877.0,acres
GEO_F8082A67C9,EONET_13791,2025-05-25T12:35:00Z,Point,-142.19,65.33,1008.93,acres
GEO_0C83D936D1,EONET_13790,2025-05-24T20:55:00Z,Point,-81.012333,25.6965,3517.0,acres
GEO_EE8D8CD4F5,EONET_13795,2025-05-24T19:15:00Z,Point,-102.471636,47.971759,2400.0,acres
GEO_BC76F4806E,EONET_13796,2025-05-24T09:34:00Z,Point,-102.920559,48.052528,2400.0,acres
GEO_014FF13610,EONET_13797,2025-05-23T21:41:00Z,Point,-102.471636,47.971759,2400.0,acres
GEO_30DEDCF562,EONET_13798,2025-05-23T15:25:00Z,Point,-94.9214,31.3104,500.0,acres
GEO_CE61427A79,EONET_13799,2025-05-23T14:29:00Z,Point,-83.701933,33.1714,622.0,acres
GEO_9FAAC69281,EONET_13782,2025-05-22T19:07:00Z,Point,-119.154717,38.004533,540.0,acres
GEO_D6066A1739,EONET_13783,2025-05-21T19:06:00Z,Point,-110.738667,32.5855,1223.0,acres
GEO_2CACDD3CB5,EONET_13793,2025-05-21T17:51:00Z,Point,-114.709267,33.4004,713.0,acres
GEO_F7A30279A0,EONET_13800,2025-05-21T10:29:00Z,Point,-94.093833,31.598917,815.0,acres
GEO_AA45103C03,EONET_13656,2025-05-19T17:26:00Z,Point,-101.775204,46.60307,500.0,acres
GEO_DA5CFBBC04,EONET_13657,2025-05-19T15:41:00Z,Point,-91.244,31.272,969.0,acres
GEO_3F01F83733,EONET_13658,2025-05-19T13:07:00Z,Point,-100.9985,33.14225025,3500.0,acres
GEO_56D660F978,EONET_13654,2025-05-19T11:58:00Z,Point,-88.957583,30.5882,980.0,acres
GEO_AFB232E6F3,EONET_13659,2025-05-19T11:14:00Z,Point,-94.13913,31.19551,540.0,acres
GEO_7BBAE7CEEC,EONET_13653,2025-05-18T18:49:00Z,Point,-118.710667,35.480433,1000.0,acres
GEO_6093FD84C0,EONET_13663,2025-05-17T08:00:00Z,Point,-81.3247,27.6377,986.0,acres
GEO_92324375C5,EONET_13661,2025-05-16T13:53:00Z,Point,-88.85055,30.678683,569.48,acres
GEO_FA55AC26C9,EONET_13664,2025-05-16T09:36:00Z,Point,-91.067,31.388,832.0,acres
GEO_EB46DD34F7,EONET_13652,2025-05-15T19:12:00Z,Point,-119.100164,39.088992,512.0,acres
GEO_8F580CF01C,EONET_13666,2025-05-15T08:14:00Z,Point,-81.297082,27.634061,612.0,acres
GEO_2CE1567F51,EONET_13660,2025-05-14T17:51:00Z,Point,-81.290583,27.640992,612.0,acres
GEO_9643D644B0,EONET_13665,2025-05-14T17:34:00Z,Point,-120.018779,37.08052,636.0,acres
GEO_0186F92DF7,EONET_13655,2025-05-13T14:30:00Z,Point,-109.4535,34.022333,20324.0,acres
GEO_FE0A82D2A2,EONET_13511,2025-05-07T09:30:00Z,Point,-92.5959831,45.8489653,1010.0,acres
GEO_AE2E880400,EONET_13513,2025-05-07T09:27:00Z,Point,-97.1009,34.5366,505.0,acres
GEO_505EFA7EDA,EONET_13514,2025-05-07T09:19:00Z,Point,-97.0822,34.9452,928.0,acres
GEO_A7E8D18EC5,EONET_13515,2025-05-07T09:17:00Z,Point,-96.8809,34.3904,709.0,acres
GEO_635208D81F,EONET_13510,2025-05-06T14:15:00Z,Point,-81.269333,27.691167,5755.0,acres
GEO_82D8DD6E6E,EONET_13521,2025-05-05T13:13:00Z,Point,-98.475833,38.135833,780.0,acres
GEO_6CB960871E,EONET_13522,2025-05-05T12:18:00Z,Point,-94.995,30.79333333,757.7,acres
GEO_C44DC8E48D,EONET_13518,2025-05-05T11:39:00Z,Point,-89.3419,34.3912,500.0,acres
GEO_B0A5B6D0D0,EONET_13517,2025-05-05T10:19:00Z,Point,-95.7197,45.5388,800.0,acres
GEO_6812D4CA73,EONET_13512,2025-05-05T10:01:00Z,Point,-102.411944,47.820556,2000.0,acres
GEO_BFC3DD4DAA,EONET_13519,2025-05-05T09:34:00Z,Point,-92.6565,31.21625,1253.0,acres
GEO_BB5E77CFF4,EONET_13520,2025-05-05T09:01:00Z,Point,-93.100833,31.393056,1268.0,acres
GEO_87E0222082,EONET_13505,2025-05-04T14:31:00Z,Point,-108.554967,33.35625,637.0,acres
GEO_7079DF6496,EONET_13523,2025-05-03T09:05:00Z,Point,-86.119533,43.906217,800.0,acres
GEO_7C9A1372E6,EONET_13509,2025-05-02T20:43:00Z,Point,-78.0778333,34.0228333,1331.0,acres
GEO_0857AFD155,EONET_13404,2025-05-02T12:12:00Z,Point,-94.99361111,30.79611111,526.0,acres
GEO_09FE9000DB,EONET_13524,2025-05-02T09:51:00Z,Point,-112.2465,41.634483,1200.0,acres
GEO_2D7CD6B107,EONET_13507,2025-05-01T17:21:00Z,Point,-113.252778,45.828153,1500.0,acres
GEO_9271A1DC4D,EONET_13516,2025-05-01T14:43:00Z,Point,-100.165333,44.082867,1013.0,acres
GEO_DC6C0F2972,EONET_13416,2025-04-30T09:48:00Z,Point,-91.065,31.389,832.0,acres
GEO_BFB4AC57F5,EONET_13420,2025-04-30T09:35:00Z,Point,-88.9543,31.5353,869.0,acres
GEO_A1A23189E1,EONET_13418,2025-04-29T11:15:00Z,Point,-88.900278,30.948889,2724.0,acres
GEO_47DE14420C,EONET_13424,2025-04-29T10:13:00Z,Point,-91.157,31.296,734.0,acres
GEO_1D9CF81CE9,EONET_13422,2025-04-29T09:47:00Z,Point,-92.446146,31.675884,2522.0,acres
GEO_B05639FD7E,EONET_13426,2025-04-29T09:17:00Z,Point,-93.058133,31.49885,2111.0,acres
GEO_8AE3B20273,EONET_13425,2025-04-29T09:16:00Z,Point,-92.5549,31.0907,574.0,acres
GEO_C2DB21B745,EONET_13414,2025-04-29T09:11:00Z,Point,-94.32345,31.140417,991.0,acres
GEO_B1296152C0,EONET_13410,2025-04-29T07:36:00Z,Point,-81.152033,36.777967,1098.0,acres
GEO_49AAAB4BEC,EONET_13430,2025-04-28T17:41:00Z,Point,-88.3992015,43.0403647,638.0,acres
GEO_3CCD8801BF,EONET_13508,2025-04-28T17:07:00Z,Point,-105.00087,38.977571,770.0,acres
GEO_F7E75DCDFC,EONET_13408,2025-04-28T16:42:00Z,Point,-109.94154,31.93699,2138.0,acres
GEO_F99D163B15,EONET_13403,2025-04-28T10:56:00Z,Point,-88.909333,31.02825,1000.0,acres
GEO_1A8787CE70,EONET_13429,2025-04-28T09:44:00Z,Point,-92.641683,31.171517,1796.0,acres
GEO_7DF8026466,EONET_13432,2025-04-28T09:16:00Z,Point,-93.0327,31.477867,2146.0,acres
GEO_9A0E985A24,EONET_13370,2025-04-27T19:00:00Z,Point,127.84730549567904,-17.14074812671574,,
GEO_2F9BD2EF88,EONET_13409,2025-04-27T13:46:00Z,Point,-77.114133,34.862633,950.0,acres
GEO_E823AA1C05,EONET_13434,2025-04-26T14:23:00Z,Point,-86.95,46.045333,566.0,acres
GEO_AC8CF86262,EONET_13439,2025-04-26T08:34:00Z,Point,-96.973,44.8851,549.0,acres
GEO_E094D8E5DA,EONET_13506,2025-04-25T18:16:00Z,Point,-116.559094,42.605363,7500.0,acres
GEO_87872B6F33,EONET_13428,2025-04-25T14:15:00Z,Point,-80.4502778,26.0847222,500.0,acres
GEO_742B2FE4FB,EONET_13436,2025-04-24T20:48:00Z,Point,-82.2608333,27.2613889,706.0,acres
GEO_177591C5C1,EONET_13419,2025-04-24T16:57:00Z,Point,-77.403951,39.988532,2248.0,acres
GEO_89E90D0414,EONET_13441,2025-04-24T07:40:00Z,Point,-79.87395,37.843583,1300.0,acres
GEO_6A798EEBAF,EONET_13364,2025-04-23T08:28:00Z,Point,-74.299352,39.795177,15300.0,acres
GEO_90B9E55AC0,EONET_13407,2025-04-22T23:20:00Z,Point,-81.1119444,26.9552778,1050.0,acres
GEO_BD6DDF037B,EONET_13354,2025-04-22T19:00:00Z,Point,115.29502301512093,52.736950773997876,,
GEO_A36BC06465,EONET_13358,2025-04-22T19:00:00Z,Point,115.89241812894073,52.82836269206902,,
GEO_7B1424E722,EONET_13359,2025-04-22T19:00:00Z,Point,114.45755916743784,52.577230572264625,,
GEO_A1F36A8408,EONET_13360,2025-04-22T19:00:00Z,Point,115.90383242124985,52.82842547256827,,
GEO_AF9DFAD34D,EONET_13365,2025-04-22T19:00:00Z,Point,116.28876433875847,53.30396108851382,,
GEO_FF1B2D78B4,EONET_13435,2025-04-22T13:37:00Z,Point,-111.3249,38.990911,1800.0,acres
GEO_C6169E9367,EONET_13445,2025-04-22T12:12:00Z,Point,-96.4467,45.2683,655.0,acres
GEO_5CA80CAA05,EONET_13417,2025-04-21T19:35:00Z,Point,-100.149164,42.599661,7075.0,acres
GEO_8529771A98,EONET_13351,2025-04-21T19:00:00Z,Point,-105.3806890651289,20.196407048537605,,
GEO_FF8AE6DC27,EONET_13437,2025-04-21T07:14:00Z,Point,-80.266617,26.535617,24100.0,acres
GEO_00F29124EA,EONET_13361,2025-04-20T19:00:00Z,Point,117.19675232910652,52.85817489424867,,
GEO_8D217E0D3D,EONET_13346,2025-04-19T19:00:00Z,Point,115.4401231497338,52.69555137968115,,
GEO_4A9E2E2691,EONET_13355,2025-04-19T19:00:00Z,Point,115.29493508953968,53.07150997242144,,
GEO_D640DF4E71,EONET_13371,2025-04-19T19:00:00Z,Point,130.3984592929139,-18.45615135360597,,
GEO_626A20A346,EONET_13440,2025-04-19T18:59:00Z,Point,-77.9211111,34.4394444,661.0,acres
GEO_9B89C29230,EONET_13433,2025-04-19T11:46:00Z,Point,-74.94135,39.39074,1327.0,acres
GEO_812CE23D7C,EONET_13362,2025-04-18T19:00:00Z,Point,-83.91599013339257,22.378108034994153,,
GEO_49976941CF,EONET_13363,2025-04-18T19:00:00Z,Point,114.62070789753163,52.753803968987945,,
GEO_43BDDC3F65,EONET_13232,2025-04-18T10:10:00Z,Point,-87.342075,34.097144,895.0,acres
GEO_1A9D635A49,EONET_13233,2025-04-18T09:42:00Z,Point,-92.5678007,45.8658224,532.3,acres
GEO_137B077285,EONET_13347,2025-04-17T19:00:00Z,Point,101.5951508074957,20.701027346261032,,
GEO_538DE63A66,EONET_13352,2025-04-17T19:00:00Z,Point,114.64681726406175,52.994791535758885,,
GEO_C8C43FE793,EONET_13356,2025-04-17T19:00:00Z,Point,114.84288190763505,53.021292469949714,,
GEO_0F85E7F85D,EONET_13366,2025-04-17T19:00:00Z,Point,116.14315386682233,53.20736499396486,,
GEO_2F2D30A81E,EONET_13413,2025-04-17T12:27:00Z,Point,-95.220302,31.32807,2700.0,acres
GEO_60FEA26D04,EONET_13244,2025-04-17T10:28:00Z,Point,-89.0873,33.2345,1445.0,acres
GEO_7F18567892,EONET_13238,2025-04-17T10:24:00Z,Point,-93.785833,34.47,1188.0,acres
GEO_7A9BBB0F25,EONET_13230,2025-04-17T10:03:00Z,Point,-93.92416,45.924063,2300.0,acres
GEO_108ADF99C5,EONET_13245,2025-04-17T08:53:00Z,Point,-89.433,32.3469,1840.0,acres
GEO_18535F2EB4,EONET_13239,2025-04-17T08:46:00Z,Point,-94.216111,34.406667,1327.0,acres
GEO_EF6C6F90E5,EONET_13251,2025-04-17T08:33:00Z,Point,-80.266617,26.535617,10000.0,acres
GEO_E79CFAB319,EONET_13246,2025-04-17T08:11:00Z,Point,-86.394333,44.1032,2212.0,acres
GEO_38BFEFD114,EONET_13234,2025-04-16T23:28:00Z,Point,-95.6883333,34.4569444,542.0,acres
GEO_BD29F427E8,EONET_13250,2025-04-16T12:16:00Z,Point,-84.21381,44.539173,520.0,acres
GEO_78E92ADA50,EONET_13259,2025-04-16T11:23:00Z,Point,-89.7962,34.0568,1029.0,acres
GEO_9932DFB776,EONET_13260,2025-04-16T10:11:00Z,Point,-93.348056,34.483056,1280.0,acres
GEO_CE2F0EC8A6,EONET_13256,2025-04-16T10:08:00Z,Point,-93.399167,34.556389,1200.0,acres
GEO_0735BE9E73,EONET_13254,2025-04-16T09:40:00Z,Point,-93.555413,35.241698,1022.0,acres
GEO_D556D2F35A,EONET_13252,2025-04-16T09:18:00Z,Point,-93.291667,32.694722,1296.0,acres
GEO_458FC5E29F,EONET_13253,2025-04-16T09:12:00Z,Point,-93.271667,32.739722,1148.0,acres
GEO_DFEBB35E3A,EONET_13257,2025-04-16T08:43:00Z,Point,-93.0302,35.791717,670.0,acres
GEO_4BC901D8AF,EONET_13258,2025-04-16T08:36:00Z,Point,-94.110595,34.804925,3133.0,acres
GEO_907CCF688B,EONET_13444,2025-04-16T08:27:00Z,Point,-86.19299,33.18283,599.0,acres
GEO_7B41FA29B9,EONET_13265,2025-04-16T08:26:00Z,Point,-87.218833,34.148167,1143.0,acres
GEO_D30F2AD703,EONET_13255,2025-04-16T08:20:00Z,Point,-85.73175,43.830833,1845.0,acres
GEO_9C7B98E9D7,EONET_13266,2025-04-16T08:18:00Z,Point,-95.663252,30.656471,554.9,acres
GEO_9BC7E7434F,EONET_13261,2025-04-16T07:58:00Z,Point,-93.483778,34.864556,1496.0,acres
GEO_2F135E2E2D,EONET_13224,2025-04-15T19:00:00Z,Point,131.051899825058,-15.835208395563434,,
GEO_618A171F64,EONET_13225,2025-04-15T19:00:00Z,Point,147.2513719027058,-26.15769464967942,,
GEO_A6BDD2B2AA,EONET_13229,2025-04-15T18:51:00Z,Point,-94.7805556,35.9522222,786.0,acres
GEO_CD7D6B9573,EONET_13241,2025-04-15T17:07:00Z,Point,-82.1080556,35.7994444,504.0,acres
GEO_49A812F14E,EONET_13274,2025-04-15T13:08:00Z,Point,-94.070798,34.824078,906.0,acres
GEO_EFE9BFA399,EONET_13271,2025-04-15T09:47:00Z,Point,-92.496831,31.652552,969.0,acres
GEO_4F52FA7A54,EONET_13423,2025-04-15T09:46:00Z,Point,-95.78,30.526667,2193.0,acres
GEO_838921E523,EONET_13242,2025-04-15T09:36:00Z,Point,-93.7184,45.484958,1646.0,acres
GEO_7E1054DD27,EONET_13264,2025-04-15T09:36:00Z,Point,-87.809094,42.469322,700.0,acres
GEO_6D0EB9EA9C,EONET_13267,2025-04-15T09:21:00Z,Point,-92.853611,32.0775,1380.0,acres
GEO_2AAFB35AE7,EONET_13270,2025-04-15T09:21:00Z,Point,-94.297051,31.357727,1268.0,acres
GEO_8B31C73DC1,EONET_13273,2025-04-15T09:03:00Z,Point,-92.614417,31.2002,1830.0,acres
GEO_015EF1647B,EONET_13235,2025-04-15T08:16:00Z,Point,-84.405556,30.2825,1291.0,acres
GEO_A37A699C5E,EONET_13236,2025-04-14T21:14:00Z,Point,-95.768467,30.52675,700.0,acres
GEO_897B0D5ED8,EONET_13335,2025-04-14T19:00:00Z,Point,114.8419905531358,52.41412557892783,,
GEO_187BB76F7F,EONET_13353,2025-04-14T19:00:00Z,Point,115.60038452517517,53.61652896840107,,
GEO_3F13269C63,EONET_13357,2025-04-14T19:00:00Z,Point,114.54748846946387,52.66299807731874,,
GEO_E821D59820,EONET_13269,2025-04-14T17:51:00Z,Point,-89.26545,37.607083,700.0,acres
GEO_53875C64C8,EONET_13284,2025-04-14T17:15:00Z,Point,-96.587222,38.421667,1800.0,acres
GEO_1A0823DC35,EONET_13231,2025-04-14T16:22:00Z,Point,-99.246068,40.488774,1314.0,acres
GEO_C482D52EC4,EONET_13249,2025-04-14T14:43:00Z,Point,-94.884444,36.286667,1200.0,acres
GEO_565A9EA39B,EONET_13443,2025-04-14T12:08:00Z,Point,-111.314507,47.681194,1447.0,acres
GEO_D8B8E86597,EONET_13288,2025-04-14T11:52:00Z,Point,-89.8031,33.9393,1236.0,acres
GEO_0F7F199BF9,EONET_13247,2025-04-14T11:34:00Z,Point,-100.359867,41.793133,1300.0,acres
GEO_20D6C4DF7E,EONET_13285,2025-04-14T11:03:00Z,Point,-92.932778,32.106667,2541.0,acres
GEO_F007F320F5,EONET_13278,2025-04-14T10:07:00Z,Point,-88.941389,31.519722,1225.0,acres
GEO_858343DF67,EONET_13287,2025-04-14T09:38:00Z,Point,-95.4,30.666667,2678.0,acres
GEO_8C211576D1,EONET_13279,2025-04-14T09:31:00Z,Point,-88.5287624,43.0023488,517.9,acres
GEO_83FF6E0DA2,EONET_13281,2025-04-14T08:44:00Z,Point,-93.9493,35.6928,2259.0,acres
GEO_1EE3DB7B4C,EONET_13282,2025-04-14T08:42:00Z,Point,-94.705967,34.254,1900.0,acres
GEO_7AF814A466,EONET_13268,2025-04-14T08:26:00Z,Point,-93.815278,34.483611,4396.0,acres
GEO_7521592B23,EONET_13280,2025-04-14T08:12:00Z,Point,-93.435167,34.897222,4216.0,acres
GEO_3C54D25888,EONET_13276,2025-04-13T20:17:00Z,Point,-95.935554,38.30984,840.0,acres
GEO_B091C6D32B,EONET_13275,2025-04-13T16:56:00Z,Point,-102.2683333,46.0130556,8730.0,acres
GEO_B5EA7E047D,EONET_13283,2025-04-13T15:27:00Z,Point,-92.6214841,45.8719037,1268.0,acres
GEO_D7ABA8C27E,EONET_13286,2025-04-13T13:37:00Z,Point,-86.170833,33.177222,919.0,acres
GEO_7DBCE9020E,EONET_13237,2025-04-12T20:37:00Z,Point,-83.940333,35.376467,800.0,acres
GEO_B92075DE28,EONET_13240,2025-04-12T19:23:00Z,Point,-84.9662,30.296333,1000.0,acres
GEO_4F6F0CBD8C,EONET_13212,2025-04-12T19:00:00Z,Point,114.08487536948236,52.85876699802186,,
GEO_A64B98CBDC,EONET_13220,2025-04-12T19:00:00Z,Point,112.85675631492883,54.09133382574459,,
GEO_93E83B95D1,EONET_13227,2025-04-12T19:00:00Z,Point,140.38448354962398,-21.127638641666138,,
GEO_295394EDC1,EONET_13333,2025-04-12T19:00:00Z,Point,116.44584197002939,53.55760581332528,,
GEO_2820D7B6E6,EONET_13336,2025-04-12T19:00:00Z,Point,114.36429378830864,52.32867033977128,,
GEO_16F0E1B1AD,EONET_13293,2025-04-12T16:03:00Z,Point,-97.427717,48.063989,1800.0,acres
GEO_CADB3AB15D,EONET_13295,2025-04-12T15:17:00Z,Point,-86.2852,39.0001,1793.0,acres
GEO_43FA218F90,EONET_13298,2025-04-12T12:55:00Z,Point,-90.88,31.396,518.0,acres
GEO_881C392B8D,EONET_13297,2025-04-12T09:37:00Z,Point,-89.3648,34.3892,1156.0,acres
GEO_9A408470E0,EONET_13294,2025-04-12T09:26:00Z,Point,-95.651967,30.57545,1994.0,acres
GEO_BEDF52004A,EONET_13296,2025-04-12T09:04:00Z,Point,-88.9828,31.511,1149.0,acres
GEO_BDAA07A8BC,EONET_13208,2025-04-11T19:00:00Z,Point,19.809023388189026,14.983530731412626,,
GEO_4AF1C8FB79,EONET_13213,2025-04-11T19:00:00Z,Point,114.90851611457028,52.92164678793293,,
GEO_7547763AF7,EONET_13222,2025-04-11T19:00:00Z,Point,32.80721927861062,8.811654251129951,,
GEO_F2321EFD7A,EONET_13303,2025-04-11T18:37:00Z,Point,-95.285,30.83055556,502.0,acres
GEO_45E6B02158,EONET_13228,2025-04-11T17:43:00Z,Point,-100.4047222,45.09388889,611.0,acres
GEO_6F4ACE0FBC,EONET_13415,2025-04-11T13:58:00Z,Point,-118.112957,47.911486,538.0,acres
GEO_F53A796113,EONET_13299,2025-04-11T11:36:00Z,Point,-94.112458,34.818835,3017.0,acres
GEO_18F732CF92,EONET_13438,2025-04-11T11:11:00Z,Point,-111.748036,39.359275,1068.0,acres
GEO_993CAD4D68,EONET_13307,2025-04-11T10:07:00Z,Point,-90.872,31.382,820.0,acres
GEO_286D401682,EONET_13262,2025-04-11T10:02:00Z,Point,-87.362417,32.950182,1940.0,acres
GEO_FA908A88EB,EONET_13300,2025-04-11T09:56:00Z,Point,-93.354167,34.514444,1208.0,acres
GEO_70BA7B32E6,EONET_13301,2025-04-11T09:47:00Z,Point,-93.408333,34.518889,778.0,acres
GEO_CDFBA8CD37,EONET_13311,2025-04-11T09:42:00Z,Point,-95.271846,31.31223,2000.0,acres
GEO_76F4DDD332,EONET_13308,2025-04-11T09:09:00Z,Point,-93.153167,31.02545,2524.0,acres
GEO_613BA5879E,EONET_13292,2025-04-11T09:07:00Z,Point,-88.6118306,42.7127671,626.0,acres
GEO_36AD7A035D,EONET_13302,2025-04-11T09:02:00Z,Point,-92.800228,35.463975,975.0,acres
GEO_D31C2463C9,EONET_13304,2025-04-11T08:36:00Z,Point,-94.3625,35.7446,1459.0,acres
GEO_B80CD34BD0,EONET_13305,2025-04-11T08:35:00Z,Point,-93.68,34.823056,1383.0,acres
GEO_6E3B52BFEB,EONET_13309,2025-04-11T07:46:00Z,Point,-75.98023,38.308702,1700.0,acres
GEO_AB1C72F441,EONET_13310,2025-04-11T07:43:00Z,Point,-75.990457,38.379849,1673.0,acres
GEO_4D13049798,EONET_13314,2025-04-10T19:35:00Z,Point,-103.29019,47.877953,2250.0,acres
GEO_29FD88DB49,EONET_13209,2025-04-10T19:00:00Z,Point,122.94855245035775,-22.880015040317137,,
GEO_BE40ADC168,EONET_13214,2025-04-10T19:00:00Z,Point,114.87591523782723,52.7984983333058,,
GEO_267CB05E5A,EONET_13221,2025-04-10T19:00:00Z,Point,112.13206405044205,52.71342233651401,,
GEO_6B90484807,EONET_13223,2025-04-10T19:00:00Z,Point,117.81550913150488,53.149974318272875,,
GEO_9A48BEF0B2,EONET_13337,2025-04-10T19:00:00Z,Point,115.6872645343833,52.950340832469216,,
GEO_AB6E35392C,EONET_13338,2025-04-10T19:00:00Z,Point,115.64671708494694,53.099330249283696,,
GEO_A9FCD08400,EONET_13272,2025-04-10T12:35:00Z,Point,-92.6207464,45.8902911,532.6,acres
GEO_575F07F1B7,EONET_13325,2025-04-10T11:31:00Z,Point,-94.0267,35.608,1241.0,acres
GEO_0552DA2EE7,EONET_13321,2025-04-10T10:34:00Z,Point,-89.1026,33.2916,1600.0,acres
GEO_4F711355E3,EONET_13313,2025-04-10T09:50:00Z,Point,-92.563586,31.715663,2129.0,acres
GEO_BB1FB0C81B,EONET_13277,2025-04-10T09:41:00Z,Point,-87.489495,32.968973,1080.0,acres
GEO_B998C4491D,EONET_13315,2025-04-10T09:26:00Z,Point,-93.63,34.4725,2211.0,acres
GEO_7682B3119A,EONET_13312,2025-04-10T09:24:00Z,Point,-93.914,31.219667,1312.0,acres
GEO_EF4101A638,EONET_13320,2025-04-10T09:23:00Z,Point,-93.437222,34.485,1584.0,acres
GEO_F3308E41EB,EONET_13323,2025-04-10T09:16:00Z,Point,-91.024,31.309,504.0,acres
GEO_3F91ACBE2D,EONET_13319,2025-04-10T09:12:00Z,Point,-88.9256,31.5518,1690.0,acres
GEO_0EA6B8DF2E,EONET_13318,2025-04-10T09:08:00Z,Point,-93.527583,34.8665,2789.0,acres
GEO_5C39C1BC38,EONET_13324,2025-04-10T09:08:00Z,Point,-93.185517,31.019883,690.0,acres
GEO_18E41A7EB3,EONET_13316,2025-04-10T09:03:00Z,Point,-94.072071,34.793871,5084.0,acres
GEO_2E0BA355F3,EONET_13317,2025-04-10T09:00:00Z,Point,-94.245833,34.428333,867.0,acres
GEO_6F1E11A0FA,EONET_13306,2025-04-10T08:28:00Z,Point,-81.280632,27.645975,955.0,acres
GEO_832F690B9B,EONET_13342,2025-04-10T00:00:00Z,Point,-98.622,19.023,,
GEO_AEBF4D72A4,EONET_13243,2025-04-09T19:06:00Z,Point,-96.276928,47.694694,3744.0,acres
GEO_1989BF963D,EONET_13215,2025-04-09T19:00:00Z,Point,114.97196961601601,52.491306777350324,,
GEO_EA0F40E404,EONET_13216,2025-04-09T19:00:00Z,Point,114.95791774075086,52.72668761932433,,
GEO_46B0441AA6,EONET_13217,2025-04-09T19:00:00Z,Point,115.13753029199178,52.790086923128584,,
GEO_9A38317628,EONET_13334,2025-04-09T19:00:00Z,Point,115.84837614880095,52.99781396892192,,
GEO_8B70EB8001,EONET_13339,2025-04-09T19:00:00Z,Point,-106.2514045928239,24.149399752201216,,
GEO_8151E06CA4,EONET_13174,2025-04-09T12:20:00Z,Point,-95.821678,38.284253,960.0,acres
GEO_5DDE2937DF,EONET_13248,2025-04-09T12:09:00Z,Point,-111.438133,38.840033,2110.0,acres
GEO_E0D89369BB,EONET_13327,2025-04-09T10:45:00Z,Point,-94.072071,34.793871,1121.0,acres
GEO_CEEA97CEBF,EONET_13329,2025-04-09T10:37:00Z,Point,-89.1319,34.6799,1196.0,acres
GEO_5FB7AF37BF,EONET_13402,2025-04-09T10:32:00Z,Point,-93.5204,35.2178,1596.0,acres
GEO_1CEDCC7A5A,EONET_13176,2025-04-09T10:30:00Z,Point,-95.0,30.0,1290.0,acres
GEO_FD45242200,EONET_13331,2025-04-09T10:08:00Z,Point,-90.982,31.266,785.0,acres
GEO_093D50655E,EONET_13326,2025-04-09T09:50:00Z,Point,-93.694633,45.471467,554.0,acres
GEO_1A8A510C50,EONET_13322,2025-04-09T09:15:00Z,Point,-93.586667,34.6025,2838.0,acres
GEO_FE8802A7A4,EONET_13328,2025-04-09T09:13:00Z,Point,-93.566389,34.596389,832.0,acres
GEO_AD4A0CF628,EONET_13330,2025-04-09T08:44:00Z,Point,-89.5998,32.4388,1628.0,acres
GEO_BCDB31EBCA,EONET_13412,2025-04-09T07:49:00Z,Point,-79.197467,38.478033,1632.0,acres
GEO_679C72624C,EONET_13421,2025-04-08T19:17:00Z,Point,-146.3023,64.00716,15000.0,acres
GEO_104BA9045C,EONET_13204,2025-04-08T19:00:00Z,Point,150.7816781421846,-27.82695393499989,,
GEO_3C73142D62,EONET_13218,2025-04-08T19:00:00Z,Point,114.74266010781862,52.70194991037984,,
GEO_43ECB41A1A,EONET_13406,2025-04-08T18:54:00Z,Point,-145.6726,63.98684,1339.7,acres
GEO_25F7DC53DC,EONET_13431,2025-04-08T18:49:00Z,Point,-145.9018,63.86224,2075.0,acres
GEO_48116A3D29,EONET_13178,2025-04-08T18:04:00Z,Point,-86.87,31.325,640.0,acres
GEO_E60CEA9F8B,EONET_13173,2025-04-08T10:58:00Z,Point,-100.3325,44.0295,502.0,acres
GEO_C7D732BB19,EONET_13171,2025-04-07T19:00:00Z,Point,126.2624324416444,-18.313152950049247,,
GEO_17583B818F,EONET_13205,2025-04-07T19:00:00Z,Point,128.00600287941901,-17.876326107999237,,
GEO_8D572F6E86,EONET_13210,2025-04-07T19:00:00Z,Point,115.3353324532225,52.92842706034211,,
GEO_6F903BEB39,EONET_13177,2025-04-07T15:49:00Z,Point,-103.116078,37.279192,2270.0,acres
GEO_1940D6D312,EONET_13427,2025-04-07T15:44:00Z,Point,-80.223591,37.8524,640.0,acres
GEO_06D294F688,EONET_13180,2025-04-07T09:49:00Z,Point,-90.0714,40.00148,1400.0,acres
GEO_D686FB65A3,EONET_13168,2025-04-06T19:00:00Z,Point,150.57303310673927,-27.937221640087028,,
GEO_E2AAC2C329,EONET_13206,2025-04-06T19:00:00Z,Point,128.12559035975508,-19.82053675307677,,
GEO_E8FC6E914D,EONET_13226,2025-04-06T19:00:00Z,Point,-107.11614724507183,25.170351301225466,,
GEO_B83A8797F2,EONET_13411,2025-04-05T10:32:00Z,Point,-83.7743,33.1403,1265.0,acres
GEO_00330692D0,EONET_13167,2025-04-04T19:00:00Z,Point,63.21636929186875,52.368734257434795,,
GEO_3C1196AED2,EONET_13183,2025-04-04T15:54:00Z,Point,-96.5575,38.4325,1070.0,acres
GEO_CB5316BC19,EONET_13182,2025-04-04T15:15:00Z,Point,-98.475833,38.135833,1700.0,acres
GEO_B0B681CCB6,EONET_13169,2025-04-03T19:00:00Z,Point,111.74255591311103,52.463669983173354,,
GEO_7349FD5A10,EONET_13170,2025-04-03T19:00:00Z,Point,111.9953545111522,52.58287942238706,,
GEO_5A54D52570,EONET_13219,2025-04-03T19:00:00Z,Point,-98.37408521130905,23.297738540677937,,
GEO_DEE270866C,EONET_13186,2025-04-03T15:38:00Z,Point,-95.68449,33.811122,600.0,acres
GEO_45ADE7A7A4,EONET_13185,2025-04-03T11:17:00Z,Point,-89.6629,32.5425,1073.0,acres
GEO_D671049AD4,EONET_13187,2025-04-02T08:10:00Z,Point,-81.316853,27.66313,879.0,acres
GEO_BF797396AC,EONET_13192,2025-04-01T10:57:00Z,Point,-99.778967,43.069733,2000.0,acres
GEO_1CD4EF778F,EONET_13193,2025-04-01T10:55:00Z,Point,-103.361,48.0087,900.0,acres
GEO_D3FC21FB5E,EONET_13188,2025-04-01T09:51:00Z,Point,-93.375983,35.150441,1075.0,acres
GEO_C47D6D495A,EONET_13189,2025-04-01T09:15:00Z,Point,-93.558611,34.493056,2486.0,acres
GEO_63B117BEC6,EONET_13191,2025-04-01T09:15:00Z,Point,-93.586667,34.6025,2291.0,acres
GEO_AE3801958B,EONET_13172,2025-03-31T22:40:00Z,Point,-81.371102,29.106946,3377.0,acres
GEO_C325CF9462,EONET_13194,2025-03-31T21:40:00Z,Point,-103.2919,47.8777,2250.0,acres
GEO_4EAB329CA8,EONET_13195,2025-03-31T15:33:00Z,Point,-94.00119,31.70188,500.0,acres
GEO_80CEC285BF,EONET_13196,2025-03-31T14:33:00Z,Point,-82.09927,38.000989,606.42,acres
GEO_0F4AD8D8F9,EONET_13201,2025-03-31T11:51:00Z,Point,-96.485278,34.774167,621.0,acres
GEO_79155C90BA,EONET_13202,2025-03-31T10:31:00Z,Point,-88.3992015,43.0403647,638.0,acres
GEO_4562B12295,EONET_13179,2025-03-30T22:56:00Z,Point,-110.105389,33.124583,546.0,acres
GEO_280EEBC0DA,EONET_13203,2025-03-30T08:36:00Z,Point,-98.20825,36.828917,601.0,acres
GEO_2548F27499,EONET_13165,2025-03-29T19:00:00Z,Point,-103.2098295601545,21.605404754101592,,
GEO_3EC83A2F42,EONET_13190,2025-03-29T16:51:00Z,Point,-96.08502,36.54464,627.5,acres
GEO_43FB0F90F1,EONET_13181,2025-03-29T15:28:00Z,Point,-82.6981667,35.0958333,635.0,acres
GEO_6EB5CE1184,EONET_13162,2025-03-28T19:00:00Z,Point,92.76503877746704,21.894352137316375,,
GEO_31A6A20B01,EONET_13164,2025-03-28T19:00:00Z,Point,97.7073078944757,18.184866698944987,,
GEO_C3D61AAD66,EONET_13198,2025-03-28T18:41:00Z,Point,-100.52378,42.226316,8800.0,acres
GEO_18021FDC5C,EONET_13197,2025-03-28T17:28:00Z,Point,-89.3539239,42.5327252,587.2,acres
GEO_4B5ACCBBC2,EONET_13184,2025-03-28T15:58:00Z,Point,-100.683474,42.49905157,20000.0,acres
GEO_FC4F177D36,EONET_13128,2025-03-28T14:46:00Z,Point,-80.0936111,33.4361111,686.0,acres
GEO_09863AED2B,EONET_13129,2025-03-28T14:28:00Z,Point,-80.9422222,28.5455556,700.0,acres
GEO_FC49E14E4F,EONET_13130,2025-03-28T13:47:00Z,Point,-88.1409602,42.6456877,943.6,acres
GEO_EAFD14C7E8,EONET_13134,2025-03-28T09:35:00Z,Point,-101.318466,37.572977,1500.0,acres
GEO_8B2ECD6223,EONET_13136,2025-03-28T09:22:00Z,Point,-99.46019,30.69137,750.0,acres
GEO_962004FFE6,EONET_13137,2025-03-28T05:09:00Z,Point,-95.5783333,34.7827778,1152.0,acres
GEO_36BB506B45,EONET_13140,2025-03-27T19:16:00Z,Point,-97.148972,35.23225,604.5,acres
GEO_A3FF89AB53,EONET_13143,2025-03-27T10:42:00Z,Point,-82.8144444,35.4138889,500.0,acres
GEO_3A5F3275F6,EONET_13135,2025-03-27T10:04:00Z,Point,-88.6118306,42.7127671,626.0,acres
GEO_EFF8553CE6,EONET_13133,2025-03-27T08:45:00Z,Point,-95.834722,35.3875,1909.0,acres
GEO_460A74727A,EONET_13117,2025-03-26T19:00:00Z,Point,-63.03643894644657,9.083553661344526,,
GEO_B659F425B3,EONET_13156,2025-03-26T19:00:00Z,Point,-67.39166547118292,7.6926427739119845,,
GEO_87B39BE782,EONET_13150,2025-03-26T14:42:00Z,Point,-82.522483,30.840383,767.0,acres
GEO_E6919ABA71,EONET_13147,2025-03-26T10:54:00Z,Point,-96.103333,35.2375,512.0,acres
GEO_1007B599E1,EONET_13151,2025-03-26T10:22:00Z,Point,-97.44996,27.450144,789.0,acres
GEO_421B021918,EONET_13139,2025-03-26T09:09:00Z,Point,-83.4169444,35.3588889,970.0,acres
GEO_97A8375AFB,EONET_13146,2025-03-26T08:38:00Z,Point,-78.5515,34.2021667,536.0,acres
GEO_9A76FAF695,EONET_13127,2025-03-25T23:58:00Z,Point,-95.0038889,35.29,557.0,acres
GEO_3AF71AED8A,EONET_13154,2025-03-25T19:26:00Z,Point,-101.822111,46.813839,3960.0,acres
GEO_C95DDDEB4E,EONET_13131,2025-03-25T19:14:00Z,Point,-95.88,35.352222,1673.0,acres
GEO_758CDBBE0B,EONET_13159,2025-03-25T19:00:00Z,Point,-69.98978150030135,6.472207061526475,,
GEO_71E88E778C,EONET_13166,2025-03-25T19:00:00Z,Point,97.91715298776595,19.184945665656038,,
GEO_28C43398AF,EONET_13149,2025-03-25T18:53:00Z,Point,-105.04257,48.10692,753.0,acres
GEO_65A3D8FD02,EONET_13142,2025-03-25T12:23:00Z,Point,-82.167159,39.450881,697.0,acres
GEO_94F6F61E2D,EONET_13155,2025-03-25T11:46:00Z,Point,-94.668333,35.533333,1600.0,acres
GEO_8830831CFD,EONET_13132,2025-03-25T11:34:00Z,Point,-96.491111,35.557222,1558.0,acres
GEO_1BF7EC0128,EONET_13153,2025-03-25T10:40:00Z,Point,-88.018483,41.38635,524.0,acres
GEO_10D8953711,EONET_13148,2025-03-25T09:20:00Z,Point,-94.5980556,35.5808333,1657.0,acres
GEO_521DB41984,EONET_13152,2025-03-25T09:11:00Z,Point,-92.024248,37.434739,1621.0,acres
GEO_0DB2748A7F,EONET_13145,2025-03-24T21:58:00Z,Point,-95.0405556,35.3772222,519.0,acres
GEO_BEAD0F6532,EONET_13114,2025-03-24T19:00:00Z,Point,23.70249835312588,6.034291724755281,,
GEO_E93272298A,EONET_13118,2025-03-24T19:00:00Z,Point,101.4376784672243,18.667007018674028,,
GEO_2BAFCF8F4B,EONET_13119,2025-03-24T19:00:00Z,Point,-62.561684694837886,8.602967944408825,,
GEO_2998ED2C96,EONET_13163,2025-03-24T19:00:00Z,Point,91.87846739769266,23.72915241526437,,
GEO_17A9EBBE74,EONET_13138,2025-03-24T15:40:00Z,Point,-82.645834,35.064545,10671.0,acres
GEO_83BBD54D84,EONET_13141,2025-03-24T13:34:00Z,Point,-111.766617,46.75,1100.0,acres
GEO_591B8D8F57,EONET_13068,2025-03-24T10:10:00Z,Point,-95.8975,31.91333333,662.0,acres
GEO_B52A7337A8,EONET_13070,2025-03-24T09:06:00Z,Point,-96.4597,34.7797,850.0,acres
GEO_4D3C39C4C7,EONET_13066,2025-03-24T09:04:00Z,Point,-92.795167,36.722833,1845.0,acres
GEO_6432409392,EONET_13071,2025-03-24T09:01:00Z,Point,-96.653593,34.498357,3562.0,acres
GEO_3CA02AF653,EONET_13069,2025-03-24T08:47:00Z,Point,-74.814702,39.762809,1750.0,acres
GEO_A502D2924E,EONET_13057,2025-03-23T19:19:00Z,Point,-106.411167,43.814028,565.2,acres
GEO_674DD5783D,EONET_13112,2025-03-23T19:00:00Z,Point,92.68472384031173,21.452035528128153,,
GEO_9729AAD2AD,EONET_13120,2025-03-23T19:00:00Z,Point,101.44558015055293,18.67866530294045,,
GEO_46E276E978,EONET_13079,2025-03-23T09:52:00Z,Point,-96.622222,34.198056,551.0,acres
GEO_2E85C13995,EONET_13073,2025-03-23T01:38:00Z,Point,-95.6158333,34.5419444,1711.0,acres
GEO_8CDA2489E0,EONET_13121,2025-03-22T19:00:00Z,Point,102.54882963797722,19.461470788368985,,
GEO_394C1B4022,EONET_13122,2025-03-22T19:00:00Z,Point,102.79765066067785,19.488966951697932,,
GEO_C98E26F5D4,EONET_13123,2025-03-22T19:00:00Z,Point,14.376242723699596,11.775278612628606,,
GEO_45CFA2E198,EONET_13160,2025-03-22T19:00:00Z,Point,-106.28871134948328,24.301525028514796,,
GEO_D70D090F38,EONET_13065,2025-03-22T18:20:00Z,Point,-89.109451,34.677404,1136.0,acres
GEO_27D23B718D,EONET_13064,2025-03-22T14:04:00Z,Point,-84.03447,36.69066,1005.0,acres
GEO_671C21CFB3,EONET_13078,2025-03-22T12:27:00Z,Point,-96.293344,36.359739,2030.0,acres
GEO_91BF4F48EB,EONET_13059,2025-03-22T11:42:00Z,Point,-82.71055,35.036733,1300.0,acres
GEO_FB54CF4183,EONET_13080,2025-03-22T10:52:00Z,Point,-89.074098,37.696926,1292.0,acres
GEO_F7253860CA,EONET_13060,2025-03-22T10:39:00Z,Point,-94.856667,36.295278,588.5,acres
GEO_3116FBF325,EONET_13085,2025-03-22T10:09:00Z,Point,-94.9651,31.3208,1000.0,acres
GEO_16AE02A2E8,EONET_13086,2025-03-22T10:09:00Z,Point,-94.9214,31.3104,1000.0,acres
GEO_532D83C029,EONET_13050,2025-03-21T19:00:00Z,Point,-72.21520645292038,-38.41490336043092,,
GEO_6F5A43631D,EONET_13051,2025-03-21T19:00:00Z,Point,-72.61242317507185,-38.31283399220279,,
GEO_370F1F8D06,EONET_13108,2025-03-21T19:00:00Z,Point,128.51581898898687,36.41224104811645,,
GEO_472017B12D,EONET_13109,2025-03-21T19:00:00Z,Point,128.75191521559861,36.38554453975656,,
GEO_F95F3A2F09,EONET_13110,2025-03-21T19:00:00Z,Point,127.84673735799682,35.23280662853817,,
GEO_CD5912294B,EONET_13113,2025-03-21T19:00:00Z,Point,92.61231032581605,22.115586717309117,,
GEO_E9853D7F44,EONET_13115,2025-03-21T19:00:00Z,Point,24.10706378396439,7.091113536538049,,
GEO_33BD459CF0,EONET_13124,2025-03-21T19:00:00Z,Point,97.12991919011898,20.246505139283567,,
GEO_C4DAEA5C34,EONET_13157,2025-03-21T19:00:00Z,Point,97.42091148546493,18.426918684578474,,
GEO_AD50534B63,EONET_13161,2025-03-21T19:00:00Z,Point,97.29274591499903,18.47685293245474,,
GEO_E36F20C810,EONET_13091,2025-03-21T11:09:00Z,Point,-89.5861111,30.7913889,861.0,acres
GEO_843B490726,EONET_13088,2025-03-21T08:33:00Z,Point,-84.440611,30.040111,830.0,acres
GEO_4AB3B49F37,EONET_13087,2025-03-21T07:59:00Z,Point,-96.397764,36.929438,1100.0,acres
GEO_C0F9615478,EONET_13052,2025-03-20T19:00:00Z,Point,-72.3812024170825,-38.90761176297662,,
GEO_A6036F947A,EONET_13053,2025-03-20T19:00:00Z,Point,127.8049379624935,35.260560217576185,,
GEO_AA572EE2AD,EONET_13125,2025-03-20T19:00:00Z,Point,103.2464553754866,19.816972799399164,,
GEO_7F4F77F183,EONET_13158,2025-03-20T19:00:00Z,Point,101.44038480417098,20.002757852703642,,
GEO_563093CB31,EONET_13096,2025-03-20T18:33:00Z,Point,-95.626229,33.29738,500.0,acres
GEO_ED27AB48B1,EONET_13072,2025-03-20T09:42:00Z,Point,-83.0191667,36.1016667,2875.0,acres
GEO_791FDFD7FD,EONET_13074,2025-03-20T08:39:00Z,Point,-82.2594444,35.2930556,2545.0,acres
GEO_C791DBA343,EONET_13099,2025-03-20T06:58:00Z,Point,-92.751568,35.97169,500.0,acres
GEO_DB5FD1A1D6,EONET_13100,2025-03-19T20:06:00Z,Point,-95.00764,31.39577,500.0,acres
GEO_DFFECD7D84,EONET_13044,2025-03-19T19:00:00Z,Point,-81.02995662693084,26.85698047009338,,
GEO_7247CAF275,EONET_13075,2025-03-19T18:02:00Z,Point,-82.2975,35.2855556,2076.0,acres
GEO_65D6AD210A,EONET_13058,2025-03-19T17:31:00Z,Point,-111.30208,47.66425,1717.0,acres
GEO_2A7E98CB54,EONET_13067,2025-03-19T17:23:00Z,Point,-95.2501169,30.41722781,2421.0,acres
GEO_BAE469D9C9,EONET_13063,2025-03-19T14:53:00Z,Point,-94.42850735,32.7013991,524.0,acres
GEO_F1F1D520EE,EONET_13101,2025-03-19T14:01:00Z,Point,-92.6283333,34.8113889,1910.0,acres
GEO_8498F5AE3B,EONET_13102,2025-03-19T10:22:00Z,Point,-83.707,33.1027,1025.0,acres
GEO_978083EAAE,EONET_13103,2025-03-19T10:22:00Z,Point,-95.849444,35.411667,1458.0,acres
GEO_8F89FB170A,EONET_13076,2025-03-19T10:12:00Z,Point,-88.4741667,31.2341667,2281.0,acres
GEO_FAB668BE60,EONET_13089,2025-03-19T07:04:00Z,Point,-84.504833,30.21145,3791.0,acres
GEO_C8962EFA5C,EONET_13090,2025-03-18T21:05:00Z,Point,-95.235,35.006,623.5,acres
GEO_85BAB5E836,EONET_13104,2025-03-18T20:54:00Z,Point,-100.45556,46.808449,1400.0,acres
GEO_55BA3CC6D7,EONET_13084,2025-03-18T20:44:00Z,Point,-95.8175,34.9108333,794.0,acres
GEO_64C88733E8,EONET_13082,2025-03-18T20:32:00Z,Point,-95.2577778,34.7555556,1102.0,acres
GEO_461F77DBB6,EONET_13098,2025-03-18T19:30:00Z,Point,-96.372967,36.638967,1560.2,acres
GEO_DCD7C04FA9,EONET_13097,2025-03-18T19:23:00Z,Point,-96.217269,36.789172,591.5,acres
GEO_5BB6AEA6E8,EONET_13092,2025-03-18T18:38:00Z,Point,-103.41728,38.21551,3255.0,acres
GEO_4B88455E7D,EONET_13093,2025-03-18T18:38:00Z,Point,-103.511124,38.107733,1134.0,acres
GEO_AB584D3A0F,EONET_13095,2025-03-18T18:30:00Z,Point,-80.742267,25.363433,2256.0,acres
GEO_3DFDF50667,EONET_13081,2025-03-18T17:54:00Z,Point,-102.728,36.329,23335.0,acres
GEO_F20E40E994,EONET_13077,2025-03-18T13:53:00Z,Point,-95.84666667,35.425,1630.0,acres
GEO_C6453F088E,EONET_13062,2025-03-18T11:51:00Z,Point,-95.905556,35.343611,761.0,acres
GEO_9B8BF0111B,EONET_13107,2025-03-18T09:22:00Z,Point,-95.66305556,30.65722222,750.0,acres
GEO_60B49892E8,EONET_12898,2025-03-18T02:48:00Z,Point,-95.2841667,35.0361111,1154.0,acres
GEO_64BC6D9CF5,EONET_12899,2025-03-18T02:43:00Z,Point,-95.4916667,34.6877778,800.0,acres
GEO_C640DF5F13,EONET_13083,2025-03-18T01:57:00Z,Point,-94.6333333,35.7291667,673.0,acres
GEO_9617EBC337,EONET_12901,2025-03-18T01:04:00Z,Point,-95.6088889,34.6505556,500.0,acres
GEO_9A449DE24F,EONET_12907,2025-03-17T19:10:00Z,Point,-104.392283,40.828583,1501.3,acres
GEO_1A2D30F5BC,EONET_13036,2025-03-17T19:00:00Z,Point,-80.40908595082675,25.401807141967396,,
GEO_2D3ECD20AD,EONET_13054,2025-03-17T19:00:00Z,Point,97.40296561351408,18.561563626031457,,
GEO_6EE91C9574,EONET_13111,2025-03-17T19:00:00Z,Point,-108.4284621849245,30.172498156146386,,
GEO_053226B06C,EONET_13116,2025-03-17T19:00:00Z,Point,97.59854636432942,19.40025883589619,,
GEO_3D87730109,EONET_12903,2025-03-17T18:28:00Z,Point,-96.59138889,36.25138889,513.0,acres
GEO_504303C050,EONET_12908,2025-03-17T17:38:00Z,Point,-89.06903,43.92567,745.0,acres
GEO_8BD53FB32D,EONET_12921,2025-03-17T13:38:00Z,Point,-95.897429,38.00901,1450.0,acres
GEO_9C1F2DC7FB,EONET_12931,2025-03-17T11:46:00Z,Point,-96.010719,38.410569,1500.0,acres
GEO_E257DC60CC,EONET_12916,2025-03-17T08:24:00Z,Point,-94.2812,35.74013,500.0,acres
GEO_2EF34D2795,EONET_13034,2025-03-16T19:00:00Z,Point,-62.68359301683823,8.725779376328596,,
GEO_8E66DE8E4E,EONET_13037,2025-03-16T19:00:00Z,Point,91.16213724363195,25.75808077379684,,
GEO_6103C00C23,EONET_13055,2025-03-16T19:00:00Z,Point,32.43275222618806,8.800895231569687,,
GEO_0FF06458E9,EONET_13126,2025-03-16T19:00:00Z,Point,94.01300317418269,20.757022191585733,,
GEO_95A11FA620,EONET_12904,2025-03-16T16:53:00Z,Point,-96.3875,36.22083333,8750.0,acres
GEO_A6FCFB7841,EONET_12915,2025-03-16T16:52:00Z,Point,-96.68138889,36.26972222,10900.0,acres
GEO_34206495F4,EONET_12914,2025-03-16T16:46:00Z,Point,-97.15833333,35.23055556,583.0,acres
GEO_32D1930253,EONET_12906,2025-03-16T16:40:00Z,Point,-96.38611111,36.10944444,11190.0,acres
GEO_B4C6A49734,EONET_12940,2025-03-16T14:13:00Z,Point,-96.83,37.17,1500.0,acres
GEO_025093F696,EONET_12920,2025-03-16T13:29:00Z,Point,-94.117222,29.736111,1691.0,acres
GEO_7A89955AA1,EONET_12924,2025-03-16T13:28:00Z,Point,-96.35487,36.90321,781.0,acres
GEO_7A2DB526B8,EONET_12942,2025-03-16T09:48:00Z,Point,-95.590466,32.110795,500.0,acres
GEO_87B4E0CB56,EONET_12910,2025-03-15T19:28:00Z,Point,-97.24055556,35.78444444,32990.6,acres
GEO_815B9B8D70,EONET_13038,2025-03-15T19:00:00Z,Point,91.19923416495722,25.77018954782079,,
GEO_F7004DD605,EONET_12943,2025-03-15T17:20:00Z,Point,-89.521453,41.62845,940.0,acres
GEO_232188DC87,EONET_12935,2025-03-15T16:10:00Z,Point,-88.8907,30.981167,1000.0,acres
GEO_0799C8A617,EONET_12913,2025-03-15T15:09:00Z,Point,-98.81667966,30.3924538,9737.0,acres
GEO_1D9D1CFCE0,EONET_12933,2025-03-15T14:31:00Z,Point,-95.80608,39.24725,640.0,acres
GEO_749BC5C3CD,EONET_12938,2025-03-15T12:36:00Z,Point,-96.187222,38.856944,1200.0,acres
GEO_201540E6F3,EONET_12928,2025-03-15T11:13:00Z,Point,-96.440069,36.622144,10230.0,acres
GEO_36DF49E271,EONET_12937,2025-03-15T08:59:00Z,Point,-95.1036667,35.0708333,797.8,acres
GEO_A7DBFE33E6,EONET_12946,2025-03-14T23:54:00Z,Point,-83.6564,33.0313,550.0,acres
GEO_CA2FCF15EC,EONET_12939,2025-03-14T22:58:00Z,Point,-99.4472222,35.4472222,1700.0,acres
GEO_4C5006D0C9,EONET_13039,2025-03-14T19:00:00Z,Point,97.51429926016175,18.993053582830328,,
GEO_7B168D900C,EONET_13040,2025-03-14T19:00:00Z,Point,92.1848055127105,25.91382783620165,,
GEO_8F7EFE51E1,EONET_12918,2025-03-14T16:39:00Z,Point,-100.5863889,40.9313889,650.0,acres
GEO_72B4A67F29,EONET_12948,2025-03-14T16:33:00Z,Point,-88.5082286,42.8927838,1126.3,acres
GEO_FBE3091375,EONET_12917,2025-03-14T16:07:00Z,Point,-104.759471,35.86196,21433.0,acres
GEO_96B7B3EA8B,EONET_12912,2025-03-14T15:36:00Z,Point,-97.28694444,35.68388889,6643.0,acres
GEO_144AE001BD,EONET_12922,2025-03-14T15:06:00Z,Point,-100.8210611,35.21102558,7931.0,acres
GEO_1945A26D72,EONET_12925,2025-03-14T14:43:00Z,Point,-96.463854,36.483184,1322.9,acres
GEO_552C406E45,EONET_12905,2025-03-14T14:42:00Z,Point,-96.70277778,36.01388889,8512.0,acres
GEO_11507E77C4,EONET_12909,2025-03-14T13:39:00Z,Point,-99.50388889,35.78972222,27855.0,acres
GEO_3598FA890A,EONET_12900,2025-03-14T13:27:00Z,Point,-100.844678,36.045122,23297.0,acres
GEO_2F528401D9,EONET_12944,2025-03-14T12:31:00Z,Point,-99.7788889,43.0697222,2000.0,acres
GEO_8AC3BBFC66,EONET_12953,2025-03-14T09:56:00Z,Point,-100.6270583,45.63352778,500.0,acres
GEO_C77EB30677,EONET_12951,2025-03-14T09:26:00Z,Point,-92.6536388,45.8534023,1526.2,acres
GEO_453C71F3F7,EONET_12882,2025-03-13T19:00:00Z,Point,-99.36763711797664,35.89424331352189,,
GEO_E5A30CF818,EONET_13041,2025-03-13T19:00:00Z,Point,93.95692361883717,20.833963490415655,,
GEO_9BD51A5488,EONET_13042,2025-03-13T19:00:00Z,Point,123.86456273442067,46.07656313186205,,
GEO_53637AAEC2,EONET_13045,2025-03-13T19:00:00Z,Point,-60.79808579207957,-28.70039292169039,,
GEO_CC7605C0B2,EONET_12955,2025-03-13T18:23:00Z,Point,-90.889216,37.846725,884.0,acres
GEO_4DE829A280,EONET_12941,2025-03-13T17:35:00Z,Point,-104.585333,38.813417,2540.0,acres
GEO_9004F39324,EONET_12959,2025-03-13T15:31:00Z,Point,-95.8175,31.4848,600.0,acres
GEO_8B9AA62E14,EONET_12964,2025-03-13T11:24:00Z,Point,-81.341399,27.626242,537.0,acres
GEO_DB9CF40955,EONET_12965,2025-03-13T11:03:00Z,Point,-89.5672,32.3823,1012.0,acres
GEO_9C5F6E80E6,EONET_12963,2025-03-13T10:42:00Z,Point,-94.705967,34.254,2074.0,acres
GEO_F631E0B5EC,EONET_12962,2025-03-13T10:38:00Z,Point,-96.162072,36.313894,2345.0,acres
GEO_B16929737D,EONET_12949,2025-03-13T10:05:00Z,Point,-81.309722,27.700278,752.0,acres
GEO_5B1612C667,EONET_12960,2025-03-13T09:24:00Z,Point,-91.352519,37.632972,1136.0,acres
GEO_8DA4B8D46C,EONET_12968,2025-03-13T09:10:00Z,Point,-94.98719,31.36422,500.0,acres
GEO_DF92AD0918,EONET_12947,2025-03-13T09:06:00Z,Point,-90.899,31.356,2031.2,acres
GEO_51A47DD877,EONET_12956,2025-03-13T08:16:00Z,Point,-84.424167,30.011111,580.0,acres
GEO_D8A2C9817E,EONET_12902,2025-03-12T22:41:00Z,Point,-80.3647222,25.4447222,1000.0,acres
GEO_2246DF2A27,EONET_12974,2025-03-12T19:38:00Z,Point,-95.6052,34.7029,1051.0,acres
GEO_04DAF62E6A,EONET_12927,2025-03-12T19:32:00Z,Point,-94.7344444,36.32,706.0,acres
GEO_C1B01A58B5,EONET_12883,2025-03-12T19:00:00Z,Point,94.23278989531258,21.723810660461393,,
GEO_3B6298E26A,EONET_12895,2025-03-12T19:00:00Z,Point,13.930891537026335,12.3804343157281,,
GEO_C3AC846DCC,EONET_13035,2025-03-12T19:00:00Z,Point,90.99926889712192,25.79082244673053,,
GEO_F875A4989F,EONET_13046,2025-03-12T19:00:00Z,Point,97.48337613805379,18.92783125418988,,
GEO_E726F03D9E,EONET_13047,2025-03-12T19:00:00Z,Point,97.94917518303518,18.97846950931534,,
GEO_2A480770B7,EONET_13049,2025-03-12T19:00:00Z,Point,93.29823961736854,22.05017236786709,,
GEO_5D46FEFBC3,EONET_12936,2025-03-12T17:48:00Z,Point,-98.89228299,31.31084976,633.2,acres
GEO_5AF2AB5286,EONET_12983,2025-03-12T16:43:00Z,Point,-93.435167,34.891667,970.0,acres
GEO_6C075B6CC1,EONET_12986,2025-03-12T16:42:00Z,Point,-93.774833,34.995333,3102.0,acres
GEO_52DAF64559,EONET_12923,2025-03-12T15:15:00Z,Point,-81.727343,37.460458,615.0,acres
GEO_51CA99E5B4,EONET_12926,2025-03-12T14:58:00Z,Point,-90.3022045,43.198056,853.7,acres
GEO_07FD4B85B0,EONET_12991,2025-03-12T12:13:00Z,Point,-89.280106,34.685209,614.0,acres
GEO_122CB0FF5D,EONET_12993,2025-03-12T11:42:00Z,Point,-89.305382,34.727783,1083.0,acres
GEO_18A7D83052,EONET_12970,2025-03-12T10:41:00Z,Point,-93.5024,35.2131,1146.0,acres
GEO_E1D12244D8,EONET_12995,2025-03-12T10:32:00Z,Point,-94.991767,35.4259,2000.0,acres
GEO_F9FF5C4AB1,EONET_12966,2025-03-12T10:16:00Z,Point,-87.579867,40.987483,800.0,acres
GEO_D4678769C6,EONET_12957,2025-03-12T09:59:00Z,Point,-93.196389,34.541944,1328.0,acres
GEO_179A1A2269,EONET_12932,2025-03-12T09:56:00Z,Point,-88.8907,30.981167,3000.0,acres
GEO_89486BCB89,EONET_12950,2025-03-12T09:50:00Z,Point,-93.312778,34.544444,1031.0,acres
GEO_2B2CF819B8,EONET_12988,2025-03-12T09:37:00Z,Point,-93.522583,34.875183,500.0,acres
GEO_3D2CAAE9F1,EONET_12996,2025-03-12T09:35:00Z,Point,-95.8494,34.5792,1211.0,acres
GEO_D20E9F36A8,EONET_12997,2025-03-12T09:29:00Z,Point,-91.2676,37.2362,1836.0,acres
GEO_D30859A38A,EONET_12975,2025-03-12T09:22:00Z,Point,-93.105,31.541,615.0,acres
GEO_52F58C0FC5,EONET_12989,2025-03-12T09:02:00Z,Point,-94.71155,34.259633,500.0,acres
GEO_45DFC26724,EONET_12967,2025-03-12T08:57:00Z,Point,-89.5708,32.4392,1247.0,acres
GEO_21BF0A62E2,EONET_12972,2025-03-12T08:28:00Z,Point,-94.0013,35.7015,1328.0,acres
GEO_76325A710E,EONET_12971,2025-03-12T08:25:00Z,Point,-92.844,36.7465,4480.0,acres
GEO_14D632169A,EONET_12990,2025-03-12T08:17:00Z,Point,-93.79676,34.884565,2014.0,acres
GEO_2FA0DE94D8,EONET_12998,2025-03-12T07:14:00Z,Point,-81.818117,29.444283,1605.0,acres
GEO_EB5B852F06,EONET_12992,2025-03-11T19:46:00Z,Point,-89.5173,37.8649,1283.0,acres
GEO_FC27D96A48,EONET_12884,2025-03-11T19:00:00Z,Point,24.105917533271608,7.335163304249659,,
GEO_DF2447FBA8,EONET_13043,2025-03-11T19:00:00Z,Point,96.66372562012208,21.57340199470004,,
GEO_16302C0B80,EONET_13048,2025-03-11T19:00:00Z,Point,97.51386065667293,18.54525691138357,,
GEO_4D2A71E32A,EONET_12929,2025-03-11T18:38:00Z,Point,-96.42203,36.33773,2398.0,acres
GEO_DD88B3F3E0,EONET_12999,2025-03-11T16:20:00Z,Point,-88.73399,37.50853,1286.0,acres
GEO_A949479D8F,EONET_13005,2025-03-11T16:08:00Z,Point,-94.99972,35.438456,500.0,acres
GEO_ACAEF61688,EONET_13004,2025-03-11T15:39:00Z,Point,-93.11575,31.38475,951.0,acres
GEO_888244AC6D,EONET_13000,2025-03-11T13:30:00Z,Point,-89.0997,37.6258,620.0,acres
GEO_080B7E660C,EONET_13009,2025-03-11T12:03:00Z,Point,-107.72462,48.39459,1952.0,acres
GEO_CAD7650438,EONET_12977,2025-03-11T11:28:00Z,Point,-93.6907,35.1986,1308.0,acres
GEO_BFAA93954C,EONET_12994,2025-03-11T11:28:00Z,Point,-93.25,35.565833,3904.0,acres
GEO_5874FC97B1,EONET_13001,2025-03-11T11:28:00Z,Point,-92.259444,36.015833,1769.0,acres
GEO_092FAB3C73,EONET_12976,2025-03-11T10:47:00Z,Point,-93.418889,34.898278,2200.0,acres
GEO_B680DB99D0,EONET_13006,2025-03-11T10:18:00Z,Point,-92.561944,31.775,1228.0,acres
GEO_AB92AC3F7C,EONET_12978,2025-03-11T09:39:00Z,Point,-93.79676,34.884565,2197.0,acres
GEO_E1B1B51840,EONET_13002,2025-03-11T09:39:00Z,Point,-92.454333,31.71675,2696.0,acres
GEO_BEA6690A4C,EONET_13008,2025-03-11T09:26:00Z,Point,-92.647,31.018483,806.0,acres
GEO_90914A6BA8,EONET_12979,2025-03-11T09:24:00Z,Point,-93.998611,34.4025,4010.0,acres
GEO_5B1D1246DA,EONET_12945,2025-03-11T09:20:00Z,Point,-94.7441667,36.0205556,730.0,acres
GEO_833277E30D,EONET_13007,2025-03-11T08:44:00Z,Point,-89.32888,34.742293,598.0,acres
GEO_C6C72DAF83,EONET_12984,2025-03-10T20:09:00Z,Point,-93.9385,35.7209,3067.0,acres
GEO_2AF61994ED,EONET_12885,2025-03-10T19:00:00Z,Point,93.00463337862833,22.746530344768676,,
GEO_74E2032A07,EONET_12886,2025-03-10T19:00:00Z,Point,92.59304989103023,22.955887691948824,,
GEO_EC32AA638D,EONET_12887,2025-03-10T19:00:00Z,Point,18.99149662155846,-32.16994291564136,,
GEO_2D082263B3,EONET_12896,2025-03-10T19:00:00Z,Point,97.32648709441683,18.52601847848982,,
GEO_A64681596E,EONET_12930,2025-03-10T16:13:00Z,Point,-96.368611,36.321944,3070.0,acres
GEO_A570185F68,EONET_12969,2025-03-10T16:00:00Z,Point,-96.59,28.389,508.0,acres
GEO_F3994C95BC,EONET_13013,2025-03-10T14:39:00Z,Point,-96.818533,33.743625,558.0,acres
GEO_C772218E24,EONET_12919,2025-03-10T14:38:00Z,Point,-101.9838889,44.65416667,34003.0,acres
GEO_32F5ADA013,EONET_13014,2025-03-10T14:34:00Z,Point,-95.793333,30.508333,1333.0,acres
GEO_28C0FECC04,EONET_13015,2025-03-10T14:19:00Z,Point,-84.415889,30.015444,549.0,acres
GEO_F1AC62301E,EONET_13016,2025-03-10T14:08:00Z,Point,-81.388967,26.1748,1663.0,acres
GEO_1CB85BBD25,EONET_13003,2025-03-10T13:52:00Z,Point,-90.591202,36.918496,4684.0,acres
GEO_1F3B73385D,EONET_13017,2025-03-10T12:00:00Z,Point,-90.5618,36.8921,2535.0,acres
GEO_90AEDA5FD0,EONET_12980,2025-03-10T11:10:00Z,Point,-92.256492,36.070132,1280.0,acres
GEO_71F9055D17,EONET_13012,2025-03-10T10:52:00Z,Point,-93.1512,30.94375,2424.0,acres
GEO_C4B6B5E3F1,EONET_12981,2025-03-10T10:19:00Z,Point,-92.182673,36.031365,4269.0,acres
GEO_F52D91E553,EONET_13019,2025-03-10T09:05:00Z,Point,-93.796824,31.137414,681.0,acres
GEO_7F81B2272F,EONET_13020,2025-03-10T09:00:00Z,Point,-95.39591,31.72405,500.0,acres
GEO_E7FB84B8DD,EONET_12934,2025-03-09T20:09:00Z,Point,-94.909444,36.292222,763.0,acres
GEO_2FA460BC1B,EONET_12888,2025-03-09T19:00:00Z,Point,92.74218103787095,22.32423758852614,,
GEO_F13335A7F1,EONET_12897,2025-03-09T19:00:00Z,Point,97.25800272968671,21.51524095754266,,
GEO_C82B628EA1,EONET_13023,2025-03-09T13:32:00Z,Point,-89.3875,33.4052778,720.0,acres
GEO_6818887416,EONET_13021,2025-03-09T12:47:00Z,Point,-91.3645,37.498333,2482.0,acres
GEO_20562B9F90,EONET_13010,2025-03-09T11:54:00Z,Point,-92.136834,37.667337,2313.0,acres
GEO_6C1EB71BE7,EONET_13018,2025-03-09T10:46:00Z,Point,-90.615471,36.918752,821.0,acres
GEO_A0CA81F945,EONET_12985,2025-03-09T09:40:00Z,Point,-92.256492,36.070132,3392.0,acres
GEO_E38F66D00A,EONET_13024,2025-03-09T09:38:00Z,Point,-91.211167,37.149867,861.0,acres
GEO_25B1963B63,EONET_12860,2025-03-08T19:00:00Z,Point,131.1045520412834,33.01188756779366,,
GEO_DC4F893227,EONET_12864,2025-03-08T19:00:00Z,Point,115.89171959937453,46.38149934342592,,
GEO_9AE1720867,EONET_12872,2025-03-08T19:00:00Z,Point,23.536788708011464,6.619150766776794,,
GEO_EB496A85BF,EONET_12878,2025-03-08T19:00:00Z,Point,23.688304833308994,6.516394496500546,,
GEO_5F9CE5D256,EONET_12889,2025-03-08T19:00:00Z,Point,93.52984617226183,20.188311094429693,,
GEO_DB274D8E3B,EONET_12890,2025-03-08T19:00:00Z,Point,23.667916770271972,6.511335898221757,,
GEO_6B9CB5AE31,EONET_13026,2025-03-08T17:53:00Z,Point,-90.887717,37.715333,1278.0,acres
GEO_5A39F0246C,EONET_12952,2025-03-08T17:06:00Z,Point,-92.282212,36.095542,690.0,acres
GEO_F3DFC18841,EONET_13025,2025-03-08T15:56:00Z,Point,-95.930278,35.663333,778.0,acres
GEO_05D934E2B1,EONET_12973,2025-03-08T11:23:00Z,Point,-91.938833,37.8725,1349.0,acres
GEO_9480A784CB,EONET_13022,2025-03-08T09:05:00Z,Point,-87.321845,34.349135,915.0,acres
GEO_8752C92284,EONET_12854,2025-03-07T19:00:00Z,Point,128.38030681274947,-17.160733613694457,,
GEO_E3CB433A9F,EONET_12865,2025-03-07T19:00:00Z,Point,128.75620408324932,-17.13637444417971,,
GEO_4BB67C4E15,EONET_12866,2025-03-07T19:00:00Z,Point,130.2212002200049,-18.21746470042773,,
GEO_D89BF21F24,EONET_12873,2025-03-07T19:00:00Z,Point,19.101828923882767,-32.25030765506339,,
GEO_D3126C17B9,EONET_12874,2025-03-07T19:00:00Z,Point,97.04883946292448,21.11563416223357,,
GEO_770E559D33,EONET_12891,2025-03-07T19:00:00Z,Point,96.70426337145264,21.773339451997852,,
GEO_E4DBC1CC6F,EONET_12893,2025-03-07T19:00:00Z,Point,33.263231720709946,8.498101519852261,,
GEO_354E59044B,EONET_13027,2025-03-07T14:41:00Z,Point,-91.2992,37.368867,718.0,acres
GEO_DCC6911B67,EONET_12987,2025-03-07T11:33:00Z,Point,-93.4067,35.163,1173.0,acres
GEO_5A827FC8A2,EONET_12982,2025-03-07T11:30:00Z,Point,-93.802222,34.7675,827.0,acres
GEO_DE071FEF1D,EONET_13028,2025-03-07T10:31:00Z,Point,-95.885278,35.703611,962.0,acres
GEO_91C0C51B76,EONET_13030,2025-03-07T10:19:00Z,Point,-92.287442,36.072526,600.0,acres
GEO_02D7DB2630,EONET_13031,2025-03-07T09:44:00Z,Point,-97.633963,27.369151,511.0,acres
GEO_54B7A7BFCE,EONET_12875,2025-03-06T19:00:00Z,Point,-61.4739192703003,9.635534119657786,,
GEO_56D536DDB8,EONET_12879,2025-03-06T19:00:00Z,Point,92.67331338162069,22.48307877881833,,
GEO_18BA9825F1,EONET_12892,2025-03-06T19:00:00Z,Point,92.41440586858594,23.18152643821413,,
GEO_9F8728BEE9,EONET_12894,2025-03-06T19:00:00Z,Point,32.966461362382596,8.435607326295585,,
GEO_F6F749747C,EONET_13032,2025-03-06T17:43:00Z,Point,-86.2533333,31.325,640.0,acres
GEO_B0634BDD6C,EONET_12861,2025-03-05T19:00:00Z,Point,33.7984221412233,7.935052059126491,,
GEO_1DD45E2A35,EONET_12880,2025-03-05T19:00:00Z,Point,97.02884177730607,21.11372737882551,,
GEO_122BA79C04,EONET_12847,2025-03-04T19:00:00Z,Point,133.16942096241894,-13.88999951701955,,
GEO_43308F48A2,EONET_12868,2025-03-04T19:00:00Z,Point,33.87995019447472,7.902587980806288,,
GEO_C80754400F,EONET_12869,2025-03-04T19:00:00Z,Point,-98.46236445375952,23.02153983632611,,
GEO_473CE4DAB3,EONET_12881,2025-03-04T19:00:00Z,Point,97.10332206752199,21.373585908949025,,
GEO_B50D0A73DC,EONET_12848,2025-03-03T19:00:00Z,Point,114.04983888837145,-22.024491925159413,,
GEO_0C1E31F286,EONET_12862,2025-03-03T19:00:00Z,Point,78.62792317851759,16.171901237732552,,
GEO_5BB16A2BB3,EONET_12876,2025-03-03T19:00:00Z,Point,97.22638595937607,21.431668536367507,,
GEO_F9BA4E289A,EONET_12855,2025-03-02T19:00:00Z,Point,29.319199493766188,4.11778052420226,,
GEO_174BEF1BE6,EONET_12856,2025-03-02T19:00:00Z,Point,36.203560737771504,10.958707288432578,,
GEO_52E42F27C1,EONET_12867,2025-03-02T19:00:00Z,Point,36.052729593506925,10.854635061053113,,
GEO_D517715023,EONET_12870,2025-03-02T19:00:00Z,Point,97.2656543265482,19.743576184865212,,
GEO_FF4872FEA9,EONET_12877,2025-03-02T19:00:00Z,Point,94.09367491290467,20.916152625051392,,
GEO_D3F77980A4,EONET_12849,2025-03-01T19:00:00Z,Point,36.03694573694831,10.717569091269917,,
GEO_AF76E8850F,EONET_12871,2025-03-01T19:00:00Z,Point,97.44061204928268,18.64426234678043,,
GEO_0B12AB7889,EONET_12850,2025-02-28T19:00:00Z,Point,-108.46121544989686,29.92459591249199,,
GEO_8B06D902AD,EONET_12851,2025-02-28T19:00:00Z,Point,97.15913730391169,22.5979169762239,,
GEO_A86777C0DA,EONET_12857,2025-02-28T19:00:00Z,Point,-108.42762061983576,29.838872783724792,,
GEO_F8DCC8AF5C,EONET_12863,2025-02-28T19:00:00Z,Point,79.99317338106425,19.184716809696404,,
GEO_0B24F805AA,EONET_12801,2025-02-27T19:00:00Z,Point,128.52327871865603,-16.40598297286811,,
GEO_C12AE7319A,EONET_12808,2025-02-27T19:00:00Z,Point,-62.915756515665755,8.874035780887,,
GEO_D9119F65CB,EONET_12810,2025-02-27T19:00:00Z,Point,128.50209889262345,-16.221010585212838,,
GEO_FEEE09CE3E,EONET_12852,2025-02-27T19:00:00Z,Point,94.58351878953317,19.538833730103978,,
GEO_3AD9B9599D,EONET_12817,2025-02-27T15:59:00Z,Point,-101.04,41.859,50000.0,acres
GEO_7F337C5584,EONET_12818,2025-02-27T11:12:00Z,Point,-91.083183,36.84222,1581.0,acres
GEO_6DC56F902A,EONET_12825,2025-02-27T11:09:00Z,Point,-93.898611,34.322222,2002.0,acres
GEO_4E55471E46,EONET_12828,2025-02-27T11:09:00Z,Point,-93.913333,34.416667,3727.0,acres
GEO_3A460DD484,EONET_12767,2025-02-27T10:08:00Z,Point,-85.658917,32.432944,835.0,acres
GEO_29A4EC7939,EONET_12816,2025-02-27T09:57:00Z,Point,-99.958764,41.510793,4800.0,acres
GEO_1395AEEEAB,EONET_12827,2025-02-27T09:55:00Z,Point,-93.713,35.1884,2231.0,acres
GEO_9B45CF287F,EONET_12821,2025-02-27T09:52:00Z,Point,-93.725867,31.3088,1230.0,acres
GEO_FDD1EAF5A4,EONET_12830,2025-02-27T09:44:00Z,Point,-95.255397,31.28114,2153.0,acres
GEO_F4A1EEA64D,EONET_12764,2025-02-27T09:39:00Z,Point,-93.597128,35.658049,1221.0,acres
GEO_5D1496BBE7,EONET_12839,2025-02-27T09:23:00Z,Point,-93.043611,31.525,2219.0,acres
GEO_2C1A7E45F9,EONET_12768,2025-02-27T09:16:00Z,Point,-95.537,33.7962,1400.0,acres
GEO_B3F813A527,EONET_12826,2025-02-27T09:09:00Z,Point,-88.9583,33.93515,588.0,acres
GEO_73BCE27AF0,EONET_12832,2025-02-27T08:49:00Z,Point,-93.123333,36.0675,681.0,acres
GEO_5DF8005813,EONET_12831,2025-02-27T08:43:00Z,Point,-92.902528,35.714619,1553.0,acres
GEO_9713495CDA,EONET_12834,2025-02-27T08:42:00Z,Point,-94.229917,31.3518,1350.0,acres
GEO_74AC44BCCD,EONET_12841,2025-02-27T08:39:00Z,Point,-93.720865,35.752404,4800.0,acres
GEO_C04AAFF9FB,EONET_12829,2025-02-27T08:27:00Z,Point,-94.301412,34.876655,1924.0,acres
GEO_9A7A4C87A5,EONET_12840,2025-02-27T08:15:00Z,Point,-93.9705,35.6191,1094.0,acres
GEO_8D9C4200C5,EONET_12836,2025-02-27T08:13:00Z,Point,-93.751389,34.819167,2481.0,acres
GEO_B780C9D569,EONET_12837,2025-02-27T07:37:00Z,Point,-82.547533,30.314117,3503.0,acres
GEO_802B204CE8,EONET_12835,2025-02-27T07:14:00Z,Point,-81.706083,29.4572,3464.0,acres
GEO_44F3B49808,EONET_12809,2025-02-26T19:00:00Z,Point,135.21942548386295,-15.460050308100092,,
GEO_B0FD826FCF,EONET_12811,2025-02-26T19:00:00Z,Point,-69.80380791425938,6.322034256238772,,
GEO_805FD227B4,EONET_12812,2025-02-26T19:00:00Z,Point,-62.725092140177324,8.791094987031062,,
GEO_AA52AD1F17,EONET_12844,2025-02-26T19:00:00Z,Point,138.7068490588114,-20.52961253827525,,
GEO_B0B019F1EB,EONET_12845,2025-02-26T19:00:00Z,Point,-69.01115210275877,6.056571943380485,,
GEO_573423D662,EONET_12772,2025-02-26T18:55:00Z,Point,-85.885277,33.466157,2236.0,acres
GEO_2827DBA52A,EONET_12766,2025-02-26T13:38:00Z,Point,-98.213556,36.786583,4871.0,acres
GEO_BDACA5AEC8,EONET_12769,2025-02-26T12:55:00Z,Point,-84.9963,30.1792,1160.0,acres
GEO_0415AE1D7E,EONET_12777,2025-02-26T10:01:00Z,Point,-89.2994,34.3622,2382.0,acres
GEO_797A88072C,EONET_12779,2025-02-26T09:50:00Z,Point,-89.1246,33.27269,2014.0,acres
GEO_119ED78181,EONET_12776,2025-02-26T09:38:00Z,Point,-92.293667,36.044967,3170.0,acres
GEO_A1B2743385,EONET_12782,2025-02-26T09:33:00Z,Point,-98.902,31.643,800.0,acres
GEO_9FE8A2D66C,EONET_12783,2025-02-26T09:33:00Z,Point,-98.35107056,28.47109036,870.0,acres
GEO_6299CE7BE3,EONET_12820,2025-02-26T09:20:00Z,Point,-95.129428,31.250992,1500.0,acres
GEO_E3DF1C35FF,EONET_12774,2025-02-26T09:09:00Z,Point,-92.94525,35.698233,1046.0,acres
GEO_E7748E1ED6,EONET_12773,2025-02-26T09:06:00Z,Point,-92.915086,35.75125,930.0,acres
GEO_964F92E35C,EONET_12778,2025-02-26T09:05:00Z,Point,-92.628883,31.232533,1109.0,acres
GEO_56E4886072,EONET_12819,2025-02-26T08:50:00Z,Point,-95.334,30.622167,530.0,acres
GEO_263CD37099,EONET_12775,2025-02-26T08:26:00Z,Point,-82.547883,30.404133,3743.0,acres
GEO_4F94A255FB,EONET_12771,2025-02-26T07:50:00Z,Point,-86.752368,31.062498,3234.0,acres
GEO_251F8F9BC3,EONET_12838,2025-02-25T22:57:00Z,Point,-85.7658333,33.8988889,550.0,acres
GEO_C5582D3DF2,EONET_12781,2025-02-25T21:31:00Z,Point,-99.728328,41.547555,800.0,acres
GEO_6E30859533,EONET_12802,2025-02-25T19:00:00Z,Point,149.45152157902322,-30.942532865512696,,
GEO_CE56788364,EONET_12765,2025-02-25T18:30:00Z,Point,-99.66921667,30.38541667,722.0,acres
GEO_7DAEE60A82,EONET_12822,2025-02-25T13:04:00Z,Point,-85.8861111,33.9580556,670.0,acres
GEO_576766A58C,EONET_12785,2025-02-25T09:55:00Z,Point,-94.86845,34.712217,1100.0,acres
GEO_76624AB826,EONET_12784,2025-02-25T09:30:00Z,Point,-104.8106,38.625558,750.0,acres
GEO_80479AAF5D,EONET_12791,2025-02-25T09:13:00Z,Point,-100.3442455,34.11744675,1985.0,acres
GEO_D11484A8F6,EONET_12792,2025-02-25T09:13:00Z,Point,-99.29375895,30.13073292,675.0,acres
GEO_AAEAFF29BC,EONET_12793,2025-02-25T09:12:00Z,Point,-98.351056,28.47151854,870.0,acres
GEO_873AE9D4A9,EONET_12788,2025-02-25T09:03:00Z,Point,-86.152778,33.170833,857.0,acres
GEO_FA2F40BA7F,EONET_12787,2025-02-25T08:45:00Z,Point,-92.902528,35.714619,1600.0,acres
GEO_D99B66917A,EONET_12789,2025-02-25T08:28:00Z,Point,-94.22,34.716389,659.0,acres
GEO_9D240328AC,EONET_12790,2025-02-25T07:31:00Z,Point,-86.745247,31.134602,3038.0,acres
GEO_D604D8B58F,EONET_12786,2025-02-24T19:11:00Z,Point,-104.92062,42.04107,500.0,acres
GEO_7FAE6A555F,EONET_12795,2025-02-24T19:00:00Z,Point,-68.14176757456781,8.76770429509867,,
GEO_E5708FE817,EONET_12796,2025-02-24T19:00:00Z,Point,35.96153969595625,10.705370034617072,,
GEO_31336E6B9D,EONET_12846,2025-02-24T19:00:00Z,Point,36.28616137264376,11.099954768823263,,
GEO_34FD9C0A2D,EONET_12780,2025-02-24T10:18:00Z,Point,-104.90347,42.000536,600.0,acres
GEO_E1CDC48D93,EONET_12794,2025-02-24T07:57:00Z,Point,-93.808056,34.745,863.0,acres
GEO_FF1894A7B2,EONET_12797,2025-02-23T19:00:00Z,Point,-12.686479720554628,13.460777229036738,,
GEO_DB0F40CD0E,EONET_12798,2025-02-23T19:00:00Z,Point,128.18195798040907,-17.582193798972035,,
GEO_BF872DDC5B,EONET_12853,2025-02-23T19:00:00Z,Point,-9.427060559769606,7.971437753501375,,
GEO_C51FC8E483,EONET_12726,2025-02-23T09:54:00Z,Point,-94.857083,34.723,500.0,acres
GEO_3020598DCB,EONET_12754,2025-02-22T19:00:00Z,Point,130.2518742727973,-19.338758738207215,,
GEO_EB796953EA,EONET_12803,2025-02-22T19:00:00Z,Point,-6.027762358906355,15.058538175600468,,
GEO_8D33B24307,EONET_12804,2025-02-22T19:00:00Z,Point,146.74406620530675,-37.580056289934426,,
GEO_35E325300D,EONET_12805,2025-02-22T19:00:00Z,Point,131.31155657622176,-20.42737419501781,,
GEO_16D1475B68,EONET_12730,2025-02-22T09:36:00Z,Point,-98.783392,34.756666,1022.0,acres
GEO_F78949AEAD,EONET_12731,2025-02-22T08:40:00Z,Point,-85.579133,33.789533,687.0,acres
GEO_2AF862D2C2,EONET_12728,2025-02-22T08:03:00Z,Point,-87.3643,32.913522,1327.0,acres
GEO_8F4B31CB79,EONET_12721,2025-02-21T19:00:00Z,Point,3.2587400130394113,16.46189435900621,,
GEO_35E99EBF45,EONET_12799,2025-02-21T19:00:00Z,Point,131.58541641220148,44.43069133042419,,
GEO_AE9D77FA98,EONET_12800,2025-02-21T19:00:00Z,Point,33.27263220169747,7.842581874359542,,
GEO_CBB412C76C,EONET_12806,2025-02-21T19:00:00Z,Point,-63.2585376692452,8.877503108012524,,
GEO_A685E943CE,EONET_12727,2025-02-21T08:09:00Z,Point,-87.403333,33.003833,1446.0,acres
GEO_088B5B7144,EONET_12734,2025-02-21T08:05:00Z,Point,-80.25,26.566667,3000.0,acres
GEO_5C87CF05DE,EONET_12716,2025-02-21T00:00:00Z,Point,-48.54,-77.51,30.0,NM^2
GEO_CB9BBA432A,EONET_12716,2025-03-06T00:00:00Z,Point,-49.4,-76.96,30.0,NM^2
GEO_0C6E8FAA50,EONET_12716,2025-03-13T00:00:00Z,Point,-51.03,-76.66,30.0,NM^2
GEO_3F2E1586C9,EONET_12716,2025-03-27T00:00:00Z,Point,-53.15,-76.16,30.0,NM^2
GEO_093F7C12EB,EONET_12716,2025-04-11T00:00:00Z,Point,-54.47,-75.8,30.0,NM^2
GEO_1160A7E8C8,EONET_12716,2025-05-22T00:00:00Z,Point,-54.83,-75.23,30.0,NM^2
GEO_54F85EE445,EONET_12716,2025-06-05T00:00:00Z,Point,-53.83,-74.67,30.0,NM^2
GEO_85379CBC44,EONET_12716,2025-06-20T00:00:00Z,Point,-53.52,-74.18,30.0,NM^2
GEO_4B5C8FB2E2,EONET_12716,2025-07-31T00:00:00Z,Point,-54.34,-73.38,30.0,NM^2
GEO_F66919D3F5,EONET_12716,2025-08-08T00:00:00Z,Point,-54.79,-72.84,30.0,NM^2
GEO_49010B2E9A,EONET_12716,2025-08-21T00:00:00Z,Point,-54.56,-72.37,30.0,NM^2
GEO_A08EFDCA3D,EONET_12716,2025-08-28T00:00:00Z,Point,-54.06,-71.91,30.0,NM^2
GEO_E3684E125F,EONET_12716,2025-09-11T00:00:00Z,Point,-53.84,-71.12,30.0,NM^2
GEO_5513B87EDD,EONET_12716,2025-09-26T00:00:00Z,Point,-54.16,-70.43,30.0,NM^2
GEO_8A3F242930,EONET_12716,2025-10-09T00:00:00Z,Point,-54.74,-70.0,30.0,NM^2
GEO_5A26688BFB,EONET_12716,2025-10-16T00:00:00Z,Point,-55.01,-69.44,30.0,NM^2
GEO_2AE745692E,EONET_12716,2025-11-07T00:00:00Z,Point,-55.23,-68.89,30.0,NM^2
GEO_152D39006E,EONET_12716,2025-11-21T00:00:00Z,Point,-55.04,-68.06,30.0,NM^2
GEO_9ED2B7B342,EONET_12716,2025-12-18T00:00:00Z,Point,-55.69,-68.44,30.0,NM^2
GEO_EB25687378,EONET_12716,2026-03-20T00:00:00Z,Point,-56.94,-68.57,30.0,NM^2
GEO_0323894B14,EONET_12716,2026-04-24T00:00:00Z,Point,-57.29,-68.1,30.0,NM^2
GEO_0638427AB5,EONET_12716,2026-05-08T00:00:00Z,Point,-57.24,-67.45,30.0,NM^2
GEO_4903BDCA8D,EONET_12716,2026-05-21T00:00:00Z,Point,-56.41,-66.87,30.0,NM^2
GEO_C1E378BFF9,EONET_12716,2026-06-12T00:00:00Z,Point,-55.1,-66.42,30.0,NM^2
GEO_49E45D85FA,EONET_12717,2025-02-21T00:00:00Z,Point,36.34,-69.22,210.0,NM^2
GEO_22B58C3119,EONET_12711,2025-02-20T19:00:00Z,Point,29.97627173054393,7.2176146946150235,,
GEO_5B889F8E2E,EONET_12722,2025-02-20T19:00:00Z,Point,33.65861944468327,8.17501269597591,,
GEO_9FA6E3D5EF,EONET_12723,2025-02-20T19:00:00Z,Point,142.78275723204698,-22.643450133997057,,
GEO_56347F957F,EONET_12762,2025-02-20T19:00:00Z,Point,149.0564292803252,-25.337344097177343,,
GEO_AF8B5CF8C6,EONET_12737,2025-02-20T16:24:00Z,Point,-86.591103,31.125228,969.0,acres
GEO_E382860706,EONET_12732,2025-02-20T08:02:00Z,Point,-87.365582,32.896732,1110.0,acres
GEO_F38663279E,EONET_12712,2025-02-19T19:00:00Z,Point,21.915248070388163,8.373105500593436,,
GEO_E7953F07FD,EONET_12724,2025-02-19T19:00:00Z,Point,33.735090254905415,7.723215744328552,,
GEO_8FB76CE022,EONET_12755,2025-02-19T19:00:00Z,Point,19.251620190788337,-33.330132018305164,,
GEO_E932F95AA7,EONET_12763,2025-02-19T19:00:00Z,Point,33.12298028862088,8.277626012392249,,
GEO_F6A82DFFC4,EONET_12807,2025-02-19T19:00:00Z,Point,32.984554609117694,8.355972966812852,,
GEO_9666CE0BFF,EONET_12742,2025-02-19T08:46:00Z,Point,-95.28388889,30.825,692.3,acres
GEO_6FA96D30BB,EONET_12813,2025-02-19T00:00:00Z,Point,123.508,-8.274,,
GEO_F0BEE9198F,EONET_12708,2025-02-18T19:00:00Z,Point,26.533734108251064,14.298509735329041,,
GEO_1B1E70630E,EONET_12744,2025-02-18T09:21:00Z,Point,-82.308383,30.437883,1105.0,acres
GEO_0FC99E2311,EONET_12725,2025-02-17T19:00:00Z,Point,-14.630241940697934,13.150422245391681,,
GEO_24FA7148F8,EONET_12756,2025-02-17T19:00:00Z,Point,131.76582661325727,44.32929528069575,,
GEO_E62676E370,EONET_12733,2025-02-17T13:33:00Z,Point,-85.561,32.49105,650.0,acres
GEO_B5F2BFEB06,EONET_12746,2025-02-17T11:45:00Z,Point,-100.4166667,34.13333333,1985.0,acres
GEO_ABFE6AA05C,EONET_12703,2025-02-16T19:00:00Z,Point,116.1659697685877,-34.789985012057016,,
GEO_0139EBB998,EONET_12713,2025-02-16T19:00:00Z,Point,116.15230836347173,-34.800221174996494,,
GEO_E43E644385,EONET_12760,2025-02-16T19:00:00Z,Point,-15.791538888608104,13.094987169869531,,
GEO_BBA1D04468,EONET_12740,2025-02-16T10:36:00Z,Point,-111.50325,31.583117,2442.0,acres
GEO_799D9DE576,EONET_12704,2025-02-15T19:00:00Z,Point,34.62631506346511,6.812385468960663,,
GEO_B8D31855C8,EONET_12705,2025-02-15T19:00:00Z,Point,35.9939186682305,10.944443243024828,,
GEO_3C7265D1F3,EONET_12706,2025-02-15T19:00:00Z,Point,10.925303964705574,5.158772005459642,,
GEO_A0F14514B7,EONET_12707,2025-02-15T19:00:00Z,Point,24.00830468932926,7.021187520376965,,
GEO_351F486C2E,EONET_12709,2025-02-15T19:00:00Z,Point,13.448953535900284,5.740728789547437,,
GEO_FB0C4379EA,EONET_12710,2025-02-15T19:00:00Z,Point,11.601622549677574,5.707452633392769,,
GEO_79598D767E,EONET_12714,2025-02-15T19:00:00Z,Point,33.580453919550074,8.639136349312977,,
GEO_5A4D173802,EONET_12715,2025-02-15T19:00:00Z,Point,33.16979337386354,7.921367182712195,,
GEO_3890B83666,EONET_12757,2025-02-15T19:00:00Z,Point,32.84602877090451,8.485468125944076,,
GEO_0EC2AC478C,EONET_12761,2025-02-15T19:00:00Z,Point,29.188091947155684,-1.41379366550985,,
GEO_1E0AB2C396,EONET_12743,2025-02-14T19:00:00Z,Point,-118.47135,39.628117,2680.0,acres
GEO_051FEF8915,EONET_12738,2025-02-13T17:12:00Z,Point,-110.415004,31.417493,708.0,acres
GEO_B8D3A265FC,EONET_12729,2025-02-13T12:40:00Z,Point,-86.793957,31.034866,5280.0,acres
GEO_963FB486C2,EONET_12749,2025-02-12T09:54:00Z,Point,-82.351383,30.886667,954.0,acres
GEO_668F95FBB2,EONET_12750,2025-02-12T08:32:00Z,Point,-82.504117,30.345217,3944.0,acres
GEO_E36B0F8A71,EONET_12748,2025-02-12T07:54:00Z,Point,-80.6804,28.664267,1803.0,acres
GEO_1E84FBA5D2,EONET_12747,2025-02-11T13:13:00Z,Point,-82.301167,30.581117,1076.0,acres
GEO_3CE4835B0E,EONET_12752,2025-02-11T07:25:00Z,Point,-82.516383,30.369833,3040.0,acres
GEO_08A8E40358,EONET_12675,2025-02-10T20:28:00Z,Point,-95.41861111,30.95888889,855.5,acres
GEO_36A4E1B114,EONET_12751,2025-02-10T11:22:00Z,Point,-100.29995,41.891333,600.0,acres
GEO_E837C85F1C,EONET_12671,2025-02-09T19:00:00Z,Point,120.83976940333025,-33.60615814406219,,
GEO_0D89287146,EONET_12681,2025-02-09T09:32:00Z,Point,-99.71893567,30.41878606,688.0,acres
GEO_D0D8F42E59,EONET_12672,2025-02-08T19:00:00Z,Point,116.4135338570653,-34.66225013239765,,
GEO_1E34B39890,EONET_12676,2025-02-08T13:26:00Z,Point,-105.40959,33.7113,2596.0,acres
GEO_DD818999E0,EONET_12682,2025-02-08T12:08:00Z,Point,-98.0428,30.5792,533.0,acres
GEO_107477B0E8,EONET_12666,2025-02-07T19:00:00Z,Point,144.89278913265767,-41.41849649911012,,
GEO_CD5B696EE9,EONET_12673,2025-02-07T19:00:00Z,Point,12.765299415367926,5.992173212751177,,
GEO_853DDCD22C,EONET_12739,2025-02-07T09:58:00Z,Point,-103.818467,44.178633,980.0,acres
GEO_9487921B17,EONET_12687,2025-02-07T09:20:00Z,Point,-93.018056,31.448056,1638.0,acres
GEO_FA09D1CC2F,EONET_12686,2025-02-07T09:09:00Z,Point,-92.543084,31.462534,1015.0,acres
GEO_874D358861,EONET_12684,2025-02-07T08:40:00Z,Point,-95.116667,30.5,1413.0,acres
GEO_2451157A60,EONET_12685,2025-02-07T08:02:00Z,Point,-86.777237,31.065655,512.0,acres
GEO_7803D81B5A,EONET_12693,2025-02-06T15:57:00Z,Point,-93.065833,31.453611,1538.0,acres
GEO_DBAC382C7F,EONET_12677,2025-02-06T13:14:00Z,Point,-90.893408,31.374053,871.0,acres
GEO_EA1DB8A1D6,EONET_12689,2025-02-06T09:46:00Z,Point,-97.645533,33.40895,1089.0,acres
GEO_687414DEC7,EONET_12695,2025-02-06T09:31:00Z,Point,-100.4166667,34.13333333,1985.0,acres
GEO_8962CF903D,EONET_12690,2025-02-06T09:10:00Z,Point,-93.703333,31.317717,908.0,acres
GEO_189027E7EE,EONET_12692,2025-02-06T09:09:00Z,Point,-93.144,30.976,916.0,acres
GEO_BEE3297BC9,EONET_12694,2025-02-06T09:04:00Z,Point,-95.1963,31.3924,1336.0,acres
GEO_0955EF430A,EONET_12688,2025-02-06T08:57:00Z,Point,-94.316883,31.175467,1498.0,acres
GEO_7DBD5506F8,EONET_12824,2025-02-05T13:49:00Z,Point,-83.266083,33.772783,5139.0,acres
GEO_EB2ECDABDE,EONET_12696,2025-02-05T12:15:00Z,Point,-95.1042,31.3999,583.0,acres
GEO_EA535278CD,EONET_12697,2025-02-05T09:35:00Z,Point,-95.654833,30.528333,1556.0,acres
GEO_BFA211263E,EONET_12679,2025-02-05T09:33:00Z,Point,-86.833059,31.007087,2404.0,acres
GEO_4F9E1AB143,EONET_12691,2025-02-05T08:57:00Z,Point,-94.67,30.81601,550.0,acres
GEO_A081FD0350,EONET_12654,2025-02-04T19:00:00Z,Point,33.55179468121498,7.581735889510396,,
GEO_DC5625027A,EONET_12667,2025-02-04T19:00:00Z,Point,34.27492944950135,7.224850642541192,,
GEO_8F2FE17FD7,EONET_12700,2025-02-04T18:11:00Z,Point,-86.810544,31.026977,2093.0,acres
GEO_42AAF1A588,EONET_12680,2025-02-04T18:05:00Z,Point,-86.631821,31.093738,2903.0,acres
GEO_0E4F73A26D,EONET_12683,2025-02-04T17:56:00Z,Point,-86.725788,31.070564,1590.0,acres
GEO_430D31EB92,EONET_12741,2025-02-04T17:53:00Z,Point,-86.6629,31.088143,2366.0,acres
GEO_D1554CECCB,EONET_12647,2025-02-03T19:00:00Z,Point,19.791915103344596,14.434706510708589,,
GEO_48639897A0,EONET_12655,2025-02-03T19:00:00Z,Point,32.86439845438164,8.106091862888794,,
GEO_9FA6BB1179,EONET_12664,2025-02-03T19:00:00Z,Point,29.60683213109463,4.244247573323041,,
GEO_449A16E8CF,EONET_12668,2025-02-03T19:00:00Z,Point,29.66008976360997,4.430541130428701,,
GEO_FDB492CB37,EONET_12669,2025-02-03T19:00:00Z,Point,23.59600170653006,7.1207920563773595,,
GEO_ECDC56C299,EONET_12670,2025-02-03T19:00:00Z,Point,-69.51307154577344,7.867227016877645,,
GEO_A4DCE6F6B9,EONET_12620,2025-02-03T10:46:00Z,Point,-94.7045,34.773117,581.0,acres
GEO_1377508187,EONET_12622,2025-02-03T10:19:00Z,Point,-87.476667,32.966333,778.0,acres
GEO_65BB24A960,EONET_12699,2025-02-03T09:44:00Z,Point,-89.52647,38.0065,557.0,acres
GEO_D11ED84C69,EONET_12621,2025-02-03T09:09:00Z,Point,-83.803833,35.591333,1400.0,acres
GEO_705009F757,EONET_12642,2025-02-02T19:00:00Z,Point,144.99643423665097,-41.545329380223215,,
GEO_A604F5B787,EONET_12648,2025-02-02T19:00:00Z,Point,19.74483578980161,11.719616923580602,,
GEO_260CC70819,EONET_12649,2025-02-02T19:00:00Z,Point,-58.30192154366178,-29.546235675996385,,
GEO_2F6049DECB,EONET_12656,2025-02-02T19:00:00Z,Point,145.29635138093386,-41.61247878410094,,
GEO_B7097D2140,EONET_12657,2025-02-02T19:00:00Z,Point,138.0758590504984,-32.7383457270778,,
GEO_EA3FB2CA71,EONET_12665,2025-02-02T19:00:00Z,Point,139.39973681864168,-30.104321913048224,,
GEO_15E54074D7,EONET_12674,2025-02-02T19:00:00Z,Point,145.92134868577241,-41.79390265112694,,
GEO_09B1F08A94,EONET_12626,2025-02-02T09:19:00Z,Point,-94.21575,31.3347,909.0,acres
GEO_67D4BEB72A,EONET_12625,2025-02-02T09:14:00Z,Point,-94.305583,31.2783,1100.0,acres
GEO_D262D8BF30,EONET_12611,2025-02-01T19:00:00Z,Point,141.43774569174607,-36.59669026588205,,
GEO_190494C48A,EONET_12612,2025-02-01T19:00:00Z,Point,141.4270239294413,-36.61220067228274,,
GEO_3334E9B8E6,EONET_12658,2025-02-01T19:00:00Z,Point,32.84008263788477,8.310542967083636,,
GEO_2EA2AD3D3E,EONET_12659,2025-02-01T19:00:00Z,Point,24.37244301642445,6.653354631996438,,
GEO_0DA1B27F03,EONET_12663,2025-02-01T19:00:00Z,Point,-9.80178177483444,9.291269831717326,,
GEO_C51A59467A,EONET_12619,2025-02-01T15:41:00Z,Point,-101.65394,35.70057,3868.0,acres
GEO_07975FE9DD,EONET_12594,2025-01-31T19:00:00Z,Point,129.5254345867185,-21.64408170376146,,
GEO_87AC8476AB,EONET_12638,2025-01-31T19:00:00Z,Point,29.691445600068988,4.391303135306596,,
GEO_DAD624F50F,EONET_12639,2025-01-31T19:00:00Z,Point,133.2365228848466,-23.71304577349745,,
GEO_ED0A0628F3,EONET_12630,2025-01-31T08:52:00Z,Point,-102.103892,34.895881,881.0,acres
GEO_2BF0B0F415,EONET_12628,2025-01-31T08:28:00Z,Point,-81.201153,27.639541,678.0,acres
GEO_97483216EA,EONET_12618,2025-01-31T00:00:00Z,Point,-75.8,-72.69,144.0,NM^2
GEO_601F111572,EONET_12618,2025-02-06T00:00:00Z,Point,-77.85,-72.19,144.0,NM^2
GEO_9B6DBE98CE,EONET_12618,2025-02-14T00:00:00Z,Point,-79.81,-72.06,144.0,NM^2
GEO_ADA3C9EAF0,EONET_12618,2025-02-28T00:00:00Z,Point,-81.03,-72.88,72.0,NM^2
GEO_0438EBCC8A,EONET_12618,2025-03-13T00:00:00Z,Point,-82.43,-73.6,72.0,NM^2
GEO_99285A6C31,EONET_12618,2025-03-21T00:00:00Z,Point,-84.35,-73.44,72.0,NM^2
GEO_46B8DD5549,EONET_12618,2025-04-04T00:00:00Z,Point,-86.23,-72.86,72.0,NM^2
GEO_E562DE1C18,EONET_12618,2025-04-11T00:00:00Z,Point,-87.79,-72.71,72.0,NM^2
GEO_AEFE25F612,EONET_12618,2025-04-18T00:00:00Z,Point,-90.64,-72.11,72.0,NM^2
GEO_B1241260B8,EONET_12618,2025-04-24T00:00:00Z,Point,-91.86,-72.4,72.0,NM^2
GEO_369F4EB68C,EONET_12618,2025-05-09T00:00:00Z,Point,-93.89,-72.42,72.0,NM^2
GEO_AEA8D75FB4,EONET_12618,2025-05-16T00:00:00Z,Point,-94.85,-72.04,72.0,NM^2
GEO_8EBB1AAE60,EONET_12618,2026-01-02T00:00:00Z,Point,-96.27,-71.64,72.0,NM^2
GEO_85F1EC4C8D,EONET_12618,2026-01-30T00:00:00Z,Point,-100.25,-71.61,72.0,NM^2
GEO_8D0DCB3392,EONET_12618,2026-02-26T00:00:00Z,Point,-103.78,-72.35,72.0,NM^2
GEO_37B554EF88,EONET_12618,2026-03-26T00:00:00Z,Point,-103.89,-73.1,72.0,NM^2
GEO_33D5378890,EONET_12618,2026-04-10T00:00:00Z,Point,-104.89,-73.86,72.0,NM^2
GEO_96374EEACB,EONET_12618,2026-04-24T00:00:00Z,Point,-106.83,-73.24,72.0,NM^2
GEO_7E08884633,EONET_12618,2026-05-15T00:00:00Z,Point,-107.18,-72.78,72.0,NM^2
GEO_31E699D05B,EONET_12618,2026-05-21T00:00:00Z,Point,-108.28,-72.44,72.0,NM^2
GEO_CBD1DAB65E,EONET_12595,2025-01-30T19:00:00Z,Point,129.76627104819855,-21.57456381971143,,
GEO_DB653ED1DF,EONET_12596,2025-01-30T19:00:00Z,Point,128.22824873414183,-21.908774378537625,,
GEO_917BAD3944,EONET_12660,2025-01-30T19:00:00Z,Point,23.48879600480071,6.371227222863023,,
GEO_F040FB7F4F,EONET_12661,2025-01-30T19:00:00Z,Point,114.53919872604449,-26.72809886289526,,
GEO_911CD7CD9B,EONET_12635,2025-01-30T09:47:00Z,Point,-94.856,32.949027,500.0,acres
GEO_E7AA6AE946,EONET_12632,2025-01-30T09:07:00Z,Point,-81.201153,27.639541,646.0,acres
GEO_3917354B9B,EONET_12634,2025-01-30T08:18:00Z,Point,-86.741262,31.0947,813.0,acres
GEO_452F915AFE,EONET_12631,2025-01-30T07:41:00Z,Point,-82.315783,30.348833,1655.0,acres
GEO_1CE5CDA75A,EONET_12633,2025-01-30T07:14:00Z,Point,-81.375717,26.194033,1561.0,acres
GEO_473F2743EE,EONET_12623,2025-01-29T19:19:00Z,Point,-82.012972,35.780278,644.0,acres
GEO_95E478C3DB,EONET_12576,2025-01-29T19:00:00Z,Point,136.24833739827668,-21.28478969016617,,
GEO_A3F575B492,EONET_12577,2025-01-29T19:00:00Z,Point,129.99623318922966,-21.88545679030662,,
GEO_E55B4D1457,EONET_12578,2025-01-29T19:00:00Z,Point,133.36242480924074,-23.61386299955419,,
GEO_42E8005F77,EONET_12579,2025-01-29T19:00:00Z,Point,130.06978055529294,-21.744266064008457,,
GEO_B3F6ADC672,EONET_12580,2025-01-29T19:00:00Z,Point,129.8340025202946,-21.896389066878967,,
GEO_EBE02CA407,EONET_12581,2025-01-29T19:00:00Z,Point,-64.99776701739984,-42.42085113643347,,
GEO_778BD37002,EONET_12597,2025-01-29T19:00:00Z,Point,130.41058593591805,-21.986378553248763,,
GEO_2D0FD9410F,EONET_12601,2025-01-29T19:00:00Z,Point,121.3404813531587,-22.63570407297024,,
GEO_DE9B4E980A,EONET_12602,2025-01-29T19:00:00Z,Point,130.52624581854514,-21.968328145153276,,
GEO_54302831C3,EONET_12603,2025-01-29T19:00:00Z,Point,-71.27855558190157,-39.549283063006605,,
GEO_3AE245D049,EONET_12604,2025-01-29T19:00:00Z,Point,26.344467867976064,4.7114204743932655,,
GEO_9EAF87065F,EONET_12605,2025-01-29T19:00:00Z,Point,136.0485708807638,-21.24119156101582,,
GEO_8988CA3407,EONET_12613,2025-01-29T19:00:00Z,Point,29.54600839192834,4.169479291926629,,
GEO_43A523B777,EONET_12643,2025-01-29T19:00:00Z,Point,135.37777735987646,-18.171704188049798,,
GEO_AEF16CFAA0,EONET_12650,2025-01-29T19:00:00Z,Point,-71.57446270555205,-41.87159400914621,,
GEO_A7AB2D6BF9,EONET_12662,2025-01-29T19:00:00Z,Point,25.627342431436055,6.526968954050283,,
GEO_EBDD9B61B3,EONET_12627,2025-01-29T17:04:00Z,Point,-80.0352778,37.1205556,555.0,acres
GEO_460163ABA0,EONET_12637,2025-01-29T08:12:00Z,Point,-82.591117,30.407667,3282.0,acres
GEO_BFC56C58BD,EONET_12636,2025-01-29T06:54:00Z,Point,-80.729517,25.359967,3500.0,acres
GEO_257F96AB55,EONET_12606,2025-01-28T19:00:00Z,Point,20.755136879863,7.2170449334925735,,
GEO_63F8E38055,EONET_12607,2025-01-28T19:00:00Z,Point,-71.53338735597129,-44.11259937851845,,
GEO_43A11B79D0,EONET_12608,2025-01-28T19:00:00Z,Point,24.54248508156241,6.542163458246979,,
GEO_D3A47FB30F,EONET_12614,2025-01-28T19:00:00Z,Point,26.37529569387727,4.461904024310162,,
GEO_4CCB0E4B30,EONET_12644,2025-01-28T19:00:00Z,Point,21.285451024725283,7.590988359496671,,
GEO_935629AB91,EONET_12651,2025-01-28T19:00:00Z,Point,25.136092727396697,6.919191198615752,,
GEO_456584F453,EONET_12652,2025-01-28T19:00:00Z,Point,-60.447795168425365,-28.72112020073024,,
GEO_7935774757,EONET_12549,2025-01-28T14:26:00Z,Point,-100.4166667,34.13333333,1985.0,acres
GEO_840A3A98DC,EONET_12547,2025-01-28T08:50:00Z,Point,-93.687909,35.654283,600.0,acres
GEO_EC223D3540,EONET_12548,2025-01-28T07:35:00Z,Point,-92.764833,36.702667,1850.0,acres
GEO_8ECF13DFF7,EONET_12546,2025-01-28T07:00:00Z,Point,-84.647,30.196,1372.0,acres
GEO_B38FF3C020,EONET_12565,2025-01-27T19:00:00Z,Point,128.53236848328459,-20.88336116083613,,
GEO_BD46DCB72F,EONET_12566,2025-01-27T19:00:00Z,Point,133.55486210204344,-23.6954090111821,,
GEO_FF5F49A2FF,EONET_12567,2025-01-27T19:00:00Z,Point,137.05208275210717,-20.47876545478382,,
GEO_FF1E0898CA,EONET_12582,2025-01-27T19:00:00Z,Point,29.461207611977972,4.270072900099985,,
GEO_3BFD98E958,EONET_12583,2025-01-27T19:00:00Z,Point,147.53775362853253,-29.793679739330724,,
GEO_9E4DE2FCBC,EONET_12584,2025-01-27T19:00:00Z,Point,130.57027694561188,-22.799132904857977,,
GEO_18EE44CBAA,EONET_12585,2025-01-27T19:00:00Z,Point,-12.933448242081461,13.012954372032757,,
GEO_23D0F10838,EONET_12586,2025-01-27T19:00:00Z,Point,31.8502560904744,8.896386720677828,,
GEO_CCC57A25D6,EONET_12598,2025-01-27T19:00:00Z,Point,23.876386527319223,7.1993776159901754,,
GEO_D3E4D5AB0B,EONET_12615,2025-01-27T19:00:00Z,Point,25.0126396242242,6.604124756620417,,
GEO_D232DD821F,EONET_12645,2025-01-27T19:00:00Z,Point,19.600395279239702,10.73437955446191,,
GEO_B02341C36B,EONET_12653,2025-01-27T19:00:00Z,Point,130.65086491802245,-21.83254646420518,,
GEO_98F6F32854,EONET_12551,2025-01-27T13:00:00Z,Point,-106.499783,35.038367,600.0,acres
GEO_98D1094659,EONET_12550,2025-01-27T07:11:00Z,Point,-81.354117,26.18145,531.0,acres
GEO_9C6550CADB,EONET_12531,2025-01-26T19:00:00Z,Point,142.26831861566103,-37.39018998001453,,
GEO_9474A2DAEC,EONET_12568,2025-01-26T19:00:00Z,Point,33.64880139151565,7.3367814061969465,,
GEO_9FC410D16D,EONET_12569,2025-01-26T19:00:00Z,Point,130.70949808302024,-22.03345377254713,,
GEO_5C55C7EAC4,EONET_12570,2025-01-26T19:00:00Z,Point,0.49081958160892775,11.453506668235889,,
GEO_E8751C1BDB,EONET_12587,2025-01-26T19:00:00Z,Point,142.32325318877983,-37.108913005351596,,
GEO_62D97029D2,EONET_12599,2025-01-26T19:00:00Z,Point,-9.727618384364476,9.39538873791439,,
GEO_0B9150C089,EONET_12553,2025-01-26T07:20:00Z,Point,-81.119033,25.99505,4542.0,acres
GEO_769847BC88,EONET_12571,2025-01-25T19:00:00Z,Point,126.5488084885653,-22.037281256641645,,
GEO_5B832329B2,EONET_12559,2025-01-25T14:24:00Z,Point,-95.646472,31.963781,750.0,acres
GEO_9B4CE46371,EONET_12560,2025-01-25T14:23:00Z,Point,-94.795964,32.912309,1270.0,acres
GEO_36423858C9,EONET_12556,2025-01-25T09:14:00Z,Point,-94.221833,31.100967,4246.0,acres
GEO_8EACD6FC8D,EONET_12558,2025-01-25T09:00:00Z,Point,-92.5479,31.1223,1417.0,acres
GEO_9D97B442B5,EONET_12557,2025-01-25T07:52:00Z,Point,-81.119033,25.99505,3500.0,acres
GEO_AE673BFB42,EONET_12516,2025-01-24T19:00:00Z,Point,134.38004849294296,-19.080078881179855,,
GEO_41C3E60037,EONET_12532,2025-01-24T19:00:00Z,Point,26.47168101225164,6.1079861834422955,,
GEO_5548319247,EONET_12572,2025-01-24T19:00:00Z,Point,23.601687852250752,7.681942136359429,,
GEO_7B3F513D70,EONET_12573,2025-01-24T19:00:00Z,Point,2.685864166391419,11.781485004998006,,
GEO_63C24E57E1,EONET_12588,2025-01-24T19:00:00Z,Point,25.74499923763562,6.556596691689325,,
GEO_500676471A,EONET_12616,2025-01-24T19:00:00Z,Point,25.059919627027313,6.587240195930185,,
GEO_826BDCBDE2,EONET_12646,2025-01-24T19:00:00Z,Point,-2.8735749802971253,7.044105874080034,,
GEO_E7877E0224,EONET_12843,2025-01-24T10:00:00Z,Point,-92.545833,31.850833,910.0,acres
GEO_F5BC8F0ABE,EONET_12561,2025-01-24T09:22:00Z,Point,-92.54385,31.552117,1793.0,acres
GEO_65E7A04CCC,EONET_12562,2025-01-24T07:42:00Z,Point,-81.119033,25.99505,630.0,acres
GEO_C72C534F0C,EONET_12552,2025-01-23T19:22:00Z,Point,-85.891111,33.439444,1056.0,acres
GEO_68AFD4722A,EONET_12507,2025-01-23T19:00:00Z,Point,-116.37322751142813,31.724787241878797,,
GEO_068B1C2215,EONET_12508,2025-01-23T19:00:00Z,Point,3.3073357069855387,15.978467335760367,,
GEO_636EBA66AD,EONET_12509,2025-01-23T19:00:00Z,Point,134.7105768112027,-20.398595554411198,,
GEO_25DA439F3B,EONET_12517,2025-01-23T19:00:00Z,Point,141.25320940587116,-21.823154313911843,,
GEO_F85810788E,EONET_12518,2025-01-23T19:00:00Z,Point,131.41137712176814,-21.161524269874647,,
GEO_71FF30221C,EONET_12519,2025-01-23T19:00:00Z,Point,23.781454601735984,7.204621254029128,,
GEO_8825424140,EONET_12533,2025-01-23T19:00:00Z,Point,140.22887240711827,-20.68107420454767,,
GEO_B7425203F1,EONET_12534,2025-01-23T19:00:00Z,Point,24.9667888539489,6.700097422951898,,
GEO_10FDAF1B86,EONET_12535,2025-01-23T19:00:00Z,Point,133.56402366360498,-20.579189452891754,,
GEO_F83765ED3F,EONET_12589,2025-01-23T19:00:00Z,Point,21.295372552036213,7.932238558926085,,
GEO_20D613B1FD,EONET_12590,2025-01-23T19:00:00Z,Point,26.65846224045128,6.705074429748912,,
GEO_5A1164E074,EONET_12543,2025-01-23T16:59:00Z,Point,-116.841271,32.600524,6625.0,acres
GEO_D19BE58579,EONET_12555,2025-01-23T10:42:00Z,Point,-95.080147,31.42057,839.0,acres
GEO_B4FD4B96A4,EONET_12563,2025-01-23T10:06:00Z,Point,-103.935533,43.992117,850.0,acres
GEO_823C5BCFB7,EONET_12502,2025-01-22T19:00:00Z,Point,137.69269414198752,-21.69205573182248,,
GEO_5AB0087DDD,EONET_12503,2025-01-22T19:00:00Z,Point,119.64922948625868,-32.050764362710375,,
GEO_CABBB76740,EONET_12510,2025-01-22T19:00:00Z,Point,-1.4673808092817984,13.586130211170978,,
GEO_856443A593,EONET_12511,2025-01-22T19:00:00Z,Point,26.549608165786484,6.098686187696297,,
GEO_0D7AFE7039,EONET_12520,2025-01-22T19:00:00Z,Point,141.39129930892824,-21.856100928187576,,
GEO_ED3909531C,EONET_12521,2025-01-22T19:00:00Z,Point,25.91995736862296,6.8331246646720025,,
GEO_55FA7FD7FB,EONET_12526,2025-01-22T19:00:00Z,Point,24.256649013390984,7.5841122244415,,
GEO_C112C71A9D,EONET_12527,2025-01-22T19:00:00Z,Point,23.764768315491057,7.267330153046085,,
GEO_0D22A6E285,EONET_12536,2025-01-22T19:00:00Z,Point,26.68604940892622,5.763256592769755,,
GEO_B11ED10D1A,EONET_12537,2025-01-22T19:00:00Z,Point,29.54241317313306,4.01911380504089,,
GEO_61BB6ED7B5,EONET_12538,2025-01-22T19:00:00Z,Point,25.091297584432013,6.7545981231062,,
GEO_2FDBD03916,EONET_12574,2025-01-22T19:00:00Z,Point,31.603239169720382,8.94059994269145,,
GEO_88327A8F99,EONET_12591,2025-01-22T19:00:00Z,Point,29.734615007658604,4.336038515922353,,
GEO_28EF982A6A,EONET_12544,2025-01-22T13:43:00Z,Point,-118.559217,34.543023,10425.0,acres
GEO_2B2F62920C,EONET_12564,2025-01-22T09:15:00Z,Point,-110.212133,34.25595,572.0,acres
GEO_A7C9B9A08D,EONET_12522,2025-01-21T19:00:00Z,Point,32.34030216683976,8.722052538647928,,
GEO_42E1072387,EONET_12528,2025-01-21T19:00:00Z,Point,21.91508754106496,8.157632765255649,,
GEO_D571719E38,EONET_12529,2025-01-21T19:00:00Z,Point,25.98875937334182,6.744350843999465,,
GEO_BF9818E10A,EONET_12575,2025-01-21T19:00:00Z,Point,11.362924116958574,7.8367224763728744,,
GEO_6BC3C40510,EONET_12592,2025-01-21T19:00:00Z,Point,21.14377901442735,7.3491119452343,,
GEO_033C2D13EA,EONET_12593,2025-01-21T19:00:00Z,Point,11.452327533308084,7.892386383174827,,
GEO_3A5C6EF3D6,EONET_12498,2025-01-20T19:00:00Z,Point,26.85266626351784,6.615419856825279,,
GEO_3208AF67F4,EONET_12504,2025-01-20T19:00:00Z,Point,-68.52812867969303,5.982303785656416,,
GEO_7EE44FBE5B,EONET_12512,2025-01-20T19:00:00Z,Point,24.573898604345196,7.256387123481471,,
GEO_7D51A9713C,EONET_12513,2025-01-20T19:00:00Z,Point,24.83139570507956,7.345413921117982,,
GEO_6B361DED55,EONET_12539,2025-01-20T19:00:00Z,Point,26.98873017050219,6.666161404898235,,
GEO_02A0B58D08,EONET_12540,2025-01-20T19:00:00Z,Point,19.64024871587587,7.884066761994765,,
GEO_86AFE38715,EONET_12514,2025-01-19T19:00:00Z,Point,18.28788429900183,10.205279962666301,,
GEO_3BB478A29C,EONET_12515,2025-01-19T19:00:00Z,Point,34.346772348557046,7.341853267579223,,
GEO_9673D84C83,EONET_12530,2025-01-19T19:00:00Z,Point,26.43200412145335,6.181797933976179,,
GEO_5AB59C73C1,EONET_12499,2025-01-18T19:00:00Z,Point,25.018956451952462,6.855641426990895,,
GEO_E9EA75B323,EONET_12505,2025-01-18T19:00:00Z,Point,-72.80214481008075,-37.923025622132336,,
GEO_32FA6BCC87,EONET_12506,2025-01-18T19:00:00Z,Point,-12.992122839026663,12.976353057355581,,
GEO_630D082689,EONET_12523,2025-01-18T19:00:00Z,Point,24.42158559408052,7.181224669158938,,
GEO_347F62DB22,EONET_12524,2025-01-18T19:00:00Z,Point,24.497252713447917,7.270970996872754,,
GEO_01AE0A9B54,EONET_12487,2025-01-18T18:25:00Z,Point,-95.266185,29.131072,893.0,acres
GEO_C2797C1416,EONET_12488,2025-01-18T09:15:00Z,Point,-95.269524,29.130928,844.0,acres
GEO_A4FA1089B1,EONET_12481,2025-01-17T19:00:00Z,Point,-0.10904156138328022,13.06104584557223,,
GEO_044C6125CE,EONET_12494,2025-01-17T19:00:00Z,Point,-13.12286976324657,12.938343020102494,,
GEO_C1F24A5005,EONET_12489,2025-01-17T16:22:00Z,Point,-102.49785,33.59301667,555.0,acres
GEO_35F31A2A3B,EONET_12490,2025-01-17T09:12:00Z,Point,-93.0487,31.0459,2600.0,acres
GEO_81EBAE811A,EONET_12467,2025-01-16T19:00:00Z,Point,145.81224168300193,-23.215124418195842,,
GEO_84385DBE59,EONET_12482,2025-01-16T19:00:00Z,Point,141.35813577175176,-21.97063635244438,,
GEO_743E0BA6D6,EONET_12493,2025-01-16T19:00:00Z,Point,39.01424498500139,1.1868267133553414,,
GEO_672E293E7F,EONET_12495,2025-01-16T19:00:00Z,Point,133.6474109002013,-19.845794552829524,,
GEO_0B28A906E6,EONET_12486,2025-01-16T09:29:00Z,Point,-92.537713,31.822407,2026.0,acres
GEO_0448D80B9B,EONET_12491,2025-01-16T09:29:00Z,Point,-92.514816,31.488211,648.0,acres
GEO_D744537733,EONET_12459,2025-01-15T19:00:00Z,Point,145.83193104098336,-23.365211933574177,,
GEO_84365C3375,EONET_12468,2025-01-15T19:00:00Z,Point,145.8073170545561,-23.216810394284703,,
GEO_A7381AB591,EONET_12475,2025-01-15T19:00:00Z,Point,137.14379953718876,-17.40762574804121,,
GEO_81B812FBFA,EONET_12476,2025-01-15T19:00:00Z,Point,140.39014905459132,-21.432914061210248,,
GEO_A014BFCA05,EONET_12496,2025-01-15T19:00:00Z,Point,147.2790250758761,-24.826809836165882,,
GEO_9591AB10BE,EONET_12525,2025-01-15T19:00:00Z,Point,32.63591237407198,8.430679414319268,,
GEO_5AEB3D37DD,EONET_12492,2025-01-15T08:00:00Z,Point,-81.314278,27.696106,594.0,acres
GEO_DC84A4B7F3,EONET_12460,2025-01-14T19:00:00Z,Point,146.73447185026714,-22.18161304787214,,
GEO_4FDF59EA49,EONET_12477,2025-01-14T19:00:00Z,Point,133.48205481072037,-19.80699487068191,,
GEO_6579C9BC0D,EONET_12483,2025-01-14T19:00:00Z,Point,38.83808433827175,1.1341487917791186,,
GEO_23214051DF,EONET_12500,2025-01-14T19:00:00Z,Point,-68.30449310013243,6.515491876709809,,
GEO_C49EBCA87B,EONET_12448,2025-01-13T19:00:00Z,Point,33.08764341530124,7.421579749843402,,
GEO_C3B9452A1A,EONET_12461,2025-01-13T19:00:00Z,Point,33.65236570153123,6.45361411829087,,
GEO_5F3E65C73F,EONET_12469,2025-01-13T19:00:00Z,Point,25.460475329045163,6.669826489264874,,
GEO_03E61C9C05,EONET_12470,2025-01-13T19:00:00Z,Point,139.96745647880354,-21.42530741847581,,
GEO_4810F3C913,EONET_12478,2025-01-13T19:00:00Z,Point,141.25314823354648,-21.949739850997183,,
GEO_B6A913D5C9,EONET_12501,2025-01-13T19:00:00Z,Point,5.053132570691755,9.78260358107889,,
GEO_9753421844,EONET_12449,2025-01-12T19:00:00Z,Point,26.128782520478033,4.447515288257361,,
GEO_9CEC17E434,EONET_12462,2025-01-12T19:00:00Z,Point,26.745302612329276,6.725158403435517,,
GEO_41F278A7E3,EONET_12463,2025-01-12T19:00:00Z,Point,26.895142800086475,6.0864942896052545,,
GEO_7FDF0FBA35,EONET_12479,2025-01-12T19:00:00Z,Point,139.4251629402829,-20.24571330288662,,
GEO_0BE9D5B087,EONET_12484,2025-01-12T19:00:00Z,Point,-0.8653330885248,7.548671615640485,,
GEO_71E83BFAD3,EONET_12485,2025-01-12T19:00:00Z,Point,24.612864779731442,6.75767404080306,,
GEO_34C23F54F4,EONET_12432,2025-01-11T19:00:00Z,Point,5.589456117209345,10.993517693760356,,
GEO_A22AF06131,EONET_12433,2025-01-11T19:00:00Z,Point,138.23897402742574,-19.305321305745732,,
GEO_0E5DA7C8EE,EONET_12442,2025-01-11T19:00:00Z,Point,29.26135608622843,3.7938585656117905,,
GEO_993904841F,EONET_12443,2025-01-11T19:00:00Z,Point,5.599164518849277,10.992991359871047,,
GEO_D006FE76E1,EONET_12450,2025-01-11T19:00:00Z,Point,24.25481699013978,7.775183636136251,,
GEO_C12DEE518D,EONET_12471,2025-01-11T19:00:00Z,Point,26.933773896508768,6.516761095625926,,
GEO_7918254A28,EONET_12472,2025-01-11T19:00:00Z,Point,24.350935124985455,7.743850682212539,,
GEO_3DD1AA960A,EONET_12473,2025-01-11T19:00:00Z,Point,23.796949151399215,7.664019043088235,,
GEO_49E6596984,EONET_12480,2025-01-11T19:00:00Z,Point,140.13584969703714,-20.462994352762895,,
GEO_8AE56B819D,EONET_12444,2025-01-10T19:00:00Z,Point,5.572152824857128,10.76482854700278,,
GEO_A1371F7938,EONET_12445,2025-01-10T19:00:00Z,Point,29.236285748068173,5.608946883876972,,
GEO_F0A10182A0,EONET_12451,2025-01-10T19:00:00Z,Point,25.624691005966262,6.765445317063179,,
GEO_86C2491583,EONET_12452,2025-01-10T19:00:00Z,Point,25.723481470697422,6.78049963138462,,
GEO_9CA481AF48,EONET_12464,2025-01-10T19:00:00Z,Point,24.90814684353292,6.95073734290221,,
GEO_4D4E341F57,EONET_12465,2025-01-10T19:00:00Z,Point,24.189575001044624,7.4047704422892755,,
GEO_0254C07342,EONET_12466,2025-01-10T19:00:00Z,Point,147.3683595858013,-20.69990393467754,,
GEO_99E8F4A795,EONET_12474,2025-01-10T19:00:00Z,Point,25.2913840782008,7.734524458992688,,
GEO_CCB9507195,EONET_12418,2025-01-10T08:21:00Z,Point,-81.085317,25.94815,800.0,acres
GEO_068C8F00D4,EONET_12378,2025-01-09T19:00:00Z,Point,125.78742919713191,-30.072085940749545,,
GEO_05B89B7D81,EONET_12379,2025-01-09T19:00:00Z,Point,145.76167885915638,-23.30549663822745,,
GEO_14A6BEB4E8,EONET_12403,2025-01-09T19:00:00Z,Point,23.11224176150521,8.809754411235778,,
GEO_3020BE02EA,EONET_12434,2025-01-09T19:00:00Z,Point,139.96617152175995,-19.84364421931252,,
GEO_6D7512973D,EONET_12435,2025-01-09T19:00:00Z,Point,140.0673165900393,-19.85475106635724,,
GEO_2CB5ECA007,EONET_12453,2025-01-09T19:00:00Z,Point,28.49067881867336,6.075907061947565,,
GEO_8979E40F2B,EONET_12419,2025-01-09T17:55:00Z,Point,-118.6688889,34.1855556,1052.0,acres
GEO_4E7D8DA911,EONET_12422,2025-01-09T08:05:00Z,Point,-81.24836,27.704922,924.0,acres
GEO_0B2AEB4317,EONET_12421,2025-01-09T07:16:00Z,Point,-81.085317,25.94815,3000.0,acres
GEO_A00B6F532E,EONET_12380,2025-01-08T19:00:00Z,Point,-11.94974634230096,15.702602425320045,,
GEO_3AE18F45DC,EONET_12381,2025-01-08T19:00:00Z,Point,29.457309382668015,3.8292096493421384,,
GEO_F1B26A9B5A,EONET_12382,2025-01-08T19:00:00Z,Point,24.154199456171117,7.913806124390041,,
GEO_BBE38BBCDE,EONET_12404,2025-01-08T19:00:00Z,Point,33.83242924666901,7.332794170794209,,
GEO_6C895C2045,EONET_12405,2025-01-08T19:00:00Z,Point,25.336951189878747,6.6520885959471014,,
GEO_2008646EAF,EONET_12423,2025-01-08T19:00:00Z,Point,25.442888423391533,6.75566072257997,,
GEO_E77E6766E5,EONET_12424,2025-01-08T19:00:00Z,Point,4.342710486779855,9.9588595360055,,
GEO_D57E824BCC,EONET_12446,2025-01-08T19:00:00Z,Point,19.775751159734504,7.767161010147166,,
GEO_9FE48A7126,EONET_12454,2025-01-08T19:00:00Z,Point,24.425489866895546,7.72251172360353,,
GEO_3F6087FA1A,EONET_12354,2025-01-08T09:29:00Z,Point,-92.973889,31.450278,1630.0,acres
GEO_8FC6797542,EONET_12842,2025-01-08T09:08:00Z,Point,-92.5583,31.216583,737.0,acres
GEO_28EFF47D83,EONET_12353,2025-01-08T08:20:00Z,Point,-81.314449,27.739102,575.0,acres
GEO_C1AE1B0E25,EONET_12352,2025-01-08T07:27:00Z,Point,-81.085317,25.94815,2800.0,acres
GEO_764E4A31F7,EONET_12350,2025-01-08T01:53:00Z,Point,-118.4622222,34.3261111,671.0,acres
GEO_9C9B13687A,EONET_12349,2025-01-07T21:22:00Z,Point,-118.10544,34.19163,10600.0,acres
GEO_C57D426B71,EONET_12356,2025-01-07T19:00:00Z,Point,-66.71514727835157,-35.95567608521341,,
GEO_5803D14845,EONET_12370,2025-01-07T19:00:00Z,Point,28.957613591734024,6.046657074348727,,
GEO_10F9BEDFB7,EONET_12383,2025-01-07T19:00:00Z,Point,24.15904609267727,7.52858009754865,,
GEO_C99CECFC87,EONET_12384,2025-01-07T19:00:00Z,Point,25.60411936346031,6.903869153322301,,
GEO_BFF3FB15E2,EONET_12385,2025-01-07T19:00:00Z,Point,27.437838205581603,6.5421536504062585,,
GEO_DDA2C1B025,EONET_12386,2025-01-07T19:00:00Z,Point,28.855603032498763,6.295209944028489,,
GEO_19D4FAE30E,EONET_12387,2025-01-07T19:00:00Z,Point,28.969304007635042,5.9993010878662725,,
GEO_6EF1B295F7,EONET_12406,2025-01-07T19:00:00Z,Point,27.341513340882162,6.298346450801321,,
GEO_69CBA220A2,EONET_12436,2025-01-07T19:00:00Z,Point,23.958303953071848,7.684651482376449,,
GEO_7F4787F76A,EONET_12437,2025-01-07T19:00:00Z,Point,23.60841318310432,7.851640253908411,,
GEO_DE9E231ECC,EONET_12455,2025-01-07T19:00:00Z,Point,23.891138700244177,7.5493546097607265,,
GEO_9DC600665F,EONET_12456,2025-01-07T19:00:00Z,Point,23.183202059395853,8.030579323339342,,
GEO_C1C07DF394,EONET_12457,2025-01-07T19:00:00Z,Point,-60.54322013405463,-28.71080477762367,,
GEO_2B4C2F7BB4,EONET_12337,2025-01-06T19:00:00Z,Point,131.98437690174902,-18.480783674567423,,
GEO_C525FA2C36,EONET_12346,2025-01-06T19:00:00Z,Point,-118.52992278167513,34.07474954660046,,
GEO_27F9EC2F66,EONET_12388,2025-01-06T19:00:00Z,Point,24.164441395508042,7.514049306173647,,
GEO_23F7622EDE,EONET_12389,2025-01-06T19:00:00Z,Point,25.21332028341864,7.725678776004848,,
GEO_199C208CE9,EONET_12390,2025-01-06T19:00:00Z,Point,28.4728767783849,6.378599198369397,,
GEO_DAC946EE16,EONET_12391,2025-01-06T19:00:00Z,Point,28.24967569124323,6.147168518914891,,
GEO_9E17E09500,EONET_12392,2025-01-06T19:00:00Z,Point,25.007763225542003,7.085800428065205,,
GEO_492B16E351,EONET_12407,2025-01-06T19:00:00Z,Point,25.889295293482096,6.246463308773805,,
GEO_4CCFD4A5CB,EONET_12408,2025-01-06T19:00:00Z,Point,24.46233082295362,7.474815796445171,,
GEO_597084DF09,EONET_12409,2025-01-06T19:00:00Z,Point,26.754148669766906,6.1867273120739315,,
GEO_722176DEDA,EONET_12425,2025-01-06T19:00:00Z,Point,23.55662384457641,7.4872386286773684,,
GEO_6EF7809E60,EONET_12438,2025-01-06T19:00:00Z,Point,24.171376560384335,7.946916634133042,,
GEO_48C3A7FE96,EONET_12357,2025-01-05T19:00:00Z,Point,133.13946134985105,-17.873800587891576,,
GEO_8853CBD0BC,EONET_12371,2025-01-05T19:00:00Z,Point,28.207039347601764,6.297082799880828,,
GEO_7223EBD24A,EONET_12393,2025-01-05T19:00:00Z,Point,28.545461311198515,5.6308675668764545,,
GEO_B5857C9499,EONET_12394,2025-01-05T19:00:00Z,Point,24.591782035299385,7.9208183558595175,,
GEO_FA8EE2688A,EONET_12395,2025-01-05T19:00:00Z,Point,24.34650207283469,6.475854407302515,,
GEO_476884DEFC,EONET_12396,2025-01-05T19:00:00Z,Point,28.445732347747235,5.811804597708213,,
GEO_AB19C466E4,EONET_12397,2025-01-05T19:00:00Z,Point,24.18684005038328,8.069433371206948,,
GEO_0479D8EA6D,EONET_12398,2025-01-05T19:00:00Z,Point,-0.45518888252213874,7.27309173801219,,
GEO_C3377C5DBE,EONET_12426,2025-01-05T19:00:00Z,Point,28.507116677675402,5.42044010992553,,
GEO_B2B3257735,EONET_12427,2025-01-05T19:00:00Z,Point,26.37064526922372,6.353502387198686,,
GEO_7E43B983B8,EONET_12439,2025-01-05T19:00:00Z,Point,28.5307387750879,5.188508864013533,,
GEO_5952C9513E,EONET_12440,2025-01-05T19:00:00Z,Point,28.597558334224125,6.177868233600621,,
GEO_F5342AD337,EONET_12447,2025-01-05T19:00:00Z,Point,27.078157404442244,6.580669705812777,,
GEO_9D21234342,EONET_12315,2025-01-04T19:00:00Z,Point,128.0892515441246,-19.320116584927433,,
GEO_392B87B331,EONET_12338,2025-01-04T19:00:00Z,Point,28.83886535544099,7.307432235925848,,
GEO_6B13FD7F24,EONET_12339,2025-01-04T19:00:00Z,Point,6.274460362330006,9.94628663313389,,
GEO_C19B21F5B6,EONET_12358,2025-01-04T19:00:00Z,Point,132.55111940108387,-18.43698266365114,,
GEO_74AEBDED9C,EONET_12359,2025-01-04T19:00:00Z,Point,26.560440507239445,6.757619497248186,,
GEO_6893C59572,EONET_12410,2025-01-04T19:00:00Z,Point,24.57200421840502,7.918437301030897,,
GEO_6EF4CB4E21,EONET_12411,2025-01-04T19:00:00Z,Point,32.604941578819094,9.45370374704859,,
GEO_20A698E08E,EONET_12428,2025-01-04T19:00:00Z,Point,25.390808624740867,7.471348448177638,,
GEO_2DE4C59CDF,EONET_12429,2025-01-04T19:00:00Z,Point,26.780344047784485,5.968224719019125,,
GEO_B9DCE9ABA3,EONET_12458,2025-01-04T19:00:00Z,Point,32.6489740605288,8.34621625159277,,
GEO_71FE45F86B,EONET_12326,2025-01-03T19:00:00Z,Point,28.715603136286663,5.823383987547148,,
GEO_7AEC5359AE,EONET_12340,2025-01-03T19:00:00Z,Point,-0.677084138142933,7.376306623347025,,
GEO_63D57A579C,EONET_12360,2025-01-03T19:00:00Z,Point,28.955048839890075,5.4773990472185385,,
GEO_E8BDACC652,EONET_12361,2025-01-03T19:00:00Z,Point,143.8686649039378,-19.94182459663413,,
GEO_08E05A155D,EONET_12372,2025-01-03T19:00:00Z,Point,30.82633640276625,4.694532163988489,,
GEO_45843B8350,EONET_12399,2025-01-03T19:00:00Z,Point,24.06505273140386,7.920999912004943,,
GEO_3FDEA9AC1A,EONET_12441,2025-01-03T19:00:00Z,Point,1.5259532162596805,11.31447983579301,,
GEO_42510016D6,EONET_12299,2025-01-02T19:00:00Z,Point,32.20238942634547,4.991143274451286,,
GEO_4799C3E78C,EONET_12300,2025-01-02T19:00:00Z,Point,25.306617211078507,7.135346282679075,,
GEO_A7EE8AEA08,EONET_12301,2025-01-02T19:00:00Z,Point,139.45651729891827,-19.66849278545917,,
GEO_607004DBF6,EONET_12327,2025-01-02T19:00:00Z,Point,139.77204418429983,-20.322378666275718,,
GEO_8F108C7BBD,EONET_12341,2025-01-02T19:00:00Z,Point,24.38113238269224,7.9453238061978535,,
GEO_D9D052A26F,EONET_12347,2025-01-02T19:00:00Z,Point,29.519441922371442,5.7726484994225284,,
GEO_515E060901,EONET_12362,2025-01-02T19:00:00Z,Point,27.22592214909259,6.304150886320627,,
GEO_8784DC709C,EONET_12373,2025-01-02T19:00:00Z,Point,24.661319102789626,6.901886751822888,,
GEO_8E8483C302,EONET_12412,2025-01-02T19:00:00Z,Point,26.293489489141802,7.147499841829622,,
GEO_453FDF4E42,EONET_12413,2025-01-02T19:00:00Z,Point,23.734281689835793,8.865031092041828,,
GEO_BD9587E634,EONET_12414,2025-01-02T19:00:00Z,Point,102.79340642999857,13.552649251455412,,
GEO_0C8E4FA9DA,EONET_12289,2025-01-01T19:00:00Z,Point,145.6479987140522,-23.141873376916116,,
GEO_912B38C175,EONET_12302,2025-01-01T19:00:00Z,Point,33.21019872367589,5.6053010320311065,,
GEO_1A4D3C3805,EONET_12303,2025-01-01T19:00:00Z,Point,25.638146080993973,7.159515007951265,,
GEO_7CDE85FB31,EONET_12304,2025-01-01T19:00:00Z,Point,25.282955006640076,7.263545725315286,,
GEO_F098CD7C64,EONET_12316,2025-01-01T19:00:00Z,Point,24.682404353351295,7.4266108762336716,,
GEO_1CDC5A6CA8,EONET_12317,2025-01-01T19:00:00Z,Point,25.31521200797027,7.1314161961233085,,
GEO_A27E7C8F3B,EONET_12318,2025-01-01T19:00:00Z,Point,25.596329189778793,7.154042552980861,,
GEO_C1F53AF9A0,EONET_12319,2025-01-01T19:00:00Z,Point,25.38756107947169,7.321409363258191,,
GEO_FEF6EF2C34,EONET_12328,2025-01-01T19:00:00Z,Point,27.020264488215748,6.932637287457487,,
GEO_8AF74F2BBC,EONET_12329,2025-01-01T19:00:00Z,Point,24.070280344680395,8.236082854540957,,
GEO_C591933381,EONET_12342,2025-01-01T19:00:00Z,Point,28.790837717505433,6.108187699792875,,
GEO_78D42A0B9E,EONET_12348,2025-01-01T19:00:00Z,Point,33.336011825860055,5.653799586554413,,
GEO_DAEFB36451,EONET_12363,2025-01-01T19:00:00Z,Point,27.06965475270917,6.814826268339849,,
GEO_52338EC519,EONET_12400,2025-01-01T19:00:00Z,Point,23.316758534764386,8.065929197503586,,
GEO_936B5E5CCD,EONET_12401,2025-01-01T19:00:00Z,Point,28.323536540747092,5.782587809832636,,
GEO_B515A3B9A3,EONET_12402,2025-01-01T19:00:00Z,Point,28.635655693744823,5.366769725535472,,
GEO_74B743495C,EONET_12415,2025-01-01T19:00:00Z,Point,8.3091365221266,7.4672586391727815,,
GEO_FD0A85594D,EONET_12416,2025-01-01T19:00:00Z,Point,26.408365326896188,7.279329852468023,,
GEO_D3382EC6E1,EONET_12417,2025-01-01T19:00:00Z,Point,23.9971550742324,7.8233705991794,,
GEO_B682363AA9,EONET_12430,2025-01-01T19:00:00Z,Point,5.707004688934809,10.738353922767246,,
GEO_DC7CC9550F,EONET_12305,2024-12-31T19:00:00Z,Point,26.20167704572428,7.108130554584191,,
GEO_8AFE870FB6,EONET_12306,2024-12-31T19:00:00Z,Point,23.54838429397989,8.328229278608866,,
GEO_827F0CB110,EONET_12307,2024-12-31T19:00:00Z,Point,28.23291241255462,5.9826071809141546,,
GEO_73E9601884,EONET_12320,2024-12-31T19:00:00Z,Point,25.25894235538426,7.266378284672815,,
GEO_8B31F63FDD,EONET_12330,2024-12-31T19:00:00Z,Point,27.275564416995596,6.715445291087088,,
GEO_2D5A7A247A,EONET_12331,2024-12-31T19:00:00Z,Point,28.63980075781764,5.161423251213588,,
GEO_101125FEEA,EONET_12343,2024-12-31T19:00:00Z,Point,24.720602259724377,7.539876500960804,,
GEO_757BDAFC16,EONET_12364,2024-12-31T19:00:00Z,Point,23.345129131347512,8.804583536249867,,
GEO_073DD26989,EONET_12365,2024-12-31T19:00:00Z,Point,24.432461879308494,7.035208922425168,,
GEO_9BA46A4DAC,EONET_12374,2024-12-31T19:00:00Z,Point,32.82646701499584,9.636456734238907,,
GEO_FE5F39816D,EONET_12375,2024-12-31T19:00:00Z,Point,10.556407306837032,9.019905871814057,,
GEO_B66CB16242,EONET_12290,2024-12-30T19:00:00Z,Point,24.330016349942017,8.374277877520441,,
GEO_679E82575A,EONET_12308,2024-12-30T19:00:00Z,Point,34.23122225076278,6.7273560490286295,,
GEO_3E1B8AB63C,EONET_12321,2024-12-30T19:00:00Z,Point,27.026129872183947,6.465793080806328,,
GEO_6D2DF4A023,EONET_12322,2024-12-30T19:00:00Z,Point,24.891520142755166,8.121046275394463,,
GEO_AB6147CDAE,EONET_12323,2024-12-30T19:00:00Z,Point,25.787079105825043,7.899065703811093,,
GEO_A2ACF635C0,EONET_12332,2024-12-30T19:00:00Z,Point,24.17598543282239,8.17001793731142,,
GEO_9325E14BF0,EONET_12333,2024-12-30T19:00:00Z,Point,28.39455601125998,6.010655029311915,,
GEO_D794949E48,EONET_12344,2024-12-30T19:00:00Z,Point,26.34065666366354,7.387414121325905,,
GEO_B7D900D015,EONET_12243,2024-12-29T19:00:00Z,Point,133.14704800621266,-17.726733463210202,,
GEO_BE698518B5,EONET_12244,2024-12-29T19:00:00Z,Point,28.243029948199272,5.76598484550449,,
GEO_FB1C1FBAB6,EONET_12264,2024-12-29T19:00:00Z,Point,132.21859673766923,-17.06398922433114,,
GEO_4D1C42DC3A,EONET_12280,2024-12-29T19:00:00Z,Point,27.14630100043045,6.510223056647439,,
GEO_B5A0DA23E2,EONET_12324,2024-12-29T19:00:00Z,Point,27.090493266571126,6.292370024590595,,
GEO_F4728557FF,EONET_12325,2024-12-29T19:00:00Z,Point,28.657574587618303,5.493649613768618,,
GEO_11FC54660D,EONET_12334,2024-12-29T19:00:00Z,Point,5.829897146163884,10.445773245470278,,
GEO_96B805E4E5,EONET_12345,2024-12-29T19:00:00Z,Point,24.359244918800016,8.145142021584281,,
GEO_A07232A47C,EONET_12245,2024-12-28T19:00:00Z,Point,27.56431958608968,6.734463068611611,,
GEO_4A05FE6213,EONET_12246,2024-12-28T19:00:00Z,Point,23.986243037059587,8.242940241935587,,
GEO_8ABA0497F2,EONET_12247,2024-12-28T19:00:00Z,Point,25.167160920092606,7.474565902609471,,
GEO_70EEAA7097,EONET_12248,2024-12-28T19:00:00Z,Point,23.879051112068094,8.103531536277943,,
GEO_3B26F74071,EONET_12265,2024-12-28T19:00:00Z,Point,135.30977008759658,-17.25107698706078,,
GEO_D0AC2C5666,EONET_12266,2024-12-28T19:00:00Z,Point,-12.750769932772975,13.21831060433692,,
GEO_A1A576A541,EONET_12267,2024-12-28T19:00:00Z,Point,22.20722639459965,8.803820061048462,,
GEO_12A242237A,EONET_12268,2024-12-28T19:00:00Z,Point,24.28912935494622,8.510301301586463,,
GEO_A77A888EB0,EONET_12281,2024-12-28T19:00:00Z,Point,19.436361210695747,10.904065572091588,,
GEO_8170FAD1F2,EONET_12282,2024-12-28T19:00:00Z,Point,24.670174324444023,8.14617076379209,,
GEO_B1795BFB25,EONET_12291,2024-12-28T19:00:00Z,Point,23.86432821739193,7.748692625272149,,
GEO_467178E1CC,EONET_12292,2024-12-28T19:00:00Z,Point,132.31626558957637,-20.30091561235889,,
GEO_173AD28F65,EONET_12309,2024-12-28T19:00:00Z,Point,26.485782308663456,6.858677543263291,,
GEO_D080B18A78,EONET_12310,2024-12-28T19:00:00Z,Point,144.12163105672698,-20.13989157541881,,
GEO_563B11622B,EONET_12311,2024-12-28T19:00:00Z,Point,135.35111581184833,-19.652437610671935,,
GEO_DB54504094,EONET_12366,2024-12-28T19:00:00Z,Point,27.8191907345819,5.548516889793419,,
GEO_937593AAEE,EONET_12236,2024-12-27T19:00:00Z,Point,-12.992992174680735,13.119811868550203,,
GEO_DA9E78DE41,EONET_12237,2024-12-27T19:00:00Z,Point,25.720513181555557,7.560869577734518,,
GEO_1F72A0F27D,EONET_12249,2024-12-27T19:00:00Z,Point,23.57150501859612,8.93168974718822,,
GEO_E5DD02A554,EONET_12250,2024-12-27T19:00:00Z,Point,23.504470864279615,8.629271989415493,,
GEO_693BD491E4,EONET_12251,2024-12-27T19:00:00Z,Point,26.400942609511336,6.547949349626037,,
GEO_D072F35B6A,EONET_12252,2024-12-27T19:00:00Z,Point,27.558520882581565,6.689468337688547,,
GEO_49E8A462C0,EONET_12253,2024-12-27T19:00:00Z,Point,24.93377710957316,7.6467436438240215,,
GEO_933A2F4DD6,EONET_12269,2024-12-27T19:00:00Z,Point,24.622956593525625,7.599629854515654,,
GEO_37C7AE708C,EONET_12270,2024-12-27T19:00:00Z,Point,23.78254629289589,8.06330808171338,,
GEO_3AF2E4CAEA,EONET_12271,2024-12-27T19:00:00Z,Point,23.978395359210438,8.237630868150829,,
GEO_D06524E21B,EONET_12272,2024-12-27T19:00:00Z,Point,23.86357837457175,8.129756506247471,,
GEO_7FC9B58EBF,EONET_12283,2024-12-27T19:00:00Z,Point,28.156225273652712,6.109092952157781,,
GEO_52FDFB9668,EONET_12284,2024-12-27T19:00:00Z,Point,23.412842125647995,8.151080191066356,,
GEO_1FAF65E55E,EONET_12293,2024-12-27T19:00:00Z,Point,-1.1347593284638946,10.04018296591252,,
GEO_8D3DDCF916,EONET_12294,2024-12-27T19:00:00Z,Point,24.662069294403462,7.1086760671747165,,
GEO_42A4D15928,EONET_12295,2024-12-27T19:00:00Z,Point,23.76733229180104,8.208512372088983,,
GEO_64B85145FC,EONET_12312,2024-12-27T19:00:00Z,Point,23.440408208448083,8.696436566740989,,
GEO_2BCB9E7107,EONET_12313,2024-12-27T19:00:00Z,Point,23.761056770447674,7.510097387588692,,
GEO_C32029DCD1,EONET_12335,2024-12-27T19:00:00Z,Point,23.72777515054142,8.97897606456161,,
GEO_3B9E51FE0F,EONET_12238,2024-12-26T19:00:00Z,Point,139.5608362749088,-19.968608906779078,,
GEO_F86316BEF7,EONET_12254,2024-12-26T19:00:00Z,Point,-0.3604746601194578,7.195006799160246,,
GEO_6DD56BA536,EONET_12273,2024-12-26T19:00:00Z,Point,28.722049883211167,6.569177788788793,,
GEO_9DBED5F6E7,EONET_12274,2024-12-26T19:00:00Z,Point,22.257301000497232,-33.34002923002207,,
GEO_CA573A3A34,EONET_12275,2024-12-26T19:00:00Z,Point,138.23859035149061,-18.681559457608014,,
GEO_5E15F71715,EONET_12276,2024-12-26T19:00:00Z,Point,23.786380694334504,8.438761940963216,,
GEO_26AD9A7B1B,EONET_12277,2024-12-26T19:00:00Z,Point,26.71447230443949,6.607790956857743,,
GEO_F193DF43A0,EONET_12285,2024-12-26T19:00:00Z,Point,27.892779507728637,5.902791592719028,,
GEO_514A0328D8,EONET_12286,2024-12-26T19:00:00Z,Point,26.780350626723607,6.889039832041436,,
GEO_6C86312E80,EONET_12296,2024-12-26T19:00:00Z,Point,28.95684115549879,5.84345069172117,,
GEO_D1EFC33A69,EONET_12297,2024-12-26T19:00:00Z,Point,24.522016644912263,8.648603871350426,,
GEO_577248E90E,EONET_12336,2024-12-26T19:00:00Z,Point,26.671307514877125,6.308960834748664,,
GEO_910C26081E,EONET_12255,2024-12-25T19:00:00Z,Point,24.065838915888023,8.41146391521609,,
GEO_5ADFBEE99F,EONET_12256,2024-12-25T19:00:00Z,Point,24.930584770818943,7.907935485235593,,
GEO_61F0057589,EONET_12278,2024-12-25T19:00:00Z,Point,139.47646895777228,-20.06234842672937,,
GEO_C11C6F5D6D,EONET_12287,2024-12-25T19:00:00Z,Point,-1.7678305853207863,10.676440358772018,,
GEO_2B01F71BEE,EONET_12298,2024-12-25T19:00:00Z,Point,23.455012721342857,7.160662169295666,,
GEO_4188BEB55C,EONET_12228,2024-12-24T19:00:00Z,Point,33.31830135195603,5.960643929205326,,
GEO_A22FB8ECBB,EONET_12229,2024-12-24T19:00:00Z,Point,143.72523774771264,-20.040331468586977,,
GEO_C22572D225,EONET_12239,2024-12-24T19:00:00Z,Point,139.23801061055505,-19.08812664966159,,
GEO_607AC5FDA2,EONET_12240,2024-12-24T19:00:00Z,Point,25.165886459683723,7.998438598310289,,
GEO_1445F734B3,EONET_12257,2024-12-24T19:00:00Z,Point,26.86769016783881,7.304052627950877,,
GEO_4974AF5207,EONET_12258,2024-12-24T19:00:00Z,Point,28.758573686998712,6.03307996712853,,
GEO_4BDD3064B6,EONET_12259,2024-12-24T19:00:00Z,Point,-13.22090340811671,12.928030726983149,,
GEO_F908E75B47,EONET_12203,2024-12-23T19:00:00Z,Point,33.240269573637335,6.060168006483732,,
GEO_431BDE566D,EONET_12204,2024-12-23T19:00:00Z,Point,146.22937318531575,-23.24685599582275,,
GEO_1C206A53AE,EONET_12205,2024-12-23T19:00:00Z,Point,138.7319185515361,-19.883834863665182,,
GEO_1A50E371D7,EONET_12206,2024-12-23T19:00:00Z,Point,134.3682704125999,-17.732976374049688,,
GEO_7DD05E54FD,EONET_12220,2024-12-23T19:00:00Z,Point,140.0207255986671,-20.42613870887447,,
GEO_058C595F0E,EONET_12230,2024-12-23T19:00:00Z,Point,120.64403253748308,-30.616429900612538,,
GEO_C992B06DD7,EONET_12231,2024-12-23T19:00:00Z,Point,31.862204905244752,6.851591531000284,,
GEO_3153463B61,EONET_12241,2024-12-23T19:00:00Z,Point,145.49242110166543,-21.652017104608205,,
GEO_7BDCD957F9,EONET_12242,2024-12-23T19:00:00Z,Point,141.6229536369306,-19.269656671018662,,
GEO_A8607D4EC3,EONET_12260,2024-12-23T19:00:00Z,Point,27.916501493900782,6.016896577836094,,
GEO_88F777B793,EONET_12219,2024-12-23T15:23:00Z,Point,-81.863359,37.715412,535.62,acres
GEO_4CE900B22B,EONET_12367,2024-12-23T00:00:00Z,Point,-155.287,19.421,,
GEO_5EC9F51AF9,EONET_12207,2024-12-22T19:00:00Z,Point,24.829211857916736,7.196690786437291,,
GEO_381173FA68,EONET_12221,2024-12-22T19:00:00Z,Point,24.743068123643862,7.036564030571083,,
GEO_2ABC616398,EONET_12222,2024-12-22T19:00:00Z,Point,26.853612988715835,6.8067294949666515,,
GEO_46F894FF64,EONET_12232,2024-12-22T19:00:00Z,Point,32.230527128580206,9.166606847356443,,
GEO_830871B659,EONET_12233,2024-12-22T19:00:00Z,Point,29.075709532062124,5.935681496147373,,
GEO_AFD8F7AF16,EONET_12234,2024-12-22T19:00:00Z,Point,5.197697717332322,11.748182304578076,,
GEO_04CE61FD2D,EONET_12261,2024-12-22T19:00:00Z,Point,26.139944295213834,6.508332043399119,,
GEO_0CFFE54ABE,EONET_12262,2024-12-22T19:00:00Z,Point,26.368482527441614,7.968555698168621,,
GEO_1A6841A8C5,EONET_12263,2024-12-22T19:00:00Z,Point,5.71129068431093,10.351029112492064,,
GEO_22DE36BB28,EONET_12197,2024-12-21T19:00:00Z,Point,143.92306171875097,-20.16860798854308,,
GEO_706E814C19,EONET_12198,2024-12-21T19:00:00Z,Point,31.407085731460796,7.805273453015888,,
GEO_3A55F72214,EONET_12199,2024-12-21T19:00:00Z,Point,26.277834194151406,4.339395710293139,,
GEO_42581F4820,EONET_12208,2024-12-21T19:00:00Z,Point,26.639006605893616,6.372504507964626,,
GEO_520A6587F2,EONET_12209,2024-12-21T19:00:00Z,Point,27.849364991729065,6.164890317160012,,
GEO_D53BEE9D98,EONET_12210,2024-12-21T19:00:00Z,Point,32.45807396635831,9.433875777081592,,
GEO_77DD341E5F,EONET_12223,2024-12-21T19:00:00Z,Point,26.587178802255785,8.304323084719792,,
GEO_B82616A514,EONET_12224,2024-12-21T19:00:00Z,Point,28.603155493159004,6.778297162825552,,
GEO_261E36B41A,EONET_12279,2024-12-21T19:00:00Z,Point,143.58619126449713,-20.32765977480051,,
GEO_14C8EE2890,EONET_12288,2024-12-21T19:00:00Z,Point,28.897709145833957,5.714056510177389,,
GEO_E02FEC95AB,EONET_12200,2024-12-20T19:00:00Z,Point,21.789189818886033,8.760960940595426,,
GEO_9F3AEF1151,EONET_12211,2024-12-20T19:00:00Z,Point,147.21505896767596,-24.223735734974618,,
GEO_4954755A1B,EONET_12225,2024-12-20T19:00:00Z,Point,27.406221624295075,6.866296667724953,,
GEO_91C47EF4DD,EONET_12226,2024-12-20T19:00:00Z,Point,25.077704718550947,8.119412186138792,,
GEO_DF7F9523EA,EONET_12182,2024-12-19T19:00:00Z,Point,142.51899469861064,-37.25185564740433,,
GEO_F4B39CCD1E,EONET_12191,2024-12-19T19:00:00Z,Point,2.7793621549384278,11.865362153224195,,
GEO_42262185EF,EONET_12201,2024-12-19T19:00:00Z,Point,32.06158742806257,9.652931252488653,,
GEO_6D81BEA5EA,EONET_12202,2024-12-19T19:00:00Z,Point,26.10724174706148,7.0148931381953386,,
GEO_C84F8E7266,EONET_12212,2024-12-19T19:00:00Z,Point,22.21869305480532,9.236211455627362,,
GEO_B935BE97F7,EONET_12213,2024-12-19T19:00:00Z,Point,1.6771967039617919,11.282823470518277,,
GEO_07B7292952,EONET_12214,2024-12-19T19:00:00Z,Point,28.048998571051854,6.079751998244758,,
GEO_2B11272130,EONET_12215,2024-12-19T19:00:00Z,Point,139.44553945208315,-19.96298876078369,,
GEO_0403D56F5F,EONET_12188,2024-12-18T19:00:00Z,Point,-2.0138390674124684,9.459376982876414,,
GEO_4CA341CA1F,EONET_12192,2024-12-18T19:00:00Z,Point,-1.8938193211369603,9.45624621320993,,
GEO_64F3FEB3DD,EONET_12193,2024-12-18T19:00:00Z,Point,31.547425301145744,9.13968705887703,,
GEO_1D05273E7A,EONET_12216,2024-12-18T19:00:00Z,Point,29.104091164328615,6.214360894263272,,
GEO_3A57B6DF0D,EONET_12178,2024-12-18T12:24:00Z,Point,-103.190387,35.354386,725.0,acres
GEO_20A49BCEE3,EONET_12183,2024-12-17T19:00:00Z,Point,26.60656139531848,6.5755110777960954,,
GEO_643D5736A0,EONET_12189,2024-12-17T19:00:00Z,Point,32.299037749287685,7.796701932269451,,
GEO_89730A05B9,EONET_12217,2024-12-17T19:00:00Z,Point,32.846553837686145,9.771467259941888,,
GEO_A8E614A5EC,EONET_12227,2024-12-17T19:00:00Z,Point,32.131352499286386,9.332724427581564,,
GEO_9A2032C51B,EONET_12179,2024-12-17T09:33:00Z,Point,-92.908717,31.0533,2374.0,acres
GEO_87B8F67515,EONET_12161,2024-12-16T19:00:00Z,Point,-0.6277583371475721,15.059077423218392,,
GEO_10F30BAFB5,EONET_12167,2024-12-16T19:00:00Z,Point,142.46711012070458,-37.41261198267845,,
GEO_23053041E8,EONET_12184,2024-12-16T19:00:00Z,Point,26.320399396524785,8.157447038847955,,
GEO_091DAC142C,EONET_12185,2024-12-16T19:00:00Z,Point,31.972620487727244,9.220984240534193,,
GEO_4A0EC591A4,EONET_12190,2024-12-16T19:00:00Z,Point,29.12363987041677,6.091975439358199,,
GEO_A233BCC9D3,EONET_12196,2024-12-16T19:00:00Z,Point,5.375677639487464,6.9350526015659835,,
GEO_54F05BA7A5,EONET_12181,2024-12-16T09:35:00Z,Point,-81.294022,27.578295,623.0,acres
GEO_A5DB0FD0FD,EONET_12148,2024-12-16T09:29:00Z,Point,-95.5874,33.8451,500.0,acres
GEO_142DCED1B7,EONET_12168,2024-12-15T19:00:00Z,Point,26.510492003022073,6.581660951987227,,
GEO_D96D0290F1,EONET_12186,2024-12-15T19:00:00Z,Point,-1.061756521358138,7.3051562997092345,,
GEO_946D87DC55,EONET_12194,2024-12-15T19:00:00Z,Point,-5.175711858487765,11.644825301940445,,
GEO_2E29176819,EONET_12147,2024-12-15T15:55:00Z,Point,-112.200767,34.088933,1000.0,acres
GEO_CCFAE1C2CE,EONET_12150,2024-12-15T15:55:00Z,Point,-81.332645,27.669495,1035.0,acres
GEO_235343880D,EONET_12162,2024-12-14T19:00:00Z,Point,32.63570905018464,9.695642753307384,,
GEO_3CED70B7AD,EONET_12169,2024-12-14T19:00:00Z,Point,-3.6594910900642263,8.793225281520789,,
GEO_F9C631A08B,EONET_12195,2024-12-14T19:00:00Z,Point,-3.718219611202932,8.804297286483244,,
GEO_997836A1A8,EONET_12132,2024-12-13T19:00:00Z,Point,12.542507299986001,13.871897560840004,,
GEO_A9272FB6BB,EONET_12139,2024-12-13T19:00:00Z,Point,-3.7793502188578807,8.940257014081748,,
GEO_0782A8649C,EONET_12140,2024-12-13T19:00:00Z,Point,29.241926081242337,6.353746851121146,,
GEO_1B2BD477BC,EONET_12141,2024-12-13T19:00:00Z,Point,145.76573525724984,-21.788925568901377,,
GEO_2C606B8E6E,EONET_12158,2024-12-13T19:00:00Z,Point,138.8801871658071,-19.968007239287235,,
GEO_9635FD084C,EONET_12163,2024-12-13T19:00:00Z,Point,116.59388568972828,-34.89628365692928,,
GEO_BC9108DE77,EONET_12175,2024-12-13T19:00:00Z,Point,-1.1077097207067432,8.043161141472076,,
GEO_633D8DBA58,EONET_12151,2024-12-13T08:02:00Z,Point,-81.328526,27.682825,599.0,acres
GEO_571B385943,EONET_12142,2024-12-12T19:00:00Z,Point,26.628084592014233,7.125505061161163,,
GEO_BF2B063898,EONET_12159,2024-12-12T19:00:00Z,Point,-3.674344876939678,9.048220600285456,,
GEO_E11F3DCA2A,EONET_12164,2024-12-12T19:00:00Z,Point,-10.507156381881808,12.799972610328515,,
GEO_46148ACE5D,EONET_12170,2024-12-12T19:00:00Z,Point,-2.308010282395875,10.656035245256726,,
GEO_E1EE213B6C,EONET_12176,2024-12-12T19:00:00Z,Point,-0.544773538143576,7.362650920097517,,
GEO_C67B95F62A,EONET_12177,2024-12-12T19:00:00Z,Point,-0.5412255317506104,7.357045393854975,,
GEO_7EDE48AF3B,EONET_12187,2024-12-12T19:00:00Z,Point,32.782795635312,7.023694715976142,,
GEO_2D43A23468,EONET_12153,2024-12-12T13:16:00Z,Point,-81.398735,27.731616,580.0,acres
GEO_747996209B,EONET_12156,2024-12-12T09:02:00Z,Point,-92.923,31.01,886.0,acres
GEO_67907F2FC5,EONET_12133,2024-12-11T19:00:00Z,Point,26.338688185352478,8.295831819972008,,
GEO_6854274D8E,EONET_12160,2024-12-11T19:00:00Z,Point,29.74832521540173,9.576710596045281,,
GEO_8986D18B5F,EONET_12171,2024-12-11T19:00:00Z,Point,23.989073919436567,6.507246084084775,,
GEO_88F1E2385E,EONET_12152,2024-12-11T10:07:00Z,Point,-95.951944,33.761389,2225.0,acres
GEO_1CF4980DE9,EONET_12134,2024-12-10T19:00:00Z,Point,20.38477446899014,12.328266420489443,,
GEO_F0717463D5,EONET_12143,2024-12-10T19:00:00Z,Point,-4.086337655737058,13.574523301996058,,
GEO_B9639B8E46,EONET_12165,2024-12-10T19:00:00Z,Point,-3.776866382300303,8.949694038845726,,
GEO_0EDF429D4F,EONET_12157,2024-12-10T09:16:00Z,Point,-81.343675,27.694373,549.0,acres
GEO_A63DF240AD,EONET_12149,2024-12-10T01:54:00Z,Point,-118.69642,34.06343,4037.0,acres
GEO_F210B13E86,EONET_12120,2024-12-09T19:00:00Z,Point,147.53236806064731,-20.944109924452626,,
GEO_53830191EA,EONET_12126,2024-12-09T19:00:00Z,Point,28.16562823440938,6.4903658282521866,,
GEO_F7096FEF92,EONET_12135,2024-12-09T19:00:00Z,Point,-4.6365430552399705,9.850968371808957,,
GEO_75487A1EC0,EONET_12136,2024-12-09T19:00:00Z,Point,35.434534544517554,11.927440717052702,,
GEO_1C2E8F6625,EONET_12144,2024-12-09T19:00:00Z,Point,26.512830754202994,7.118884281784125,,
GEO_34803861DF,EONET_12104,2024-12-09T09:17:00Z,Point,-81.397791,27.728718,553.0,acres
GEO_78410FF893,EONET_12103,2024-12-08T19:16:00Z,Point,-81.2988333,35.2148333,730.0,acres
GEO_F12451D90D,EONET_12129,2024-12-08T19:00:00Z,Point,33.478838393856854,6.495073206951486,,
GEO_A7553B37BE,EONET_12145,2024-12-08T19:00:00Z,Point,-0.19245763638422614,7.352535032858098,,
GEO_F53316224C,EONET_12166,2024-12-08T19:00:00Z,Point,32.68172277961916,9.857387717262942,,
GEO_96E8A032F0,EONET_12105,2024-12-08T17:09:00Z,Point,-105.874483,46.09975,851.9,acres
GEO_4B5CA440DE,EONET_12106,2024-12-08T09:30:00Z,Point,-81.348696,27.691005,560.0,acres
GEO_78D511796C,EONET_12109,2024-12-07T19:00:00Z,Point,144.5772672249946,-18.39119076022802,,
GEO_F160D27C4D,EONET_12110,2024-12-07T19:00:00Z,Point,144.9281834960211,-18.76122534467231,,
GEO_14A5E04D0B,EONET_12121,2024-12-07T19:00:00Z,Point,144.51913124753625,-18.239656973522703,,
GEO_F33A5B24BC,EONET_12122,2024-12-07T19:00:00Z,Point,29.101747618019537,6.542698962605854,,
GEO_34C126031B,EONET_12137,2024-12-07T19:00:00Z,Point,31.789937073590888,9.46682316912833,,
GEO_44317A732B,EONET_12107,2024-12-07T08:33:00Z,Point,-81.358051,27.696505,690.0,acres
GEO_A5D8834C1F,EONET_12098,2024-12-06T19:00:00Z,Point,32.50487186183727,11.26797181445212,,
GEO_9F6E170DE9,EONET_12111,2024-12-06T19:00:00Z,Point,24.332789378305375,6.2984318920026565,,
GEO_FA8405C5A4,EONET_12112,2024-12-06T19:00:00Z,Point,26.232134783837495,8.526077903575507,,
GEO_3DCB30367F,EONET_12127,2024-12-06T19:00:00Z,Point,26.99270761653973,7.584673453116638,,
GEO_9311581B63,EONET_12130,2024-12-06T19:00:00Z,Point,24.01784544368539,6.388406467172499,,
GEO_EC458F2BEC,EONET_12146,2024-12-06T19:00:00Z,Point,26.5807612761476,7.861274268843025,,
GEO_B1129A8C05,EONET_12123,2024-12-05T19:00:00Z,Point,48.259769048327115,-15.013978477925678,,
GEO_3A14AD5D73,EONET_12124,2024-12-05T19:00:00Z,Point,48.94742710694347,-16.499266903005342,,
GEO_9F84899BD3,EONET_12125,2024-12-05T19:00:00Z,Point,26.245192089062336,8.330831153955994,,
GEO_F0A1E1E705,EONET_12128,2024-12-05T19:00:00Z,Point,48.251642716167694,-15.010448591306409,,
GEO_3D2A7EC7A9,EONET_12131,2024-12-05T19:00:00Z,Point,-1.7848067265268617,13.40207132179837,,
GEO_EB43455CCE,EONET_12092,2024-12-04T19:00:00Z,Point,146.04704875539514,-22.630757852696384,,
GEO_2DF49D80DD,EONET_12096,2024-12-04T19:00:00Z,Point,31.12897121527095,9.814722542232177,,
GEO_0C1A51690C,EONET_12099,2024-12-04T19:00:00Z,Point,147.29344354057656,-23.333426844719767,,
GEO_FB6DBFD027,EONET_12100,2024-12-04T19:00:00Z,Point,1.4689737237424556,10.998631810272673,,
GEO_64AB53794E,EONET_12113,2024-12-04T19:00:00Z,Point,25.097956992119897,8.343867869265342,,
GEO_14E7751A4A,EONET_12138,2024-12-04T19:00:00Z,Point,-0.2641069620320304,7.454108966526715,,
GEO_73870026E1,EONET_12093,2024-12-03T19:00:00Z,Point,31.355282953990077,9.804490705625867,,
GEO_FBFC4B3962,EONET_12114,2024-12-03T19:00:00Z,Point,25.97610749095814,8.91367827872586,,
GEO_63F760A3F9,EONET_12094,2024-12-02T19:00:00Z,Point,31.51940914220699,10.0434913616767,,
GEO_619E23C219,EONET_12088,2024-12-02T12:01:00Z,Point,-83.396702,37.295268,675.0,acres
GEO_0101E3EF77,EONET_12091,2024-12-01T19:00:00Z,Point,25.857188772134748,9.058944514693914,,
GEO_54B875C2EE,EONET_12101,2024-12-01T19:00:00Z,Point,1.4243613126509973,11.204894940655628,,
GEO_03FF267C4A,EONET_12115,2024-12-01T19:00:00Z,Point,147.38338373857528,-23.24470629732928,,
GEO_E90A349C82,EONET_12116,2024-12-01T19:00:00Z,Point,23.76126743814646,6.68794714581094,,
GEO_67B9F58718,EONET_12086,2024-11-30T19:00:00Z,Point,-2.252660385121848,13.801758684355518,,
GEO_4361D2922C,EONET_12089,2024-11-30T19:00:00Z,Point,1.3899577956551668,11.087548262534849,,
GEO_A5BE5A4D5A,EONET_12117,2024-11-30T19:00:00Z,Point,27.033398796458364,7.863153113313824,,
GEO_778D5CEAE8,EONET_12118,2024-11-29T19:00:00Z,Point,31.36970133669082,5.6664695016741105,,
GEO_9F60C284A8,EONET_12080,2024-11-28T19:00:00Z,Point,-41.30435530951966,-4.872225373763623,,
GEO_320B63C4AF,EONET_12097,2024-11-28T19:00:00Z,Point,1.413790381722872,11.104340231235808,,
GEO_EBDF2A946C,EONET_12081,2024-11-27T19:00:00Z,Point,33.44075166231789,6.73280154990643,,
GEO_0043910C98,EONET_12090,2024-11-27T19:00:00Z,Point,1.561732760687401,11.25405729886014,,
GEO_EAE097E908,EONET_12074,2024-11-26T19:00:00Z,Point,1.2532275733734233,14.606564360734026,,
GEO_619B55AB0E,EONET_12076,2024-11-26T19:00:00Z,Point,30.522765128706713,10.138395558959116,,
GEO_0814F1BFE6,EONET_12077,2024-11-26T19:00:00Z,Point,-55.95724575255249,1.2072489626413836,,
GEO_72DAC7896F,EONET_12087,2024-11-26T19:00:00Z,Point,31.49442308162692,9.471200505885474,,
GEO_10D7D6BD95,EONET_12082,2024-11-25T19:00:00Z,Point,-0.056627237862728906,12.864921725474193,,
GEO_200FDC2CD4,EONET_12055,2024-11-24T19:00:00Z,Point,115.36471239741813,-30.743143766656775,,
GEO_A79C666F11,EONET_12062,2024-11-24T19:00:00Z,Point,1.1754940450117686,14.570139383298864,,
GEO_0DEFE2C6B2,EONET_12063,2024-11-24T19:00:00Z,Point,143.49380708924042,-16.22908768278416,,
GEO_1EEEDD7BBB,EONET_12067,2024-11-24T19:00:00Z,Point,142.52593342304095,-16.074671983871216,,
GEO_24BABA988B,EONET_12083,2024-11-24T19:00:00Z,Point,25.847952653342677,9.702943692983492,,
GEO_F98DEB64C6,EONET_12084,2024-11-24T19:00:00Z,Point,32.649243793587075,10.164449120797494,,
GEO_5BA0FB0C92,EONET_12044,2024-11-24T17:30:00Z,Point,-105.977628,35.113722,795.0,acres
GEO_0D459304DA,EONET_12071,2024-11-23T19:00:00Z,Point,-46.83790375896735,-2.8474266629272096,,
GEO_93749CCCB5,EONET_12085,2024-11-23T19:00:00Z,Point,1.5926074754366433,11.074854423968375,,
GEO_A26C6FC60A,EONET_12056,2024-11-22T19:00:00Z,Point,143.94776644345987,-17.7090187051562,,
GEO_6C273DC774,EONET_12057,2024-11-22T19:00:00Z,Point,144.5749199320524,-18.765806986902636,,
GEO_BE91C86463,EONET_12072,2024-11-22T19:00:00Z,Point,145.4622870619928,-19.433796738112033,,
GEO_3CBFD45E9A,EONET_12075,2024-11-22T19:00:00Z,Point,1.2933157413496095,10.915030925499263,,
GEO_F7D63618C7,EONET_12046,2024-11-22T12:46:00Z,Point,-82.297147,37.842495,710.0,acres
GEO_C0C19A065C,EONET_12038,2024-11-21T19:00:00Z,Point,142.8941569191651,-14.676136157330934,,
GEO_2BD1331A17,EONET_12039,2024-11-21T19:00:00Z,Point,142.35940250277594,-18.186810768593325,,
GEO_05AC7C6DA7,EONET_12040,2024-11-21T19:00:00Z,Point,143.38044244094593,-14.746979921020836,,
GEO_1DD0C0DEA8,EONET_12064,2024-11-21T19:00:00Z,Point,143.6856828861156,-18.07902842021259,,
GEO_C00426FEFE,EONET_12068,2024-11-21T19:00:00Z,Point,-7.629614860645167,14.680242043028302,,
GEO_3B2AEB9642,EONET_12073,2024-11-21T19:00:00Z,Point,31.818724597843083,10.465076145475773,,
GEO_AAC0C991B7,EONET_12048,2024-11-21T09:29:00Z,Point,-92.61505,31.2363,503.0,acres
GEO_E1774DC52D,EONET_12047,2024-11-21T09:05:00Z,Point,-81.391006,27.740791,617.0,acres
GEO_BBC345A067,EONET_12033,2024-11-20T19:00:00Z,Point,-22.37065948356308,63.88807752468611,,
GEO_D1A02BC117,EONET_12041,2024-11-20T19:00:00Z,Point,142.50636128720723,-19.689047091535578,,
GEO_3A56D862A5,EONET_12058,2024-11-20T19:00:00Z,Point,143.08040682757823,-16.238549964987,,
GEO_C9FC3B7052,EONET_12065,2024-11-20T19:00:00Z,Point,143.11063756127788,-16.220357147479863,,
GEO_438B769103,EONET_12078,2024-11-20T19:00:00Z,Point,35.327347556070876,12.319594240920347,,
GEO_B2272D3D7C,EONET_12027,2024-11-19T19:00:00Z,Point,-2.5097499741893987,15.496654674815547,,
GEO_3B9F1BB469,EONET_12059,2024-11-19T19:00:00Z,Point,0.9411565307110877,11.494306197703226,,
GEO_CD4543AD1D,EONET_12043,2024-11-19T18:58:00Z,Point,-73.3371156,42.1778861,1670.0,acres
GEO_726551CDAD,EONET_12053,2024-11-19T15:21:00Z,Point,-81.454761,38.109199,661.7,acres
GEO_7E98C8B708,EONET_12042,2024-11-19T08:35:00Z,Point,-73.7566667,42.6527778,517.0,acres
GEO_2C180C9326,EONET_12060,2024-11-18T19:00:00Z,Point,0.9377403874812666,11.460263326334495,,
GEO_4A30B71103,EONET_12066,2024-11-18T19:00:00Z,Point,-54.07711629673137,-2.7887331406273876,,
GEO_7E7F821677,EONET_12069,2024-11-18T19:00:00Z,Point,-52.4398205139233,-1.6486416883556598,,
GEO_023FDAAD78,EONET_12019,2024-11-18T15:27:00Z,Point,-117.758,34.2305,820.0,acres
GEO_2CF83B18E2,EONET_12018,2024-11-18T14:46:00Z,Point,-89.309907,30.936563,884.0,acres
GEO_A4BBC9DF52,EONET_12022,2024-11-17T19:00:00Z,Point,141.87874241419206,-16.20862626238738,,
GEO_02B9016033,EONET_12028,2024-11-17T19:00:00Z,Point,143.96828611615334,-18.042938363566964,,
GEO_1BED6AA8B9,EONET_12029,2024-11-17T19:00:00Z,Point,129.95086077416963,-17.81650385983351,,
GEO_06635BFA2E,EONET_12034,2024-11-17T19:00:00Z,Point,-2.4864150795096065,15.531261899996093,,
GEO_0B9D263427,EONET_12035,2024-11-17T19:00:00Z,Point,-0.6109609615032287,14.278604051088381,,
GEO_F0B9C3AEE0,EONET_12036,2024-11-16T19:00:00Z,Point,133.24439915045156,-20.274978899772407,,
GEO_BCE10699E2,EONET_12061,2024-11-16T19:00:00Z,Point,34.99300018873369,12.723797293122,,
GEO_701A065D22,EONET_12021,2024-11-16T08:44:00Z,Point,-81.074722,26.285556,732.0,acres
GEO_1962274ABA,EONET_12006,2024-11-15T19:00:00Z,Point,135.0552025955031,-17.307422065345403,,
GEO_35E2D84704,EONET_12014,2024-11-15T19:00:00Z,Point,142.30420376003798,-14.915078909433102,,
GEO_BAB11AD119,EONET_12015,2024-11-15T19:00:00Z,Point,127.1513512140444,-14.071866486955964,,
GEO_65FFA2EADE,EONET_12023,2024-11-15T19:00:00Z,Point,148.40291220159315,-20.98569342717179,,
GEO_6188912357,EONET_12024,2024-11-15T19:00:00Z,Point,144.0758322855467,-19.24242432418372,,
GEO_A75DB35834,EONET_12025,2024-11-15T19:00:00Z,Point,142.3237550412056,-14.91323875668888,,
GEO_1E6D59C00D,EONET_12030,2024-11-15T19:00:00Z,Point,0.8137404243693152,11.585361951325769,,
GEO_7763EA6C03,EONET_12037,2024-11-15T19:00:00Z,Point,-51.53902234733897,-0.29364895575575417,,
GEO_3D87338E8A,EONET_12020,2024-11-15T09:28:00Z,Point,-94.422778,33.391667,775.0,acres
GEO_5C8B64CC18,EONET_11976,2024-11-14T19:00:00Z,Point,134.68103140531653,-17.346421242067436,,
GEO_A0844CA83A,EONET_12000,2024-11-14T19:00:00Z,Point,-1.9579353567948596,14.737073868472665,,
GEO_025914B8E7,EONET_12001,2024-11-14T19:00:00Z,Point,137.3818955248471,-17.97261611577095,,
GEO_AC45F739CC,EONET_12007,2024-11-14T19:00:00Z,Point,134.20709995563408,-14.31745591651739,,
GEO_8AED46A782,EONET_12008,2024-11-14T19:00:00Z,Point,-0.34106904347745515,13.887848587755746,,
GEO_D06789260D,EONET_12009,2024-11-14T19:00:00Z,Point,1.1178044295566036,11.629560915976601,,
GEO_5CBF774E15,EONET_12016,2024-11-14T19:00:00Z,Point,135.21781453440636,-16.967396896327454,,
GEO_0EF50E4067,EONET_12031,2024-11-14T19:00:00Z,Point,5.251519190870137,11.814147302270822,,
GEO_F7A875C42C,EONET_11977,2024-11-13T19:00:00Z,Point,135.22811219789276,-17.055959360720085,,
GEO_F68D045294,EONET_11978,2024-11-13T19:00:00Z,Point,139.70487019804162,-19.347148980788724,,
GEO_54514324AF,EONET_11979,2024-11-13T19:00:00Z,Point,130.14588712258862,-17.522938360890862,,
GEO_D9BB06355F,EONET_12002,2024-11-13T19:00:00Z,Point,135.6908794412422,-16.966426921876508,,
GEO_9C95599CC9,EONET_12003,2024-11-13T19:00:00Z,Point,134.82497724462866,-17.04235003657651,,
GEO_6423AE48A6,EONET_12010,2024-11-13T19:00:00Z,Point,134.9730892703635,-17.039193866013967,,
GEO_34F0C3434B,EONET_12026,2024-11-13T19:00:00Z,Point,143.26923185287362,-17.154429169098442,,
GEO_1D160C63B0,EONET_12032,2024-11-13T19:00:00Z,Point,19.095192612734625,13.065494745021562,,
GEO_025544AA35,EONET_11964,2024-11-12T19:00:00Z,Point,133.28274752318532,-18.974925103204573,,
GEO_9A5C10F3D8,EONET_11965,2024-11-12T19:00:00Z,Point,134.54083437495711,-17.774689977494756,,
GEO_40337261ED,EONET_11966,2024-11-12T19:00:00Z,Point,139.60879988306206,-20.345143644695693,,
GEO_70161BB5CF,EONET_11980,2024-11-12T19:00:00Z,Point,143.6490124166574,-16.726432090431466,,
GEO_E4FE66451B,EONET_11981,2024-11-12T19:00:00Z,Point,135.10392938075984,-17.16121444505945,,
GEO_C0E1444B03,EONET_11982,2024-11-12T19:00:00Z,Point,135.67766564552616,-17.078080917758747,,
GEO_30A7DAA8D7,EONET_11983,2024-11-12T19:00:00Z,Point,139.54792907687542,-19.484407142060824,,
GEO_A0C00D4392,EONET_12004,2024-11-12T19:00:00Z,Point,134.541348855912,-17.655391637068007,,
GEO_F0E02448BC,EONET_12011,2024-11-12T19:00:00Z,Point,34.943709599787205,12.534698181618285,,
GEO_6A781DA2BB,EONET_11954,2024-11-11T19:00:00Z,Point,123.6930357995494,-23.306595295606837,,
GEO_F7CBCA1BF6,EONET_11955,2024-11-11T19:00:00Z,Point,123.78922461873958,-23.184031059582033,,
GEO_64AD5B9CEB,EONET_11956,2024-11-11T19:00:00Z,Point,133.69767730372627,-17.883259756372603,,
GEO_9D7A336656,EONET_11957,2024-11-11T19:00:00Z,Point,142.37185059741213,-15.645149339475273,,
GEO_CC374F10BC,EONET_11967,2024-11-11T19:00:00Z,Point,135.51895230949523,-17.235052855319747,,
GEO_114CCFFAC4,EONET_11968,2024-11-11T19:00:00Z,Point,133.52297868837675,-18.20273560057654,,
GEO_179006A637,EONET_11984,2024-11-11T19:00:00Z,Point,142.23294441451486,-15.622549324776934,,
GEO_01B2A4EE45,EONET_12005,2024-11-11T19:00:00Z,Point,123.68335499534541,-16.193395610051528,,
GEO_86919D8C77,EONET_11933,2024-11-10T19:00:00Z,Point,4.807112316136861,16.30637820889483,,
GEO_6DAA80B183,EONET_11934,2024-11-10T19:00:00Z,Point,0.21904950985680946,14.32461069366768,,
GEO_9D6322DF7D,EONET_11935,2024-11-10T19:00:00Z,Point,142.39024119219405,-16.165391716174224,,
GEO_D2B7279175,EONET_11936,2024-11-10T19:00:00Z,Point,133.68369068937787,-15.949755748449356,,
GEO_61593FF599,EONET_11958,2024-11-10T19:00:00Z,Point,134.09719297744107,-15.74461629020879,,
GEO_7137AA2515,EONET_11959,2024-11-10T19:00:00Z,Point,143.33675117297255,-16.916361768663467,,
GEO_9611AF8D68,EONET_11937,2024-11-09T19:00:00Z,Point,5.0814404418780335,16.269170176838255,,
GEO_9768F8BDE1,EONET_11938,2024-11-09T19:00:00Z,Point,142.62036683956202,-19.171279788848956,,
GEO_23C6ABFEEB,EONET_11939,2024-11-09T19:00:00Z,Point,129.9640605282926,-18.017703948120186,,
GEO_2AA9613CC5,EONET_11940,2024-11-09T19:00:00Z,Point,132.61691344745213,-16.977011190883303,,
GEO_F44BE8B973,EONET_11960,2024-11-09T19:00:00Z,Point,139.9887211010341,-20.188372479893527,,
GEO_16A4BE0A6D,EONET_11961,2024-11-09T19:00:00Z,Point,133.77113280047575,-18.203190736121083,,
GEO_79EED09A0F,EONET_11985,2024-11-09T19:00:00Z,Point,147.21830045209666,-23.550950620062213,,
GEO_04F746D55B,EONET_11989,2024-11-09T17:02:00Z,Point,-74.4598,41.9011,645.0,acres
GEO_DC67719FF8,EONET_11915,2024-11-08T19:00:00Z,Point,133.97884982193025,-14.239474924465775,,
GEO_FCE1B3EAC7,EONET_11916,2024-11-08T19:00:00Z,Point,130.05499589390823,-17.496528143115434,,
GEO_79DC42EC8B,EONET_11926,2024-11-08T19:00:00Z,Point,133.83050284848392,-15.975848969096925,,
GEO_4057799B4A,EONET_11927,2024-11-08T19:00:00Z,Point,133.71637198962694,-15.802718055643782,,
GEO_1A98E00EED,EONET_11928,2024-11-08T19:00:00Z,Point,131.4348782649209,-17.464633477570388,,
GEO_DC5A2AADF9,EONET_11929,2024-11-08T19:00:00Z,Point,133.72683713332376,-15.710765575726075,,
GEO_FBD5DD201B,EONET_11930,2024-11-08T19:00:00Z,Point,129.54080717436793,-16.634225081876064,,
GEO_2502FFFC1C,EONET_11941,2024-11-08T19:00:00Z,Point,144.78832545654873,-16.52717887138789,,
GEO_CF1073FF1E,EONET_11942,2024-11-08T19:00:00Z,Point,148.26026994363357,-20.771527723788978,,
GEO_CF3C98C76F,EONET_11943,2024-11-08T19:00:00Z,Point,142.43676680204476,-18.544572117886155,,
GEO_760EA8DE82,EONET_11944,2024-11-08T19:00:00Z,Point,132.81164759379956,-13.531612228610221,,
GEO_17DE9C92B6,EONET_11945,2024-11-08T19:00:00Z,Point,133.22856476640771,-14.2472836484535,,
GEO_40A142B657,EONET_11962,2024-11-08T19:00:00Z,Point,144.91467827893243,-16.454512875145845,,
GEO_5925F93108,EONET_11969,2024-11-08T19:00:00Z,Point,132.76560789897067,-17.600076043950516,,
GEO_937BD8C3A7,EONET_11970,2024-11-08T19:00:00Z,Point,-57.52094901573101,-17.606111705737074,,
GEO_DF113A3B96,EONET_11986,2024-11-08T19:00:00Z,Point,142.22887445821962,-11.377087165073478,,
GEO_F2B10861D1,EONET_11987,2024-11-08T19:00:00Z,Point,-57.500027631191955,-17.60282144232737,,
GEO_AFA3CA4085,EONET_12012,2024-11-08T19:00:00Z,Point,-46.18215730732176,-2.6439221393429158,,
GEO_0910B2C79D,EONET_11909,2024-11-08T14:59:00Z,Point,-81.371157,37.952373,700.0,acres
GEO_CEF8BD68AA,EONET_11917,2024-11-07T19:00:00Z,Point,143.46243974416396,-16.63640178028307,,
GEO_C2DFD4006D,EONET_11918,2024-11-07T19:00:00Z,Point,132.5984126753538,-17.07417928736485,,
GEO_7091295947,EONET_11919,2024-11-07T19:00:00Z,Point,-0.1255664279410446,15.486181953719539,,
GEO_BC4CD7F485,EONET_11920,2024-11-07T19:00:00Z,Point,132.36211706680294,-14.798256058441158,,
GEO_96A4BC038F,EONET_11931,2024-11-07T19:00:00Z,Point,133.96450911400157,-15.676602429071115,,
GEO_36048F8830,EONET_11946,2024-11-07T19:00:00Z,Point,142.94202006455373,-17.26819216457228,,
GEO_C2DF1D4CC1,EONET_11947,2024-11-07T19:00:00Z,Point,143.04933433958777,-16.903432056975202,,
GEO_0B530A0C81,EONET_11963,2024-11-07T19:00:00Z,Point,142.96488100342762,-17.242365935097286,,
GEO_03C35E9872,EONET_11971,2024-11-07T19:00:00Z,Point,76.70890104125064,25.571184574035875,,
GEO_FF8DBEC542,EONET_11972,2024-11-07T19:00:00Z,Point,134.4138342149365,-15.044257002161624,,
GEO_47F013A92A,EONET_11973,2024-11-07T19:00:00Z,Point,134.23204881192203,-14.546162577081747,,
GEO_8AE3F3286F,EONET_12013,2024-11-07T19:00:00Z,Point,76.6407432589817,25.785872257463776,,
GEO_BEAA8E708C,EONET_12017,2024-11-07T19:00:00Z,Point,76.62217239585428,25.7802010840543,,
GEO_BA6F3E7575,EONET_11913,2024-11-07T17:14:00Z,Point,-82.0246,37.81916,791.0,acres
GEO_3D3F545B49,EONET_11914,2024-11-07T14:14:00Z,Point,-82.484752,38.03196,1000.0,acres
GEO_F63203ADAF,EONET_11912,2024-11-07T09:22:00Z,Point,-81.69602,37.627701,775.0,acres
GEO_ADECA53B2A,EONET_11911,2024-11-07T09:01:00Z,Point,-81.113063,38.184601,800.0,acres
GEO_718BBD7A30,EONET_11921,2024-11-06T19:00:00Z,Point,143.8369066612789,-18.57089924614207,,
GEO_A8AFB0DBC6,EONET_11948,2024-11-06T19:00:00Z,Point,142.07195580089376,-11.902380618240699,,
GEO_EC9A620DB5,EONET_11949,2024-11-06T19:00:00Z,Point,142.61714027487648,-15.14980866889889,,
GEO_92BEB5A79F,EONET_11950,2024-11-06T19:00:00Z,Point,132.9130282917835,-17.9712167724096,,
GEO_3DD3D02F6C,EONET_11951,2024-11-06T19:00:00Z,Point,132.8517761150097,-17.75813107912585,,
GEO_55A1BBF8FE,EONET_11910,2024-11-06T15:36:00Z,Point,-82.1536111,37.3,1400.0,acres
GEO_4431985CC2,EONET_11908,2024-11-06T12:17:00Z,Point,-118.9711111,34.3152778,20630.0,acres
GEO_A8851039CA,EONET_11922,2024-11-05T19:00:00Z,Point,143.8449078906187,-18.536029614167337,,
GEO_F52C1D492B,EONET_11952,2024-11-05T19:00:00Z,Point,143.48267166667247,-19.34359859955262,,
GEO_F2CC56A7E0,EONET_11974,2024-11-05T19:00:00Z,Point,148.30794567854812,-20.553805028977127,,
GEO_74C60D7108,EONET_11901,2024-11-05T14:57:00Z,Point,-75.598934,40.788063,577.0,acres
GEO_722F245E0F,EONET_11902,2024-11-04T19:00:00Z,Point,144.80334554085078,-20.37158335312259,,
GEO_28EB1ABB69,EONET_11923,2024-11-04T19:00:00Z,Point,132.91056183042122,-13.45789956980979,,
GEO_E702FD2D53,EONET_11953,2024-11-04T19:00:00Z,Point,147.72595148069888,-21.32564940380349,,
GEO_A9663CB141,EONET_11900,2024-11-04T11:55:00Z,Point,-75.598611,40.7875,577.0,acres
GEO_741639A649,EONET_11924,2024-11-03T19:00:00Z,Point,143.26207953258844,-19.343926067742995,,
GEO_44DECE4CF2,EONET_11925,2024-11-03T19:00:00Z,Point,134.29764771282208,-16.78402337707109,,
GEO_DD20DFB1F5,EONET_11904,2024-11-02T19:00:00Z,Point,143.65820126410563,-19.124979205200063,,
GEO_18D4E16084,EONET_11893,2024-11-01T19:00:00Z,Point,135.39920277159567,-18.286411949813157,,
GEO_2371AB7922,EONET_11884,2024-10-31T19:00:00Z,Point,135.02271967088603,-20.516427997842264,,
GEO_1EA1973523,EONET_11885,2024-10-31T19:00:00Z,Point,128.2922637258025,-19.272030980621967,,
GEO_E61CF41CAA,EONET_11903,2024-10-31T19:00:00Z,Point,131.13653042273185,-18.088945708491224,,
GEO_A2E21C67A8,EONET_11886,2024-10-30T19:00:00Z,Point,138.32695879476472,-20.351494323783637,,
GEO_B5196F0826,EONET_11887,2024-10-30T19:00:00Z,Point,138.56178491866433,-19.76676252645889,,
GEO_E5800B662B,EONET_11888,2024-10-30T19:00:00Z,Point,134.97957256231672,-17.92325767986022,,
GEO_EAA1E36AFE,EONET_11894,2024-10-30T19:00:00Z,Point,134.41129167508984,-16.51765981359745,,
GEO_BF37FED980,EONET_11898,2024-10-30T19:00:00Z,Point,132.3595833100926,-16.79745288492284,,
GEO_1A97B23672,EONET_11879,2024-10-29T23:09:00Z,Point,-98.8130556,36.1030556,1575.0,acres
GEO_1DE680FD28,EONET_11880,2024-10-29T21:59:00Z,Point,-96.685,35.9619444,1279.0,acres
GEO_A16491A607,EONET_11863,2024-10-29T19:00:00Z,Point,135.2431527355301,-21.036119646287286,,
GEO_EAFD004A82,EONET_11869,2024-10-29T19:00:00Z,Point,135.76600533870948,-18.379013177302333,,
GEO_E1E70EAB80,EONET_11870,2024-10-29T19:00:00Z,Point,131.603252581703,-17.001102030551085,,
GEO_52A00C991F,EONET_11871,2024-10-29T19:00:00Z,Point,146.35283814342694,-23.02146754858887,,
GEO_1862BB0A14,EONET_11878,2024-10-29T17:28:00Z,Point,-97.685,35.85694444,2112.0,acres
GEO_B4A974925A,EONET_11881,2024-10-29T17:15:00Z,Point,-96.335556,36.647778,3584.0,acres
GEO_7D496CC5A0,EONET_11748,2024-10-28T23:07:00Z,Point,-97.5683333,36.3719444,717.0,acres
GEO_75B9ED3AB0,EONET_11848,2024-10-28T19:00:00Z,Point,128.267824743226,-17.06480660661728,,
GEO_89B05A3726,EONET_11864,2024-10-28T19:00:00Z,Point,135.26431924653662,-21.033455809456648,,
GEO_0EF6F858E3,EONET_11865,2024-10-28T19:00:00Z,Point,-56.72429548304898,-19.597180190011105,,
GEO_93E48B204D,EONET_11866,2024-10-28T19:00:00Z,Point,-56.67902527452382,-19.49626254806055,,
GEO_124504DA65,EONET_11872,2024-10-28T19:00:00Z,Point,128.546180998933,-16.702310666014,,
GEO_183638B957,EONET_11873,2024-10-28T19:00:00Z,Point,-56.66639250611148,-19.496842331008423,,
GEO_0F9036E50D,EONET_11874,2024-10-28T19:00:00Z,Point,0.6558384473798816,15.564391827014665,,
GEO_DE6F76DBFB,EONET_11889,2024-10-28T19:00:00Z,Point,-68.72121458379452,-12.94659480868508,,
GEO_C9A57F9E75,EONET_11890,2024-10-28T19:00:00Z,Point,116.70246819340646,-21.771156470498756,,
GEO_F42C003D36,EONET_11746,2024-10-28T17:42:00Z,Point,-92.7263,36.7924,600.0,acres
GEO_B7F52DD871,EONET_11747,2024-10-28T16:43:00Z,Point,-94.92027778,34.4325,584.0,acres
GEO_C5DEE17F35,EONET_11758,2024-10-27T19:00:00Z,Point,128.6626293779756,-19.50419258563784,,
GEO_8F5FACF47B,EONET_11759,2024-10-27T19:00:00Z,Point,134.43011069083727,-20.52990322796338,,
GEO_959854115F,EONET_11760,2024-10-27T19:00:00Z,Point,24.923153413763757,-18.910333389517785,,
GEO_1916701059,EONET_11761,2024-10-27T19:00:00Z,Point,134.6547655520915,-19.52421617844779,,
GEO_029B74CEE2,EONET_11762,2024-10-27T19:00:00Z,Point,134.38674404043152,-20.507743136240567,,
GEO_63449DD17D,EONET_11849,2024-10-27T19:00:00Z,Point,128.61959726189215,-17.89384966508282,,
GEO_4E9427F20B,EONET_11850,2024-10-27T19:00:00Z,Point,145.03409856681242,-20.401287657821374,,
GEO_BDDB74ADDF,EONET_11875,2024-10-27T19:00:00Z,Point,148.10021938406288,-27.215069073403303,,
GEO_CD3A626DFF,EONET_11763,2024-10-26T19:00:00Z,Point,133.97027402988505,-17.83850955184375,,
GEO_CF2D89F4D2,EONET_11764,2024-10-26T19:00:00Z,Point,133.5459106286566,-16.330234743143222,,
GEO_7373CDC0E9,EONET_11765,2024-10-26T19:00:00Z,Point,135.47288934080908,-21.062998293527244,,
GEO_BE8830546D,EONET_11766,2024-10-26T19:00:00Z,Point,25.056991012478118,-23.151997235654957,,
GEO_683FAAA0FB,EONET_11767,2024-10-26T19:00:00Z,Point,127.24965256779063,-14.339275532855583,,
GEO_80D1650149,EONET_11851,2024-10-26T19:00:00Z,Point,146.31743928502422,-22.75654987304036,,
GEO_EC92458D7F,EONET_11852,2024-10-26T19:00:00Z,Point,134.42703465225424,-20.55013475831848,,
GEO_6F14D54A56,EONET_11853,2024-10-26T19:00:00Z,Point,134.65539234065398,-20.607754090486097,,
GEO_9B24B0CEE6,EONET_11854,2024-10-26T19:00:00Z,Point,133.9724771861392,-14.336864821647016,,
GEO_63B4760083,EONET_11867,2024-10-26T19:00:00Z,Point,-0.9822772948726691,14.407350356779087,,
GEO_12AF5FBFCA,EONET_11876,2024-10-26T19:00:00Z,Point,146.34247513946704,-22.913950380786495,,
GEO_AEB8AFF3A2,EONET_11751,2024-10-26T11:36:00Z,Point,-109.74549,33.58029,502.0,acres
GEO_7C6F96620B,EONET_11768,2024-10-25T19:00:00Z,Point,19.730446314255314,-18.359695981000378,,
GEO_91714B3DE0,EONET_11769,2024-10-25T19:00:00Z,Point,134.8033362886282,-15.185407305235517,,
GEO_FD27886103,EONET_11770,2024-10-25T19:00:00Z,Point,127.39887548625511,-14.446621326552794,,
GEO_9FE74C25A4,EONET_11771,2024-10-25T19:00:00Z,Point,134.88481263379268,-14.846903341479033,,
GEO_771B4770C7,EONET_11772,2024-10-25T19:00:00Z,Point,20.979511560369726,-18.69439412370786,,
GEO_111B5922FF,EONET_11855,2024-10-25T19:00:00Z,Point,134.11159497388516,-14.503668093212271,,
GEO_A98152F4B6,EONET_11856,2024-10-25T19:00:00Z,Point,148.2195779512745,-20.456935576578623,,
GEO_B2763A2E21,EONET_11891,2024-10-25T19:00:00Z,Point,48.12880614063655,-19.23993580869632,,
GEO_6241906CD2,EONET_11773,2024-10-24T19:00:00Z,Point,12.865202002214888,13.322862384653492,,
GEO_9B568B8F36,EONET_11774,2024-10-24T19:00:00Z,Point,129.80102037067292,-16.70775264353619,,
GEO_8B82E3D194,EONET_11775,2024-10-24T19:00:00Z,Point,136.08334155207993,-17.16096452409861,,
GEO_FFFA199314,EONET_11776,2024-10-24T19:00:00Z,Point,-98.63411327305327,34.751180511538436,,
GEO_F3FD719014,EONET_11777,2024-10-24T19:00:00Z,Point,137.63940993624988,-16.81478759199535,,
GEO_6D8241A954,EONET_11778,2024-10-24T19:00:00Z,Point,133.52687402290059,-16.377430014521114,,
GEO_DC2037118F,EONET_11779,2024-10-24T19:00:00Z,Point,142.8508298269367,-19.296535500788487,,
GEO_388793EDE9,EONET_11780,2024-10-24T19:00:00Z,Point,142.85075265004272,-17.471527739454405,,
GEO_D10F621387,EONET_11781,2024-10-24T19:00:00Z,Point,129.3302247645696,-19.505996603117392,,
GEO_AB1D699459,EONET_11857,2024-10-24T19:00:00Z,Point,141.96613680303315,-18.97697506729515,,
GEO_3ED5DD15AD,EONET_11858,2024-10-24T19:00:00Z,Point,129.20834676326416,-16.7735850520269,,
GEO_823A3665D2,EONET_11859,2024-10-24T19:00:00Z,Point,129.99931254964693,-18.71563181580732,,
GEO_62063596D3,EONET_11749,2024-10-24T16:20:00Z,Point,-98.605421,34.74259,12479.0,acres
GEO_38D4E828BF,EONET_11753,2024-10-23T22:39:00Z,Point,-85.9138889,33.69,500.0,acres
GEO_3529EE3037,EONET_11782,2024-10-23T19:00:00Z,Point,145.43849937126402,-20.63479082915304,,
GEO_F6B7B5A571,EONET_11783,2024-10-23T19:00:00Z,Point,136.16001034721083,-17.06805584005941,,
GEO_DCE6F93449,EONET_11784,2024-10-23T19:00:00Z,Point,140.57236706907798,-20.998697396217462,,
GEO_7933CC29E6,EONET_11785,2024-10-23T19:00:00Z,Point,146.72789966667187,-24.855086421392453,,
GEO_BC2285FCEE,EONET_11786,2024-10-23T19:00:00Z,Point,132.53737225700976,-17.64205575715483,,
GEO_F1DFE14083,EONET_11787,2024-10-23T19:00:00Z,Point,132.6568134318015,-17.899696831292154,,
GEO_B264D1D449,EONET_11788,2024-10-23T19:00:00Z,Point,130.15385946064404,-18.461259267315935,,
GEO_A287A2049E,EONET_11789,2024-10-23T19:00:00Z,Point,126.4236962521776,-14.23310435924109,,
GEO_CFA8977E3D,EONET_11860,2024-10-23T19:00:00Z,Point,-49.24530452529223,-2.8350911770163334,,
GEO_7EF284CE00,EONET_11754,2024-10-23T16:16:00Z,Point,-91.8323551,46.2811602,635.9,acres
GEO_B011A86EDB,EONET_11752,2024-10-23T11:06:00Z,Point,-105.012783,36.768967,1514.0,acres
GEO_CF14B20D35,EONET_11790,2024-10-22T19:00:00Z,Point,-56.76818177682636,-19.66057564281621,,
GEO_3BEDB78755,EONET_11791,2024-10-22T19:00:00Z,Point,130.12003832331592,-19.03083372302479,,
GEO_CAC91E21CE,EONET_11792,2024-10-22T19:00:00Z,Point,130.23163072757757,-18.89604428412518,,
GEO_30BAB05BD5,EONET_11793,2024-10-22T19:00:00Z,Point,133.51088976851636,-14.162455159034364,,
GEO_5630A834CF,EONET_11794,2024-10-22T19:00:00Z,Point,134.71643032685367,-20.788362942143372,,
GEO_4B8ED09060,EONET_11795,2024-10-22T19:00:00Z,Point,137.0925544890553,-16.92433450357885,,
GEO_93E8D3E2BA,EONET_11861,2024-10-22T19:00:00Z,Point,130.7430854838704,-18.29645965305151,,
GEO_FA1D6BF0A7,EONET_11877,2024-10-22T19:00:00Z,Point,150.6321501282251,-22.685364492546796,,
GEO_728203BE40,EONET_11892,2024-10-22T19:00:00Z,Point,-51.26672431010214,3.437857505464677,,
GEO_533059E170,EONET_11750,2024-10-22T16:46:00Z,Point,-106.397133,34.622083,570.0,acres
GEO_4FA5365131,EONET_11757,2024-10-22T16:21:00Z,Point,-79.5103333,34.9706667,550.0,acres
GEO_14A3BA67E8,EONET_11796,2024-10-21T19:00:00Z,Point,131.42087752698498,-20.60059461412145,,
GEO_6775A20562,EONET_11797,2024-10-21T19:00:00Z,Point,131.40328029632704,-15.802788112830779,,
GEO_157BF1F8EC,EONET_11798,2024-10-21T19:00:00Z,Point,136.99774477665702,-15.703293860954377,,
GEO_66C245A148,EONET_11799,2024-10-21T19:00:00Z,Point,137.61218035093663,-18.142453034079054,,
GEO_FD236B5B24,EONET_11800,2024-10-21T19:00:00Z,Point,129.93535520759085,-16.68526406471077,,
GEO_F66CB11B27,EONET_11801,2024-10-21T19:00:00Z,Point,136.05068364699113,-20.932948452531058,,
GEO_0013E7954F,EONET_11802,2024-10-21T19:00:00Z,Point,134.0331829208747,-17.717929743306247,,
GEO_23F06A0A2B,EONET_11803,2024-10-21T19:00:00Z,Point,134.17591957640826,-14.454295598406148,,
GEO_EA8A92C300,EONET_11804,2024-10-21T19:00:00Z,Point,134.86170058902223,-15.297514259738115,,
GEO_EC0D21333B,EONET_11805,2024-10-21T19:00:00Z,Point,133.8072941819244,-12.649074225336182,,
GEO_6A20D8AF55,EONET_11806,2024-10-21T19:00:00Z,Point,136.46945136797376,-17.295428182872115,,
GEO_C2D06A0F4E,EONET_11807,2024-10-21T19:00:00Z,Point,128.96114574965574,-19.571177401850047,,
GEO_C8BBFA622E,EONET_11730,2024-10-21T10:00:00Z,Point,-108.4888889,48.005,600.0,acres
GEO_272B30D98B,EONET_11808,2024-10-20T19:00:00Z,Point,33.98147648848935,-12.041307316043806,,
GEO_F629D8DC4B,EONET_11809,2024-10-20T19:00:00Z,Point,19.272149326590203,-17.084269751587467,,
GEO_4179E1E6C6,EONET_11810,2024-10-20T19:00:00Z,Point,134.55802039492826,-14.177899906220429,,
GEO_F38D3066D6,EONET_11811,2024-10-20T19:00:00Z,Point,147.57654063648764,-24.833380270983675,,
GEO_A2DC029996,EONET_11812,2024-10-20T19:00:00Z,Point,127.42196176587271,-20.554428123761703,,
GEO_CD0C3C118D,EONET_11813,2024-10-20T19:00:00Z,Point,-57.558243993254905,-17.880431210569434,,
GEO_34C6902A14,EONET_11814,2024-10-20T19:00:00Z,Point,129.23400754126789,-16.86132653048078,,
GEO_B6CD5B3E95,EONET_11815,2024-10-20T19:00:00Z,Point,131.42988958497207,-16.00038162066006,,
GEO_EDA9DE7EDC,EONET_11816,2024-10-20T19:00:00Z,Point,129.1370533294415,-16.583482131661132,,
GEO_0ECB6EC296,EONET_11817,2024-10-20T19:00:00Z,Point,128.84271925785254,-15.145142158243805,,
GEO_0C285DFABC,EONET_11818,2024-10-20T19:00:00Z,Point,130.1076192493414,-16.582973563873193,,
GEO_D7A8186D05,EONET_11819,2024-10-20T19:00:00Z,Point,135.73334357204047,-21.060938329353768,,
GEO_2040092CF7,EONET_11820,2024-10-20T19:00:00Z,Point,133.69704423064465,-16.341823096749657,,
GEO_5C2B293F2F,EONET_11821,2024-10-20T19:00:00Z,Point,149.0600734816434,-24.75532822452758,,
GEO_E8937CD57E,EONET_11862,2024-10-20T19:00:00Z,Point,33.92424613380657,-11.645225127521483,,
GEO_7FB6DCBF11,EONET_11822,2024-10-19T19:00:00Z,Point,-56.193011760512775,-18.311912139393463,,
GEO_96A2259DC7,EONET_11823,2024-10-19T19:00:00Z,Point,132.8875813920336,-16.74610353860571,,
GEO_18379D05CB,EONET_11824,2024-10-19T19:00:00Z,Point,129.15160875384026,-19.567261221804056,,
GEO_4A07B87825,EONET_11825,2024-10-19T19:00:00Z,Point,-56.64317361103586,-19.55075615792885,,
GEO_5D868D4CD6,EONET_11826,2024-10-19T19:00:00Z,Point,33.94498731639702,-12.169018805269033,,
GEO_F9C48783F2,EONET_11827,2024-10-19T19:00:00Z,Point,129.37147675764135,-17.00197914484936,,
GEO_157B5D0038,EONET_11828,2024-10-19T19:00:00Z,Point,136.91712925228038,-16.103177802731217,,
GEO_6F760F7D87,EONET_11829,2024-10-19T19:00:00Z,Point,141.91140609179575,-18.539625555895686,,
GEO_8584EFE061,EONET_11830,2024-10-19T19:00:00Z,Point,128.70228307401783,-15.056044818764503,,
GEO_663D47F1AE,EONET_11831,2024-10-19T19:00:00Z,Point,142.63055482239065,-19.32780846367275,,
GEO_828651C585,EONET_11868,2024-10-19T19:00:00Z,Point,34.09803369945095,-11.780494645494064,,
GEO_BB0881C781,EONET_11731,2024-10-19T16:20:00Z,Point,-118.1033,35.45554,954.0,acres
GEO_380BC45052,EONET_11832,2024-10-18T19:00:00Z,Point,132.30349334189938,-18.418036752486,,
GEO_5305F11717,EONET_11833,2024-10-18T19:00:00Z,Point,133.23900149961733,-18.289116879722563,,
GEO_8D6427C917,EONET_11834,2024-10-18T19:00:00Z,Point,129.36380344513353,-19.651580522952408,,
GEO_91BFFDF0AB,EONET_11835,2024-10-18T19:00:00Z,Point,138.1003300205901,-17.309700603610505,,
GEO_6063D48649,EONET_11836,2024-10-18T19:00:00Z,Point,138.1220112624801,-18.38547378159575,,
GEO_DFEDF5543C,EONET_11837,2024-10-18T19:00:00Z,Point,134.5200728214175,-12.281985422633758,,
GEO_2825990C3C,EONET_11838,2024-10-18T19:00:00Z,Point,33.96581236136204,-11.861612196529132,,
GEO_9EB316BCB0,EONET_11742,2024-10-18T17:02:00Z,Point,-98.2233333,43.9963889,1120.0,acres
GEO_F23256EA02,EONET_11740,2024-10-18T15:45:00Z,Point,-89.02727,43.91,646.0,acres
GEO_FC24653013,EONET_11739,2024-10-18T12:23:00Z,Point,-102.3552778,36.5977778,1100.0,acres
GEO_515D61997F,EONET_11839,2024-10-17T19:00:00Z,Point,131.48136531710765,-20.816007937532152,,
GEO_14ADF643A1,EONET_11840,2024-10-17T19:00:00Z,Point,35.18459484350846,-18.969454523786904,,
GEO_8FB6FBDB8B,EONET_11841,2024-10-17T19:00:00Z,Point,130.63503025785636,-18.93880525043313,,
GEO_6C5E1E1326,EONET_11842,2024-10-17T19:00:00Z,Point,133.75411219605857,-17.261557469404433,,
GEO_2654879FBB,EONET_11843,2024-10-17T19:00:00Z,Point,144.14468677023754,-15.364271949364037,,
GEO_FFA67F526F,EONET_11844,2024-10-17T19:00:00Z,Point,36.448779748213305,-16.39632630937279,,
GEO_B6C28DB47E,EONET_11845,2024-10-17T19:00:00Z,Point,135.9152457181929,-20.9374369816651,,
GEO_9651AA279E,EONET_11732,2024-10-17T02:07:00Z,Point,-102.5528953,43.27923397,732.0,acres
GEO_01F4112071,EONET_11718,2024-10-16T14:28:00Z,Point,-89.044,30.554,850.0,acres
GEO_CAF36A731D,EONET_11721,2024-10-15T16:37:00Z,Point,-103.642967,46.949367,800.0,acres
GEO_E487177DFB,EONET_11719,2024-10-13T18:07:00Z,Point,-112.2425,39.9148,718.0,acres
GEO_D33B60B662,EONET_11699,2024-10-12T19:00:00Z,Point,140.6933666078225,-21.773445214987344,,
GEO_B0EFA7F063,EONET_11700,2024-10-12T19:00:00Z,Point,138.3842494609939,-19.466283037143914,,
GEO_9CF62C3BB1,EONET_11671,2024-10-11T19:00:00Z,Point,113.3697652538194,49.882632370732466,,
GEO_11638EFE28,EONET_11688,2024-10-11T19:00:00Z,Point,130.24178623775194,51.437734997654715,,
GEO_7F16A3A8D0,EONET_11689,2024-10-11T19:00:00Z,Point,116.84336258144357,46.82259250602937,,
GEO_54F1D2C628,EONET_11701,2024-10-11T19:00:00Z,Point,144.15524636686067,-15.204544901400197,,
GEO_48827A1662,EONET_11702,2024-10-11T19:00:00Z,Point,129.90156362091534,50.95746401906496,,
GEO_E77F4A9799,EONET_11703,2024-10-11T19:00:00Z,Point,-67.33438484912152,-13.078868950057641,,
GEO_E5BB7E2C64,EONET_11704,2024-10-11T19:00:00Z,Point,138.58182718897277,-19.34729676861363,,
GEO_5046CAC4AA,EONET_11705,2024-10-11T19:00:00Z,Point,138.5455898627571,-19.246634245045154,,
GEO_9780569342,EONET_11706,2024-10-11T19:00:00Z,Point,138.71424630301482,-19.29109337136628,,
GEO_94661E34E1,EONET_11707,2024-10-11T19:00:00Z,Point,129.93039068231568,50.98405704327328,,
GEO_A8C8B397F4,EONET_11672,2024-10-10T19:00:00Z,Point,-57.32847400144102,-17.859711643403312,,
GEO_12692C75AB,EONET_11673,2024-10-10T19:00:00Z,Point,131.60080947742898,-16.709990656816686,,
GEO_406A6ECBFE,EONET_11674,2024-10-10T19:00:00Z,Point,132.24334477390096,-18.127973609637163,,
GEO_4715A52425,EONET_11690,2024-10-10T19:00:00Z,Point,-65.85751644524468,-14.624494149042002,,
GEO_51ED810456,EONET_11691,2024-10-10T19:00:00Z,Point,113.369300428544,49.87594107586084,,
GEO_CA1B62CA02,EONET_11708,2024-10-10T19:00:00Z,Point,-44.678291020598174,-10.935118379778304,,
GEO_A3F700D8AA,EONET_11709,2024-10-10T19:00:00Z,Point,144.65015852635352,-16.073966799310035,,
GEO_B140499ED0,EONET_11648,2024-10-09T20:36:00Z,Point,-110.9815,32.601167,1000.0,acres
GEO_92C9675E50,EONET_11655,2024-10-09T19:00:00Z,Point,133.6670956256658,-18.51079451480582,,
GEO_20918953C4,EONET_11656,2024-10-09T19:00:00Z,Point,132.33008170254809,-17.9995054798654,,
GEO_8112B536E2,EONET_11675,2024-10-09T19:00:00Z,Point,-56.279042609307915,-17.685515630615086,,
GEO_939D045341,EONET_11676,2024-10-09T19:00:00Z,Point,133.87971391543314,-17.39883445355382,,
GEO_40DA33B611,EONET_11677,2024-10-09T19:00:00Z,Point,133.4969285442372,-18.396874341818418,,
GEO_684D466C02,EONET_11678,2024-10-09T19:00:00Z,Point,134.89146004943208,-16.678981656213498,,
GEO_B70DA80C63,EONET_11692,2024-10-09T19:00:00Z,Point,-64.1774133560875,-14.917209498516536,,
GEO_ACC70F04BE,EONET_11693,2024-10-09T19:00:00Z,Point,21.30518321431347,-22.10592533902044,,
GEO_AEBACA361E,EONET_11694,2024-10-09T19:00:00Z,Point,126.61572570153012,-18.94599723251491,,
GEO_20F4676CBF,EONET_11710,2024-10-09T19:00:00Z,Point,39.07970484853711,-8.597297713159998,,
GEO_52BAAADE9D,EONET_11711,2024-10-09T19:00:00Z,Point,39.05733076090904,-8.591102655137439,,
GEO_82C23E1550,EONET_11712,2024-10-09T19:00:00Z,Point,125.24263724072689,-15.45371609146519,,
GEO_201A70F196,EONET_11713,2024-10-09T19:00:00Z,Point,135.6152264630125,-15.676408806483213,,
GEO_82B6E16B89,EONET_11633,2024-10-08T19:00:00Z,Point,135.54882379688775,-16.555331491920306,,
GEO_BEC3D45784,EONET_11634,2024-10-08T19:00:00Z,Point,134.99503042321973,-16.731485085722042,,
GEO_5A492491E4,EONET_11635,2024-10-08T19:00:00Z,Point,129.67037641685863,51.91174013643321,,
GEO_B4632ED2D9,EONET_11657,2024-10-08T19:00:00Z,Point,133.6843164147602,-18.515090520328283,,
GEO_CFBE365B39,EONET_11679,2024-10-08T19:00:00Z,Point,-56.434921947540126,-18.17957613194617,,
GEO_A76AE0C1DB,EONET_11680,2024-10-08T19:00:00Z,Point,-53.494035323250195,-12.85271451476827,,
GEO_DE1AE8377C,EONET_11681,2024-10-08T19:00:00Z,Point,-56.42488755887903,-18.1520249955246,,
GEO_3E9846F40B,EONET_11695,2024-10-08T19:00:00Z,Point,33.32058253981542,-22.852940884065013,,
GEO_7CF90F885F,EONET_11696,2024-10-08T19:00:00Z,Point,125.59455884953822,-15.394077788763552,,
GEO_02C2518498,EONET_11714,2024-10-08T19:00:00Z,Point,48.22049595671835,-14.422411735321552,,
GEO_E0E8F2E6F5,EONET_11649,2024-10-07T19:16:00Z,Point,-120.889917,43.784583,6537.0,acres
GEO_63E24676BE,EONET_11603,2024-10-07T19:00:00Z,Point,138.65605282867347,-21.48174505334668,,
GEO_29FEBE0CA2,EONET_11604,2024-10-07T19:00:00Z,Point,-47.993463318761016,-20.40790426214328,,
GEO_19FD5D1189,EONET_11605,2024-10-07T19:00:00Z,Point,134.28848397822787,-20.96688390505127,,
GEO_C2C61DA975,EONET_11606,2024-10-07T19:00:00Z,Point,135.44295228031353,-16.345284141197087,,
GEO_14FD3DF46A,EONET_11607,2024-10-07T19:00:00Z,Point,138.28124625869035,-18.55738784711696,,
GEO_70D1CA6C98,EONET_11636,2024-10-07T19:00:00Z,Point,131.0975388326391,-16.267079518941934,,
GEO_60D9D88A07,EONET_11637,2024-10-07T19:00:00Z,Point,135.2332379239978,-19.34948762730908,,
GEO_D4D02CAA52,EONET_11658,2024-10-07T19:00:00Z,Point,127.07146007000972,-14.488894604225072,,
GEO_7102B97261,EONET_11659,2024-10-07T19:00:00Z,Point,125.74101303281526,-14.537358037400862,,
GEO_0E3D660BEA,EONET_11660,2024-10-07T19:00:00Z,Point,24.966019922931416,-20.117268492176514,,
GEO_981D75A367,EONET_11682,2024-10-07T19:00:00Z,Point,-51.06189296417614,-11.31133848204933,,
GEO_6509913F90,EONET_11683,2024-10-07T19:00:00Z,Point,127.0352029087893,-14.404807660293107,,
GEO_9DCBBF3923,EONET_11684,2024-10-07T19:00:00Z,Point,-61.2452389259121,-10.388951414212945,,
GEO_1D9A99B1EF,EONET_11697,2024-10-07T19:00:00Z,Point,36.610771607564814,-16.198147883662624,,
GEO_4CB818F812,EONET_11715,2024-10-07T19:00:00Z,Point,36.66256650429141,-16.186706687822717,,
GEO_F31FD74235,EONET_11580,2024-10-06T19:00:00Z,Point,75.92199863512646,49.95302233707887,,
GEO_2B8BAD64A0,EONET_11581,2024-10-06T19:00:00Z,Point,139.7584167800004,-21.875210823129752,,
GEO_9C2980EF5F,EONET_11582,2024-10-06T19:00:00Z,Point,-57.52729759297604,-24.191330229333477,,
GEO_85A3E3B51F,EONET_11583,2024-10-06T19:00:00Z,Point,129.64309700539005,-16.889316548001123,,
GEO_CC0EBC8B59,EONET_11584,2024-10-06T19:00:00Z,Point,-48.82579590977534,-20.382207403158432,,
GEO_E391E23E68,EONET_11585,2024-10-06T19:00:00Z,Point,138.88261942917325,-18.878884898349657,,
GEO_E1326066EE,EONET_11586,2024-10-06T19:00:00Z,Point,138.594728829502,-21.34332426183061,,
GEO_6C6E3ED0C2,EONET_11587,2024-10-06T19:00:00Z,Point,130.1728912049867,51.57607318830451,,
GEO_733C48A610,EONET_11608,2024-10-06T19:00:00Z,Point,-47.675504767141724,-20.445397931356993,,
GEO_A084051FFF,EONET_11609,2024-10-06T19:00:00Z,Point,-116.751293334258,41.279033002168376,,
GEO_86AC9DB1BA,EONET_11610,2024-10-06T19:00:00Z,Point,123.6865046047607,-16.69364488868191,,
GEO_339A87D7FA,EONET_11611,2024-10-06T19:00:00Z,Point,132.9153808508776,-18.37967000333171,,
GEO_0FA719EA29,EONET_11612,2024-10-06T19:00:00Z,Point,116.16495441244756,-32.17365645881449,,
GEO_E1F5E835A1,EONET_11613,2024-10-06T19:00:00Z,Point,134.87702337044848,-20.680843805127797,,
GEO_38768CE8BC,EONET_11614,2024-10-06T19:00:00Z,Point,-59.42162355063073,-15.68647061690875,,
GEO_2972E59594,EONET_11615,2024-10-06T19:00:00Z,Point,138.31197087033917,-20.469284765945126,,
GEO_0383EAA19A,EONET_11616,2024-10-06T19:00:00Z,Point,133.86680991176016,-18.526002720997212,,
GEO_52555FD00A,EONET_11638,2024-10-06T19:00:00Z,Point,135.61284479042845,-20.61717270854684,,
GEO_0FF333BA04,EONET_11639,2024-10-06T19:00:00Z,Point,-44.11529649958027,-8.308358194404638,,
GEO_6E93DAD452,EONET_11640,2024-10-06T19:00:00Z,Point,116.16744721487505,-32.190924332776206,,
GEO_6E5C398648,EONET_11641,2024-10-06T19:00:00Z,Point,16.755886864781118,-16.12173711306666,,
GEO_3F5171BAAB,EONET_11642,2024-10-06T19:00:00Z,Point,126.65517673968571,-15.39437593022124,,
GEO_4E5E7C2B42,EONET_11661,2024-10-06T19:00:00Z,Point,17.196291515124734,-16.566217523616643,,
GEO_59A8EFC0C1,EONET_11662,2024-10-06T19:00:00Z,Point,130.51501321803966,-11.359477561626251,,
GEO_EF1A0F306E,EONET_11663,2024-10-06T19:00:00Z,Point,129.9632556788453,-15.932325542946636,,
GEO_9058319AA7,EONET_11664,2024-10-06T19:00:00Z,Point,-57.46501030438313,-16.95144368144209,,
GEO_AFEC8D7116,EONET_11685,2024-10-06T19:00:00Z,Point,132.52565085670784,-18.12052797578537,,
GEO_ED331B98E9,EONET_11698,2024-10-06T19:00:00Z,Point,36.493815490432816,-16.499704509516384,,
GEO_3D86E63FE6,EONET_11540,2024-10-06T09:46:00Z,Point,-103.206283,47.688967,28434.0,acres
GEO_E95DE0A1BB,EONET_11539,2024-10-05T21:28:00Z,Point,-103.277083,47.68395,5000.0,acres
GEO_7A53DD5133,EONET_11548,2024-10-05T19:37:00Z,Point,-102.822778,47.832778,1500.0,acres
GEO_94CA41E624,EONET_11563,2024-10-05T19:00:00Z,Point,75.6843586305727,50.205195960975864,,
GEO_09E64D94DA,EONET_11564,2024-10-05T19:00:00Z,Point,75.67455917101783,50.0835509264835,,
GEO_16883333D1,EONET_11565,2024-10-05T19:00:00Z,Point,134.63931797005276,-19.283818266947875,,
GEO_09E6F8E88A,EONET_11566,2024-10-05T19:00:00Z,Point,134.63740007504532,-20.392106348642848,,
GEO_61CDCBB7EC,EONET_11567,2024-10-05T19:00:00Z,Point,136.63523122266818,-21.118477705156906,,
GEO_62E08E2619,EONET_11568,2024-10-05T19:00:00Z,Point,135.0408311548923,-16.86132112601189,,
GEO_7B0F03E905,EONET_11588,2024-10-05T19:00:00Z,Point,131.8117109012102,-17.067935511567782,,
GEO_968168F10C,EONET_11589,2024-10-05T19:00:00Z,Point,135.06433660102903,-19.00141986614453,,
GEO_1AB9C54455,EONET_11590,2024-10-05T19:00:00Z,Point,134.68369846770102,-19.099523868260903,,
GEO_F738D3E467,EONET_11591,2024-10-05T19:00:00Z,Point,136.6894852148059,-20.841549486737385,,
GEO_6E739F42C1,EONET_11592,2024-10-05T19:00:00Z,Point,138.979292246117,-20.57104894385339,,
GEO_214BD328E5,EONET_11593,2024-10-05T19:00:00Z,Point,133.74192119607545,-17.477193815904492,,
GEO_3857C183B9,EONET_11594,2024-10-05T19:00:00Z,Point,136.70917665081888,-16.751300079688306,,
GEO_7AA953EABA,EONET_11595,2024-10-05T19:00:00Z,Point,129.2714668483718,-16.30049767936207,,
GEO_3FCC1030A0,EONET_11596,2024-10-05T19:00:00Z,Point,129.82311964266614,51.34478512890393,,
GEO_E8994E7F56,EONET_11597,2024-10-05T19:00:00Z,Point,133.9024475166313,-20.55494761129263,,
GEO_AFF3BF7194,EONET_11617,2024-10-05T19:00:00Z,Point,20.610705778679534,-16.176033246106755,,
GEO_92ADD127BF,EONET_11618,2024-10-05T19:00:00Z,Point,-47.72113590986171,-21.611182102857335,,
GEO_3ECA3D77EA,EONET_11619,2024-10-05T19:00:00Z,Point,-44.602770594557796,-13.867423478077333,,
GEO_D7714EF8E1,EONET_11620,2024-10-05T19:00:00Z,Point,135.18244898854226,-19.08313389270896,,
GEO_3B90DC76E6,EONET_11621,2024-10-05T19:00:00Z,Point,131.3007208344378,-21.588875557867123,,
GEO_9450391C34,EONET_11622,2024-10-05T19:00:00Z,Point,-58.75044492459898,-23.867953105067897,,
GEO_CBE71E0994,EONET_11623,2024-10-05T19:00:00Z,Point,24.975157173286973,-19.981290693303844,,
GEO_CA92024F6F,EONET_11624,2024-10-05T19:00:00Z,Point,129.7172600849914,51.26791493297954,,
GEO_31A774FB79,EONET_11625,2024-10-05T19:00:00Z,Point,-57.72680860546164,-16.525416532433503,,
GEO_E188DEC005,EONET_11626,2024-10-05T19:00:00Z,Point,136.69724987463536,-21.14448296684391,,
GEO_BEC9F869A5,EONET_11643,2024-10-05T19:00:00Z,Point,27.569337638787562,-14.40844684894696,,
GEO_4BCD83DFFF,EONET_11644,2024-10-05T19:00:00Z,Point,133.0715572252234,-17.1166254302386,,
GEO_D30D1354FA,EONET_11645,2024-10-05T19:00:00Z,Point,-47.03976281284153,-12.4281866605495,,
GEO_768FD424B7,EONET_11665,2024-10-05T19:00:00Z,Point,-64.03211348162226,-11.690256691034943,,
GEO_27F8B112D7,EONET_11666,2024-10-05T19:00:00Z,Point,126.07552249282261,-15.02121300670404,,
GEO_5203C3F98E,EONET_11667,2024-10-05T19:00:00Z,Point,128.20983740146025,-16.290614912507916,,
GEO_AF6A691115,EONET_11668,2024-10-05T19:00:00Z,Point,136.6642642085939,-20.90929897266963,,
GEO_3BD922AF0C,EONET_11669,2024-10-05T19:00:00Z,Point,136.58393294418354,-16.78379628460879,,
GEO_03E615F585,EONET_11670,2024-10-05T19:00:00Z,Point,45.16705783625444,-16.150378716975258,,
GEO_55B7320264,EONET_11686,2024-10-05T19:00:00Z,Point,123.60776358349335,-16.632278385345753,,
GEO_EDDC3C0A56,EONET_11687,2024-10-05T19:00:00Z,Point,20.182276029562043,-15.172231742848325,,
GEO_CD9CFB1B04,EONET_11537,2024-10-05T17:55:00Z,Point,-102.8227778,47.83277778,10000.0,acres
GEO_764E243401,EONET_11550,2024-10-05T12:35:00Z,Point,-95.25720017,33.39470949,500.0,acres
GEO_FD829121E4,EONET_11524,2024-10-04T19:00:00Z,Point,133.94159218878156,-20.719739997001856,,
GEO_C189DF7C3C,EONET_11525,2024-10-04T19:00:00Z,Point,136.96562972600597,-21.07345350056432,,
GEO_FD3DCD8A10,EONET_11526,2024-10-04T19:00:00Z,Point,138.82497210527924,-20.576141663285185,,
GEO_34FD250131,EONET_11527,2024-10-04T19:00:00Z,Point,131.40627251295183,-21.681689885107357,,
GEO_20E4EE39F5,EONET_11528,2024-10-04T19:00:00Z,Point,128.77195435904298,-16.918302897634106,,
GEO_01C404183C,EONET_11569,2024-10-04T19:00:00Z,Point,129.91520788197937,51.62299225774996,,
GEO_7CD95FCCF0,EONET_11570,2024-10-04T19:00:00Z,Point,129.38351526242283,-16.318776322268832,,
GEO_915D3813EB,EONET_11571,2024-10-04T19:00:00Z,Point,139.03767092950477,-18.79945062897678,,
GEO_E2DE091FD1,EONET_11572,2024-10-04T19:00:00Z,Point,-57.900256455097,-18.88364431777944,,
GEO_A1DD372155,EONET_11598,2024-10-04T19:00:00Z,Point,-53.78169368330193,-17.80074242777861,,
GEO_F3A2DD2073,EONET_11599,2024-10-04T19:00:00Z,Point,129.8930122317016,51.465012303477955,,
GEO_45B85B8545,EONET_11600,2024-10-04T19:00:00Z,Point,136.48837481329977,-16.620391519688223,,
GEO_F7EDE6FF87,EONET_11627,2024-10-04T19:00:00Z,Point,31.94713278032626,-23.176328037712526,,
GEO_26C190615C,EONET_11628,2024-10-04T19:00:00Z,Point,138.16183191255374,-19.936825630842026,,
GEO_95DFFAB4E2,EONET_11629,2024-10-04T19:00:00Z,Point,136.45626945338833,-16.482745531318148,,
GEO_BF4ECDB7CA,EONET_11630,2024-10-04T19:00:00Z,Point,138.94539750140453,-20.49618707889742,,
GEO_F3939C2ED3,EONET_11646,2024-10-04T19:00:00Z,Point,123.50198181327265,54.16884382276471,,
GEO_61A2EDEF25,EONET_11543,2024-10-04T07:01:00Z,Point,-116.054827,43.561091,9412.0,acres
GEO_3E774EF145,EONET_11476,2024-10-03T19:00:00Z,Point,-59.091654296068185,-21.26266230019964,,
GEO_7D05A53AE3,EONET_11529,2024-10-03T19:00:00Z,Point,132.10943563333956,-13.690457408026028,,
GEO_D9B51D5904,EONET_11530,2024-10-03T19:00:00Z,Point,136.7668902412513,-14.224555661478488,,
GEO_E482F07FCA,EONET_11531,2024-10-03T19:00:00Z,Point,-64.29503616314398,-32.5310911826972,,
GEO_2D987283DA,EONET_11573,2024-10-03T19:00:00Z,Point,139.1804774248331,-20.92138250721944,,
GEO_50C302F16A,EONET_11574,2024-10-03T19:00:00Z,Point,-47.15047430879595,-16.929632513858987,,
GEO_BA7A4D3375,EONET_11601,2024-10-03T19:00:00Z,Point,139.33649913742875,-20.99277235221474,,
GEO_466C900A1B,EONET_11602,2024-10-03T19:00:00Z,Point,31.921725852000385,-23.28505270155242,,
GEO_512821AA85,EONET_11631,2024-10-03T19:00:00Z,Point,133.50183848625718,-14.333042496566197,,
GEO_96B366805E,EONET_11647,2024-10-03T19:00:00Z,Point,17.891456245262237,-15.03286567308736,,
GEO_14EBF0659C,EONET_11477,2024-10-02T19:00:00Z,Point,129.6960639383376,51.41737549837452,,
GEO_2E42DAA44E,EONET_11532,2024-10-02T19:00:00Z,Point,-45.49920962470827,-14.048978342491987,,
GEO_DE51CFBD27,EONET_11552,2024-10-02T14:13:00Z,Point,-100.8104167,45.93002778,2081.0,acres
GEO_4838B8EC2E,EONET_11546,2024-10-02T13:01:00Z,Point,-116.69174,42.7036,4919.0,acres
GEO_B87089DEE8,EONET_11478,2024-10-01T19:00:00Z,Point,-48.873397320961764,-21.35718652296286,,
GEO_B33106FBA5,EONET_11479,2024-10-01T19:00:00Z,Point,-45.10981302419213,-14.020442622849822,,
GEO_0B763A5F1D,EONET_11480,2024-10-01T19:00:00Z,Point,-66.30352957269871,-13.23127189888547,,
GEO_D725C048C1,EONET_11481,2024-10-01T19:00:00Z,Point,61.06797539599744,51.02852237329927,,
GEO_AC3CA315AB,EONET_11510,2024-10-01T19:00:00Z,Point,-65.51015539848723,-34.981175933605826,,
GEO_2D0290D8B8,EONET_11511,2024-10-01T19:00:00Z,Point,131.4201407365228,-12.623585551019294,,
GEO_D7C8FB0E33,EONET_11512,2024-10-01T19:00:00Z,Point,135.58209990887175,-16.3887272621043,,
GEO_714404B0AE,EONET_11513,2024-10-01T19:00:00Z,Point,29.958505526520362,-7.15860458369298,,
GEO_DE66507C8B,EONET_11533,2024-10-01T19:00:00Z,Point,-57.41632493883296,-15.683083122212388,,
GEO_0C44C8ED16,EONET_11534,2024-10-01T19:00:00Z,Point,-45.576244160057875,-10.77962723383635,,
GEO_0DF10FA52A,EONET_11535,2024-10-01T19:00:00Z,Point,135.9648409605323,-15.654847039307864,,
GEO_59BC58D196,EONET_11575,2024-10-01T19:00:00Z,Point,138.37507930404425,-18.657893497554213,,
GEO_A2C2D19CCE,EONET_11576,2024-10-01T19:00:00Z,Point,-62.123022404324615,-14.199213914271478,,
GEO_1267C2466E,EONET_11577,2024-10-01T19:00:00Z,Point,133.0810667461572,-12.09301270095405,,
GEO_1DEE838409,EONET_11538,2024-10-01T18:20:00Z,Point,-118.018175,45.956032,611.0,acres
GEO_24299B2EF5,EONET_11555,2024-10-01T11:20:00Z,Point,-99.341505,42.642539,600.0,acres
GEO_5DDD03727F,EONET_11557,2024-10-01T11:18:00Z,Point,-111.196883,34.636033,517.0,acres
GEO_EDF0496FA4,EONET_11551,2024-10-01T11:13:00Z,Point,-111.459217,38.8275,700.0,acres
GEO_919479A9C4,EONET_11410,2024-09-30T19:00:00Z,Point,-51.26378862848711,-13.004698649820543,,
GEO_B0BE7262C7,EONET_11449,2024-09-30T19:00:00Z,Point,129.13950509988794,-15.449483660658547,,
GEO_A8C8E1D967,EONET_11450,2024-09-30T19:00:00Z,Point,-62.66628115988235,-12.933118432369117,,
GEO_3296A92DB6,EONET_11451,2024-09-30T19:00:00Z,Point,135.65595300909123,-16.514863115786763,,
GEO_13E1F19089,EONET_11452,2024-09-30T19:00:00Z,Point,134.53070638099763,-20.191580252043703,,
GEO_6163058FCD,EONET_11453,2024-09-30T19:00:00Z,Point,134.30016153761912,-20.361251488669094,,
GEO_17AC09331C,EONET_11454,2024-09-30T19:00:00Z,Point,-51.3891762833332,-13.075506571602526,,
GEO_57C3AA0101,EONET_11482,2024-09-30T19:00:00Z,Point,126.08844686294094,-14.810288760333673,,
GEO_B70FA3E17D,EONET_11483,2024-09-30T19:00:00Z,Point,135.92144713946303,-16.54232676486467,,
GEO_2C7CD7613C,EONET_11484,2024-09-30T19:00:00Z,Point,-48.41746619524497,-21.899660135017648,,
GEO_35320798D4,EONET_11485,2024-09-30T19:00:00Z,Point,-51.20417187967289,-13.53453295174322,,
GEO_315A2E5CBB,EONET_11486,2024-09-30T19:00:00Z,Point,125.41902230497773,-15.895982672138231,,
GEO_C633CD13E2,EONET_11487,2024-09-30T19:00:00Z,Point,-62.983879916826886,-15.82479727943999,,
GEO_E482E2E819,EONET_11488,2024-09-30T19:00:00Z,Point,27.830748643436145,-30.789734858428098,,
GEO_CC79643A0D,EONET_11489,2024-09-30T19:00:00Z,Point,27.417084263961314,-31.170151112189263,,
GEO_C78F5DEFAD,EONET_11490,2024-09-30T19:00:00Z,Point,20.629336860648934,-16.767830830174272,,
GEO_180DD0FDE8,EONET_11491,2024-09-30T19:00:00Z,Point,-50.954419633652854,-21.41938206852699,,
GEO_1ADDA64AD8,EONET_11492,2024-09-30T19:00:00Z,Point,-51.46519558399034,-12.951744904623464,,
GEO_A2688D6E6C,EONET_11514,2024-09-30T19:00:00Z,Point,141.8739190520054,-12.31540375962483,,
GEO_9102740B6D,EONET_11515,2024-09-30T19:00:00Z,Point,-47.70527114786275,-10.243431965925879,,
GEO_9D1284826A,EONET_11516,2024-09-30T19:00:00Z,Point,127.505038640932,-19.888686717660992,,
GEO_6A922F6590,EONET_11517,2024-09-30T19:00:00Z,Point,-48.06524206935489,-14.783533142460524,,
GEO_BCEF3D869F,EONET_11518,2024-09-30T19:00:00Z,Point,141.81817714667514,-12.757883935866092,,
GEO_BA178373A0,EONET_11519,2024-09-30T19:00:00Z,Point,21.483413836471808,-18.414645858609358,,
GEO_09BFFC877D,EONET_11578,2024-09-30T19:00:00Z,Point,-66.91184759247047,-12.776509806717463,,
GEO_05F54C133C,EONET_11579,2024-09-30T19:00:00Z,Point,-59.52765402786299,-18.417249089603402,,
GEO_15D1191852,EONET_11549,2024-09-30T16:13:00Z,Point,-115.110967,44.806667,993.0,acres
GEO_FD0A317AF6,EONET_11560,2024-09-30T11:24:00Z,Point,-104.93317,42.2624,960.0,acres
GEO_C4224D1F0A,EONET_11411,2024-09-29T19:00:00Z,Point,132.26805685008745,-14.883889935950837,,
GEO_CE3336C5F0,EONET_11412,2024-09-29T19:00:00Z,Point,-50.75592017844968,-2.875129270289601,,
GEO_67738A24FA,EONET_11413,2024-09-29T19:00:00Z,Point,-45.72217979470268,-11.18073756712153,,
GEO_CC372A68DB,EONET_11414,2024-09-29T19:00:00Z,Point,132.05376049691304,-14.63490135966748,,
GEO_AB64635391,EONET_11455,2024-09-29T19:00:00Z,Point,-67.4170913730562,-13.270395741783704,,
GEO_718B0D29E8,EONET_11456,2024-09-29T19:00:00Z,Point,18.81079683763498,-16.745520657456233,,
GEO_56F228E955,EONET_11493,2024-09-29T19:00:00Z,Point,-63.290118600246444,-13.922845343471861,,
GEO_C868B327DF,EONET_11494,2024-09-29T19:00:00Z,Point,30.132567431372905,-7.380937970316333,,
GEO_0D3437D2F7,EONET_11495,2024-09-29T19:00:00Z,Point,125.33527390007986,-15.264544404903432,,
GEO_3A7937950D,EONET_11496,2024-09-29T19:00:00Z,Point,-67.63648005436171,-12.658785213068464,,
GEO_8F91DD33D5,EONET_11497,2024-09-29T19:00:00Z,Point,143.6051087359991,-14.541434628945698,,
GEO_E49BE8699B,EONET_11498,2024-09-29T19:00:00Z,Point,135.91871577524307,-16.545779632291786,,
GEO_8D06AD6315,EONET_11520,2024-09-29T19:00:00Z,Point,-62.850283608230825,-14.67188760536473,,
GEO_D33AEF5CC6,EONET_11521,2024-09-29T19:00:00Z,Point,125.55407313740903,-15.14755968577721,,
GEO_89C55B527C,EONET_11522,2024-09-29T19:00:00Z,Point,-65.4906101554456,-14.67647164184402,,
GEO_437A219477,EONET_11523,2024-09-29T19:00:00Z,Point,-57.38804161956807,-17.161521130988287,,
GEO_C5129AD39F,EONET_11544,2024-09-28T20:31:00Z,Point,-111.0757,40.469467,15106.0,acres
GEO_01AC1C6742,EONET_11381,2024-09-28T19:00:00Z,Point,134.20948218078192,-20.737940538128445,,
GEO_53283412C1,EONET_11382,2024-09-28T19:00:00Z,Point,139.31182768359668,-20.79406346436167,,
GEO_CF328155DD,EONET_11383,2024-09-28T19:00:00Z,Point,22.48446503310513,38.09579062668384,,
GEO_E01E4FBE7E,EONET_11415,2024-09-28T19:00:00Z,Point,135.7896123514966,-16.3885936971606,,
GEO_C8844A0FBE,EONET_11416,2024-09-28T19:00:00Z,Point,43.64296476854999,49.04327505008869,,
GEO_71F15B2FAB,EONET_11417,2024-09-28T19:00:00Z,Point,20.94284218068597,-16.536431710393718,,
GEO_041C14F7ED,EONET_11418,2024-09-28T19:00:00Z,Point,136.63536353925613,-16.24103114154225,,
GEO_03F34D1186,EONET_11419,2024-09-28T19:00:00Z,Point,-65.7290069384912,-12.723308175468034,,
GEO_638E97D902,EONET_11420,2024-09-28T19:00:00Z,Point,127.89901412021696,-16.098961529593097,,
GEO_7F600A19CB,EONET_11421,2024-09-28T19:00:00Z,Point,-51.1032243338548,-13.58096602714329,,
GEO_DCFA7F63B3,EONET_11457,2024-09-28T19:00:00Z,Point,43.747605796463255,49.11077760069113,,
GEO_788894D8E8,EONET_11458,2024-09-28T19:00:00Z,Point,38.11982002709535,-7.557909134002733,,
GEO_B9861255AB,EONET_11459,2024-09-28T19:00:00Z,Point,38.85392548018884,-15.79803934207118,,
GEO_63533CF343,EONET_11460,2024-09-28T19:00:00Z,Point,136.09376807288066,-15.581098191400127,,
GEO_FF4A99CAE8,EONET_11461,2024-09-28T19:00:00Z,Point,-62.42774532334503,-15.764632308834742,,
GEO_0A3AD6D7BA,EONET_11462,2024-09-28T19:00:00Z,Point,-50.362830348723534,-16.093173917522353,,
GEO_038C97DD70,EONET_11463,2024-09-28T19:00:00Z,Point,-48.76792360985873,-14.763872794305842,,
GEO_291A464D2E,EONET_11464,2024-09-28T19:00:00Z,Point,28.33770843006551,-23.73446649020601,,
GEO_E55E04B377,EONET_11499,2024-09-28T19:00:00Z,Point,36.04357967096313,-11.676191212387971,,
GEO_520534DF7E,EONET_11500,2024-09-28T19:00:00Z,Point,-58.224476601955715,-16.57125948775741,,
GEO_78222FCDDC,EONET_11501,2024-09-28T19:00:00Z,Point,-64.8563525709589,-15.984761043016144,,
GEO_EA42FDEF08,EONET_11502,2024-09-28T19:00:00Z,Point,-50.05271001747406,-12.13381929230321,,
GEO_27EEF66864,EONET_11503,2024-09-28T19:00:00Z,Point,141.83171191048504,-13.086419151767718,,
GEO_3FAEB3E145,EONET_11504,2024-09-28T19:00:00Z,Point,135.50625304195785,-12.34438424185088,,
GEO_8AE952B686,EONET_11505,2024-09-28T19:00:00Z,Point,25.364483410741375,-23.13132430567936,,
GEO_63281196A0,EONET_11370,2024-09-27T19:00:00Z,Point,132.56362511974098,-16.25145335447622,,
GEO_AB79CB39DB,EONET_11384,2024-09-27T19:00:00Z,Point,38.34242598417039,-11.940085205729188,,
GEO_6E1B6E4F3B,EONET_11385,2024-09-27T19:00:00Z,Point,24.328442578039382,-20.076548761532433,,
GEO_86C9FA8D16,EONET_11386,2024-09-27T19:00:00Z,Point,-107.49601849472887,44.903349126287374,,
GEO_2E32955048,EONET_11422,2024-09-27T19:00:00Z,Point,136.74403656070257,-16.530752727234553,,
GEO_83F9895889,EONET_11423,2024-09-27T19:00:00Z,Point,126.15375353401582,-14.710930257466913,,
GEO_CF447E5B00,EONET_11424,2024-09-27T19:00:00Z,Point,18.374798513561554,-16.83140184872918,,
GEO_3D95DACDA7,EONET_11425,2024-09-27T19:00:00Z,Point,39.06341477355352,-15.693888481137998,,
GEO_76ECE6D50C,EONET_11426,2024-09-27T19:00:00Z,Point,-62.42578211059123,-14.590477768961543,,
GEO_4E548D7D5F,EONET_11427,2024-09-27T19:00:00Z,Point,27.944138731687556,-24.268096041349096,,
GEO_712EACB357,EONET_11465,2024-09-27T19:00:00Z,Point,36.7111038841598,-11.934728980023795,,
GEO_09F32484E5,EONET_11466,2024-09-27T19:00:00Z,Point,-56.73311236062079,-17.08503808054991,,
GEO_61EEAA4F70,EONET_11506,2024-09-27T19:00:00Z,Point,-63.678624976079355,-16.317803998431806,,
GEO_95700CFCF3,EONET_11541,2024-09-27T11:55:00Z,Point,-107.568617,44.898083,72998.0,acres
GEO_B0D1DE25E7,EONET_11371,2024-09-26T19:00:00Z,Point,-65.21669454098956,-14.073666872008502,,
GEO_880D95B9C7,EONET_11372,2024-09-26T19:00:00Z,Point,-66.92221260765643,-13.590783382963153,,
GEO_F8FE822B2A,EONET_11373,2024-09-26T19:00:00Z,Point,134.72059687488806,-17.15924380274777,,
GEO_17645F0BBB,EONET_11374,2024-09-26T19:00:00Z,Point,-57.9986675780448,-16.908803816830822,,
GEO_8BC9A9FB8C,EONET_11387,2024-09-26T19:00:00Z,Point,142.38702451976422,-11.50568724808209,,
GEO_9DC926B0DF,EONET_11388,2024-09-26T19:00:00Z,Point,135.91457086136103,-16.372059113992243,,
GEO_511F6A7BE4,EONET_11389,2024-09-26T19:00:00Z,Point,-110.05423620626517,43.613222203844366,,
GEO_71D46D8A50,EONET_11390,2024-09-26T19:00:00Z,Point,-46.416365350046014,-10.925194494052851,,
GEO_5746F7DD9C,EONET_11391,2024-09-26T19:00:00Z,Point,136.23597201031,-16.442617543835482,,
GEO_30CB3B1B04,EONET_11428,2024-09-26T19:00:00Z,Point,36.261223331762615,-11.828442120248567,,
GEO_DFB3735F13,EONET_11429,2024-09-26T19:00:00Z,Point,-67.5461941503168,-13.170442743855281,,
GEO_8D23AD1821,EONET_11430,2024-09-26T19:00:00Z,Point,-67.46878664551267,-13.082018446248682,,
GEO_6CBE006AC3,EONET_11431,2024-09-26T19:00:00Z,Point,36.62734055614657,-11.993916707363017,,
GEO_2AD7399720,EONET_11432,2024-09-26T19:00:00Z,Point,-64.56565485422752,-16.065274870314116,,
GEO_A2D9C27619,EONET_11433,2024-09-26T19:00:00Z,Point,-46.09567866979131,-10.654100017961953,,
GEO_02F06140CC,EONET_11434,2024-09-26T19:00:00Z,Point,-47.82314427237922,-21.58359690816157,,
GEO_C7D2F84EFA,EONET_11435,2024-09-26T19:00:00Z,Point,-67.56831155249866,-13.165437275417169,,
GEO_02E057FC21,EONET_11436,2024-09-26T19:00:00Z,Point,138.6831594526075,-17.702090854949745,,
GEO_F2F0A6CEFA,EONET_11467,2024-09-26T19:00:00Z,Point,36.12141730133202,-16.329599380925597,,
GEO_29EAFF86AF,EONET_11468,2024-09-26T19:00:00Z,Point,38.19729528588899,-16.97811955887703,,
GEO_D0335835A9,EONET_11469,2024-09-26T19:00:00Z,Point,30.2816493625698,-16.44924900980541,,
GEO_DC6022E2DA,EONET_11470,2024-09-26T19:00:00Z,Point,-49.310720658604595,-22.372542766303116,,
GEO_5923FAFB0E,EONET_11471,2024-09-26T19:00:00Z,Point,-62.46864165425797,-14.624600160424444,,
GEO_70A1A54EC4,EONET_11472,2024-09-26T19:00:00Z,Point,-57.393462288501965,-16.72394744419365,,
GEO_555DB7D274,EONET_11507,2024-09-26T19:00:00Z,Point,17.89258388071336,-14.754314628042483,,
GEO_DA7B5D543B,EONET_11508,2024-09-26T19:00:00Z,Point,-62.56511565974366,-12.815202728780417,,
GEO_AB450C8B80,EONET_11509,2024-09-26T19:00:00Z,Point,39.63436721961179,-15.85132382399957,,
GEO_026F8E7056,EONET_11556,2024-09-26T18:18:00Z,Point,-101.155,43.4616667,800.0,acres
GEO_641C62C955,EONET_11326,2024-09-26T10:31:00Z,Point,-117.573,46.6904,1000.0,acres
GEO_25A162BA1C,EONET_11562,2024-09-26T08:44:00Z,Point,-92.645,31.25,563.0,acres
GEO_37CE52F8E1,EONET_11352,2024-09-25T19:00:00Z,Point,-51.468734263302586,-14.864931544663321,,
GEO_AAD8DDEE7E,EONET_11353,2024-09-25T19:00:00Z,Point,-62.77937568331047,-12.808886006703908,,
GEO_77ADC1E990,EONET_11354,2024-09-25T19:00:00Z,Point,-51.2838193149624,-20.551303821534212,,
GEO_6ADBD90D9C,EONET_11355,2024-09-25T19:00:00Z,Point,-51.25169818724329,-20.815634464910133,,
GEO_8A56FBEB75,EONET_11356,2024-09-25T19:00:00Z,Point,29.944878733921186,-27.0373074794178,,
GEO_6BD34BAD04,EONET_11392,2024-09-25T19:00:00Z,Point,39.58294417696193,-14.30895224426762,,
GEO_95875ABFF5,EONET_11393,2024-09-25T19:00:00Z,Point,18.06570032824409,-16.014478768738627,,
GEO_B0C68B1F5A,EONET_11394,2024-09-25T19:00:00Z,Point,38.6457266529401,-8.842445338327746,,
GEO_39901ACF2E,EONET_11395,2024-09-25T19:00:00Z,Point,135.22153098558252,-17.66944607428861,,
GEO_8771C26D32,EONET_11396,2024-09-25T19:00:00Z,Point,-45.52952239378621,-10.882414925050007,,
GEO_16EE8FD9F7,EONET_11397,2024-09-25T19:00:00Z,Point,136.6769791229722,-14.196061646229136,,
GEO_60DC286949,EONET_11398,2024-09-25T19:00:00Z,Point,-46.019768671979385,-10.844532220079044,,
GEO_86158F5553,EONET_11399,2024-09-25T19:00:00Z,Point,-45.123497594301945,-8.82458345748417,,
GEO_399F125E30,EONET_11437,2024-09-25T19:00:00Z,Point,38.42556232369256,-16.083990606839215,,
GEO_1960D758FE,EONET_11438,2024-09-25T19:00:00Z,Point,135.91613995644167,-16.410074300174976,,
GEO_0DA6655845,EONET_11439,2024-09-25T19:00:00Z,Point,-44.96060679515007,-7.270297448239871,,
GEO_3AC2B1FC95,EONET_11440,2024-09-25T19:00:00Z,Point,-63.87403544288248,-11.577024605942905,,
GEO_E045384E49,EONET_11441,2024-09-25T19:00:00Z,Point,36.45143407040785,-12.890787727133315,,
GEO_725ECEDB99,EONET_11442,2024-09-25T19:00:00Z,Point,18.51464456595017,-15.513819529584081,,
GEO_473996D0E6,EONET_11473,2024-09-25T19:00:00Z,Point,36.739590457500576,-11.7159855785607,,
GEO_FBCA32D4A1,EONET_11474,2024-09-25T19:00:00Z,Point,36.61791540476423,-16.13986002917573,,
GEO_0CC05BCE93,EONET_11327,2024-09-25T18:16:00Z,Point,-118.554467,48.946833,1500.0,acres
GEO_6E3C6D1F20,EONET_11329,2024-09-25T14:22:00Z,Point,-120.3753,46.6377,1500.0,acres
GEO_8EBABCCFC1,EONET_11336,2024-09-24T19:00:00Z,Point,29.3029417107516,-30.36471395079389,,
GEO_F58215F942,EONET_11337,2024-09-24T19:00:00Z,Point,-65.38410643555194,-13.82548600300813,,
GEO_1505A42D4C,EONET_11338,2024-09-24T19:00:00Z,Point,-51.227069187798534,-12.83962083883135,,
GEO_C0EE58A521,EONET_11339,2024-09-24T19:00:00Z,Point,-51.344100222112,-12.844022569479842,,
GEO_2F11F5EE4F,EONET_11357,2024-09-24T19:00:00Z,Point,136.85224181712604,-16.247060732899566,,
GEO_35E0AD5680,EONET_11358,2024-09-24T19:00:00Z,Point,-45.9023665676161,-10.659864432605868,,
GEO_9AE797156B,EONET_11375,2024-09-24T19:00:00Z,Point,-45.34270312749944,-12.940022184725697,,
GEO_59F5856527,EONET_11376,2024-09-24T19:00:00Z,Point,-45.58061884502252,-11.116545333211281,,
GEO_DD058352C4,EONET_11400,2024-09-24T19:00:00Z,Point,36.59417594596507,-15.990877478195385,,
GEO_B0F4388C96,EONET_11401,2024-09-24T19:00:00Z,Point,38.70768332006271,-16.686241291386565,,
GEO_715DC0BD99,EONET_11402,2024-09-24T19:00:00Z,Point,31.779135833048805,-11.694337467538046,,
GEO_0DB0FCD497,EONET_11443,2024-09-24T19:00:00Z,Point,36.71097762621109,-16.092240733056002,,
GEO_B45C51456F,EONET_11444,2024-09-24T19:00:00Z,Point,31.701936902871388,-11.770485837867682,,
GEO_A942251C20,EONET_11445,2024-09-24T19:00:00Z,Point,37.03203189390505,-15.263532064076886,,
GEO_A4C8A965F4,EONET_11446,2024-09-24T19:00:00Z,Point,35.11538019935188,-18.60771974106071,,
GEO_70D0A82AB9,EONET_11447,2024-09-24T19:00:00Z,Point,37.51826711453116,-8.171147248624838,,
GEO_8AE63B3886,EONET_11305,2024-09-23T19:00:00Z,Point,37.4728959639422,-8.078526964158131,,
GEO_17BC98A197,EONET_11306,2024-09-23T19:00:00Z,Point,-58.534341460803816,-16.621775370334646,,
GEO_68345688F2,EONET_11307,2024-09-23T19:00:00Z,Point,136.87006244531574,-17.815249087071003,,
GEO_8057E0FB7E,EONET_11308,2024-09-23T19:00:00Z,Point,126.58214692565359,-14.666886161957896,,
GEO_1F72727517,EONET_11340,2024-09-23T19:00:00Z,Point,-51.421883967174345,-12.842093394983385,,
GEO_535527D367,EONET_11341,2024-09-23T19:00:00Z,Point,-58.57409703353605,-18.084510028580716,,
GEO_94D8092BF5,EONET_11359,2024-09-23T19:00:00Z,Point,37.5547679620371,-8.060658436407286,,
GEO_C2E14B46D9,EONET_11360,2024-09-23T19:00:00Z,Point,31.547312311872965,-27.587751212593588,,
GEO_283451C7C9,EONET_11361,2024-09-23T19:00:00Z,Point,29.632435489466285,-27.726230561374088,,
GEO_73CB0488E6,EONET_11362,2024-09-23T19:00:00Z,Point,32.50624986777901,-11.425036602929623,,
GEO_D25147A81A,EONET_11377,2024-09-23T19:00:00Z,Point,20.648829737462858,-17.681575195047948,,
GEO_F52C9AEFBC,EONET_11403,2024-09-23T19:00:00Z,Point,38.58781846590803,-16.607931078538606,,
GEO_666C6D88CB,EONET_11404,2024-09-23T19:00:00Z,Point,30.298211524418882,-10.054540103052028,,
GEO_3B970CF588,EONET_11405,2024-09-23T19:00:00Z,Point,39.31690157601248,-16.60805798754404,,
GEO_98FC75F0C8,EONET_11406,2024-09-23T19:00:00Z,Point,36.517359286427904,-16.05759098007481,,
GEO_6D51175679,EONET_11407,2024-09-23T19:00:00Z,Point,45.08530059825791,-16.16829246684288,,
GEO_DA0FAAEED4,EONET_11408,2024-09-23T19:00:00Z,Point,32.016409819434095,-11.183034799290194,,
GEO_68CCD694EE,EONET_11332,2024-09-23T13:13:00Z,Point,-98.7072222,34.6358333,973.0,acres
GEO_179072BE72,EONET_11342,2024-09-22T19:00:00Z,Point,-45.54631139856898,-13.176883627131398,,
GEO_F70FD14027,EONET_11363,2024-09-22T19:00:00Z,Point,29.704975971427018,-27.507609798736528,,
GEO_7946D58544,EONET_11364,2024-09-22T19:00:00Z,Point,29.297097720262506,-27.67344276924065,,
GEO_C69C121BC6,EONET_11365,2024-09-22T19:00:00Z,Point,29.83509885975743,-26.368389819825534,,
GEO_85153339CB,EONET_11366,2024-09-22T19:00:00Z,Point,-46.32227016057102,-13.29606236924527,,
GEO_2D4FEA94DA,EONET_11367,2024-09-22T19:00:00Z,Point,-58.19073314515499,-15.316146588823996,,
GEO_F236B0DB81,EONET_11368,2024-09-22T19:00:00Z,Point,-44.364325295564534,-18.025094869890896,,
GEO_FC0719B109,EONET_11378,2024-09-22T19:00:00Z,Point,14.608779400749173,-10.262265688233072,,
GEO_BDA4D69F61,EONET_11379,2024-09-22T19:00:00Z,Point,31.893413668888044,-5.821751493778383,,
GEO_9EAC8380CC,EONET_11333,2024-09-22T12:58:00Z,Point,-97.946306,34.174278,887.0,acres
GEO_E53E1E1169,EONET_11266,2024-09-21T19:00:00Z,Point,136.728831525769,-16.10522643502455,,
GEO_9182CB62AB,EONET_11267,2024-09-21T19:00:00Z,Point,-45.698782714653646,-10.387202812774026,,
GEO_4395D1E9C9,EONET_11268,2024-09-21T19:00:00Z,Point,142.52405198881266,-18.24836889638439,,
GEO_D3DA51D449,EONET_11278,2024-09-21T19:00:00Z,Point,35.14908126888374,-2.520864524817455,,
GEO_485939797D,EONET_11279,2024-09-21T19:00:00Z,Point,145.22795083744197,-20.85775227674734,,
GEO_4E00759610,EONET_11280,2024-09-21T19:00:00Z,Point,-45.98142772165138,-13.638166105511823,,
GEO_114B3D0EFA,EONET_11281,2024-09-21T19:00:00Z,Point,-50.15582724390218,-9.50785597194311,,
GEO_31BCD80B2F,EONET_11309,2024-09-21T19:00:00Z,Point,-55.52998192719732,-20.034838614212816,,
GEO_B8E0EE743D,EONET_11310,2024-09-21T19:00:00Z,Point,-56.146613170336636,-16.919264465386505,,
GEO_D2E3DC4289,EONET_11343,2024-09-21T19:00:00Z,Point,37.696153074261275,-11.695522152155448,,
GEO_3706AE1EA8,EONET_11344,2024-09-21T19:00:00Z,Point,131.7444874862926,-14.631624373297665,,
GEO_F440B73CB1,EONET_11345,2024-09-21T19:00:00Z,Point,116.99338173666003,54.31374541506148,,
GEO_D45ED25171,EONET_11346,2024-09-21T19:00:00Z,Point,-46.97275135050607,-16.53697792285653,,
GEO_F2BDE45E99,EONET_11347,2024-09-21T19:00:00Z,Point,-48.867500910336034,-14.798559889303233,,
GEO_4C06ACA16E,EONET_11328,2024-09-21T15:23:00Z,Point,-111.720667,35.144617,1150.0,acres
GEO_F0BD25BBC7,EONET_11244,2024-09-20T19:00:00Z,Point,-51.04733124441247,-11.788009391787565,,
GEO_811EF0AF93,EONET_11245,2024-09-20T19:00:00Z,Point,-50.9494918250005,-11.783665084854585,,
GEO_8CC4D1089A,EONET_11269,2024-09-20T19:00:00Z,Point,-55.69287997632752,-15.314735213339723,,
GEO_B42C56CDB5,EONET_11270,2024-09-20T19:00:00Z,Point,-67.78133975228334,-12.805700042779153,,
GEO_01649B6D52,EONET_11282,2024-09-20T19:00:00Z,Point,14.415613132144346,-8.002939085859119,,
GEO_8FB74D01C4,EONET_11283,2024-09-20T19:00:00Z,Point,-45.52063718618064,-12.672799857631741,,
GEO_5B80944E11,EONET_11284,2024-09-20T19:00:00Z,Point,-64.63779833345808,-12.834155956902029,,
GEO_8A633842AB,EONET_11285,2024-09-20T19:00:00Z,Point,-45.70267297652253,-10.516281925566028,,
GEO_8211C4A5BF,EONET_11286,2024-09-20T19:00:00Z,Point,135.41255721916008,-12.34983224904855,,
GEO_D145847847,EONET_11287,2024-09-20T19:00:00Z,Point,-46.40735025909172,-10.423721127661073,,
GEO_F3CF054667,EONET_11311,2024-09-20T19:00:00Z,Point,-45.921037338319366,-8.70795715511118,,
GEO_D7FA124944,EONET_11312,2024-09-20T19:00:00Z,Point,14.423424010447947,-5.405660048049151,,
GEO_5896DD7F80,EONET_11313,2024-09-20T19:00:00Z,Point,-45.452584932576144,-8.350749978229837,,
GEO_42E9885555,EONET_11314,2024-09-20T19:00:00Z,Point,-47.69719441993591,-11.8199638457629,,
GEO_A7A4C65730,EONET_11315,2024-09-20T19:00:00Z,Point,-46.36749998108258,-11.36190868148962,,
GEO_3BCFF1A40D,EONET_11348,2024-09-20T19:00:00Z,Point,-48.08231846512877,-13.814209425073056,,
GEO_F9969F2ECF,EONET_11349,2024-09-20T19:00:00Z,Point,-61.31390826589118,-9.114222114245678,,
GEO_DE0749695B,EONET_11369,2024-09-20T19:00:00Z,Point,14.316786514102766,-8.29746820258511,,
GEO_A651BC1534,EONET_11334,2024-09-20T11:42:00Z,Point,-98.555844,34.706953,710.0,acres
GEO_1240206FDC,EONET_11335,2024-09-19T20:37:00Z,Point,-117.758,34.2305,820.0,acres
GEO_37B52C7351,EONET_11191,2024-09-19T19:00:00Z,Point,-47.76102144049734,-20.43576574451032,,
GEO_425AE73D16,EONET_11216,2024-09-19T19:00:00Z,Point,145.52307502323933,-21.01966966186753,,
GEO_AF4C13318E,EONET_11246,2024-09-19T19:00:00Z,Point,14.179412136024801,-8.608297275733815,,
GEO_A4D1AAF0C4,EONET_11247,2024-09-19T19:00:00Z,Point,-52.60853917454007,-14.841698676579963,,
GEO_DA37D03239,EONET_11248,2024-09-19T19:00:00Z,Point,145.53627959982842,-21.182604793862872,,
GEO_D20FBF64FA,EONET_11249,2024-09-19T19:00:00Z,Point,20.95219900736543,-18.80615286302456,,
GEO_BFE243D4E4,EONET_11271,2024-09-19T19:00:00Z,Point,-46.49498393612529,-11.631548872066308,,
GEO_B611FB4008,EONET_11272,2024-09-19T19:00:00Z,Point,-46.069150840889094,-10.149558943525264,,
GEO_9B6A9B30EA,EONET_11273,2024-09-19T19:00:00Z,Point,-52.54991718311111,-14.785631836985484,,
GEO_D562117FEA,EONET_11288,2024-09-19T19:00:00Z,Point,14.52952630202955,-8.488611219583289,,
GEO_D6266CD60E,EONET_11289,2024-09-19T19:00:00Z,Point,147.9701169781222,-25.242780083689773,,
GEO_1B2831EF82,EONET_11290,2024-09-19T19:00:00Z,Point,-66.12344452948822,-12.589842249614502,,
GEO_C150F1D748,EONET_11291,2024-09-19T19:00:00Z,Point,-58.543589245118085,-17.99545590878962,,
GEO_020BB96CE6,EONET_11292,2024-09-19T19:00:00Z,Point,-58.15123561000782,-9.697923393887521,,
GEO_FBF66A543C,EONET_11293,2024-09-19T19:00:00Z,Point,-51.59930083017897,-14.85838344818076,,
GEO_60CB20E785,EONET_11294,2024-09-19T19:00:00Z,Point,-45.70046850639848,-14.509645970013263,,
GEO_1116991ABF,EONET_11316,2024-09-19T19:00:00Z,Point,14.4490324975315,-8.672449464900584,,
GEO_EE670EC27E,EONET_11317,2024-09-19T19:00:00Z,Point,14.397475626552652,-8.026697028225932,,
GEO_38E17DF872,EONET_11318,2024-09-19T19:00:00Z,Point,-45.43154996083852,-11.19763532679336,,
GEO_B67DADB632,EONET_11319,2024-09-19T19:00:00Z,Point,-62.34362395870325,-12.298841332292078,,
GEO_D22C4CA8CE,EONET_11320,2024-09-19T19:00:00Z,Point,-57.72681020442926,-16.804084509620928,,
GEO_B8D846F891,EONET_11321,2024-09-19T19:00:00Z,Point,-64.75754874199441,-16.188676180784668,,
GEO_53D3033ECC,EONET_11322,2024-09-19T19:00:00Z,Point,-64.0560177800717,-13.390955659584948,,
GEO_FFBFCAB330,EONET_11192,2024-09-18T19:00:00Z,Point,24.856080191230298,-22.792151220786394,,
GEO_A10EF1DD94,EONET_11217,2024-09-18T19:00:00Z,Point,-64.51898504480805,-30.914188144915325,,
GEO_7C6D7ACE6D,EONET_11218,2024-09-18T19:00:00Z,Point,-50.73141266335448,-12.284875222104189,,
GEO_81849495E3,EONET_11219,2024-09-18T19:00:00Z,Point,144.21090802074266,-16.73602133582441,,
GEO_6C9C28787C,EONET_11220,2024-09-18T19:00:00Z,Point,-52.499287421475124,-14.83884085653773,,
GEO_E836518D8E,EONET_11221,2024-09-18T19:00:00Z,Point,-51.06444710719816,-19.000226638744998,,
GEO_E35D45C356,EONET_11222,2024-09-18T19:00:00Z,Point,-51.195204577930504,-11.147086322865038,,
GEO_5BB9881F03,EONET_11223,2024-09-18T19:00:00Z,Point,-65.49357589288715,-14.008313061440877,,
GEO_F1B7634A24,EONET_11250,2024-09-18T19:00:00Z,Point,14.791829861106834,-8.724881879449411,,
GEO_522347F3D5,EONET_11251,2024-09-18T19:00:00Z,Point,14.769177122763834,-9.274035420356494,,
GEO_324D341928,EONET_11252,2024-09-18T19:00:00Z,Point,-62.94932777610324,-15.420772765461315,,
GEO_1C76A29004,EONET_11253,2024-09-18T19:00:00Z,Point,-50.950121606390915,-13.969761856817687,,
GEO_F649EE27DA,EONET_11274,2024-09-18T19:00:00Z,Point,-65.39846082870802,-31.344628216479006,,
GEO_B5CB6CD3BF,EONET_11275,2024-09-18T19:00:00Z,Point,-44.89337917629853,-8.248318750461506,,
GEO_90998AA5AD,EONET_11295,2024-09-18T19:00:00Z,Point,-57.795475968558534,-15.694775329235956,,
GEO_67931B4459,EONET_11296,2024-09-18T19:00:00Z,Point,115.41589464725712,53.53378490397416,,
GEO_B1D0681680,EONET_11297,2024-09-18T19:00:00Z,Point,-52.112223554742876,-10.863104946404997,,
GEO_608972204E,EONET_11298,2024-09-18T19:00:00Z,Point,-47.21464625625675,-11.897224260101023,,
GEO_BB3C23D590,EONET_11299,2024-09-18T19:00:00Z,Point,-66.68922416760391,-12.491606026185602,,
GEO_360FA8EE77,EONET_11300,2024-09-18T19:00:00Z,Point,-45.66795875229739,-10.884006045893257,,
GEO_1EE4A90405,EONET_11301,2024-09-18T19:00:00Z,Point,147.8225084908558,-25.662482377655373,,
GEO_4430D848A7,EONET_11302,2024-09-18T19:00:00Z,Point,20.96798784498907,-18.824916654727918,,
GEO_6FC0F4D992,EONET_11323,2024-09-18T19:00:00Z,Point,14.59240497009141,-9.185394394811995,,
GEO_8B48630FC1,EONET_11185,2024-09-17T22:00:00Z,Point,-106.078367,44.386117,1262.0,acres
GEO_59E4260AF9,EONET_11161,2024-09-17T19:00:00Z,Point,24.055364641160516,-23.55641455019966,,
GEO_40026B698C,EONET_11162,2024-09-17T19:00:00Z,Point,25.06764439744342,-22.63332512803287,,
GEO_1072285E57,EONET_11193,2024-09-17T19:00:00Z,Point,116.2338952872765,-32.149062355309816,,
GEO_41CEFC62AC,EONET_11194,2024-09-17T19:00:00Z,Point,24.922602622180662,-22.64419119002867,,
GEO_50CE77C9D9,EONET_11195,2024-09-17T19:00:00Z,Point,-49.757873903895735,-11.685062889868373,,
GEO_6511DF132C,EONET_11196,2024-09-17T19:00:00Z,Point,24.891425593586895,-22.64236104469925,,
GEO_B5FA135BBF,EONET_11197,2024-09-17T19:00:00Z,Point,27.885187573680852,-24.01356346024039,,
GEO_BFECE00E65,EONET_11198,2024-09-17T19:00:00Z,Point,-65.58727344469324,-32.59421010875215,,
GEO_0B7DB717F8,EONET_11199,2024-09-17T19:00:00Z,Point,-65.49756110447301,-35.28708728828235,,
GEO_2670BC22CB,EONET_11200,2024-09-17T19:00:00Z,Point,24.991983921193967,-22.56930671837376,,
GEO_93BFB1946F,EONET_11201,2024-09-17T19:00:00Z,Point,24.659026490869504,-23.33941495372778,,
GEO_94141BEC8F,EONET_11202,2024-09-17T19:00:00Z,Point,25.162893004711837,-22.75941766918656,,
GEO_DCC15362A5,EONET_11224,2024-09-17T19:00:00Z,Point,-53.72598574496296,-10.429462671895358,,
GEO_549D73375F,EONET_11225,2024-09-17T19:00:00Z,Point,-45.80809096371543,-7.778083312470129,,
GEO_753834AA7F,EONET_11226,2024-09-17T19:00:00Z,Point,138.98851268830575,-19.03069441225461,,
GEO_2B7396337D,EONET_11227,2024-09-17T19:00:00Z,Point,22.405842803011332,-22.79228029224584,,
GEO_9CC30CF6E2,EONET_11228,2024-09-17T19:00:00Z,Point,145.74851124310223,-21.18250949713236,,
GEO_2AAF6BB910,EONET_11229,2024-09-17T19:00:00Z,Point,-62.26338006264642,-14.842536161539387,,
GEO_C25206440E,EONET_11230,2024-09-17T19:00:00Z,Point,-58.9179015186281,-17.963452227574,,
GEO_62798F7E0E,EONET_11254,2024-09-17T19:00:00Z,Point,-44.17497021719578,-7.032616805290703,,
GEO_B1756C42CD,EONET_11255,2024-09-17T19:00:00Z,Point,-59.5056415749629,-17.969768558816416,,
GEO_BE022B263D,EONET_11256,2024-09-17T19:00:00Z,Point,-59.17044540836001,-17.947679532802656,,
GEO_28537348AB,EONET_11257,2024-09-17T19:00:00Z,Point,-56.440023045274195,-17.190912303017054,,
GEO_718EF034B0,EONET_11258,2024-09-17T19:00:00Z,Point,18.025553588512427,-14.537766293400525,,
GEO_E362BBA78F,EONET_11276,2024-09-17T19:00:00Z,Point,-50.58459963078558,-12.275699694264357,,
GEO_E339D6C216,EONET_11277,2024-09-17T19:00:00Z,Point,145.15152708893424,-16.517999729172633,,
GEO_4F18E981A7,EONET_11107,2024-09-16T19:00:00Z,Point,-7.89007809194233,40.8671388514953,,
GEO_18289428F3,EONET_11108,2024-09-16T19:00:00Z,Point,-8.022630999544795,41.18858553443058,,
GEO_0F257FC3A9,EONET_11138,2024-09-16T19:00:00Z,Point,-51.285968449228456,-8.836767515965944,,
GEO_2DFC586EDD,EONET_11139,2024-09-16T19:00:00Z,Point,25.011589071217173,-22.84532137834619,,
GEO_888EDAA9A3,EONET_11163,2024-09-16T19:00:00Z,Point,-7.692829109407524,41.432296723441276,,
GEO_2067CFE7C6,EONET_11164,2024-09-16T19:00:00Z,Point,22.227895078987803,-23.161922416705558,,
GEO_C9091CB35B,EONET_11165,2024-09-16T19:00:00Z,Point,-54.034225516005435,-11.361852021005252,,
GEO_BFC2F12E8F,EONET_11166,2024-09-16T19:00:00Z,Point,127.87849506461815,-18.94221717427535,,
GEO_FFDB294771,EONET_11203,2024-09-16T19:00:00Z,Point,22.017648153681854,-23.44636198393823,,
GEO_1C0C62694D,EONET_11204,2024-09-16T19:00:00Z,Point,127.83979528566206,-18.95565975027781,,
GEO_4EF5EE0952,EONET_11205,2024-09-16T19:00:00Z,Point,24.012462081852625,-23.67168097875405,,
GEO_FFC2B53BB2,EONET_11231,2024-09-16T19:00:00Z,Point,-59.71452079194743,-17.06692440635255,,
GEO_B675879F81,EONET_11232,2024-09-16T19:00:00Z,Point,-63.62635284647109,-13.420387325357092,,
GEO_B4DFE80006,EONET_11233,2024-09-16T19:00:00Z,Point,-46.50782580724758,-7.280758025348542,,
GEO_B7115412E1,EONET_11234,2024-09-16T19:00:00Z,Point,-57.79475916886013,-18.13092410727591,,
GEO_CFE58C8905,EONET_11235,2024-09-16T19:00:00Z,Point,-52.313780418656854,-8.344171046219925,,
GEO_2C11C330C2,EONET_11236,2024-09-16T19:00:00Z,Point,-59.78842737852136,-16.980411726236298,,
GEO_FFE67ED4D8,EONET_11259,2024-09-16T19:00:00Z,Point,-55.0719470625095,-8.69454919763661,,
GEO_944D68A89D,EONET_11260,2024-09-16T19:00:00Z,Point,18.00584810090343,-15.558793245231744,,
GEO_555A8B82EE,EONET_11261,2024-09-16T19:00:00Z,Point,17.394104715237944,-13.84567336399707,,
GEO_650D8D5833,EONET_11262,2024-09-16T19:00:00Z,Point,127.88596935900253,-18.856830344309742,,
GEO_43C91E6DE6,EONET_11263,2024-09-16T19:00:00Z,Point,136.7197154844389,-16.992582905607073,,
GEO_0486A5DC76,EONET_11187,2024-09-16T17:11:00Z,Point,-109.064667,39.233833,1917.0,acres
GEO_F9CB9186D5,EONET_11102,2024-09-16T10:07:00Z,Point,-104.567,48.4803,1000.0,acres
GEO_3127926BA4,EONET_11140,2024-09-15T19:00:00Z,Point,-7.669054251134336,40.64492818573336,,
GEO_E1DEF8E8CC,EONET_11141,2024-09-15T19:00:00Z,Point,-7.926105550902504,40.4507847456896,,
GEO_20B4074B1F,EONET_11142,2024-09-15T19:00:00Z,Point,20.199198308376953,-19.179845716748748,,
GEO_C5BC649CB9,EONET_11143,2024-09-15T19:00:00Z,Point,-51.08183033803323,-11.034467840429857,,
GEO_90C5C863DA,EONET_11144,2024-09-15T19:00:00Z,Point,-8.039146482038312,41.067261152003276,,
GEO_AD9CA8E8FE,EONET_11167,2024-09-15T19:00:00Z,Point,-66.07640654280068,-12.326423117183857,,
GEO_276F119250,EONET_11168,2024-09-15T19:00:00Z,Point,-45.6438828018775,-14.67089916552732,,
GEO_74E9F27A46,EONET_11169,2024-09-15T19:00:00Z,Point,-44.96893954760858,-7.375237045486376,,
GEO_89D17D2B3D,EONET_11170,2024-09-15T19:00:00Z,Point,-58.065999208509666,-17.09265407925041,,
GEO_EC9F047C8B,EONET_11171,2024-09-15T19:00:00Z,Point,-45.4511923676248,-14.561487112951541,,
GEO_17F504A146,EONET_11172,2024-09-15T19:00:00Z,Point,-43.35655186852393,-11.248130282890587,,
GEO_773650FAA0,EONET_11206,2024-09-15T19:00:00Z,Point,122.36627994809368,-17.208015424542385,,
GEO_3431EC5C6A,EONET_11207,2024-09-15T19:00:00Z,Point,-50.28924930333738,-12.466228002249427,,
GEO_B86D281732,EONET_11208,2024-09-15T19:00:00Z,Point,38.93216796559732,-16.023981715155696,,
GEO_297622B1F2,EONET_11237,2024-09-15T19:00:00Z,Point,38.53145344431918,-16.565207318647776,,
GEO_66FA3C50AD,EONET_11238,2024-09-15T19:00:00Z,Point,17.72621233891542,-15.976018010784154,,
GEO_4663F93857,EONET_11239,2024-09-15T19:00:00Z,Point,-50.6367303132461,-8.967534059801864,,
GEO_1BD13522F4,EONET_11240,2024-09-15T19:00:00Z,Point,149.24833327174517,-25.304928190785837,,
GEO_4D569208AB,EONET_11241,2024-09-15T19:00:00Z,Point,129.24158377859737,51.19152013080802,,
GEO_EA130904F6,EONET_11264,2024-09-15T19:00:00Z,Point,36.84917612461282,-12.400641342543619,,
GEO_9FBFA7A174,EONET_11109,2024-09-14T19:00:00Z,Point,-8.416357945283972,40.70064309357382,,
GEO_751887A994,EONET_11110,2024-09-14T19:00:00Z,Point,32.76004810135442,-19.9750248917823,,
GEO_81398F0275,EONET_11111,2024-09-14T19:00:00Z,Point,21.833854707283862,-18.55305209702975,,
GEO_2CB8535716,EONET_11112,2024-09-14T19:00:00Z,Point,-65.29869396024262,-11.719603154163636,,
GEO_C0F89407BC,EONET_11145,2024-09-14T19:00:00Z,Point,39.62468631717243,48.67565434079184,,
GEO_473E960EEE,EONET_11173,2024-09-14T19:00:00Z,Point,36.92056364633671,-15.6981453807345,,
GEO_934B021433,EONET_11174,2024-09-14T19:00:00Z,Point,34.316466216727136,-7.717119544848672,,
GEO_332631C36D,EONET_11209,2024-09-14T19:00:00Z,Point,36.56741802450088,-16.019036018040257,,
GEO_189943FBC5,EONET_11242,2024-09-14T19:00:00Z,Point,39.50802333575937,-15.248630846315592,,
GEO_92F72C31CB,EONET_11243,2024-09-14T19:00:00Z,Point,38.95628549817255,-16.791389405929348,,
GEO_70ACD43B56,EONET_11059,2024-09-13T19:00:00Z,Point,-51.86927801769299,-11.824796687881838,,
GEO_FE32E27827,EONET_11060,2024-09-13T19:00:00Z,Point,127.38581075652212,-18.555261023661096,,
GEO_4FE03E1ECB,EONET_11079,2024-09-13T19:00:00Z,Point,128.11036909306816,-17.352095306394563,,
GEO_AFCF83A8DA,EONET_11080,2024-09-13T19:00:00Z,Point,-51.67474039698765,-9.71001346986095,,
GEO_BD42F9DC8A,EONET_11113,2024-09-13T19:00:00Z,Point,-52.239058586337144,-7.025238715947671,,
GEO_4065B6BD48,EONET_11114,2024-09-13T19:00:00Z,Point,19.802339517802217,-19.195386870040732,,
GEO_B73F3E75A6,EONET_11115,2024-09-13T19:00:00Z,Point,30.74298693105852,-9.242898058502448,,
GEO_5D737352C6,EONET_11116,2024-09-13T19:00:00Z,Point,23.26505512599168,-17.284139849107206,,
GEO_4924F3FD24,EONET_11117,2024-09-13T19:00:00Z,Point,36.10048409398839,-3.8326274739496378,,
GEO_84066D1217,EONET_11146,2024-09-13T19:00:00Z,Point,31.55477186270031,-13.010194212051594,,
GEO_1B322AECB4,EONET_11147,2024-09-13T19:00:00Z,Point,-8.433412912443131,41.10093237932577,,
GEO_8F9FB547F6,EONET_11148,2024-09-13T19:00:00Z,Point,-53.22615342004673,-12.572996409430552,,
GEO_C929F04F1E,EONET_11149,2024-09-13T19:00:00Z,Point,-7.897557084370321,41.55032025411793,,
GEO_EB997FE9C7,EONET_11150,2024-09-13T19:00:00Z,Point,30.202812759128445,-7.776502793166148,,
GEO_02691CCE84,EONET_11175,2024-09-13T19:00:00Z,Point,-46.830431834182406,-9.128419423422544,,
GEO_A2A1552D0E,EONET_11176,2024-09-13T19:00:00Z,Point,37.987321439754666,-15.923146972705318,,
GEO_7C9889ACA3,EONET_11177,2024-09-13T19:00:00Z,Point,35.80435050718611,-16.59565296945026,,
GEO_66F154D62D,EONET_11210,2024-09-13T19:00:00Z,Point,16.208173184645492,-15.9690522106729,,
GEO_23CB869D5A,EONET_11211,2024-09-13T19:00:00Z,Point,37.158916773581645,-16.404400633438026,,
GEO_B946FAFE9F,EONET_11212,2024-09-13T19:00:00Z,Point,38.07852830345091,-16.596436092843675,,
GEO_80CBB77628,EONET_11104,2024-09-13T17:26:00Z,Point,-102.4622222,43.3519444,2000.0,acres
GEO_425082DD70,EONET_11103,2024-09-13T10:01:00Z,Point,-105.527833,42.4295,3500.0,acres
GEO_D8E1A6B1F1,EONET_11021,2024-09-12T21:57:00Z,Point,-102.4504253,43.35482406,500.0,acres
GEO_D53663289F,EONET_11028,2024-09-12T19:00:00Z,Point,-65.32724492727641,-12.601747572965637,,
GEO_414A47689A,EONET_11029,2024-09-12T19:00:00Z,Point,-50.8804735429236,-12.378502500860527,,
GEO_A865248CD7,EONET_11030,2024-09-12T19:00:00Z,Point,-50.033764909571374,-8.780011902052788,,
GEO_0F9280D0A7,EONET_11061,2024-09-12T19:00:00Z,Point,131.4610622404981,-15.381740424764452,,
GEO_578895EA2B,EONET_11062,2024-09-12T19:00:00Z,Point,17.224337208643124,-8.593782835779063,,
GEO_4D54B9592A,EONET_11063,2024-09-12T19:00:00Z,Point,-65.53357510298113,-13.698629378256738,,
GEO_F7913C98E1,EONET_11081,2024-09-12T19:00:00Z,Point,37.14920556017774,-8.470186285663244,,
GEO_7FF6293401,EONET_11082,2024-09-12T19:00:00Z,Point,34.26053043737095,-9.281115241665749,,
GEO_E689EE1E17,EONET_11083,2024-09-12T19:00:00Z,Point,20.191521596343826,-18.897813611577824,,
GEO_05D9A2A940,EONET_11084,2024-09-12T19:00:00Z,Point,147.46483148129883,-25.218678528060128,,
GEO_7E19F56836,EONET_11085,2024-09-12T19:00:00Z,Point,117.50913385789947,51.17965741909184,,
GEO_05E1B96AAF,EONET_11086,2024-09-12T19:00:00Z,Point,-54.255643150006286,-15.728565496252486,,
GEO_DB7AE7FBFD,EONET_11087,2024-09-12T19:00:00Z,Point,-44.769463336997724,-21.44060471232907,,
GEO_5B282386BA,EONET_11088,2024-09-12T19:00:00Z,Point,-51.53932733051439,-11.94729509911513,,
GEO_37A59C6E33,EONET_11089,2024-09-12T19:00:00Z,Point,31.81636920080132,-10.9072680929278,,
GEO_A090C126D2,EONET_11118,2024-09-12T19:00:00Z,Point,36.494606697466175,-16.910000905822486,,
GEO_D072D24FE9,EONET_11119,2024-09-12T19:00:00Z,Point,36.63189652154784,-16.970304788833225,,
GEO_7D221C5F5B,EONET_11120,2024-09-12T19:00:00Z,Point,36.504502471914016,-16.917368348511655,,
GEO_68684556E0,EONET_11121,2024-09-12T19:00:00Z,Point,20.45290768072899,-14.718219144692311,,
GEO_B8939533EB,EONET_11122,2024-09-12T19:00:00Z,Point,-48.118999335434246,-9.638652915290141,,
GEO_9B954177F7,EONET_11123,2024-09-12T19:00:00Z,Point,20.447363440384294,-14.726621042049132,,
GEO_6A0ACD92AE,EONET_11151,2024-09-12T19:00:00Z,Point,31.840879015134426,-5.823533503794463,,
GEO_75D9FFC69A,EONET_11152,2024-09-12T19:00:00Z,Point,29.735784445469967,-10.595997343751023,,
GEO_5CBAA9B485,EONET_11153,2024-09-12T19:00:00Z,Point,-58.03013457048953,-14.997236073104029,,
GEO_8BE3E42668,EONET_11154,2024-09-12T19:00:00Z,Point,30.16923829876473,-7.563892808947745,,
GEO_C1A8748936,EONET_11155,2024-09-12T19:00:00Z,Point,37.33055478451029,-16.45745892615216,,
GEO_C5E8BD3B3B,EONET_11156,2024-09-12T19:00:00Z,Point,37.83196778534744,-16.809225189483126,,
GEO_5484D2B714,EONET_11157,2024-09-12T19:00:00Z,Point,38.66081375722017,-16.505258406934995,,
GEO_9874784F34,EONET_11158,2024-09-12T19:00:00Z,Point,14.435756974792127,-5.362646906308962,,
GEO_F270B1BAD1,EONET_11178,2024-09-12T19:00:00Z,Point,36.97331848223459,-17.27291471675322,,
GEO_2C7EB06B21,EONET_11179,2024-09-12T19:00:00Z,Point,37.355888157536555,-11.860480180839533,,
GEO_4C361C3536,EONET_11180,2024-09-12T19:00:00Z,Point,35.25878811985664,-18.355515023525513,,
GEO_2ED5B6AB91,EONET_11181,2024-09-12T19:00:00Z,Point,14.790753969150218,-6.94276848453463,,
GEO_3BC26F6203,EONET_11182,2024-09-12T19:00:00Z,Point,38.926775909317506,-15.408456884079543,,
GEO_1D222A23A4,EONET_11183,2024-09-12T19:00:00Z,Point,36.89968423749561,-17.396058245639605,,
GEO_34AA70EB5C,EONET_11184,2024-09-12T19:00:00Z,Point,36.89176420168242,-16.49429260596623,,
GEO_58A2610333,EONET_11025,2024-09-12T18:29:00Z,Point,-101.2336063,46.0864627,500.0,acres
GEO_C72AF19A37,EONET_11023,2024-09-12T15:05:00Z,Point,-100.7616667,43.5777778,10000.0,acres
GEO_9CDCD923C2,EONET_11016,2024-09-12T14:31:00Z,Point,-105.458417,41.688278,1422.0,acres
GEO_63E6BDA62A,EONET_10903,2024-09-11T19:00:00Z,Point,-47.863827470555826,-20.306370278972828,,
GEO_FDF2577A1B,EONET_10904,2024-09-11T19:00:00Z,Point,127.48530621013363,-18.10840264614425,,
GEO_B7A0BAC2BB,EONET_10905,2024-09-11T19:00:00Z,Point,138.93658737595197,-19.178479899888508,,
GEO_9F8E9EBAB4,EONET_10906,2024-09-11T19:00:00Z,Point,-47.82494458579703,-20.81168866161111,,
GEO_4CFFE2FF0F,EONET_10907,2024-09-11T19:00:00Z,Point,-50.577658785786895,-8.584370000103645,,
GEO_88CEF8A9D3,EONET_10908,2024-09-11T19:00:00Z,Point,-49.0518889730736,-20.263230711197586,,
GEO_2650C5FC77,EONET_10909,2024-09-11T19:00:00Z,Point,127.61081848851575,-18.386477088091475,,
GEO_CE219D1F98,EONET_11031,2024-09-11T19:00:00Z,Point,-48.82882387373547,-9.595905931537436,,
GEO_A056461A02,EONET_11032,2024-09-11T19:00:00Z,Point,131.81934952874772,-13.532798274655413,,
GEO_8E427CD4F1,EONET_11033,2024-09-11T19:00:00Z,Point,130.59249479972186,-15.806535554731912,,
GEO_AA179DEC47,EONET_11034,2024-09-11T19:00:00Z,Point,-50.69381402055525,-10.944128590267155,,
GEO_064188FCD9,EONET_11035,2024-09-11T19:00:00Z,Point,131.88839386766008,-14.12488866999124,,
GEO_0ADF8E27E3,EONET_11036,2024-09-11T19:00:00Z,Point,138.9009872525494,-19.096431482681947,,
GEO_EB0783F891,EONET_11037,2024-09-11T19:00:00Z,Point,-56.22542933755216,-18.206813653119422,,
GEO_F5463276A7,EONET_11064,2024-09-11T19:00:00Z,Point,34.47165014240843,-7.810573443146354,,
GEO_3C0FC44A1B,EONET_11065,2024-09-11T19:00:00Z,Point,-50.73475473121033,-11.139946058728048,,
GEO_45D73495FC,EONET_11066,2024-09-11T19:00:00Z,Point,-62.02655318450845,-8.816627368582422,,
GEO_5E407E051F,EONET_11067,2024-09-11T19:00:00Z,Point,-50.57341808120971,-12.479726319129531,,
GEO_A9D43FDDF2,EONET_11068,2024-09-11T19:00:00Z,Point,21.989526755888367,-23.245878815742273,,
GEO_6E691AD834,EONET_11090,2024-09-11T19:00:00Z,Point,24.06419835334053,-23.78982880816295,,
GEO_C89428A2CD,EONET_11091,2024-09-11T19:00:00Z,Point,30.407650735443937,-9.91101848645981,,
GEO_3354B4A328,EONET_11092,2024-09-11T19:00:00Z,Point,130.51990423013538,-15.690862047367773,,
GEO_2BEF126667,EONET_11093,2024-09-11T19:00:00Z,Point,-46.83930117485869,-7.755270722304092,,
GEO_1087AF57B3,EONET_11094,2024-09-11T19:00:00Z,Point,116.2476413996189,-32.6940082857453,,
GEO_93C134895C,EONET_11124,2024-09-11T19:00:00Z,Point,-64.45937987711986,-12.644689793363515,,
GEO_BBF1E86494,EONET_11125,2024-09-11T19:00:00Z,Point,36.57870948701753,-11.771667823352724,,
GEO_CCB739B682,EONET_11126,2024-09-11T19:00:00Z,Point,36.76648282649727,-17.23154136028001,,
GEO_67747B1106,EONET_11127,2024-09-11T19:00:00Z,Point,38.20684975092572,-16.687934263293208,,
GEO_BFE6BA5CA8,EONET_11128,2024-09-11T19:00:00Z,Point,38.83706441011031,-16.6267143180164,,
GEO_F1277DDAEA,EONET_11129,2024-09-11T19:00:00Z,Point,38.78007784142217,-15.330771419511771,,
GEO_BE7EB427D9,EONET_11130,2024-09-11T19:00:00Z,Point,38.332420194386984,-15.64476935257637,,
GEO_51C7E8DE62,EONET_11131,2024-09-11T19:00:00Z,Point,33.87932113585527,-18.880663933778163,,
GEO_B0248CE45A,EONET_11132,2024-09-11T19:00:00Z,Point,34.86582653747228,-18.4268081503753,,
GEO_7BF73548EB,EONET_11133,2024-09-11T19:00:00Z,Point,33.1592768364504,-18.90243305953086,,
GEO_7F68B99602,EONET_11159,2024-09-11T19:00:00Z,Point,38.108872106282696,-16.44899921259896,,
GEO_A423685506,EONET_11160,2024-09-11T19:00:00Z,Point,37.38216579760684,-16.20366634642521,,
GEO_810C0E4670,EONET_11024,2024-09-11T16:53:00Z,Point,-105.61705,44.955167,40000.0,acres
GEO_D40F70BB0C,EONET_10910,2024-09-10T19:00:00Z,Point,-48.01815793233495,-20.852167708273452,,
GEO_27FC04BAF5,EONET_10911,2024-09-10T19:00:00Z,Point,14.727642743486888,-15.763414438455111,,
GEO_47DED450F5,EONET_10912,2024-09-10T19:00:00Z,Point,-57.894147530945304,-17.366336598333447,,
GEO_2A12108CB7,EONET_10913,2024-09-10T19:00:00Z,Point,135.1717817556437,-20.43362540335411,,
GEO_16919CD457,EONET_10914,2024-09-10T19:00:00Z,Point,-49.97500332891895,-9.703863508296223,,
GEO_63169891C5,EONET_10915,2024-09-10T19:00:00Z,Point,-54.857502920038065,-20.698790011367066,,
GEO_4F3165240F,EONET_10916,2024-09-10T19:00:00Z,Point,-49.543842713327024,-9.735899200223137,,
GEO_EF97EB4306,EONET_10917,2024-09-10T19:00:00Z,Point,133.9388433410664,-15.397523260658268,,
GEO_26A7191BA8,EONET_11038,2024-09-10T19:00:00Z,Point,29.6582032566011,-7.685631086210415,,
GEO_DA2537C8EF,EONET_11039,2024-09-10T19:00:00Z,Point,31.713518625966877,-10.726052616519848,,
GEO_F6DCEBB64F,EONET_11040,2024-09-10T19:00:00Z,Point,-44.17762983317328,-8.856846135272226,,
GEO_532B76FCB2,EONET_11041,2024-09-10T19:00:00Z,Point,-50.97844919935124,-8.45586692799748,,
GEO_6FBB27A6E5,EONET_11069,2024-09-10T19:00:00Z,Point,33.14774345189008,-22.951002253434996,,
GEO_D3DF7DC373,EONET_11070,2024-09-10T19:00:00Z,Point,37.75863671254137,-12.429366037165837,,
GEO_0EAA408210,EONET_11071,2024-09-10T19:00:00Z,Point,30.85421805734147,-4.855850949678232,,
GEO_6C4D098B32,EONET_11072,2024-09-10T19:00:00Z,Point,-51.13072915727557,-10.882357467757462,,
GEO_F80150D2C7,EONET_11095,2024-09-10T19:00:00Z,Point,-55.88582061353594,-15.677864491339232,,
GEO_2AECF0749E,EONET_11096,2024-09-10T19:00:00Z,Point,39.840653731252594,-15.760887631397692,,
GEO_1E5C10CAF9,EONET_11097,2024-09-10T19:00:00Z,Point,31.770994719042307,-5.975427025084162,,
GEO_3D0A4AE195,EONET_11098,2024-09-10T19:00:00Z,Point,38.16928654752468,-16.174478714047645,,
GEO_BC0E520404,EONET_11099,2024-09-10T19:00:00Z,Point,31.667368502360386,-11.117271055367986,,
GEO_481867DC73,EONET_11134,2024-09-10T19:00:00Z,Point,39.140138439284264,-15.521424089293669,,
GEO_9E382ED347,EONET_11135,2024-09-10T19:00:00Z,Point,30.770387799692354,-8.801812726487526,,
GEO_D6D95469AB,EONET_11136,2024-09-10T19:00:00Z,Point,36.75830489577916,-16.95146698120279,,
GEO_3313DD6430,EONET_11137,2024-09-10T19:00:00Z,Point,31.389739808758378,-12.898182546553468,,
GEO_53869A57DF,EONET_11022,2024-09-10T18:42:00Z,Point,-112.042139,33.963917,5200.0,acres
GEO_29738E685A,EONET_11020,2024-09-10T16:42:00Z,Point,-111.441367,33.43905,12000.0,acres
GEO_B096630834,EONET_11026,2024-09-10T11:51:00Z,Point,-120.015819,45.351261,7400.0,acres
GEO_C22EC6A6F7,EONET_10918,2024-09-09T19:00:00Z,Point,17.611234939393924,-16.76935303320321,,
GEO_A7DCCE4E19,EONET_10919,2024-09-09T19:00:00Z,Point,-64.46693429080143,-14.396768210435823,,
GEO_002881CC80,EONET_10920,2024-09-09T19:00:00Z,Point,-48.43115006415052,-9.985929311353848,,
GEO_022AC87DF1,EONET_10921,2024-09-09T19:00:00Z,Point,-52.656288013837425,-19.65966834815595,,
GEO_61F26AEB81,EONET_10922,2024-09-09T19:00:00Z,Point,141.86333681738066,-12.910750188705206,,
GEO_06B7AB762A,EONET_10923,2024-09-09T19:00:00Z,Point,145.39551323530242,-21.197938293623707,,
GEO_8E97A691E0,EONET_10924,2024-09-09T19:00:00Z,Point,-117.51567612656906,33.66718647422531,,
GEO_B2E090B4E7,EONET_10925,2024-09-09T19:00:00Z,Point,-57.5991741668039,-19.701185563629927,,
GEO_2E8216C448,EONET_10926,2024-09-09T19:00:00Z,Point,-44.20123179821831,-8.622741905340504,,
GEO_B16E86851B,EONET_10927,2024-09-09T19:00:00Z,Point,-51.14086050787961,-14.88350867508034,,
GEO_5BDEDBC38C,EONET_10928,2024-09-09T19:00:00Z,Point,31.748767311797256,-10.613349771681634,,
GEO_205DD7E9AE,EONET_10929,2024-09-09T19:00:00Z,Point,145.46349680948697,-21.298716281084886,,
GEO_CA04DFEEDD,EONET_11042,2024-09-09T19:00:00Z,Point,31.05105023773237,-9.740871036808448,,
GEO_298BA1A0F5,EONET_11043,2024-09-09T19:00:00Z,Point,29.980479242770432,-10.019512180768185,,
GEO_5B0F93E2C1,EONET_11044,2024-09-09T19:00:00Z,Point,31.785942688154908,-6.173307774655821,,
GEO_CA5048B86F,EONET_11045,2024-09-09T19:00:00Z,Point,31.738220213861187,-10.034948865338922,,
GEO_2777EC83A6,EONET_11046,2024-09-09T19:00:00Z,Point,31.567510376025663,-9.584774811519793,,
GEO_D2DB0DEF0E,EONET_11047,2024-09-09T19:00:00Z,Point,37.509768429254024,-12.114117562382713,,
GEO_FE3984F813,EONET_11048,2024-09-09T19:00:00Z,Point,-46.94384021556782,-21.436503225908393,,
GEO_E88F9136EA,EONET_11049,2024-09-09T19:00:00Z,Point,-55.88629756806268,-15.020656619200127,,
GEO_951DDBBE92,EONET_11050,2024-09-09T19:00:00Z,Point,-75.38256274964401,2.8114489706090677,,
GEO_2B505413D1,EONET_11073,2024-09-09T19:00:00Z,Point,-46.269404085292,-11.244770227031252,,
GEO_649234E3BA,EONET_11074,2024-09-09T19:00:00Z,Point,23.161931011044786,-17.214922558497914,,
GEO_CF4D56A7D2,EONET_11075,2024-09-09T19:00:00Z,Point,-49.9602812128113,-6.391695112983911,,
GEO_21A5901972,EONET_11076,2024-09-09T19:00:00Z,Point,-47.66604645607274,-7.043297693451588,,
GEO_839943F256,EONET_11100,2024-09-09T19:00:00Z,Point,36.665792789797706,-17.122829189416812,,
GEO_1F41146D7A,EONET_11101,2024-09-09T19:00:00Z,Point,35.2012148129427,-10.569536759425583,,
GEO_0A738E34FB,EONET_10892,2024-09-09T18:41:00Z,Point,-108.11155,43.607883,2000.0,acres
GEO_860BCAD825,EONET_10891,2024-09-09T16:24:00Z,Point,-117.5816667,33.6625,1900.0,acres
GEO_009AA4E92E,EONET_10930,2024-09-08T19:00:00Z,Point,14.286341412809493,-15.34468223055612,,
GEO_89D543542C,EONET_10931,2024-09-08T19:00:00Z,Point,-54.066778593847886,-14.648879896925301,,
GEO_F41BBAB110,EONET_10932,2024-09-08T19:00:00Z,Point,17.989166513464152,-16.542345956633447,,
GEO_3DBE35B980,EONET_10933,2024-09-08T19:00:00Z,Point,37.76508433647011,-12.600050090282926,,
GEO_89769A17ED,EONET_10934,2024-09-08T19:00:00Z,Point,136.4407542686129,-16.084652839276654,,
GEO_DB584F2B3D,EONET_10935,2024-09-08T19:00:00Z,Point,-56.29440184993208,-22.299721303713582,,
GEO_80EADAD2AF,EONET_10936,2024-09-08T19:00:00Z,Point,-47.07709868734034,-12.871301937652298,,
GEO_F9EEE8A63D,EONET_10937,2024-09-08T19:00:00Z,Point,-50.23605861213827,-10.118758807618548,,
GEO_7DCA24DF8F,EONET_10938,2024-09-08T19:00:00Z,Point,-56.48398514420942,-15.861942123384669,,
GEO_CE8B991D50,EONET_10939,2024-09-08T19:00:00Z,Point,127.6769428745573,-18.470404074411817,,
GEO_7B64E6EED1,EONET_10940,2024-09-08T19:00:00Z,Point,-46.6050445334142,-6.913465174049381,,
GEO_AB9728B085,EONET_10941,2024-09-08T19:00:00Z,Point,-52.97184247297659,-18.399566118098075,,
GEO_417CFDDD35,EONET_10942,2024-09-08T19:00:00Z,Point,-48.03313091817321,-22.065828373143937,,
GEO_03F93758AF,EONET_10943,2024-09-08T19:00:00Z,Point,-55.36721248568087,-16.099641969590206,,
GEO_453544DBE3,EONET_10944,2024-09-08T19:00:00Z,Point,-50.507421884211055,-18.355565665307424,,
GEO_56390CFD02,EONET_10945,2024-09-08T19:00:00Z,Point,131.14082239246335,-15.305925224113144,,
GEO_26A9448436,EONET_10946,2024-09-08T19:00:00Z,Point,-53.904519694390586,-16.65016745089853,,
GEO_25BF03014F,EONET_10947,2024-09-08T19:00:00Z,Point,-117.70155770037337,34.3116001158924,,
GEO_24C7AD70C6,EONET_10948,2024-09-08T19:00:00Z,Point,-57.964638171498564,-20.216876285676683,,
GEO_5716BBA035,EONET_11051,2024-09-08T19:00:00Z,Point,21.585429075895533,-17.712991207037234,,
GEO_332D195CB1,EONET_11052,2024-09-08T19:00:00Z,Point,14.424437474901728,-15.345920298426073,,
GEO_1E9C575733,EONET_11053,2024-09-08T19:00:00Z,Point,31.72477462287501,-10.615551632160921,,
GEO_69BE50BF43,EONET_11054,2024-09-08T19:00:00Z,Point,-50.87694012713002,-12.97919440068785,,
GEO_F9C56AAB06,EONET_11055,2024-09-08T19:00:00Z,Point,135.3522904690017,-15.392870467399394,,
GEO_E665DDC315,EONET_11056,2024-09-08T19:00:00Z,Point,-47.31516654852405,-8.565856136250362,,
GEO_39E5FA84BD,EONET_11057,2024-09-08T19:00:00Z,Point,-64.52988435223746,-12.624892741031202,,
GEO_FF8FE1F1CF,EONET_11077,2024-09-08T19:00:00Z,Point,34.208116670660566,-15.273429333540491,,
GEO_CE919AB377,EONET_11078,2024-09-08T19:00:00Z,Point,35.34566945732852,-10.393360152868091,,
GEO_3E897F22F0,EONET_10899,2024-09-08T12:32:00Z,Point,-115.871036,42.565682,14000.0,acres
GEO_A9ED3AB2B6,EONET_10898,2024-09-08T10:49:00Z,Point,-121.727467,43.895717,1000.0,acres
GEO_D037933EF8,EONET_10949,2024-09-07T19:00:00Z,Point,35.72458206243438,-13.830756690834363,,
GEO_8D2145605A,EONET_10950,2024-09-07T19:00:00Z,Point,37.71701045024721,-12.311326134217706,,
GEO_8B48331C36,EONET_10951,2024-09-07T19:00:00Z,Point,19.957627596933097,-16.329452354704454,,
GEO_E5BF6A8ECE,EONET_10952,2024-09-07T19:00:00Z,Point,36.93492592048542,-15.12642805575482,,
GEO_CF3BD392A6,EONET_10953,2024-09-07T19:00:00Z,Point,131.87807852972264,-14.82898788736871,,
GEO_C1A91519CC,EONET_10954,2024-09-07T19:00:00Z,Point,-51.726890793558724,-17.695001535252395,,
GEO_25944B4B20,EONET_10955,2024-09-07T19:00:00Z,Point,-54.4304806151253,-16.205575423729258,,
GEO_0C36B8CEEF,EONET_10956,2024-09-07T19:00:00Z,Point,-52.81971177749081,-17.46553693331542,,
GEO_C79B11E350,EONET_10957,2024-09-07T19:00:00Z,Point,-49.838673128036866,-18.116348270753136,,
GEO_58A08D50ED,EONET_10958,2024-09-07T19:00:00Z,Point,-50.96794625191682,-17.92916845975991,,
GEO_FD10394F86,EONET_10959,2024-09-07T19:00:00Z,Point,30.321462605525536,-7.959721560637487,,
GEO_4B85799A83,EONET_10960,2024-09-07T19:00:00Z,Point,-53.525391966222806,-9.726177667211246,,
GEO_1C81032127,EONET_10961,2024-09-07T19:00:00Z,Point,131.23809821961711,-11.683897586222558,,
GEO_9420200BD7,EONET_10962,2024-09-07T19:00:00Z,Point,-45.337058668373075,-11.290554194633625,,
GEO_6008EE6C95,EONET_10963,2024-09-07T19:00:00Z,Point,133.94064364237198,-14.974755967469461,,
GEO_33A3E768B1,EONET_10964,2024-09-07T19:00:00Z,Point,-45.343870065589726,-14.63746372051352,,
GEO_E8D9D1E317,EONET_10965,2024-09-07T19:00:00Z,Point,-49.72442599392616,-6.495574425303522,,
GEO_CFCA47E223,EONET_10966,2024-09-07T19:00:00Z,Point,141.9223283779603,-15.202511553363763,,
GEO_6FFC215B43,EONET_10967,2024-09-07T19:00:00Z,Point,-52.85884429529332,-17.602681445942824,,
GEO_B1EFAA446A,EONET_10968,2024-09-07T19:00:00Z,Point,20.720385836737403,-18.14477003302531,,
GEO_B5DEEC3D6D,EONET_10969,2024-09-07T19:00:00Z,Point,130.70990494755426,-17.91113696520833,,
GEO_A485CDFAD3,EONET_10970,2024-09-07T19:00:00Z,Point,-48.810708104851784,-9.213030436621047,,
GEO_1B65BD9284,EONET_10971,2024-09-07T19:00:00Z,Point,-51.98487213420185,-17.503937366602752,,
GEO_3E1C72AE48,EONET_10972,2024-09-07T19:00:00Z,Point,-57.372564853565855,-14.83806154300671,,
GEO_91C8EDC734,EONET_10973,2024-09-07T19:00:00Z,Point,-50.022379563253224,-8.90561788611075,,
GEO_C5C3E2DF3F,EONET_10974,2024-09-07T19:00:00Z,Point,30.650732309388292,-10.986859817238718,,
GEO_CECD8D188B,EONET_10975,2024-09-07T19:00:00Z,Point,131.5325028861078,-13.868351232435533,,
GEO_FAC2FE38A1,EONET_10976,2024-09-07T19:00:00Z,Point,-53.59406132991903,-17.75526770984163,,
GEO_BD368128BC,EONET_10977,2024-09-07T19:00:00Z,Point,-50.82543478813043,-12.554980784946473,,
GEO_8E39870561,EONET_10978,2024-09-07T19:00:00Z,Point,-55.37897327460695,-14.351791735514436,,
GEO_F74B6B055E,EONET_10979,2024-09-07T19:00:00Z,Point,-50.19672812461621,-10.795201879117279,,
GEO_789CB153B4,EONET_10980,2024-09-07T19:00:00Z,Point,-56.57271277265714,-14.544945619690893,,
GEO_2EBE5AFFD5,EONET_10981,2024-09-07T19:00:00Z,Point,-50.29294613662448,-8.681243041174849,,
GEO_0BF0003C2A,EONET_10982,2024-09-07T19:00:00Z,Point,-55.115694040374926,-19.338551905442067,,
GEO_611FEAD6A6,EONET_11058,2024-09-07T19:00:00Z,Point,38.234841937161484,-14.778240235354726,,
GEO_665ABEB309,EONET_10893,2024-09-07T17:56:00Z,Point,-117.351694,33.387036,950.0,acres
GEO_82EBDF4566,EONET_10894,2024-09-07T17:53:00Z,Point,-119.8275,39.305,5000.0,acres
GEO_45CAA479AF,EONET_10889,2024-09-07T16:24:00Z,Point,-114.525667,44.082833,1500.0,acres
GEO_E1113E98FA,EONET_10887,2024-09-07T16:23:00Z,Point,-121.842633,44.144217,728.0,acres
GEO_C27EB12617,EONET_10895,2024-09-07T12:17:00Z,Point,-121.293167,42.976667,2200.0,acres
GEO_7709036A1B,EONET_10888,2024-09-07T11:12:00Z,Point,-120.972091,43.637322,6500.0,acres
GEO_E2FDC4A62B,EONET_10890,2024-09-07T10:53:00Z,Point,-121.102133,43.49705,13680.0,acres
GEO_B039843D02,EONET_10896,2024-09-07T00:37:00Z,Point,-120.737117,43.295883,2867.0,acres
GEO_D71D3A2070,EONET_10886,2024-09-06T20:04:00Z,Point,-120.058147,44.90148,15015.0,acres
GEO_3743426A88,EONET_10983,2024-09-06T19:00:00Z,Point,-57.58268066430553,-23.69694057937735,,
GEO_4BFC7BE772,EONET_10984,2024-09-06T19:00:00Z,Point,19.23786108089796,-17.598136686410562,,
GEO_BF41C5356F,EONET_10985,2024-09-06T19:00:00Z,Point,36.986723863065386,-12.304968808724986,,
GEO_7D368FC6DA,EONET_10986,2024-09-06T19:00:00Z,Point,-50.451153423249984,-11.733022767780554,,
GEO_B83A26D992,EONET_10987,2024-09-06T19:00:00Z,Point,-120.05162641202924,44.92211140636342,,
GEO_C22BED6B9F,EONET_10988,2024-09-06T19:00:00Z,Point,-53.4915133853077,-18.550165109422082,,
GEO_B5B4796690,EONET_10989,2024-09-06T19:00:00Z,Point,27.390587577748693,-2.689705881458102,,
GEO_A6617A8028,EONET_10990,2024-09-06T19:00:00Z,Point,-51.50171717124526,-6.54209733399725,,
GEO_98846100B0,EONET_10991,2024-09-06T19:00:00Z,Point,-120.97372014335045,43.671183322868266,,
GEO_F97EABFEB8,EONET_10992,2024-09-06T19:00:00Z,Point,-56.21099699918703,-22.49144589038348,,
GEO_162E31BA35,EONET_10993,2024-09-06T19:00:00Z,Point,26.599922989952358,-2.517153234922957,,
GEO_6C04BF3DBE,EONET_10994,2024-09-06T19:00:00Z,Point,-121.65554650836286,43.88282135663567,,
GEO_ECEDDA29D2,EONET_10995,2024-09-06T19:00:00Z,Point,-58.31020532611757,-22.917940169987123,,
GEO_2D05813CC2,EONET_10996,2024-09-06T19:00:00Z,Point,-47.001519409644494,-19.676473642417225,,
GEO_99DD73D5F3,EONET_10997,2024-09-06T19:00:00Z,Point,31.02383231216854,-9.85679428002523,,
GEO_F963FDB285,EONET_10998,2024-09-06T19:00:00Z,Point,36.54449911705812,-14.406060256931644,,
GEO_67F052A91C,EONET_10999,2024-09-06T19:00:00Z,Point,17.956357487523984,-17.050713199867197,,
GEO_BFB9731EC8,EONET_11000,2024-09-06T19:00:00Z,Point,36.65074945610868,-15.515179106934063,,
GEO_1CE4C4E095,EONET_11001,2024-09-06T19:00:00Z,Point,-58.1054891812764,-23.2400568742476,,
GEO_E749C94A62,EONET_11002,2024-09-06T19:00:00Z,Point,38.3522915795767,-16.48779144226149,,
GEO_972FACB94E,EONET_11003,2024-09-06T19:00:00Z,Point,25.728690469110695,-16.38207661126501,,
GEO_D80F607566,EONET_11004,2024-09-06T19:00:00Z,Point,-55.41798550370614,-15.965875512448763,,
GEO_7D664E5144,EONET_11005,2024-09-06T19:00:00Z,Point,-48.427572638517155,-14.94961622442448,,
GEO_31B8F2633B,EONET_11006,2024-09-06T19:00:00Z,Point,-53.963709962753406,-10.196808938159148,,
GEO_4308496884,EONET_11007,2024-09-06T19:00:00Z,Point,-51.657600646967474,-11.101566319458165,,
GEO_6C153DAFFA,EONET_11008,2024-09-06T19:00:00Z,Point,-47.22787662938202,-15.690079004239115,,
GEO_2D2DFDD4F7,EONET_11009,2024-09-06T19:00:00Z,Point,137.0005581084432,-16.337207338204532,,
GEO_8C401FAE14,EONET_11010,2024-09-06T19:00:00Z,Point,-121.0691725010962,43.5484572079417,,
GEO_4BEE7F546D,EONET_11011,2024-09-06T19:00:00Z,Point,-54.49682073059845,-15.93764400729655,,
GEO_C73227E622,EONET_11012,2024-09-06T19:00:00Z,Point,-55.3953897608329,-24.071565661051576,,
GEO_0E26B8FF50,EONET_11013,2024-09-06T19:00:00Z,Point,31.558705290775542,-10.776236280964696,,
GEO_CBE2576BC1,EONET_11014,2024-09-06T19:00:00Z,Point,131.2563170727325,-15.530577576108463,,
GEO_879ABA0372,EONET_11015,2024-09-06T19:00:00Z,Point,-53.94468886124151,-15.93772219031185,,
GEO_DA36EFF953,EONET_10897,2024-09-06T14:50:00Z,Point,-114.993138,46.028452,1262.7,acres
GEO_712E23CF94,EONET_10879,2024-09-05T20:01:00Z,Point,-120.210499,36.13743,502.0,acres
GEO_D34C8F38E7,EONET_10882,2024-09-05T14:25:00Z,Point,-87.2011111,33.7172222,510.0,acres
GEO_FCD95CF3E6,EONET_10838,2024-09-04T19:00:00Z,Point,-58.91279009570057,-19.42495034237194,,
GEO_BC20836BEE,EONET_10839,2024-09-03T19:00:00Z,Point,31.265414802634794,-10.874555531543393,,
GEO_9638B86C15,EONET_10840,2024-09-03T19:00:00Z,Point,26.946359918473743,-31.15683984546468,,
GEO_2F3DDA2765,EONET_10841,2024-09-03T19:00:00Z,Point,-57.968165813142406,-14.5139620994646,,
GEO_0A20DBA0E5,EONET_10842,2024-09-03T19:00:00Z,Point,-51.43038903674652,-20.582491127968733,,
GEO_24274AB303,EONET_10843,2024-09-03T19:00:00Z,Point,-47.75259479970126,-20.16595579240327,,
GEO_D98344B48D,EONET_10844,2024-09-03T19:00:00Z,Point,-58.90268324192142,-19.63020245278232,,
GEO_361A222434,EONET_10869,2024-09-03T15:11:00Z,Point,-120.618133,36.121148,17328.0,acres
GEO_36D7ACA08C,EONET_10873,2024-09-03T09:40:00Z,Point,-116.254458,44.386459,533.0,acres
GEO_C8345C763D,EONET_10876,2024-09-02T23:00:00Z,Point,-119.270133,43.572833,4000.0,acres
GEO_3C04B6BBE6,EONET_10878,2024-09-02T22:42:00Z,Point,-115.604383,43.7845,610.0,acres
GEO_5047678DC2,EONET_10874,2024-09-02T20:49:00Z,Point,-111.108,33.201667,800.0,acres
GEO_3A4B837179,EONET_10883,2024-09-02T20:04:00Z,Point,-118.913283,42.738083,2600.0,acres
GEO_FFBBA00E38,EONET_10792,2024-09-02T19:00:00Z,Point,-119.61971495465636,44.148969290530104,,
GEO_76D068704F,EONET_10793,2024-09-02T19:00:00Z,Point,-50.116738178263596,-10.34801940606756,,
GEO_DC98189048,EONET_10794,2024-09-02T19:00:00Z,Point,-50.13420043336345,-9.378260583711096,,
GEO_E87E3FFF05,EONET_10795,2024-09-02T19:00:00Z,Point,-52.93134951426339,-18.87989203643322,,
GEO_216F85E873,EONET_10796,2024-09-02T19:00:00Z,Point,138.66173451541636,-17.56989486192413,,
GEO_D8FFD9F7DB,EONET_10797,2024-09-02T19:00:00Z,Point,120.44501575430682,-26.668464587689204,,
GEO_E6D63EC0E3,EONET_10826,2024-09-02T19:00:00Z,Point,15.069612152920296,-7.988083471097104,,
GEO_C54674A441,EONET_10827,2024-09-02T19:00:00Z,Point,-120.58162142566165,36.16673578310175,,
GEO_7209B5096B,EONET_10845,2024-09-02T19:00:00Z,Point,-49.9997800691137,-11.076094069624922,,
GEO_360A058E64,EONET_10846,2024-09-02T19:00:00Z,Point,136.75622493921676,-16.85531612846015,,
GEO_DC5FEBD381,EONET_10847,2024-09-02T19:00:00Z,Point,15.282949479267268,-8.262251218824204,,
GEO_DC1A6BF096,EONET_10848,2024-09-02T19:00:00Z,Point,15.257913604278865,-8.498710635507669,,
GEO_C0A597D09E,EONET_10849,2024-09-02T19:00:00Z,Point,-47.11991379733076,-11.220278824309863,,
GEO_214BEB8414,EONET_10850,2024-09-02T19:00:00Z,Point,-45.10811118126179,-7.363858941606869,,
GEO_F71308FD1E,EONET_10851,2024-09-02T19:00:00Z,Point,-52.93501949244869,-14.476182050520164,,
GEO_4F961A6963,EONET_10852,2024-09-02T19:00:00Z,Point,-50.477507136828734,-11.228766655916111,,
GEO_61C475EC2B,EONET_10853,2024-09-02T19:00:00Z,Point,-47.7962655936124,-8.039557854102096,,
GEO_7CC3F67595,EONET_10854,2024-09-02T19:00:00Z,Point,-47.24184642775646,-9.605919889910073,,
GEO_3278260FD2,EONET_10855,2024-09-02T19:00:00Z,Point,14.733269872119363,-16.30674061067192,,
GEO_D1F481CD69,EONET_10856,2024-09-02T19:00:00Z,Point,31.058352711005323,-28.287152173211926,,
GEO_B5499AA589,EONET_10763,2024-09-02T18:09:00Z,Point,-116.439,44.322333,1000.0,acres
GEO_8A3C21CD2B,EONET_10880,2024-09-02T17:32:00Z,Point,-120.21611,39.59744,3325.0,acres
GEO_26FEE5A3DD,EONET_10758,2024-09-02T17:20:00Z,Point,-119.607833,44.28,3015.0,acres
GEO_1293F0240B,EONET_10755,2024-09-02T15:16:00Z,Point,-114.323333,43.401,550.0,acres
GEO_5FBDB5BE80,EONET_10761,2024-09-02T15:02:00Z,Point,-119.559833,44.240833,7748.0,acres
GEO_0E074C4424,EONET_10756,2024-09-02T15:01:00Z,Point,-115.0568,43.4537,2000.0,acres
GEO_7FFB0D18BA,EONET_10767,2024-09-02T13:12:00Z,Point,-117.188927,44.486176,2000.0,acres
GEO_D38940325A,EONET_10759,2024-09-02T12:39:00Z,Point,-117.961611,43.744205,3800.0,acres
GEO_CE25457FB5,EONET_10768,2024-09-02T12:28:00Z,Point,-115.672065,43.220271,5129.0,acres
GEO_5B4C78FABB,EONET_10764,2024-09-02T12:12:00Z,Point,-121.048917,45.292783,5000.0,acres
GEO_4F5D8FB430,EONET_10766,2024-09-02T12:01:00Z,Point,-120.304833,44.037217,1200.0,acres
GEO_8BF50C4C13,EONET_10754,2024-09-02T11:11:00Z,Point,-111.126867,33.235233,2500.0,acres
GEO_112F8077CF,EONET_10760,2024-09-02T10:54:00Z,Point,-120.03841,44.63049,3000.0,acres
GEO_3CB207B8D3,EONET_10771,2024-09-01T19:00:00Z,Point,130.51993257445787,-18.407064361046398,,
GEO_E6108E4D0A,EONET_10772,2024-09-01T19:00:00Z,Point,25.954300027272982,-8.167557376036036,,
GEO_D7415C74A4,EONET_10773,2024-09-01T19:00:00Z,Point,-64.79537128054015,-32.20737911998886,,
GEO_851BE18E04,EONET_10798,2024-09-01T19:00:00Z,Point,31.08824515014399,-11.71928859620418,,
GEO_CFB87EF12E,EONET_10799,2024-09-01T19:00:00Z,Point,128.13061295553436,-15.662027675078745,,
GEO_0E6B986D99,EONET_10800,2024-09-01T19:00:00Z,Point,-59.0637192345041,-19.637127681786005,,
GEO_B5F3325CC5,EONET_10801,2024-09-01T19:00:00Z,Point,-117.16387677156298,44.46259010140113,,
GEO_1CC0DB1B70,EONET_10802,2024-09-01T19:00:00Z,Point,-119.99476823744266,44.62607749081167,,
GEO_A04D0DC249,EONET_10803,2024-09-01T19:00:00Z,Point,-120.25084597751142,44.04725369776717,,
GEO_2371601AF9,EONET_10804,2024-09-01T19:00:00Z,Point,31.754578190712664,-5.846664867070346,,
GEO_787DF09CB9,EONET_10828,2024-09-01T19:00:00Z,Point,30.92600747396922,-11.281846037631182,,
GEO_347099BA61,EONET_10829,2024-09-01T19:00:00Z,Point,29.47541099917124,-10.771755348481985,,
GEO_BC8E45CC41,EONET_10830,2024-09-01T19:00:00Z,Point,-56.97032486702023,-21.389580919084587,,
GEO_419649A093,EONET_10831,2024-09-01T19:00:00Z,Point,16.853799321791794,-8.616267983138403,,
GEO_5C424BEB0D,EONET_10832,2024-09-01T19:00:00Z,Point,-119.56924244633011,44.2298792337444,,
GEO_5270466B78,EONET_10857,2024-09-01T19:00:00Z,Point,14.189434100786562,-13.46673234395795,,
GEO_10F1244402,EONET_10858,2024-09-01T19:00:00Z,Point,128.22248171612932,-16.966119660375224,,
GEO_1AAAF0E21E,EONET_10859,2024-09-01T19:00:00Z,Point,31.200026016248234,-6.771037525480345,,
GEO_EE304F6389,EONET_10860,2024-09-01T19:00:00Z,Point,-46.26193922748018,-20.864082205972263,,
GEO_1E3FA81831,EONET_10861,2024-09-01T19:00:00Z,Point,-47.446652681485816,-7.413562388751381,,
GEO_13D0AB554B,EONET_10862,2024-09-01T19:00:00Z,Point,-58.100717052719844,-14.595878991245915,,
GEO_7DBD489BDA,EONET_10765,2024-09-01T18:24:00Z,Point,-121.756,42.554333,3500.0,acres
GEO_909305D490,EONET_10762,2024-09-01T17:36:00Z,Point,-116.974801,33.823221,517.0,acres
GEO_0B78E69368,EONET_10769,2024-09-01T13:31:00Z,Point,-105.76688,44.936167,1721.0,acres
GEO_030D03D5DD,EONET_10753,2024-08-31T19:27:00Z,Point,-111.998667,34.267167,1100.0,acres
GEO_5D7D3C7E51,EONET_10770,2024-08-31T19:27:00Z,Point,-112.1289,34.14465,2600.0,acres
GEO_D4EFA22CEC,EONET_10774,2024-08-31T19:00:00Z,Point,-46.785481367966575,-20.315855435840987,,
GEO_374AB8CFBE,EONET_10775,2024-08-31T19:00:00Z,Point,133.64577113232974,-14.880407293267814,,
GEO_54A36CF099,EONET_10776,2024-08-31T19:00:00Z,Point,-64.5125156353438,-14.075822514097721,,
GEO_7432DFF33D,EONET_10777,2024-08-31T19:00:00Z,Point,-49.04564203328207,-7.314172825300785,,
GEO_A900D30F2D,EONET_10778,2024-08-31T19:00:00Z,Point,-54.130987638845376,-13.736921220487234,,
GEO_C8D72722B3,EONET_10805,2024-08-31T19:00:00Z,Point,15.00648313622433,-7.789230605172984,,
GEO_3CB584C393,EONET_10806,2024-08-31T19:00:00Z,Point,-65.83004511391799,-12.924489202499439,,
GEO_FCE5B8F441,EONET_10807,2024-08-31T19:00:00Z,Point,-50.54083845847284,-11.170476647739019,,
GEO_5F32B822E5,EONET_10808,2024-08-31T19:00:00Z,Point,134.1515557349691,-19.161449249155343,,
GEO_8411993EB5,EONET_10833,2024-08-31T19:00:00Z,Point,21.64172410254609,41.28501324742258,,
GEO_C1504C5B91,EONET_10863,2024-08-31T19:00:00Z,Point,31.638988757367652,-10.131937729317723,,
GEO_310C3A61F1,EONET_10864,2024-08-31T19:00:00Z,Point,-50.76806132361197,-9.157048653780828,,
GEO_A188C9EC7C,EONET_10757,2024-08-31T18:37:00Z,Point,-113.658033,36.591633,763.0,acres
GEO_A2777FBFD6,EONET_10721,2024-08-30T19:00:00Z,Point,-50.8927867944357,-11.836656934658494,,
GEO_5596966E03,EONET_10779,2024-08-30T19:00:00Z,Point,-107.07347887636793,55.935335569740346,,
GEO_2AF71EFD98,EONET_10780,2024-08-30T19:00:00Z,Point,17.001360816529125,-16.640794252466367,,
GEO_F55A4E33D0,EONET_10781,2024-08-30T19:00:00Z,Point,29.57556902823709,-9.55507060298528,,
GEO_5B986B3FE9,EONET_10782,2024-08-30T19:00:00Z,Point,130.62873291611618,-13.482668990509662,,
GEO_7659C1CE94,EONET_10783,2024-08-30T19:00:00Z,Point,-46.46898607375892,-10.883032456420395,,
GEO_5626A6C661,EONET_10809,2024-08-30T19:00:00Z,Point,31.042024198416456,-11.310788123853149,,
GEO_29D73CC090,EONET_10810,2024-08-30T19:00:00Z,Point,31.02721539428445,-11.76828144093896,,
GEO_18ED0F6F95,EONET_10811,2024-08-30T19:00:00Z,Point,-56.09284387705917,-22.09829512138802,,
GEO_595515E785,EONET_10812,2024-08-30T19:00:00Z,Point,-56.13977430820714,-14.587226381367557,,
GEO_A185C65700,EONET_10813,2024-08-30T19:00:00Z,Point,-55.298554569922274,-14.569697503860827,,
GEO_99E90A3309,EONET_10814,2024-08-30T19:00:00Z,Point,-47.25324994034558,-10.340340246258558,,
GEO_0AB4A2560F,EONET_10815,2024-08-30T19:00:00Z,Point,128.12588496077018,-16.728095955399073,,
GEO_B9741802D7,EONET_10834,2024-08-30T19:00:00Z,Point,-50.148302329532314,-11.7156094066636,,
GEO_FDB137A1A9,EONET_10865,2024-08-30T19:00:00Z,Point,31.271129470909546,-10.777067867249137,,
GEO_1BFF002E09,EONET_10866,2024-08-30T19:00:00Z,Point,-54.87142626514294,-9.591899250130483,,
GEO_3C83988269,EONET_10867,2024-08-30T19:00:00Z,Point,-54.80183650131299,-19.357612515021177,,
GEO_D92C5AAD94,EONET_10722,2024-08-29T19:00:00Z,Point,-60.87264251036574,-15.419833982098863,,
GEO_5848703EB3,EONET_10741,2024-08-29T19:00:00Z,Point,-63.830100331815764,-7.9596733469819645,,
GEO_B285BF17A8,EONET_10742,2024-08-29T19:00:00Z,Point,-48.57887519211669,-6.716929884574821,,
GEO_6ABF35A249,EONET_10784,2024-08-29T19:00:00Z,Point,-49.002300914331954,-14.945597499204704,,
GEO_1120F91D07,EONET_10785,2024-08-29T19:00:00Z,Point,17.367352310119255,-8.283565739073827,,
GEO_4928AAC85A,EONET_10786,2024-08-29T19:00:00Z,Point,-50.48428337369067,-9.347212180004467,,
GEO_7BE64733B0,EONET_10816,2024-08-29T19:00:00Z,Point,17.803435101244865,-13.238812940921138,,
GEO_9144D1772A,EONET_10817,2024-08-29T19:00:00Z,Point,-56.751161591192826,-13.900963276263733,,
GEO_18BDB4F38F,EONET_10818,2024-08-29T19:00:00Z,Point,-46.71532450597484,-8.362230351149538,,
GEO_40D552DCD6,EONET_10819,2024-08-29T19:00:00Z,Point,-57.04785314559446,-15.73247028885095,,
GEO_FF3CA582F7,EONET_10820,2024-08-29T19:00:00Z,Point,-55.72686015296203,-14.015991048958595,,
GEO_243FC794A2,EONET_10821,2024-08-29T19:00:00Z,Point,132.07153947010914,-12.697284946877712,,
GEO_33A8023D2F,EONET_10822,2024-08-29T19:00:00Z,Point,-59.02426440788547,-13.077261664145407,,
GEO_AF023ABFAD,EONET_10823,2024-08-29T19:00:00Z,Point,30.312900582842886,-9.125414875333515,,
GEO_9641315C99,EONET_10824,2024-08-29T19:00:00Z,Point,29.596014999145382,-9.539511280976715,,
GEO_091E6D25FA,EONET_10835,2024-08-29T19:00:00Z,Point,30.714749062786456,-12.671351238393932,,
GEO_3B31507509,EONET_10836,2024-08-29T19:00:00Z,Point,31.04084855808498,-11.102504103772295,,
GEO_9598AF048F,EONET_10685,2024-08-29T16:22:00Z,Point,-88.859583,31.05635,1715.0,acres
GEO_21683036BA,EONET_10686,2024-08-29T16:22:00Z,Point,-88.928,31.0565,2368.0,acres
GEO_65A68C4E19,EONET_10660,2024-08-28T19:00:00Z,Point,-55.8667119654897,-19.526406500532584,,
GEO_63F3AC37B1,EONET_10693,2024-08-28T19:00:00Z,Point,14.769950366622066,-10.732013777001203,,
GEO_20FD65CA55,EONET_10694,2024-08-28T19:00:00Z,Point,28.042633154088687,-31.124410845214904,,
GEO_4B203266AE,EONET_10695,2024-08-28T19:00:00Z,Point,29.25018318049874,-10.784429755501789,,
GEO_FBBFA88131,EONET_10696,2024-08-28T19:00:00Z,Point,-59.17890035618194,-15.538254064418906,,
GEO_7514DE95C3,EONET_10697,2024-08-28T19:00:00Z,Point,28.127271447063016,-31.024434222934392,,
GEO_083C0159B6,EONET_10723,2024-08-28T19:00:00Z,Point,-58.79332311081732,-15.023099054355512,,
GEO_9901CC766D,EONET_10724,2024-08-28T19:00:00Z,Point,-55.688173125805406,-14.892569105311656,,
GEO_3F67767FDB,EONET_10725,2024-08-28T19:00:00Z,Point,-59.494505833762005,-16.337720187654963,,
GEO_CD527723D3,EONET_10726,2024-08-28T19:00:00Z,Point,-58.348209533022136,-12.782518542828349,,
GEO_F516BDAEBC,EONET_10727,2024-08-28T19:00:00Z,Point,-53.40644896091516,-14.532312606205778,,
GEO_DA91B58F67,EONET_10743,2024-08-28T19:00:00Z,Point,-51.86209065435435,-9.176292029426056,,
GEO_9A11634504,EONET_10744,2024-08-28T19:00:00Z,Point,-49.7410717850921,-10.316224649129431,,
GEO_1AA2CFE7F5,EONET_10745,2024-08-28T19:00:00Z,Point,-47.06250009296384,-8.049246754098215,,
GEO_A2200B499D,EONET_10746,2024-08-28T19:00:00Z,Point,-50.30860566118717,-11.643575322283052,,
GEO_706EA344D6,EONET_10747,2024-08-28T19:00:00Z,Point,-54.71175259465374,-14.199249586957555,,
GEO_364B7B8360,EONET_10748,2024-08-28T19:00:00Z,Point,17.192252199924976,-16.744211179148028,,
GEO_29AABA02F2,EONET_10787,2024-08-28T19:00:00Z,Point,-42.912039638114486,-6.830398627105168,,
GEO_FFAB826AB2,EONET_10788,2024-08-28T19:00:00Z,Point,-47.479332852700885,-7.057628915600055,,
GEO_1326201CBE,EONET_10789,2024-08-28T19:00:00Z,Point,-53.65406429444766,-9.69219910840647,,
GEO_0844B352BE,EONET_10790,2024-08-28T19:00:00Z,Point,-57.00195401592264,-9.418969986220636,,
GEO_0436490C54,EONET_10791,2024-08-28T19:00:00Z,Point,135.66271710302877,-13.360805862902886,,
GEO_31B9F08CA4,EONET_10825,2024-08-28T19:00:00Z,Point,31.667447663834995,-9.906176574412875,,
GEO_21D742BD0A,EONET_10689,2024-08-28T13:04:00Z,Point,-104.773967,43.777617,1033.0,acres
GEO_FB5033CC50,EONET_10690,2024-08-28T12:58:00Z,Point,-104.376313,43.903968,1404.07,acres
GEO_B7D616C762,EONET_10688,2024-08-28T12:47:00Z,Point,-104.438083,43.599883,1351.28,acres
GEO_A4E5FB3F8C,EONET_10691,2024-08-28T12:26:00Z,Point,-118.6926667,47.065,1600.0,acres
GEO_B077845210,EONET_10606,2024-08-27T19:00:00Z,Point,137.9625450702486,-17.93766902400315,,
GEO_FA65B06DB2,EONET_10632,2024-08-27T19:00:00Z,Point,28.82098547751834,-28.378635060195414,,
GEO_79BCBC7268,EONET_10633,2024-08-27T19:00:00Z,Point,-53.821803231079905,-9.876290035915673,,
GEO_D28846A3BC,EONET_10634,2024-08-27T19:00:00Z,Point,-94.52427077269185,56.9872132980402,,
GEO_2704A91153,EONET_10635,2024-08-27T19:00:00Z,Point,-50.43783051991626,-9.854193138440715,,
GEO_0ED2E459EA,EONET_10661,2024-08-27T19:00:00Z,Point,-52.06326838594547,-10.598112837221231,,
GEO_5CA49E0F95,EONET_10662,2024-08-27T19:00:00Z,Point,-107.4675873416706,55.89747434821418,,
GEO_09A6B69C3F,EONET_10663,2024-08-27T19:00:00Z,Point,-48.40540604289469,-12.638029386607508,,
GEO_CCD4A5329A,EONET_10664,2024-08-27T19:00:00Z,Point,-47.48389463469966,-9.378814635617964,,
GEO_371593587A,EONET_10665,2024-08-27T19:00:00Z,Point,-55.178842794955955,-15.145794251760172,,
GEO_D0FAF9092C,EONET_10698,2024-08-27T19:00:00Z,Point,-49.278871264308826,-9.504366256487154,,
GEO_F22B7FB173,EONET_10699,2024-08-27T19:00:00Z,Point,18.528268309546352,-14.871363948091219,,
GEO_249AB85C74,EONET_10700,2024-08-27T19:00:00Z,Point,-67.27195703598032,-12.86115833337514,,
GEO_F8FBDCB1BD,EONET_10701,2024-08-27T19:00:00Z,Point,-57.45189349791982,-20.783207592692015,,
GEO_117D3F9871,EONET_10702,2024-08-27T19:00:00Z,Point,-64.50551941097261,-14.988069791829306,,
GEO_0AAD295325,EONET_10703,2024-08-27T19:00:00Z,Point,-57.7531017647057,-10.74525835408603,,
GEO_3BB43441E2,EONET_10704,2024-08-27T19:00:00Z,Point,-47.39096983330294,-9.436346832062638,,
GEO_E5B79F7C9B,EONET_10705,2024-08-27T19:00:00Z,Point,133.8611424302848,-18.97385735621928,,
GEO_18B2030906,EONET_10706,2024-08-27T19:00:00Z,Point,-66.74350064648819,-12.315134220706078,,
GEO_0F0A4DEFCF,EONET_10728,2024-08-27T19:00:00Z,Point,17.894617901872415,-15.460367553133628,,
GEO_F8F6ED1BD0,EONET_10729,2024-08-27T19:00:00Z,Point,-57.96709946485569,-21.01739994356281,,
GEO_C807D5594D,EONET_10730,2024-08-27T19:00:00Z,Point,-43.44998492194396,-8.461793773578199,,
GEO_E23C1EAA1E,EONET_10731,2024-08-27T19:00:00Z,Point,-66.66967664747122,-8.923213776953398,,
GEO_782B39CD00,EONET_10732,2024-08-27T19:00:00Z,Point,-55.04287404723046,-7.851546883208038,,
GEO_2CD3262982,EONET_10749,2024-08-27T19:00:00Z,Point,-48.26575501581868,-8.102957561794385,,
GEO_BD05C5BF56,EONET_10750,2024-08-27T19:00:00Z,Point,17.627013371311392,-17.11821662205105,,
GEO_5B62815F25,EONET_10751,2024-08-27T19:00:00Z,Point,-53.98878196649047,-10.043095365089936,,
GEO_01C3A9A362,EONET_10752,2024-08-27T19:00:00Z,Point,-57.205933171339545,-13.242357249770231,,
GEO_5F60C4897F,EONET_10692,2024-08-27T13:17:00Z,Point,-122.9368,42.915867,1000.0,acres
GEO_0233C8BD6F,EONET_10607,2024-08-26T19:00:00Z,Point,29.77516664548783,-28.1300717940603,,
GEO_AD127D7DDC,EONET_10608,2024-08-26T19:00:00Z,Point,-58.13729034505276,-13.80028578245,,
GEO_CD97353C85,EONET_10609,2024-08-26T19:00:00Z,Point,31.228157171619333,-22.702976763180633,,
GEO_25D677D05B,EONET_10610,2024-08-26T19:00:00Z,Point,29.279561614162994,-27.403867797582937,,
GEO_99224D3D04,EONET_10636,2024-08-26T19:00:00Z,Point,-94.37444382312472,57.01594283676868,,
GEO_505733FAAE,EONET_10637,2024-08-26T19:00:00Z,Point,135.96665078780524,-16.068181498094592,,
GEO_FE81F5D4BC,EONET_10638,2024-08-26T19:00:00Z,Point,29.420010868860693,-12.340405196111234,,
GEO_C80D19BEA0,EONET_10639,2024-08-26T19:00:00Z,Point,28.640314450822952,-28.389840474823618,,
GEO_1106A4D276,EONET_10640,2024-08-26T19:00:00Z,Point,-66.56415071148983,-12.340746126864078,,
GEO_5ACF1AB05B,EONET_10641,2024-08-26T19:00:00Z,Point,-57.848922847331124,-20.422579966941697,,
GEO_86DE1CD764,EONET_10642,2024-08-26T19:00:00Z,Point,-50.58779388902461,-11.41546858775609,,
GEO_D04605CEBF,EONET_10666,2024-08-26T19:00:00Z,Point,-49.95892830294065,-10.357931685994652,,
GEO_E776F0823F,EONET_10667,2024-08-26T19:00:00Z,Point,20.426122570305868,-15.28663264884939,,
GEO_A3F95815E8,EONET_10668,2024-08-26T19:00:00Z,Point,-47.38459895669987,-9.325201870968206,,
GEO_5183AC62A0,EONET_10707,2024-08-26T19:00:00Z,Point,26.084706428245767,-2.652882638054558,,
GEO_39C6E31670,EONET_10708,2024-08-26T19:00:00Z,Point,-59.464665462487,-16.98340338761998,,
GEO_D091A7CC89,EONET_10709,2024-08-26T19:00:00Z,Point,-47.229078343360506,-11.075213809927458,,
GEO_783AEE3D3F,EONET_10710,2024-08-26T19:00:00Z,Point,18.699796875570396,-16.39668856814427,,
GEO_8A22FE3C1D,EONET_10733,2024-08-26T19:00:00Z,Point,-59.03835456739478,-13.1871242448417,,
GEO_03CE81E30B,EONET_10734,2024-08-26T19:00:00Z,Point,-66.83032315758852,-13.043308120893816,,
GEO_511A561D93,EONET_10735,2024-08-26T19:00:00Z,Point,-55.310079547496066,-6.416135713501843,,
GEO_C97FF10AF0,EONET_10736,2024-08-26T19:00:00Z,Point,124.99849251672606,-17.183034229857384,,
GEO_1C758D77F3,EONET_10737,2024-08-26T19:00:00Z,Point,20.355006329931246,-17.337035097625495,,
GEO_7E298702CF,EONET_10561,2024-08-25T19:00:00Z,Point,-58.012938758578116,-17.315278609251184,,
GEO_112BD6C7E8,EONET_10611,2024-08-25T19:00:00Z,Point,25.90264028049735,-7.799024428076027,,
GEO_BD6572D97D,EONET_10612,2024-08-25T19:00:00Z,Point,24.904505314832566,-9.200327144160768,,
GEO_51C1992EC0,EONET_10613,2024-08-25T19:00:00Z,Point,-65.63484223504727,-12.935405790359496,,
GEO_B0481E5933,EONET_10614,2024-08-25T19:00:00Z,Point,134.05803464376638,-19.02638691429805,,
GEO_BF963BBACF,EONET_10643,2024-08-25T19:00:00Z,Point,-59.97973546367216,-6.448770742502745,,
GEO_C2284FD9C8,EONET_10644,2024-08-25T19:00:00Z,Point,-50.67563843899066,-12.829367231249483,,
GEO_E03AFB7595,EONET_10645,2024-08-25T19:00:00Z,Point,-47.17675238687669,-9.807420019819842,,
GEO_37043E2373,EONET_10646,2024-08-25T19:00:00Z,Point,21.140851407693162,-13.158828939240331,,
GEO_9A291CFAE6,EONET_10647,2024-08-25T19:00:00Z,Point,29.312358174429356,-11.314577598974177,,
GEO_13EB366B98,EONET_10648,2024-08-25T19:00:00Z,Point,-102.24340547040214,55.943655108371864,,
GEO_BD815F51EE,EONET_10649,2024-08-25T19:00:00Z,Point,15.137074625255327,-15.089268117344355,,
GEO_07FE3AE6F5,EONET_10650,2024-08-25T19:00:00Z,Point,19.491099903624484,-15.967951176346523,,
GEO_7591F9AC11,EONET_10651,2024-08-25T19:00:00Z,Point,136.1071654821835,-16.96561850150292,,
GEO_3BFA7577BB,EONET_10669,2024-08-25T19:00:00Z,Point,30.179707876119796,-16.39960180606562,,
GEO_6ACCB65401,EONET_10670,2024-08-25T19:00:00Z,Point,-57.358990677004705,-15.928696185821474,,
GEO_F068396476,EONET_10671,2024-08-25T19:00:00Z,Point,37.94377663833649,45.80979954638759,,
GEO_2F1C0A67CD,EONET_10672,2024-08-25T19:00:00Z,Point,-61.58854428203952,-16.557820838175555,,
GEO_963DC89518,EONET_10673,2024-08-25T19:00:00Z,Point,-46.6375881528076,-10.49079630885506,,
GEO_7ADCC79AB5,EONET_10674,2024-08-25T19:00:00Z,Point,-58.64737639531851,-20.442120834051583,,
GEO_8F542CF1F8,EONET_10675,2024-08-25T19:00:00Z,Point,21.02395511218617,-15.686381865482929,,
GEO_EBDB63E7FA,EONET_10711,2024-08-25T19:00:00Z,Point,17.709744066578235,-16.987735159796294,,
GEO_FF373691BD,EONET_10712,2024-08-25T19:00:00Z,Point,20.055410357344382,-13.537954093413461,,
GEO_CD77A313C0,EONET_10713,2024-08-25T19:00:00Z,Point,148.14896519921857,-25.43525546413931,,
GEO_4C742AC18F,EONET_10714,2024-08-25T19:00:00Z,Point,16.166187320654416,-16.055679779604294,,
GEO_FCC60D5FF2,EONET_10715,2024-08-25T19:00:00Z,Point,16.377222131730058,-16.407366493434587,,
GEO_3BDB1C2047,EONET_10716,2024-08-25T19:00:00Z,Point,21.063205838276396,-17.40924482673666,,
GEO_B64683F02D,EONET_10717,2024-08-25T19:00:00Z,Point,20.43662682232736,-15.289000992119735,,
GEO_C6CBDC7213,EONET_10718,2024-08-25T19:00:00Z,Point,-64.89994178536996,-12.032056595472431,,
GEO_D92CD78D5F,EONET_10719,2024-08-25T19:00:00Z,Point,133.2462263792005,-11.833740521513068,,
GEO_1C4009D309,EONET_10720,2024-08-25T19:00:00Z,Point,-64.03499099958431,-16.342343537082353,,
GEO_F703658F06,EONET_10738,2024-08-25T19:00:00Z,Point,-59.83155255007331,-17.431113112557867,,
GEO_0F127227B4,EONET_10739,2024-08-25T19:00:00Z,Point,16.380455511348288,-7.831229738803737,,
GEO_A933B13BCA,EONET_10539,2024-08-24T19:00:00Z,Point,-55.29968704771523,-13.49890161653268,,
GEO_CE69DE3D72,EONET_10540,2024-08-24T19:00:00Z,Point,-45.51688185256028,-14.511848932816678,,
GEO_1989FC0975,EONET_10562,2024-08-24T19:00:00Z,Point,20.94899746006543,-10.228953616481316,,
GEO_7983CD0664,EONET_10563,2024-08-24T19:00:00Z,Point,37.94994128602011,45.71999990633147,,
GEO_F54447ACCF,EONET_10564,2024-08-24T19:00:00Z,Point,-50.666339070785305,-12.943721233570374,,
GEO_6150D45F1F,EONET_10565,2024-08-24T19:00:00Z,Point,-55.34144325972393,-13.422005052682758,,
GEO_C1951F7AC8,EONET_10566,2024-08-24T19:00:00Z,Point,-65.44938542956007,-11.935732378531222,,
GEO_17E0D64AF7,EONET_10567,2024-08-24T19:00:00Z,Point,-66.5286612413138,-12.486551602213128,,
GEO_5674582645,EONET_10615,2024-08-24T19:00:00Z,Point,-65.38391165346754,-12.011802334820858,,
GEO_4D3FA1439E,EONET_10616,2024-08-24T19:00:00Z,Point,-47.38047536160841,-11.420783696806803,,
GEO_1A04362EFF,EONET_10617,2024-08-24T19:00:00Z,Point,13.944539172914032,-2.1258681026553234,,
GEO_390251322D,EONET_10618,2024-08-24T19:00:00Z,Point,-66.0464624223979,-12.924118912657576,,
GEO_000F86E1B2,EONET_10619,2024-08-24T19:00:00Z,Point,-44.688464930272815,-8.3119436694506,,
GEO_A0A59DFA49,EONET_10620,2024-08-24T19:00:00Z,Point,-46.16299682636974,-9.675304801287021,,
GEO_698B60FC17,EONET_10652,2024-08-24T19:00:00Z,Point,-61.78321317932686,-8.713129305888147,,
GEO_22D7DFB87A,EONET_10653,2024-08-24T19:00:00Z,Point,25.257233222782865,-8.93243849016887,,
GEO_6DD28044A8,EONET_10654,2024-08-24T19:00:00Z,Point,-115.17164101808618,44.295438996807924,,
GEO_F705D7ED9C,EONET_10676,2024-08-24T19:00:00Z,Point,29.400860317600245,-10.932211507987535,,
GEO_9424490BE8,EONET_10677,2024-08-24T19:00:00Z,Point,-62.938833798585044,-6.942784300841649,,
GEO_E740A4AC41,EONET_10678,2024-08-24T19:00:00Z,Point,133.61196269930406,-19.3804508498757,,
GEO_9A4B52611A,EONET_10679,2024-08-24T19:00:00Z,Point,-61.61578624204961,-16.403905959744257,,
GEO_99D11156F2,EONET_10680,2024-08-24T19:00:00Z,Point,-57.54811271717188,-20.92167769742116,,
GEO_9860BAFB93,EONET_10681,2024-08-24T19:00:00Z,Point,-50.59547072934328,-11.408068672034783,,
GEO_1D97BF9F81,EONET_10589,2024-08-24T15:47:00Z,Point,-112.275462,39.994523,3000.0,acres
GEO_EEBBF8FBA7,EONET_10463,2024-08-23T19:00:00Z,Point,-106.36354236645532,45.38328920895123,,
GEO_9640662FE1,EONET_10512,2024-08-23T19:00:00Z,Point,150.8099744643265,-27.969703896510985,,
GEO_A0EDA41C56,EONET_10513,2024-08-23T19:00:00Z,Point,-47.51017879935444,-21.04134086500815,,
GEO_A35F83C8AD,EONET_10541,2024-08-23T19:00:00Z,Point,-47.13571196191928,-12.435845720314292,,
GEO_57E8597BC8,EONET_10542,2024-08-23T19:00:00Z,Point,-58.44538055044593,-14.0374111459045,,
GEO_719D833974,EONET_10543,2024-08-23T19:00:00Z,Point,37.358792047399376,4.2417702414591805,,
GEO_1F0A7B10DD,EONET_10544,2024-08-23T19:00:00Z,Point,126.34047170748033,-16.667961153426358,,
GEO_9942ED776C,EONET_10568,2024-08-23T19:00:00Z,Point,35.243197074525625,-2.2369500604904564,,
GEO_58B497D7E9,EONET_10569,2024-08-23T19:00:00Z,Point,-50.38290303992895,-10.924076092431227,,
GEO_788AB5C793,EONET_10570,2024-08-23T19:00:00Z,Point,-53.808647963300345,-14.28240604616933,,
GEO_33E9E25C89,EONET_10571,2024-08-23T19:00:00Z,Point,-47.43785828517075,-8.692718800453806,,
GEO_77E74D1316,EONET_10572,2024-08-23T19:00:00Z,Point,-50.59977501222929,-12.946944955566096,,
GEO_93A96C853F,EONET_10573,2024-08-23T19:00:00Z,Point,-57.96099560297004,-11.51453460449965,,
GEO_25F0695EEA,EONET_10621,2024-08-23T19:00:00Z,Point,-49.890454669065974,-7.8561043678686415,,
GEO_53E17EDE20,EONET_10622,2024-08-23T19:00:00Z,Point,-50.58032141375263,-11.662777069878596,,
GEO_AAE6B968ED,EONET_10623,2024-08-23T19:00:00Z,Point,-45.91549460227283,-8.949215463031129,,
GEO_5CB00E1758,EONET_10624,2024-08-23T19:00:00Z,Point,22.369408352675833,-3.18974148132697,,
GEO_F08D3E74E4,EONET_10655,2024-08-23T19:00:00Z,Point,18.77389734280564,-16.838567590500098,,
GEO_8E32AC6EB3,EONET_10656,2024-08-23T19:00:00Z,Point,-79.36349199928159,-4.369262884353557,,
GEO_A9E7FB6D05,EONET_10657,2024-08-23T19:00:00Z,Point,-54.02666696970719,-13.947347041835094,,
GEO_EA415789BC,EONET_10682,2024-08-23T19:00:00Z,Point,-60.99227850665525,-9.086992185227224,,
GEO_FDF8AACACD,EONET_10683,2024-08-23T19:00:00Z,Point,18.810491388920735,-10.323148077908378,,
GEO_EA237D1A7B,EONET_10684,2024-08-23T19:00:00Z,Point,20.17584251751213,-16.476849645262085,,
GEO_6565EF2950,EONET_10585,2024-08-23T18:02:00Z,Point,-114.18433,46.508701,1048.0,acres
GEO_563F7DF554,EONET_10584,2024-08-23T17:29:00Z,Point,-113.352767,45.0139,3414.0,acres
GEO_BF3867D687,EONET_10588,2024-08-23T10:48:00Z,Point,-103.690096,36.949423,1500.0,acres
GEO_591F47E122,EONET_10586,2024-08-22T21:48:00Z,Point,-103.7353,36.9375,650.0,acres
GEO_AF7B2EC443,EONET_10420,2024-08-22T19:00:00Z,Point,-106.32554029425816,45.12679610867509,,
GEO_B881BADC94,EONET_10464,2024-08-22T19:00:00Z,Point,-49.329426713132115,-21.17610546045532,,
GEO_354B7113B2,EONET_10465,2024-08-22T19:00:00Z,Point,-66.76547623636742,-12.762815414157329,,
GEO_80C9A6FAA0,EONET_10466,2024-08-22T19:00:00Z,Point,-65.5033251806259,-12.517446569923777,,
GEO_C42D57915A,EONET_10467,2024-08-22T19:00:00Z,Point,146.9654956965088,-24.68250635250668,,
GEO_67A5BBCFC1,EONET_10468,2024-08-22T19:00:00Z,Point,-47.36415038425757,-21.368832144922404,,
GEO_31D23D5A7D,EONET_10469,2024-08-22T19:00:00Z,Point,20.644156093147107,-12.166429157928256,,
GEO_6D0F553DA1,EONET_10470,2024-08-22T19:00:00Z,Point,13.97671094396715,-15.945295119152892,,
GEO_7624AE44BB,EONET_10471,2024-08-22T19:00:00Z,Point,-53.11052931992168,-18.408537279361937,,
GEO_A32AE66AAB,EONET_10472,2024-08-22T19:00:00Z,Point,-48.039234034753875,-19.92411727347699,,
GEO_2B4C388776,EONET_10473,2024-08-22T19:00:00Z,Point,-51.208864955970874,-20.79091240801943,,
GEO_086A3A1FAF,EONET_10474,2024-08-22T19:00:00Z,Point,-52.46168458719419,-19.74963901800284,,
GEO_B9C3351CED,EONET_10475,2024-08-22T19:00:00Z,Point,-47.90180778274633,-21.340945887999304,,
GEO_495D219C2C,EONET_10476,2024-08-22T19:00:00Z,Point,-52.48748446570702,-18.46472366651044,,
GEO_31CED88A55,EONET_10514,2024-08-22T19:00:00Z,Point,-48.20141677956445,-21.198830473811565,,
GEO_395980ADCD,EONET_10515,2024-08-22T19:00:00Z,Point,-48.579284009718464,-19.820112938482186,,
GEO_5783E42BC5,EONET_10516,2024-08-22T19:00:00Z,Point,131.36250747645883,-12.967749889867472,,
GEO_DCC7701CE5,EONET_10517,2024-08-22T19:00:00Z,Point,-46.4083730301432,-9.889682416547469,,
GEO_6055620CF2,EONET_10545,2024-08-22T19:00:00Z,Point,-51.03504111230261,-11.905981100738163,,
GEO_480BFF7EF3,EONET_10546,2024-08-22T19:00:00Z,Point,16.18511006610515,-15.72493316265466,,
GEO_C1B0DFF6CC,EONET_10547,2024-08-22T19:00:00Z,Point,-58.05861131184149,-13.69068575649545,,
GEO_8C2C3049B5,EONET_10548,2024-08-22T19:00:00Z,Point,29.94820562211501,-12.394560302738972,,
GEO_DF602266CC,EONET_10574,2024-08-22T19:00:00Z,Point,22.76107297164187,43.13913385149159,,
GEO_8C071AA96F,EONET_10575,2024-08-22T19:00:00Z,Point,18.722408345622668,-16.947072731507646,,
GEO_722D238BC6,EONET_10576,2024-08-22T19:00:00Z,Point,35.238619655932155,-2.3520976327507075,,
GEO_1BFB761111,EONET_10577,2024-08-22T19:00:00Z,Point,23.901944111599914,-8.650750234642093,,
GEO_E80EB7C024,EONET_10625,2024-08-22T19:00:00Z,Point,29.315365054479205,-10.013014896660673,,
GEO_3AF952DE9A,EONET_10626,2024-08-22T19:00:00Z,Point,30.055976212026263,-8.250260715361128,,
GEO_EFD35B8E32,EONET_10627,2024-08-22T19:00:00Z,Point,-41.95136319168271,-13.465387922496475,,
GEO_EBB03C5387,EONET_10628,2024-08-22T19:00:00Z,Point,-45.544170556069126,-10.639844496721711,,
GEO_F24CA8CC00,EONET_10629,2024-08-22T19:00:00Z,Point,-52.81518669738946,-15.174868777532382,,
GEO_1FD8D51DB6,EONET_10658,2024-08-22T19:00:00Z,Point,28.860593099881083,-5.345616354922998,,
GEO_8C162958D7,EONET_10592,2024-08-22T17:49:00Z,Point,-106.9085,45.721,1200.0,acres
GEO_7957708211,EONET_10597,2024-08-22T17:32:00Z,Point,-116.52825,37.24875,7876.0,acres
GEO_B8FA4AB428,EONET_10587,2024-08-22T15:07:00Z,Point,-103.644364,36.948628,850.0,acres
GEO_BA453E45F1,EONET_10590,2024-08-22T10:49:00Z,Point,-106.07122,44.94164,196387.0,acres
GEO_661C996CF5,EONET_10598,2024-08-22T06:49:00Z,Point,-102.355533,43.893833,1959.0,acres
GEO_97CDD92539,EONET_10591,2024-08-21T20:15:00Z,Point,-105.579417,44.35377,52599.0,acres
GEO_70BA1F3148,EONET_10596,2024-08-21T19:47:00Z,Point,-105.486581,44.535534,24594.0,acres
GEO_8B75D8C221,EONET_10581,2024-08-21T19:17:00Z,Point,-105.686572,42.764619,1419.0,acres
GEO_4D5AF3BA0D,EONET_10421,2024-08-21T19:00:00Z,Point,-53.95031994977418,-23.532927711672336,,
GEO_22849DFCBB,EONET_10422,2024-08-21T19:00:00Z,Point,-106.35384764632053,43.88414562937104,,
GEO_DB7E1D4C18,EONET_10423,2024-08-21T19:00:00Z,Point,-54.8128023253135,-16.783288518511462,,
GEO_5766E3D102,EONET_10424,2024-08-21T19:00:00Z,Point,-49.77743371121439,-20.191993380758074,,
GEO_ECDB80910E,EONET_10425,2024-08-21T19:00:00Z,Point,-105.79319553703952,44.305973648141084,,
GEO_2AF9B76B4A,EONET_10477,2024-08-21T19:00:00Z,Point,-105.43208721288838,44.59195736584834,,
GEO_802678F7FE,EONET_10478,2024-08-21T19:00:00Z,Point,30.89192209592488,-4.576458024809652,,
GEO_2935021026,EONET_10479,2024-08-21T19:00:00Z,Point,20.108078001829256,-4.33735251824961,,
GEO_73F9456CD4,EONET_10480,2024-08-21T19:00:00Z,Point,24.799083859243193,-9.784342849638136,,
GEO_F70FCCF142,EONET_10481,2024-08-21T19:00:00Z,Point,-50.9079372046329,-21.572529211918305,,
GEO_646DDFC3BC,EONET_10482,2024-08-21T19:00:00Z,Point,-50.26094108973616,-20.91605856218311,,
GEO_E2278D33FE,EONET_10483,2024-08-21T19:00:00Z,Point,-48.38665806121205,-22.068923226017066,,
GEO_24F16ADA92,EONET_10484,2024-08-21T19:00:00Z,Point,140.27923798535494,-20.920902793631758,,
GEO_4DA38AAAB4,EONET_10485,2024-08-21T19:00:00Z,Point,-50.23160654908494,-9.012569462057188,,
GEO_E2BB607039,EONET_10486,2024-08-21T19:00:00Z,Point,-48.629970516051884,-22.642406175189464,,
GEO_961D4F954A,EONET_10518,2024-08-21T19:00:00Z,Point,-59.24370847304098,-7.033419685035903,,
GEO_6E2080D259,EONET_10519,2024-08-21T19:00:00Z,Point,-48.97532153757241,-20.663692998667585,,
GEO_09E5752F2C,EONET_10520,2024-08-21T19:00:00Z,Point,18.898490997284842,-3.900461154028898,,
GEO_84ABA86A61,EONET_10521,2024-08-21T19:00:00Z,Point,19.664987764918394,-16.917116971552993,,
GEO_47820146D2,EONET_10549,2024-08-21T19:00:00Z,Point,-54.563319509546474,-8.683204270094235,,
GEO_41C1144567,EONET_10550,2024-08-21T19:00:00Z,Point,-50.37430263849536,-11.530247586710122,,
GEO_1939C4F8EC,EONET_10551,2024-08-21T19:00:00Z,Point,131.07881880102858,-25.049690755457497,,
GEO_03D0137315,EONET_10552,2024-08-21T19:00:00Z,Point,35.163080971270126,-2.1651984446666175,,
GEO_9A4B963CAC,EONET_10553,2024-08-21T19:00:00Z,Point,19.970547313097665,-16.578382689587336,,
GEO_272CC804AC,EONET_10578,2024-08-21T19:00:00Z,Point,18.877416183171018,-3.8008538124758298,,
GEO_EBA7DB60D3,EONET_10579,2024-08-21T19:00:00Z,Point,131.15869726801546,-12.327285002073015,,
GEO_5FB03390DF,EONET_10580,2024-08-21T19:00:00Z,Point,29.640662809226637,-12.863304295884742,,
GEO_065FE8AAA7,EONET_10630,2024-08-21T19:00:00Z,Point,29.004662017184717,-10.615094926147583,,
GEO_E9173AA99C,EONET_10582,2024-08-21T17:38:00Z,Point,-106.8595,45.222667,6739.0,acres
GEO_F9CC16E696,EONET_10583,2024-08-21T16:28:00Z,Point,-112.67905,37.913367,544.0,acres
GEO_BF2848328A,EONET_10595,2024-08-21T13:34:00Z,Point,-106.520417,44.13025,174702.0,acres
GEO_A56BD53651,EONET_10605,2024-08-20T20:56:00Z,Point,-109.508333,45.436167,1100.0,acres
GEO_ADC4D8B208,EONET_10389,2024-08-20T19:00:00Z,Point,-106.48870063446306,44.20169564117975,,
GEO_49666BCC1F,EONET_10390,2024-08-20T19:00:00Z,Point,16.956229117060637,-6.976957443897595,,
GEO_5B80AF00A4,EONET_10426,2024-08-20T19:00:00Z,Point,14.920883386800767,-15.470510517088837,,
GEO_676C78CCA5,EONET_10427,2024-08-20T19:00:00Z,Point,31.775359181912304,-12.404883385523194,,
GEO_7104483A52,EONET_10428,2024-08-20T19:00:00Z,Point,-51.916760213025505,-14.28362606902023,,
GEO_AF2606CE37,EONET_10429,2024-08-20T19:00:00Z,Point,-57.30996623176232,-16.004312379589074,,
GEO_F3EAFBD6A2,EONET_10430,2024-08-20T19:00:00Z,Point,-48.12884640806705,-21.049834198417965,,
GEO_BF18BF1268,EONET_10431,2024-08-20T19:00:00Z,Point,14.76022432566163,-15.255913653788097,,
GEO_42FAEF052C,EONET_10432,2024-08-20T19:00:00Z,Point,-54.004496762885104,-16.93758321798431,,
GEO_1CD98BFF07,EONET_10433,2024-08-20T19:00:00Z,Point,-57.48896539134393,-14.712266292759116,,
GEO_2802D2DFFC,EONET_10434,2024-08-20T19:00:00Z,Point,-56.02915766955802,-16.013109477925795,,
GEO_BE97418A2E,EONET_10435,2024-08-20T19:00:00Z,Point,-55.95541054812588,-15.463698267312292,,
GEO_8A21B1B7AB,EONET_10436,2024-08-20T19:00:00Z,Point,-56.80113910579869,-14.807599795097298,,
GEO_4B8742E7C3,EONET_10487,2024-08-20T19:00:00Z,Point,-66.84953743864,-12.463511425963356,,
GEO_524DBCA55D,EONET_10488,2024-08-20T19:00:00Z,Point,-51.45700249448314,-13.52814382142694,,
GEO_0760FF5E1E,EONET_10489,2024-08-20T19:00:00Z,Point,131.33392498646944,-12.892129362839908,,
GEO_91EA2002DD,EONET_10490,2024-08-20T19:00:00Z,Point,-57.69966034611795,-14.772108668824071,,
GEO_4BC898AA1A,EONET_10491,2024-08-20T19:00:00Z,Point,-57.157158768566134,-10.927819999077023,,
GEO_DBC6F34656,EONET_10492,2024-08-20T19:00:00Z,Point,14.332492455469135,-15.621449776242946,,
GEO_BA04D754B4,EONET_10493,2024-08-20T19:00:00Z,Point,-49.82492141475308,-20.72658705161809,,
GEO_8183798872,EONET_10522,2024-08-20T19:00:00Z,Point,-47.549410798861025,-20.144113880184925,,
GEO_1D77F8F0D7,EONET_10523,2024-08-20T19:00:00Z,Point,-51.431333796352405,-9.765325594784578,,
GEO_2589A57ED3,EONET_10524,2024-08-20T19:00:00Z,Point,-65.16829078607272,-11.839445463679397,,
GEO_407400616F,EONET_10525,2024-08-20T19:00:00Z,Point,18.863684668721312,-16.016297782596002,,
GEO_A5698F61FC,EONET_10526,2024-08-20T19:00:00Z,Point,30.503600465476545,-8.099896592430511,,
GEO_2A0F23C166,EONET_10527,2024-08-20T19:00:00Z,Point,21.77297517079927,-10.087520422989513,,
GEO_BB6408ACCF,EONET_10528,2024-08-20T19:00:00Z,Point,19.6639915535126,-9.759734204395748,,
GEO_49D04C1578,EONET_10529,2024-08-20T19:00:00Z,Point,18.702593017102064,-10.694056469768075,,
GEO_BE554C594A,EONET_10530,2024-08-20T19:00:00Z,Point,-47.10130632302239,-9.779803531858407,,
GEO_AF899E4D24,EONET_10554,2024-08-20T19:00:00Z,Point,-51.287599424537014,-13.410230836904564,,
GEO_B60F4D9B4C,EONET_10555,2024-08-20T19:00:00Z,Point,-55.212837624106456,-8.319444121254957,,
GEO_82D8381561,EONET_10556,2024-08-20T19:00:00Z,Point,-65.3952289469378,-12.145173986002597,,
GEO_CA35BBA31D,EONET_10557,2024-08-20T19:00:00Z,Point,18.723993911720676,-4.19934970499745,,
GEO_553F3B2C38,EONET_10602,2024-08-20T18:04:00Z,Point,-120.082726,47.767003,3118.0,acres
GEO_06F62FDF6F,EONET_10352,2024-08-19T19:00:00Z,Point,25.845081512135724,-8.329870183307753,,
GEO_E3821CA71A,EONET_10353,2024-08-19T19:00:00Z,Point,14.657386544007505,-15.127764918809582,,
GEO_C525F84977,EONET_10391,2024-08-19T19:00:00Z,Point,142.53297824423805,-12.583121338392644,,
GEO_D0CD950775,EONET_10392,2024-08-19T19:00:00Z,Point,30.477957325033977,-27.73102468462881,,
GEO_37B867629F,EONET_10393,2024-08-19T19:00:00Z,Point,22.037275354295293,-10.061661635504246,,
GEO_B85EF40BBD,EONET_10394,2024-08-19T19:00:00Z,Point,23.414847020884352,-24.54580712808987,,
GEO_51A12C2130,EONET_10395,2024-08-19T19:00:00Z,Point,-64.41174632975243,-13.357172842021132,,
GEO_726CCF4437,EONET_10437,2024-08-19T19:00:00Z,Point,29.682512801227492,-9.70451691132265,,
GEO_A214B8EA4E,EONET_10438,2024-08-19T19:00:00Z,Point,20.1326531935251,-9.204004871492128,,
GEO_4362771E61,EONET_10439,2024-08-19T19:00:00Z,Point,20.041163887108056,-10.610290122483022,,
GEO_4F6261BAC5,EONET_10440,2024-08-19T19:00:00Z,Point,-64.98459601380725,-14.033253440919461,,
GEO_96CDD1B28C,EONET_10441,2024-08-19T19:00:00Z,Point,-55.64837733151166,-19.863464979942442,,
GEO_18F2A3090A,EONET_10442,2024-08-19T19:00:00Z,Point,-52.66711350810797,-14.936032209948008,,
GEO_0DF7469801,EONET_10443,2024-08-19T19:00:00Z,Point,14.882897184007327,-15.564524552369756,,
GEO_EB68D857B9,EONET_10444,2024-08-19T19:00:00Z,Point,-48.11939281620569,-15.108998139732815,,
GEO_77D7705313,EONET_10445,2024-08-19T19:00:00Z,Point,-59.335820496874774,-14.616053198679406,,
GEO_0987AA4F87,EONET_10446,2024-08-19T19:00:00Z,Point,-49.20366202416719,-20.5538931827197,,
GEO_E19D1ECB20,EONET_10494,2024-08-19T19:00:00Z,Point,18.649071134214388,-10.641506555875718,,
GEO_655DA85695,EONET_10495,2024-08-19T19:00:00Z,Point,19.2750946668118,-4.037460655661818,,
GEO_98B72D4543,EONET_10496,2024-08-19T19:00:00Z,Point,-64.96555668580292,-14.228232041831115,,
GEO_BC3232D8BA,EONET_10497,2024-08-19T19:00:00Z,Point,-78.86617447568368,50.67464544811803,,
GEO_6E41AC83C8,EONET_10498,2024-08-19T19:00:00Z,Point,-52.98930911842247,-14.381029336378543,,
GEO_61D37510A1,EONET_10499,2024-08-19T19:00:00Z,Point,-49.71687943214779,-20.20503734589964,,
GEO_B5F5FE5363,EONET_10500,2024-08-19T19:00:00Z,Point,18.578400317294534,-18.0609421049431,,
GEO_405A4EA5A1,EONET_10501,2024-08-19T19:00:00Z,Point,17.121123469558114,-6.005563101948217,,
GEO_032AD8AAA6,EONET_10502,2024-08-19T19:00:00Z,Point,19.829640459883656,-4.196085673202985,,
GEO_A68F5662EC,EONET_10503,2024-08-19T19:00:00Z,Point,-48.14231331760534,-21.423910290270108,,
GEO_C862974CD8,EONET_10531,2024-08-19T19:00:00Z,Point,18.78555632279444,-4.009585428693314,,
GEO_83C86B9533,EONET_10532,2024-08-19T19:00:00Z,Point,30.26607218511995,-12.214016851547129,,
GEO_4AE609DC73,EONET_10533,2024-08-19T19:00:00Z,Point,-65.51539872396867,-12.488074451613599,,
GEO_A465FEC7A3,EONET_10558,2024-08-19T19:00:00Z,Point,29.728793432770154,-10.413314868681711,,
GEO_5089D0F63D,EONET_10559,2024-08-19T19:00:00Z,Point,24.678067717671162,-9.864169819329906,,
GEO_2586666CF2,EONET_10560,2024-08-19T19:00:00Z,Point,20.15059117662694,-4.364547314340713,,
GEO_C87E6FDDF8,EONET_10315,2024-08-18T19:13:00Z,Point,-115.401167,39.9185,938.0,acres
GEO_2D56F3B06C,EONET_10322,2024-08-18T19:00:00Z,Point,17.355482116748153,-8.568953569566064,,
GEO_740517EED9,EONET_10323,2024-08-18T19:00:00Z,Point,-126.56174461956873,53.626137796842706,,
GEO_4D9BB388B2,EONET_10324,2024-08-18T19:00:00Z,Point,14.7708437105317,-15.009868488705429,,
GEO_9858288E55,EONET_10354,2024-08-18T19:00:00Z,Point,24.67089417011879,-9.64316045797106,,
GEO_32BD457079,EONET_10355,2024-08-18T19:00:00Z,Point,20.59502346565309,-16.655632985462372,,
GEO_F6683A33C6,EONET_10396,2024-08-18T19:00:00Z,Point,30.45913150785769,-9.117519965059085,,
GEO_8A2461D7E1,EONET_10397,2024-08-18T19:00:00Z,Point,21.95107220763888,-6.192132415165204,,
GEO_B814F2B278,EONET_10398,2024-08-18T19:00:00Z,Point,25.91990593602531,-5.141597666271899,,
GEO_D5D5BA9AFA,EONET_10399,2024-08-18T19:00:00Z,Point,-50.700576035534205,-10.795904048884776,,
GEO_29FCFCA667,EONET_10400,2024-08-18T19:00:00Z,Point,17.192222881034148,-6.012508980835808,,
GEO_9CF8E29C62,EONET_10401,2024-08-18T19:00:00Z,Point,-57.93424395891409,-10.343888428659419,,
GEO_96420F3E06,EONET_10402,2024-08-18T19:00:00Z,Point,16.573502698495982,-15.613476702912346,,
GEO_F644504E41,EONET_10403,2024-08-18T19:00:00Z,Point,24.67159106082838,-9.481279968209146,,
GEO_6CD82F9B1F,EONET_10404,2024-08-18T19:00:00Z,Point,-65.16716972261526,-9.619924007931694,,
GEO_6C6A7CC291,EONET_10447,2024-08-18T19:00:00Z,Point,21.299484169354685,-10.745051849943426,,
GEO_24A70E210F,EONET_10448,2024-08-18T19:00:00Z,Point,29.77784464694272,-9.855140912109597,,
GEO_EED9CD791A,EONET_10449,2024-08-18T19:00:00Z,Point,-50.33884958207477,-12.028550995637406,,
GEO_665126D2AC,EONET_10504,2024-08-18T19:00:00Z,Point,20.120853184126148,-19.024780618572063,,
GEO_25FCD03B17,EONET_10505,2024-08-18T19:00:00Z,Point,24.461610632037544,-9.034062121040153,,
GEO_24E3F57B54,EONET_10506,2024-08-18T19:00:00Z,Point,20.20266686979774,-19.03229833393915,,
GEO_F37B4A1719,EONET_10507,2024-08-18T19:00:00Z,Point,-57.459901964106486,-16.243005095427407,,
GEO_842FB64561,EONET_10534,2024-08-18T19:00:00Z,Point,19.42889615068854,-3.4346897658349897,,
GEO_71BEF51C6B,EONET_10535,2024-08-18T19:00:00Z,Point,20.720185242022787,-11.274087349571033,,
GEO_3723B198D0,EONET_10536,2024-08-18T19:00:00Z,Point,14.960244276921532,-11.473318792546852,,
GEO_65DBB116E0,EONET_10537,2024-08-18T19:00:00Z,Point,19.910963202255846,-4.111202525302862,,
GEO_205686A47F,EONET_10314,2024-08-18T16:56:00Z,Point,-121.127004,44.502607,590.0,acres
GEO_D4D8DEC0CE,EONET_10313,2024-08-18T00:39:00Z,Point,-120.176422,45.744671,6000.0,acres
GEO_9D8CCD39B1,EONET_10321,2024-08-17T19:34:00Z,Point,-99.6672222,34.8513889,1383.0,acres
GEO_4C7381C78D,EONET_10216,2024-08-17T19:00:00Z,Point,26.910863713178912,-29.349915008216968,,
GEO_DF56B1ACF8,EONET_10217,2024-08-17T19:00:00Z,Point,21.4414821013812,-8.848977456204153,,
GEO_CBFE6A32F7,EONET_10218,2024-08-17T19:00:00Z,Point,136.69560469798662,-16.034501116526293,,
GEO_4F85735DAE,EONET_10325,2024-08-17T19:00:00Z,Point,31.333533614272422,-25.176506265036384,,
GEO_00A052DBE5,EONET_10326,2024-08-17T19:00:00Z,Point,25.62418975332685,-7.799766425692636,,
GEO_13DF98D95C,EONET_10356,2024-08-17T19:00:00Z,Point,26.831322073280894,-32.31492771815524,,
GEO_FA6726C968,EONET_10357,2024-08-17T19:00:00Z,Point,26.88935649957571,-31.82760517769422,,
GEO_83CDE5B65E,EONET_10358,2024-08-17T19:00:00Z,Point,-67.74382354041,-13.027538407940568,,
GEO_D252E0D4F1,EONET_10359,2024-08-17T19:00:00Z,Point,130.28405070932382,-15.628496477849184,,
GEO_FE81D033F3,EONET_10360,2024-08-17T19:00:00Z,Point,-52.021872043619034,-8.339323297309734,,
GEO_2617B00DB0,EONET_10361,2024-08-17T19:00:00Z,Point,120.23787619540342,54.03368022512155,,
GEO_0D560CF74C,EONET_10362,2024-08-17T19:00:00Z,Point,-53.68411988978577,-14.0539199215023,,
GEO_C3B0B4425F,EONET_10405,2024-08-17T19:00:00Z,Point,32.15521749682129,-7.50821421755157,,
GEO_C9BCB140A1,EONET_10406,2024-08-17T19:00:00Z,Point,26.549197662329835,-14.567319898658539,,
GEO_620E9544A6,EONET_10407,2024-08-17T19:00:00Z,Point,32.15594100541187,-7.652192212490783,,
GEO_69B8093712,EONET_10450,2024-08-17T19:00:00Z,Point,30.287910072534736,-9.701743369102253,,
GEO_5E87B143CB,EONET_10451,2024-08-17T19:00:00Z,Point,25.37324285588733,-9.128296227244679,,
GEO_16D87CDFAD,EONET_10452,2024-08-17T19:00:00Z,Point,32.13733372024313,-7.493675131742954,,
GEO_FA43F95F3F,EONET_10453,2024-08-17T19:00:00Z,Point,-56.052433635477506,-15.913119357844963,,
GEO_326F2FE649,EONET_10454,2024-08-17T19:00:00Z,Point,-55.869894960635186,-16.069139658964882,,
GEO_F918D5B36C,EONET_10455,2024-08-17T19:00:00Z,Point,-53.709149171839044,-23.11702034831264,,
GEO_87F7A611EC,EONET_10508,2024-08-17T19:00:00Z,Point,16.191620709398666,-15.528318465595987,,
GEO_E620D13FEA,EONET_10509,2024-08-17T19:00:00Z,Point,19.006718534327472,-9.196688947809351,,
GEO_2C309B084D,EONET_10510,2024-08-17T19:00:00Z,Point,-58.4499052700728,-13.872841205638352,,
GEO_AC1A10952A,EONET_10511,2024-08-17T19:00:00Z,Point,20.596128354802946,-17.54608752792182,,
GEO_B0017583DC,EONET_10631,2024-08-17T00:00:00Z,Point,161.36,56.653,,
GEO_254F5B669D,EONET_10317,2024-08-16T22:15:00Z,Point,-110.1454,43.67445,1731.0,acres
GEO_D41CB1A488,EONET_10149,2024-08-16T19:00:00Z,Point,-123.67190678699345,64.9511126731221,,
GEO_2A8ADBD8C1,EONET_10150,2024-08-16T19:00:00Z,Point,-122.59712626346071,64.28859478580976,,
GEO_A012768C0E,EONET_10183,2024-08-16T19:00:00Z,Point,144.07696946404022,69.02200862646443,,
GEO_01FD22D2DC,EONET_10219,2024-08-16T19:00:00Z,Point,-59.00400914737556,-16.35651746127349,,
GEO_E4E9E1709B,EONET_10220,2024-08-16T19:00:00Z,Point,-60.5260635491372,-15.527189143915235,,
GEO_FF90D86947,EONET_10221,2024-08-16T19:00:00Z,Point,144.0386200207036,69.02587485093144,,
GEO_A2022D98E1,EONET_10222,2024-08-16T19:00:00Z,Point,24.861388737887957,-13.007554483430836,,
GEO_7C61880030,EONET_10223,2024-08-16T19:00:00Z,Point,22.46100964161343,-23.723480592500124,,
GEO_760DF44872,EONET_10224,2024-08-16T19:00:00Z,Point,23.54986140218745,-23.27515866659453,,
GEO_EEF27DABFB,EONET_10327,2024-08-16T19:00:00Z,Point,36.17121110845521,-4.345219917719843,,
GEO_4CD6D8F7E6,EONET_10328,2024-08-16T19:00:00Z,Point,24.73399294616355,-13.061730127149414,,
GEO_64AA6DAF1D,EONET_10329,2024-08-16T19:00:00Z,Point,14.76655194848175,-15.009915766725289,,
GEO_3DD0A88532,EONET_10330,2024-08-16T19:00:00Z,Point,121.6788199642032,64.08137103251273,,
GEO_AD67BC1040,EONET_10331,2024-08-16T19:00:00Z,Point,-57.6750405495506,-20.9372753744317,,
GEO_471931294B,EONET_10332,2024-08-16T19:00:00Z,Point,-58.59136899301113,-15.006413334848348,,
GEO_89E6E2C7D1,EONET_10333,2024-08-16T19:00:00Z,Point,143.10322199577638,-17.4206598043995,,
GEO_77C2757B97,EONET_10334,2024-08-16T19:00:00Z,Point,143.5931789803035,69.41162942313022,,
GEO_61A44C5F03,EONET_10363,2024-08-16T19:00:00Z,Point,-46.654445335505706,-11.464331221177027,,
GEO_D307ADAB6B,EONET_10364,2024-08-16T19:00:00Z,Point,-52.77155839918529,-6.1556532013261585,,
GEO_8C81544323,EONET_10365,2024-08-16T19:00:00Z,Point,14.13217526508073,-14.363827117269665,,
GEO_E7A88EBADA,EONET_10366,2024-08-16T19:00:00Z,Point,21.051946984861384,-10.916192238847856,,
GEO_E68EBA5735,EONET_10367,2024-08-16T19:00:00Z,Point,134.1623335138918,-19.81456348343213,,
GEO_6DCFF98B33,EONET_10368,2024-08-16T19:00:00Z,Point,25.81659981647499,-7.888538629670715,,
GEO_F56D89473D,EONET_10369,2024-08-16T19:00:00Z,Point,-122.99033780717546,62.45608552701259,,
GEO_88A78C6C5A,EONET_10370,2024-08-16T19:00:00Z,Point,-57.82566623082564,-20.71690415390831,,
GEO_787E604032,EONET_10371,2024-08-16T19:00:00Z,Point,24.831500782801076,-9.550384171907004,,
GEO_0F172FBFF9,EONET_10372,2024-08-16T19:00:00Z,Point,29.51704672920795,-12.5042798535114,,
GEO_3E287ABEF6,EONET_10373,2024-08-16T19:00:00Z,Point,21.57438089627771,-6.667260367434586,,
GEO_8C3CE1397B,EONET_10374,2024-08-16T19:00:00Z,Point,24.56585659887622,-9.971522045282189,,
GEO_6C13D12144,EONET_10408,2024-08-16T19:00:00Z,Point,25.867415867661276,-16.213580571561575,,
GEO_77F258FF8A,EONET_10409,2024-08-16T19:00:00Z,Point,-46.020019879175685,-13.90673779988618,,
GEO_140FCEB7EE,EONET_10410,2024-08-16T19:00:00Z,Point,-65.51283335549732,-9.114601392980159,,
GEO_1A33AE2AD3,EONET_10411,2024-08-16T19:00:00Z,Point,-50.37555274362972,-10.35332270361893,,
GEO_CAC4D38CC1,EONET_10412,2024-08-16T19:00:00Z,Point,26.777772821375294,-32.46110695703945,,
GEO_1E2F676858,EONET_10456,2024-08-16T19:00:00Z,Point,30.748795517503485,-11.327426083891908,,
GEO_FAFB2CC455,EONET_10457,2024-08-16T19:00:00Z,Point,25.213040209098377,-9.210081757749375,,
GEO_9A5A1C53FD,EONET_10458,2024-08-16T19:00:00Z,Point,28.353766566876804,-5.680019408461655,,
GEO_C23171B619,EONET_10459,2024-08-16T19:00:00Z,Point,30.462489117927202,-9.113589538219076,,
GEO_30CEACA609,EONET_10460,2024-08-16T19:00:00Z,Point,21.461900649713396,-6.652505603621824,,
GEO_7BA76F3531,EONET_10461,2024-08-16T19:00:00Z,Point,21.970668342793374,-6.16862536120534,,
GEO_1568D0F6DD,EONET_10462,2024-08-16T19:00:00Z,Point,31.104324417047664,-3.7803626601547813,,
GEO_928E9533AD,EONET_10316,2024-08-16T16:29:00Z,Point,-100.5010333,33.41166667,1525.0,acres
GEO_529D62C5B7,EONET_10099,2024-08-15T21:52:00Z,Point,-99.1963,33.95502,1000.0,acres
GEO_32949C1BC3,EONET_10151,2024-08-15T19:00:00Z,Point,17.04715240493347,-6.912758561988537,,
GEO_95DE8A1C2D,EONET_10152,2024-08-15T19:00:00Z,Point,134.4004731776261,-15.213237342173356,,
GEO_F33F004EF3,EONET_10153,2024-08-15T19:00:00Z,Point,-66.37930037925655,-13.614037721101345,,
GEO_5210384FE6,EONET_10154,2024-08-15T19:00:00Z,Point,14.884463557064992,-15.745869801399733,,
GEO_1C3C5CB2F3,EONET_10184,2024-08-15T19:00:00Z,Point,-44.913885850134925,-6.531666176217323,,
GEO_DE84C02A75,EONET_10185,2024-08-15T19:00:00Z,Point,-122.59083700038923,64.23884816860199,,
GEO_57CF1CF371,EONET_10186,2024-08-15T19:00:00Z,Point,-57.44374800299536,-19.691099764240462,,
GEO_B15D60FDF9,EONET_10187,2024-08-15T19:00:00Z,Point,146.46254756769042,-19.445865520877568,,
GEO_F6608DC548,EONET_10188,2024-08-15T19:00:00Z,Point,142.23005566361198,68.9366624004366,,
GEO_9019357707,EONET_10225,2024-08-15T19:00:00Z,Point,18.186797493900553,-16.417827300045683,,
GEO_436613BF0B,EONET_10226,2024-08-15T19:00:00Z,Point,36.261990742175016,-4.409504130362149,,
GEO_F8AED107B7,EONET_10227,2024-08-15T19:00:00Z,Point,16.333473659407257,-16.013300944660642,,
GEO_BC858707F7,EONET_10228,2024-08-15T19:00:00Z,Point,21.10090110866892,-11.026889897796172,,
GEO_47FC31B910,EONET_10229,2024-08-15T19:00:00Z,Point,141.985313897172,69.11479502324356,,
GEO_0805436677,EONET_10230,2024-08-15T19:00:00Z,Point,142.76688800355555,68.76370122732463,,
GEO_D930954117,EONET_10231,2024-08-15T19:00:00Z,Point,-51.57710448376932,-9.138725051337293,,
GEO_E4D2342529,EONET_10232,2024-08-15T19:00:00Z,Point,-120.01546486850914,64.65713982859342,,
GEO_BDBD4F2686,EONET_10233,2024-08-15T19:00:00Z,Point,-120.6051273183782,63.98681824050909,,
GEO_745E308304,EONET_10234,2024-08-15T19:00:00Z,Point,-123.39090936175546,64.7139063194049,,
GEO_06D1A8A15A,EONET_10335,2024-08-15T19:00:00Z,Point,-51.15765695296444,-8.297331295752784,,
GEO_BDCE002DD8,EONET_10336,2024-08-15T19:00:00Z,Point,144.01822147753794,69.22920659263644,,
GEO_1B0A56E3C8,EONET_10337,2024-08-15T19:00:00Z,Point,144.07120327644316,69.02867831452956,,
GEO_8A11B7FC36,EONET_10338,2024-08-15T19:00:00Z,Point,21.423297998618075,-10.68048222308252,,
GEO_60BCD5CDBD,EONET_10339,2024-08-15T19:00:00Z,Point,25.52152560863305,-7.740737743041881,,
GEO_0384FDB4F9,EONET_10340,2024-08-15T19:00:00Z,Point,-46.756749462323064,-11.22332548874868,,
GEO_E5B56EEA80,EONET_10341,2024-08-15T19:00:00Z,Point,18.065970502911195,-10.504983087218301,,
GEO_EEBDD748F5,EONET_10342,2024-08-15T19:00:00Z,Point,24.93645939962921,-8.256331414260751,,
GEO_69D22BE514,EONET_10375,2024-08-15T19:00:00Z,Point,25.378189712165963,-9.64990579642114,,
GEO_7F3C100E6A,EONET_10376,2024-08-15T19:00:00Z,Point,24.42772265920753,-9.774174917078032,,
GEO_4BF92AFB21,EONET_10377,2024-08-15T19:00:00Z,Point,25.290434739395526,-10.121315224404313,,
GEO_9ED82651D7,EONET_10378,2024-08-15T19:00:00Z,Point,21.268229733561103,-6.589635278350551,,
GEO_115AABA677,EONET_10379,2024-08-15T19:00:00Z,Point,29.447953796386937,-12.22904487258654,,
GEO_C5A8F8F26A,EONET_10380,2024-08-15T19:00:00Z,Point,17.191790731576013,-15.206478548849612,,
GEO_185A4829B6,EONET_10381,2024-08-15T19:00:00Z,Point,19.45642592034801,-9.36943530369533,,
GEO_2B2C4FC7FA,EONET_10382,2024-08-15T19:00:00Z,Point,15.878667943882531,-6.6996872068563995,,
GEO_A68178B79C,EONET_10383,2024-08-15T19:00:00Z,Point,-51.82051888920463,-14.248206709648354,,
GEO_3564E294C3,EONET_10413,2024-08-15T19:00:00Z,Point,29.657919482043514,-8.15884871761591,,
GEO_A1FCC2B6CC,EONET_10414,2024-08-15T19:00:00Z,Point,23.55624937150024,-7.40196073802995,,
GEO_DD1A50836A,EONET_10415,2024-08-15T19:00:00Z,Point,16.904495155515807,-16.57109860128322,,
GEO_14A13F2613,EONET_10416,2024-08-15T19:00:00Z,Point,18.430516955142163,-11.560017374089897,,
GEO_77EB2A75BA,EONET_10417,2024-08-15T19:00:00Z,Point,21.674647093477933,-6.768012086849946,,
GEO_703326EB57,EONET_10418,2024-08-15T19:00:00Z,Point,17.353484112894797,-8.548102832918348,,
GEO_63DDEA2788,EONET_10212,2024-08-15T00:00:00Z,Point,-127.41,-72.61,330.0,NM^2
GEO_D9C4A9A26A,EONET_10212,2024-12-13T00:00:00Z,Point,-140.7,-74.12,330.0,NM^2
GEO_069B4EF6D6,EONET_10212,2024-12-26T00:00:00Z,Point,-143.13,-74.37,330.0,NM^2
GEO_0572AD111C,EONET_10212,2025-01-02T00:00:00Z,Point,-145.92,-74.74,330.0,NM^2
GEO_4FFEBE1F7A,EONET_10212,2025-01-31T00:00:00Z,Point,-148.32,-74.89,330.0,NM^2
GEO_AC1D73586C,EONET_10212,2025-02-14T00:00:00Z,Point,-150.91,-75.2,330.0,NM^2
GEO_C2F700F9C8,EONET_10212,2025-03-06T00:00:00Z,Point,-153.12,-75.24,330.0,NM^2
GEO_A7D29888DE,EONET_10212,2025-03-13T00:00:00Z,Point,-154.11,-75.65,330.0,NM^2
GEO_8CC32F6BA5,EONET_10212,2025-03-27T00:00:00Z,Point,-155.71,-75.88,330.0,NM^2
GEO_37CD58902C,EONET_10212,2025-04-11T00:00:00Z,Point,-157.47,-75.63,330.0,NM^2
GEO_4FDBC8EDD2,EONET_10212,2025-05-09T00:00:00Z,Point,-160.1,-75.39,330.0,NM^2
GEO_9236EF46D9,EONET_10212,2025-05-22T00:00:00Z,Point,-161.44,-74.93,330.0,NM^2
GEO_101D83A5FF,EONET_10212,2025-06-05T00:00:00Z,Point,-163.27,-74.75,330.0,NM^2
GEO_F51F877B29,EONET_10212,2025-06-12T00:00:00Z,Point,-165.79,-74.38,330.0,NM^2
GEO_00E86428C8,EONET_10212,2025-06-27T00:00:00Z,Point,-167.33,-73.88,330.0,NM^2
GEO_D48C824E5A,EONET_10212,2025-07-11T00:00:00Z,Point,-169.21,-73.67,330.0,NM^2
GEO_530B6C6B9A,EONET_10212,2025-07-31T00:00:00Z,Point,-169.59,-73.23,112.0,NM^2
GEO_BA638BE75B,EONET_10212,2025-08-21T00:00:00Z,Point,-170.96,-72.62,112.0,NM^2
GEO_7452C95530,EONET_10212,2025-09-04T00:00:00Z,Point,-171.89,-72.21,112.0,NM^2
GEO_08C060FC75,EONET_10212,2025-09-11T00:00:00Z,Point,-173.36,-72.3,112.0,NM^2
GEO_F807DE0256,EONET_10212,2025-10-09T00:00:00Z,Point,-173.77,-71.31,112.0,NM^2
GEO_A57E214F28,EONET_10212,2025-10-16T00:00:00Z,Point,-174.64,-70.81,112.0,NM^2
GEO_E28C752C09,EONET_10212,2025-10-31T00:00:00Z,Point,-177.13,-70.28,112.0,NM^2
GEO_EE92B04CBA,EONET_10212,2025-11-14T00:00:00Z,Point,-177.85,-69.89,112.0,NM^2
GEO_D5C3D94E31,EONET_10212,2025-11-28T00:00:00Z,Point,-177.84,-69.24,112.0,NM^2
GEO_92A37D10A0,EONET_10212,2025-12-26T00:00:00Z,Point,-176.57,-68.86,112.0,NM^2
GEO_4A314DBE97,EONET_10212,2026-01-02T00:00:00Z,Point,-176.74,-68.3,112.0,NM^2
GEO_F0E0372A67,EONET_10212,2026-02-19T00:00:00Z,Point,-177.25,-67.68,112.0,NM^2
GEO_B46AACB9AF,EONET_10212,2026-03-06T00:00:00Z,Point,-178.77,-67.31,98.0,NM^2
GEO_0A3656E356,EONET_10212,2026-03-26T00:00:00Z,Point,-179.86,-67.09,98.0,NM^2
GEO_224794F3B8,EONET_10212,2026-04-10T00:00:00Z,Point,179.79,-67.58,98.0,NM^2
GEO_F953E3B70C,EONET_10212,2026-04-24T00:00:00Z,Point,179.83,-67.1,98.0,NM^2
GEO_E47CA886C5,EONET_10212,2026-05-08T00:00:00Z,Point,178.33,-67.18,98.0,NM^2
GEO_DBD38DE9E1,EONET_10212,2026-06-12T00:00:00Z,Point,177.7,-67.6,98.0,NM^2
GEO_9910612B58,EONET_10212,2026-06-25T00:00:00Z,Point,178.27,-66.75,98.0,NM^2
GEO_9EA59BF610,EONET_10104,2024-08-14T19:42:00Z,Point,-105.0452778,44.6011111,509.0,acres
GEO_2769AC82A6,EONET_10155,2024-08-14T19:00:00Z,Point,24.766514565101595,-9.459371727384466,,
GEO_F9837BAA0E,EONET_10156,2024-08-14T19:00:00Z,Point,20.415381551965385,-17.21408376205333,,
GEO_B67090CF85,EONET_10157,2024-08-14T19:00:00Z,Point,29.347297830002056,-10.203019107430803,,
GEO_BCD1363559,EONET_10158,2024-08-14T19:00:00Z,Point,16.45371058735389,-15.204589639710662,,
GEO_9D6DCB8AFE,EONET_10159,2024-08-14T19:00:00Z,Point,-54.978336437133194,-14.380232805755654,,
GEO_ED7EAA0440,EONET_10189,2024-08-14T19:00:00Z,Point,23.061710798087102,-8.900375811948512,,
GEO_98BFBC3F99,EONET_10190,2024-08-14T19:00:00Z,Point,21.37816851896172,-3.451888362430587,,
GEO_E6AA43E675,EONET_10235,2024-08-14T19:00:00Z,Point,30.584870297616494,-10.660066892547833,,
GEO_8060738729,EONET_10236,2024-08-14T19:00:00Z,Point,23.433258983842425,-4.926561803362454,,
GEO_2AB1A8B2D7,EONET_10237,2024-08-14T19:00:00Z,Point,-123.90133593746089,64.9177837462588,,
GEO_B7E27EF18F,EONET_10238,2024-08-14T19:00:00Z,Point,138.33300498084375,-17.70963133471235,,
GEO_27B18560F9,EONET_10239,2024-08-14T19:00:00Z,Point,28.785128113361793,-12.10903998235328,,
GEO_B779BE5A0A,EONET_10240,2024-08-14T19:00:00Z,Point,21.04976976342744,-10.095316585123918,,
GEO_BFF1714EDE,EONET_10241,2024-08-14T19:00:00Z,Point,13.572550389565729,-16.81731908141312,,
GEO_82BC4B6CD9,EONET_10343,2024-08-14T19:00:00Z,Point,22.00719009391372,-10.293226943290037,,
GEO_A3B7094A9D,EONET_10344,2024-08-14T19:00:00Z,Point,29.06201007303522,-10.854451402082105,,
GEO_718610FCFA,EONET_10345,2024-08-14T19:00:00Z,Point,24.91097748294383,-12.794155833770668,,
GEO_3BF2206E62,EONET_10346,2024-08-14T19:00:00Z,Point,25.762957548499344,-15.246023502126656,,
GEO_E292D4B371,EONET_10347,2024-08-14T19:00:00Z,Point,16.363496949193795,-16.025662067679104,,
GEO_AC56F99F5F,EONET_10348,2024-08-14T19:00:00Z,Point,-56.909367507947586,-20.662072731832314,,
GEO_D511EFACCF,EONET_10349,2024-08-14T19:00:00Z,Point,121.75800162823742,62.85505856803162,,
GEO_86CB0DCEE9,EONET_10350,2024-08-14T19:00:00Z,Point,119.72098331146397,62.57094217480084,,
GEO_A605DF14A5,EONET_10384,2024-08-14T19:00:00Z,Point,30.563430740618436,-10.634284623562651,,
GEO_E6F3CB97CC,EONET_10385,2024-08-14T19:00:00Z,Point,16.501196238145546,-6.459655003739768,,
GEO_8C8D470F8C,EONET_10386,2024-08-14T19:00:00Z,Point,16.211059587972834,-5.5375112419527115,,
GEO_0C97E55040,EONET_10387,2024-08-14T19:00:00Z,Point,19.879827097988027,-9.817893018810834,,
GEO_0E9EADAA50,EONET_10101,2024-08-14T14:56:00Z,Point,-106.47125,45.161333,796.4,acres
GEO_C2EF03D064,EONET_10103,2024-08-14T14:47:00Z,Point,-105.0455,44.601167,509.0,acres
GEO_8CABCAA48C,EONET_10061,2024-08-13T19:00:00Z,Point,29.64603693181546,-29.444975157825493,,
GEO_DD3EF054E4,EONET_10062,2024-08-13T19:00:00Z,Point,-50.59520744532389,-11.775961317041746,,
GEO_50DA8B879D,EONET_10063,2024-08-13T19:00:00Z,Point,14.0429357884316,-16.330088881460952,,
GEO_DB8954A3E0,EONET_10105,2024-08-13T19:00:00Z,Point,23.844879896267443,-23.172665985749912,,
GEO_3AB0112A69,EONET_10106,2024-08-13T19:00:00Z,Point,20.151860142822915,-15.32425614054062,,
GEO_9C712CC227,EONET_10107,2024-08-13T19:00:00Z,Point,-58.87181538743225,-16.318102930701656,,
GEO_68F5BD2F4F,EONET_10108,2024-08-13T19:00:00Z,Point,133.20903033206014,-15.940576804531611,,
GEO_BD0253DE38,EONET_10109,2024-08-13T19:00:00Z,Point,22.444894948672886,-14.567500878355713,,
GEO_7B882823AF,EONET_10160,2024-08-13T19:00:00Z,Point,37.09169742844707,-11.715109718023852,,
GEO_E4A241452C,EONET_10161,2024-08-13T19:00:00Z,Point,23.71501458705915,-23.19414206837595,,
GEO_43EA990E42,EONET_10162,2024-08-13T19:00:00Z,Point,-56.8519993150847,-11.858373554301084,,
GEO_A10DBC61DE,EONET_10163,2024-08-13T19:00:00Z,Point,21.873162171690765,-10.007720387322436,,
GEO_F5DA902D1E,EONET_10164,2024-08-13T19:00:00Z,Point,30.46562079715321,-10.725684070951852,,
GEO_9BC91C3936,EONET_10165,2024-08-13T19:00:00Z,Point,130.47331224951319,-18.362925195430233,,
GEO_F68584221D,EONET_10166,2024-08-13T19:00:00Z,Point,-46.32850106325199,-8.736137086896875,,
GEO_AED2F50B70,EONET_10167,2024-08-13T19:00:00Z,Point,37.46140702315908,-11.815238111347293,,
GEO_1BE365AF07,EONET_10191,2024-08-13T19:00:00Z,Point,21.38914171643784,-15.75290043750658,,
GEO_1DB749051F,EONET_10192,2024-08-13T19:00:00Z,Point,31.758616558228088,-5.442934151064628,,
GEO_BF6290D7FE,EONET_10193,2024-08-13T19:00:00Z,Point,31.70410446520538,-12.622567684706867,,
GEO_E12A40A8D1,EONET_10194,2024-08-13T19:00:00Z,Point,21.191878271609244,-16.76396528823835,,
GEO_20634D5287,EONET_10195,2024-08-13T19:00:00Z,Point,30.63350337183372,-10.798355495716482,,
GEO_5CA0DBD9AA,EONET_10196,2024-08-13T19:00:00Z,Point,-53.06973474293305,-15.51605582700739,,
GEO_C21A343F04,EONET_10197,2024-08-13T19:00:00Z,Point,126.78245832434962,-14.67904582877073,,
GEO_16BE0A8C2F,EONET_10198,2024-08-13T19:00:00Z,Point,14.388234539702731,-15.49433198924666,,
GEO_52955C8629,EONET_10199,2024-08-13T19:00:00Z,Point,20.943320425900023,-12.97482717617488,,
GEO_B816E8502E,EONET_10200,2024-08-13T19:00:00Z,Point,-47.45155333908978,-9.180441704686029,,
GEO_8C3678C581,EONET_10242,2024-08-13T19:00:00Z,Point,-46.44942828095308,-8.318539152829223,,
GEO_67B31BD2B0,EONET_10243,2024-08-13T19:00:00Z,Point,18.639042191977953,-9.326669994647123,,
GEO_DAE8D36E9A,EONET_10244,2024-08-13T19:00:00Z,Point,16.008953898226487,-15.692925304243538,,
GEO_FC557B04B6,EONET_10245,2024-08-13T19:00:00Z,Point,-17.01828024554491,32.72837485746972,,
GEO_71523E12E6,EONET_10351,2024-08-13T19:00:00Z,Point,19.52635083037396,-14.700719714270162,,
GEO_8EAF04A22A,EONET_9962,2024-08-12T19:00:00Z,Point,135.3743613894412,-13.254837427465988,,
GEO_75C9F1D6F8,EONET_9963,2024-08-12T19:00:00Z,Point,135.39184029001575,-13.112206454224406,,
GEO_24442234EF,EONET_10017,2024-08-12T19:00:00Z,Point,128.23764704402242,-18.393905392878846,,
GEO_3BAF840EEB,EONET_10018,2024-08-12T19:00:00Z,Point,-95.16077756946282,54.80540793112522,,
GEO_20722F5DFC,EONET_10019,2024-08-12T19:00:00Z,Point,135.3154094111344,-13.250758678149431,,
GEO_7FC1E29EF0,EONET_10064,2024-08-12T19:00:00Z,Point,15.072098039375973,-15.236983014414577,,
GEO_44846E6C6B,EONET_10065,2024-08-12T19:00:00Z,Point,135.60563790478747,-13.26101048684508,,
GEO_AB9E44A026,EONET_10066,2024-08-12T19:00:00Z,Point,135.18996042353652,-13.335711650604853,,
GEO_6287C19CE7,EONET_10067,2024-08-12T19:00:00Z,Point,19.654619856494186,-10.494819399649218,,
GEO_798F1F6F66,EONET_10068,2024-08-12T19:00:00Z,Point,20.174904571951156,-18.62523718169689,,
GEO_F1BD15176B,EONET_10069,2024-08-12T19:00:00Z,Point,15.110221003754953,-15.23281620704849,,
GEO_B34F03FADC,EONET_10070,2024-08-12T19:00:00Z,Point,20.468352618464348,-16.191846421272174,,
GEO_243EEF0DA7,EONET_10110,2024-08-12T19:00:00Z,Point,24.63259923570429,-12.435581495929101,,
GEO_F04AB1C310,EONET_10111,2024-08-12T19:00:00Z,Point,135.307344271974,-13.353533683139982,,
GEO_D6DAFBC882,EONET_10112,2024-08-12T19:00:00Z,Point,-65.37903041872102,-14.222538350702445,,
GEO_D2B76304CB,EONET_10113,2024-08-12T19:00:00Z,Point,135.43071677721406,-12.845111983636928,,
GEO_B85E6BDBAD,EONET_10114,2024-08-12T19:00:00Z,Point,-60.431722295550465,-16.776272315648125,,
GEO_D7D13CE55B,EONET_10115,2024-08-12T19:00:00Z,Point,134.84156137763745,-16.296632889568258,,
GEO_3CAF9797F5,EONET_10116,2024-08-12T19:00:00Z,Point,-64.98884275167623,-13.577857052833153,,
GEO_7A6B3AD755,EONET_10117,2024-08-12T19:00:00Z,Point,135.46692008790978,-12.72499449206798,,
GEO_E6558473B4,EONET_10118,2024-08-12T19:00:00Z,Point,14.31869308195542,-16.397769559299455,,
GEO_1BEDC1558F,EONET_10119,2024-08-12T19:00:00Z,Point,21.5429817417157,-17.475410389696258,,
GEO_BDEAB08DFF,EONET_10120,2024-08-12T19:00:00Z,Point,135.33395286146646,-23.30302406616199,,
GEO_3431AED0E0,EONET_10168,2024-08-12T19:00:00Z,Point,20.095079989979297,-4.3235786271537044,,
GEO_1BCE6C6DA9,EONET_10169,2024-08-12T19:00:00Z,Point,21.735268868931207,-17.238833341220936,,
GEO_6E31D864C6,EONET_10170,2024-08-12T19:00:00Z,Point,-58.220621476703776,-13.11387992331208,,
GEO_6D4A97B954,EONET_10171,2024-08-12T19:00:00Z,Point,25.59916373086871,-7.85316139515467,,
GEO_84AF9B23F2,EONET_10201,2024-08-12T19:00:00Z,Point,-68.10561069868962,-12.673269055346093,,
GEO_C36082B571,EONET_10202,2024-08-12T19:00:00Z,Point,17.360048802987112,-11.131518200516082,,
GEO_93F29297A1,EONET_10203,2024-08-12T19:00:00Z,Point,21.37066342625054,-14.36849779980765,,
GEO_BC5092968C,EONET_10204,2024-08-12T19:00:00Z,Point,20.623985580019035,-10.357468745271358,,
GEO_8B5EC821FC,EONET_10205,2024-08-12T19:00:00Z,Point,135.24452118065324,-13.171996041609882,,
GEO_3FCA7A3F63,EONET_10206,2024-08-12T19:00:00Z,Point,-57.273834758601545,-22.636531355942832,,
GEO_0CFF9534C6,EONET_10207,2024-08-12T19:00:00Z,Point,20.861257709163873,-15.699987910287335,,
GEO_337786A6AD,EONET_10208,2024-08-12T19:00:00Z,Point,25.48499425681025,-8.731897731934994,,
GEO_BFAB8C9CAE,EONET_10246,2024-08-12T19:00:00Z,Point,94.36328543550827,51.104473134319676,,
GEO_E12EF5A4A8,EONET_10247,2024-08-12T19:00:00Z,Point,27.1427242216998,38.51799742434841,,
GEO_C6D6D7D977,EONET_10248,2024-08-12T19:00:00Z,Point,-64.15996050350536,-16.256806635599965,,
GEO_9C49678CB7,EONET_10249,2024-08-12T19:00:00Z,Point,21.19006310787518,-13.75729678443708,,
GEO_6817233BDF,EONET_10250,2024-08-12T19:00:00Z,Point,30.53048856885277,-10.750882107016505,,
GEO_85AE6254B8,EONET_10007,2024-08-11T22:03:00Z,Point,-119.99762,39.497432,500.0,acres
GEO_71ED93D7AD,EONET_10013,2024-08-11T19:59:00Z,Point,-81.9730556,27.7069444,500.0,acres
GEO_4E806618C7,EONET_9964,2024-08-11T19:00:00Z,Point,135.65313999337118,-12.803005526648683,,
GEO_B9CC629300,EONET_10020,2024-08-11T19:00:00Z,Point,23.749801767959465,-23.376112817531585,,
GEO_A0A3AE22FD,EONET_10021,2024-08-11T19:00:00Z,Point,-58.87139217721379,-14.735261180363667,,
GEO_BE19AEAC28,EONET_10022,2024-08-11T19:00:00Z,Point,135.1559186772625,-12.834912114382247,,
GEO_01BB5C3597,EONET_10023,2024-08-11T19:00:00Z,Point,-50.16428083411228,-10.15802789538155,,
GEO_D1368083BE,EONET_10071,2024-08-11T19:00:00Z,Point,-50.542064060928055,-11.84711459230125,,
GEO_56FA5B72E3,EONET_10072,2024-08-11T19:00:00Z,Point,15.642235307632257,-16.031808929636043,,
GEO_66CDE28442,EONET_10073,2024-08-11T19:00:00Z,Point,135.54723123295088,-12.950844305628152,,
GEO_32B024A467,EONET_10074,2024-08-11T19:00:00Z,Point,-59.67466431615424,-13.666951400828742,,
GEO_8B6DE9344A,EONET_10075,2024-08-11T19:00:00Z,Point,-65.51067471874148,-9.225796545563304,,
GEO_6469E4894C,EONET_10076,2024-08-11T19:00:00Z,Point,30.10065662640196,46.45873961050406,,
GEO_8EA6AA135A,EONET_10121,2024-08-11T19:00:00Z,Point,27.86570174693966,-25.117287598133935,,
GEO_F01796E103,EONET_10122,2024-08-11T19:00:00Z,Point,30.512351853751433,-10.86239903431287,,
GEO_795E3A5942,EONET_10123,2024-08-11T19:00:00Z,Point,29.869270549798706,-10.027008797911511,,
GEO_8660EE5309,EONET_10124,2024-08-11T19:00:00Z,Point,19.713638960924637,-16.724595737196935,,
GEO_BACE15C939,EONET_10125,2024-08-11T19:00:00Z,Point,20.90775788343066,-14.727407265432353,,
GEO_492B4973F8,EONET_10126,2024-08-11T19:00:00Z,Point,20.06982489024305,-9.392990457153978,,
GEO_001EE1F017,EONET_10127,2024-08-11T19:00:00Z,Point,-52.97709914244546,-15.446615769922277,,
GEO_61C1E415DB,EONET_10128,2024-08-11T19:00:00Z,Point,-58.70705288691781,-20.225597963174692,,
GEO_CE3DC02D19,EONET_10129,2024-08-11T19:00:00Z,Point,116.61666117912284,52.793132925980316,,
GEO_065F2B70E1,EONET_10130,2024-08-11T19:00:00Z,Point,-56.56464096022431,-14.886195343314618,,
GEO_EADC929551,EONET_10131,2024-08-11T19:00:00Z,Point,-59.207969274226855,-17.598779803060808,,
GEO_1A994EC4BF,EONET_10172,2024-08-11T19:00:00Z,Point,17.74499806662416,-12.69570292400918,,
GEO_EA0F198E0C,EONET_10173,2024-08-11T19:00:00Z,Point,29.673667248799184,-9.874950813740726,,
GEO_3149EDCA51,EONET_10174,2024-08-11T19:00:00Z,Point,-62.47209619110567,-12.45484237212747,,
GEO_445BF61471,EONET_10175,2024-08-11T19:00:00Z,Point,-57.75322535563342,-20.821009622003228,,
GEO_B9F41FFA89,EONET_10176,2024-08-11T19:00:00Z,Point,-59.83190181425423,-16.554414988388807,,
GEO_8503A0A130,EONET_10177,2024-08-11T19:00:00Z,Point,-59.181313728791125,-17.5038528179552,,
GEO_BA1DD91B81,EONET_10178,2024-08-11T19:00:00Z,Point,38.32959307168844,-13.582736298861503,,
GEO_97DCF86666,EONET_10179,2024-08-11T19:00:00Z,Point,20.650644316771295,-10.202195597066659,,
GEO_D80A8D4440,EONET_10209,2024-08-11T19:00:00Z,Point,20.557509792281067,-10.592679586415988,,
GEO_48EF8C5344,EONET_10210,2024-08-11T19:00:00Z,Point,16.860214289020835,-10.596253838210467,,
GEO_5DE1F8E431,EONET_10211,2024-08-11T19:00:00Z,Point,17.131500260722763,-6.725148490916974,,
GEO_9F4952E1EF,EONET_10251,2024-08-11T19:00:00Z,Point,20.32598755516862,-10.448115035162164,,
GEO_01E886FE75,EONET_10252,2024-08-11T19:00:00Z,Point,-63.27854420877394,-15.527532176805023,,
GEO_C651AD2DBC,EONET_10253,2024-08-11T19:00:00Z,Point,-60.18637660593399,-16.42574090593983,,
GEO_3196FE013F,EONET_10254,2024-08-11T19:00:00Z,Point,-57.077224755410256,-20.95738964063876,,
GEO_F049E150AA,EONET_10255,2024-08-11T19:00:00Z,Point,-56.905138184688056,-20.958508855496344,,
GEO_954D26CED8,EONET_10256,2024-08-11T19:00:00Z,Point,-47.21204268135545,-8.277484545436307,,
GEO_73A278B7F0,EONET_10257,2024-08-11T19:00:00Z,Point,17.34284783351382,-6.545690730939309,,
GEO_E550D80287,EONET_10258,2024-08-11T19:00:00Z,Point,116.72450492610832,51.45508870302812,,
GEO_908E149F8D,EONET_10259,2024-08-11T19:00:00Z,Point,-61.26753961092573,-15.698107644227111,,
GEO_347C40249A,EONET_10010,2024-08-11T11:24:00Z,Point,-119.39,47.76,1450.0,acres
GEO_9971B5EA06,EONET_9821,2024-08-10T19:00:00Z,Point,-123.00084419163979,62.38697126532642,,
GEO_8FDB30DB3E,EONET_9965,2024-08-10T19:00:00Z,Point,-60.71370498885354,-15.238550780197029,,
GEO_7BB27B61C0,EONET_9966,2024-08-10T19:00:00Z,Point,-63.11952096644552,-13.184316339849184,,
GEO_AD32FE2623,EONET_9967,2024-08-10T19:00:00Z,Point,-61.91564692725358,-15.790447278214229,,
GEO_6AD997F378,EONET_9968,2024-08-10T19:00:00Z,Point,-58.15096208988025,-13.504067280823127,,
GEO_441ADC4401,EONET_9969,2024-08-10T19:00:00Z,Point,136.13295342180731,-15.836121344573447,,
GEO_788B4A6D06,EONET_9970,2024-08-10T19:00:00Z,Point,-96.24970715146085,57.3472941819545,,
GEO_DCFA77E5B3,EONET_10024,2024-08-10T19:00:00Z,Point,19.547099610784922,-19.318924346078045,,
GEO_5389AE2E74,EONET_10025,2024-08-10T19:00:00Z,Point,20.872731269287986,-12.886570734952631,,
GEO_4042B0A6DA,EONET_10026,2024-08-10T19:00:00Z,Point,13.511188374998001,-16.094444217408792,,
GEO_E72EDEF36F,EONET_10027,2024-08-10T19:00:00Z,Point,-109.3370927714659,61.214700757558234,,
GEO_EAE61EEC50,EONET_10028,2024-08-10T19:00:00Z,Point,-65.01453518534717,-12.19762111955318,,
GEO_2982BE3FB5,EONET_10029,2024-08-10T19:00:00Z,Point,-65.00688594571938,-12.203804155095575,,
GEO_3322BB6A6D,EONET_10030,2024-08-10T19:00:00Z,Point,-62.794984356681205,-15.398676391228562,,
GEO_76CF465BEB,EONET_10031,2024-08-10T19:00:00Z,Point,-58.95123474640866,-16.48497099989245,,
GEO_C9A4C39F30,EONET_10032,2024-08-10T19:00:00Z,Point,-60.53309977998192,-9.460667530099967,,
GEO_A8EC0CD588,EONET_10033,2024-08-10T19:00:00Z,Point,-46.0330167068896,-13.453086581746165,,
GEO_DA1F8E21B6,EONET_10034,2024-08-10T19:00:00Z,Point,-60.52510661661587,-9.471592313898379,,
GEO_B7DB280BAB,EONET_10035,2024-08-10T19:00:00Z,Point,-59.66972066487884,-16.49706923364881,,
GEO_C31B20C73D,EONET_10077,2024-08-10T19:00:00Z,Point,22.588538002350266,-17.658758576450552,,
GEO_89B01BEBF2,EONET_10078,2024-08-10T19:00:00Z,Point,-53.35240547391562,-14.44754145834721,,
GEO_3B0ACC730B,EONET_10079,2024-08-10T19:00:00Z,Point,-53.91413914525851,-14.022251007703199,,
GEO_874429C029,EONET_10080,2024-08-10T19:00:00Z,Point,20.360219602274146,-15.192378240591731,,
GEO_01DDB439C3,EONET_10132,2024-08-10T19:00:00Z,Point,19.95415908123773,-14.396132995716822,,
GEO_015ECB31F7,EONET_10133,2024-08-10T19:00:00Z,Point,21.263787437492393,-14.192894526373669,,
GEO_E41FB802D0,EONET_10134,2024-08-10T19:00:00Z,Point,-58.64181644325555,-14.88841260278522,,
GEO_3EB63EEA09,EONET_10135,2024-08-10T19:00:00Z,Point,-57.626809121544525,-20.261773950961157,,
GEO_0D46EC9F80,EONET_10136,2024-08-10T19:00:00Z,Point,-57.701728493010016,-20.551146613347832,,
GEO_797C64EA45,EONET_10137,2024-08-10T19:00:00Z,Point,21.737372739204933,-17.81831820946934,,
GEO_32C257D263,EONET_10138,2024-08-10T19:00:00Z,Point,21.10010818348781,-15.4478618612443,,
GEO_728A490FF4,EONET_10180,2024-08-10T19:00:00Z,Point,29.61045655436394,-9.698409480218523,,
GEO_FE69E622C9,EONET_10181,2024-08-10T19:00:00Z,Point,24.68835445131486,-9.191569824946132,,
GEO_EC41BAA915,EONET_10182,2024-08-10T19:00:00Z,Point,21.554465748069237,-14.488360979994056,,
GEO_8839B64859,EONET_10260,2024-08-10T19:00:00Z,Point,135.1335111707776,69.2727853904676,,
GEO_AA9BA30936,EONET_10261,2024-08-10T19:00:00Z,Point,16.469433968681084,-16.914381777453723,,
GEO_1FE3C92A27,EONET_10262,2024-08-10T19:00:00Z,Point,-57.05282847584889,-13.428289236817278,,
GEO_1288AE8F64,EONET_10263,2024-08-10T19:00:00Z,Point,-58.182479566517216,-17.46862917263327,,
GEO_3FB4393E31,EONET_10264,2024-08-10T19:00:00Z,Point,-58.41912881452696,-17.66319708678851,,
GEO_D41D5F453E,EONET_10265,2024-08-10T19:00:00Z,Point,-102.59187512240806,55.51784008165352,,
GEO_9743426AAA,EONET_10266,2024-08-10T19:00:00Z,Point,132.98995756601957,68.41891677587935,,
GEO_F75E7C2967,EONET_10267,2024-08-10T19:00:00Z,Point,17.098213156993193,-14.402123481908673,,
GEO_DDFD14452A,EONET_10268,2024-08-10T19:00:00Z,Point,-62.10339399452697,-15.946869524031646,,
GEO_2830F3906D,EONET_10269,2024-08-10T19:00:00Z,Point,16.924071313525854,-13.043803073759408,,
GEO_12397D2859,EONET_10270,2024-08-10T19:00:00Z,Point,-63.413280532190264,-13.48599659153236,,
GEO_8E177E1585,EONET_10271,2024-08-10T19:00:00Z,Point,-57.076942899635974,-20.82751508607654,,
GEO_C7574500E7,EONET_10272,2024-08-10T19:00:00Z,Point,19.964759052868892,-14.101016586860917,,
GEO_FD0DF1C9BB,EONET_10273,2024-08-10T19:00:00Z,Point,20.412123209843315,-17.03493532988933,,
GEO_12BC04CDC4,EONET_10274,2024-08-10T19:00:00Z,Point,126.64166286187687,-18.435282717686185,,
GEO_E7C3305B2B,EONET_10275,2024-08-10T19:00:00Z,Point,16.798488114924844,-10.48570507724433,,
GEO_B3B48078D9,EONET_10014,2024-08-10T18:20:00Z,Point,-122.9368,42.91586667,1500.0,acres
GEO_BFFF16659E,EONET_10006,2024-08-10T17:52:00Z,Point,-122.9368,42.915867,1833.0,acres
GEO_7DF9309E4B,EONET_10015,2024-08-09T20:20:00Z,Point,-80.7269444,26.4033333,2000.0,acres
GEO_0FF6324BB3,EONET_9776,2024-08-09T19:00:00Z,Point,-58.67186347220135,-16.77548075154814,,
GEO_CA68112166,EONET_9777,2024-08-09T19:00:00Z,Point,136.52377610489143,-12.263686204013801,,
GEO_E9BBF45A85,EONET_9822,2024-08-09T19:00:00Z,Point,-50.569978160874285,-12.047520690747483,,
GEO_C57F50ED05,EONET_9823,2024-08-09T19:00:00Z,Point,-119.71450087432683,42.54313056440227,,
GEO_67800D2C3B,EONET_9824,2024-08-09T19:00:00Z,Point,-110.43719024808371,61.89678762770843,,
GEO_627282A730,EONET_9825,2024-08-09T19:00:00Z,Point,136.42820353683808,-13.140504819033815,,
GEO_B1E47EFE50,EONET_9826,2024-08-09T19:00:00Z,Point,136.5048920390548,-12.246731117178166,,
GEO_08AD392DDD,EONET_9827,2024-08-09T19:00:00Z,Point,18.743761226570133,-15.681039152683274,,
GEO_C1D0C955CE,EONET_9828,2024-08-09T19:00:00Z,Point,29.595445184098356,-19.73197522870363,,
GEO_10EFF920C1,EONET_9971,2024-08-09T19:00:00Z,Point,33.37212583694813,-18.26017126018422,,
GEO_902B69EF4D,EONET_9972,2024-08-09T19:00:00Z,Point,-58.791626735947546,-16.387147879079013,,
GEO_C6550DE893,EONET_9973,2024-08-09T19:00:00Z,Point,-97.1415075741185,56.15207974572096,,
GEO_726F50C444,EONET_9974,2024-08-09T19:00:00Z,Point,21.283424452609488,-13.921815348734858,,
GEO_A03F0B376C,EONET_9975,2024-08-09T19:00:00Z,Point,29.724751594037514,-27.804892077576717,,
GEO_A63407A77F,EONET_9976,2024-08-09T19:00:00Z,Point,29.077168005606588,-10.03365607159178,,
GEO_DBC588654F,EONET_9977,2024-08-09T19:00:00Z,Point,28.95292516534612,-11.905234868343705,,
GEO_FB22BF551A,EONET_9978,2024-08-09T19:00:00Z,Point,128.5462380506904,-18.746508995659173,,
GEO_FE9916C9FE,EONET_9979,2024-08-09T19:00:00Z,Point,-56.867668667706376,-13.060531341220129,,
GEO_883272E5DA,EONET_9980,2024-08-09T19:00:00Z,Point,-58.08051580809457,-17.456884411964044,,
GEO_CEE0F721AC,EONET_10036,2024-08-09T19:00:00Z,Point,31.9090860420408,-10.068989624458244,,
GEO_907A8E46CC,EONET_10037,2024-08-09T19:00:00Z,Point,30.724400192871155,-11.889758892637506,,
GEO_9D2DBB04BC,EONET_10038,2024-08-09T19:00:00Z,Point,24.984462848425842,-9.230201567934092,,
GEO_50B944E86E,EONET_10039,2024-08-09T19:00:00Z,Point,-59.347086524594644,-6.894342975234373,,
GEO_7E6559A565,EONET_10040,2024-08-09T19:00:00Z,Point,-55.02591174847424,-7.5304795920339505,,
GEO_180AE42953,EONET_10041,2024-08-09T19:00:00Z,Point,138.48983729647998,-17.845918483604034,,
GEO_AA927636F7,EONET_10042,2024-08-09T19:00:00Z,Point,-109.92223045987649,61.035437732927896,,
GEO_06CF80F936,EONET_10043,2024-08-09T19:00:00Z,Point,-110.27862023838108,59.333487446603925,,
GEO_42431A85E1,EONET_10081,2024-08-09T19:00:00Z,Point,26.71037193666046,-14.403290534269294,,
GEO_8CC76822F2,EONET_10082,2024-08-09T19:00:00Z,Point,15.329146729842268,-16.160043292675116,,
GEO_7694B50AA3,EONET_10083,2024-08-09T19:00:00Z,Point,124.50974286521271,-16.856128264671213,,
GEO_A002333CE2,EONET_10084,2024-08-09T19:00:00Z,Point,-47.21327906288065,-15.806706502008447,,
GEO_51D20857EB,EONET_10085,2024-08-09T19:00:00Z,Point,-64.13300990581189,-12.78612174319004,,
GEO_3A85EEF005,EONET_10086,2024-08-09T19:00:00Z,Point,-65.25141504706424,-12.95715237882413,,
GEO_8158828D40,EONET_10087,2024-08-09T19:00:00Z,Point,-57.27319787021333,-20.585486726519015,,
GEO_E35CEFC229,EONET_10088,2024-08-09T19:00:00Z,Point,18.944327645444158,-17.395734267835696,,
GEO_D6F216B0EF,EONET_10089,2024-08-09T19:00:00Z,Point,21.700857646709252,-16.84153437314085,,
GEO_F046513AB2,EONET_10090,2024-08-09T19:00:00Z,Point,33.473466874195495,-17.814982997982742,,
GEO_C67B7B094F,EONET_10091,2024-08-09T19:00:00Z,Point,38.26486161236238,-15.388496234683437,,
GEO_5348AD4DE9,EONET_10092,2024-08-09T19:00:00Z,Point,25.957419811987258,-7.8908781271200095,,
GEO_6C510EFC25,EONET_10139,2024-08-09T19:00:00Z,Point,32.0633647260093,-5.966741251246056,,
GEO_C8E85C6899,EONET_10140,2024-08-09T19:00:00Z,Point,20.66461182979226,-10.718403126625459,,
GEO_6DC9826B0B,EONET_10141,2024-08-09T19:00:00Z,Point,17.742517104643238,-12.123175198936774,,
GEO_1509CFAD57,EONET_10142,2024-08-09T19:00:00Z,Point,29.928740184399402,-12.929787591280993,,
GEO_B34EB0F198,EONET_10143,2024-08-09T19:00:00Z,Point,29.514743371706103,-11.115138372735371,,
GEO_C5E4AF94EB,EONET_10144,2024-08-09T19:00:00Z,Point,16.297662173598987,-14.992980161130307,,
GEO_45E63D1FA7,EONET_10145,2024-08-09T19:00:00Z,Point,28.862106615676492,-11.085598185879608,,
GEO_9F61D7F597,EONET_10146,2024-08-09T19:00:00Z,Point,25.861946387522558,-16.124347262813174,,
GEO_C917D573D1,EONET_10276,2024-08-09T19:00:00Z,Point,-125.79210887208359,53.31431666053767,,
GEO_0D81521DA9,EONET_10277,2024-08-09T19:00:00Z,Point,18.71941241729047,-14.111207381303286,,
GEO_48C7E48F9B,EONET_10278,2024-08-09T19:00:00Z,Point,36.29694028899707,-14.416631569689095,,
GEO_992954DA48,EONET_10279,2024-08-09T19:00:00Z,Point,20.84211910337522,-15.705454965163472,,
GEO_1076473206,EONET_10280,2024-08-09T19:00:00Z,Point,29.343714874529336,-10.187609912360323,,
GEO_AF24467152,EONET_10281,2024-08-09T19:00:00Z,Point,17.276711406054744,-6.649861606958802,,
GEO_18B3C28243,EONET_10282,2024-08-09T19:00:00Z,Point,-65.10588902434989,-13.321841160489345,,
GEO_98EA0D5361,EONET_10283,2024-08-09T19:00:00Z,Point,17.531058669493557,-5.715335092456242,,
GEO_D6482D1BA0,EONET_10284,2024-08-09T19:00:00Z,Point,22.93018176237189,-17.6797610384837,,
GEO_BC97DA7419,EONET_10285,2024-08-09T19:00:00Z,Point,-64.97577515698178,-13.597518450615732,,
GEO_829DFD6893,EONET_10286,2024-08-09T19:00:00Z,Point,-69.46856975448054,-11.4710303285713,,
GEO_8163D0238D,EONET_10287,2024-08-09T19:00:00Z,Point,18.14851601575095,-14.72671092546764,,
GEO_B4D7818706,EONET_10288,2024-08-09T19:00:00Z,Point,-46.91144241860938,-8.695170644193439,,
GEO_C13A7F84ED,EONET_10289,2024-08-09T19:00:00Z,Point,-58.382682189890446,-17.54309854941877,,
GEO_433076C89C,EONET_10290,2024-08-09T19:00:00Z,Point,17.14656624419915,-6.389306514181402,,
GEO_B2A8F48183,EONET_10291,2024-08-09T19:00:00Z,Point,16.82043019190173,-6.443550408790158,,
GEO_C5EF86FEF1,EONET_10292,2024-08-09T19:00:00Z,Point,-47.69691913362631,-6.031673672866818,,
GEO_1CAA5801D7,EONET_10012,2024-08-09T17:57:00Z,Point,-113.461593,41.67925,594.0,acres
GEO_09331127FC,EONET_10008,2024-08-09T12:07:00Z,Point,-123.51795,41.251467,1621.0,acres
GEO_7F8F3C0315,EONET_10011,2024-08-09T11:21:00Z,Point,-121.04844,48.67895,1000.0,acres
GEO_DCE98C93D9,EONET_9739,2024-08-08T19:33:00Z,Point,-85.4072222,34.1394444,579.0,acres
GEO_31612D5C2B,EONET_9738,2024-08-08T19:31:00Z,Point,-99.22028333,32.75296667,500.0,acres
GEO_031F7B35F1,EONET_9681,2024-08-08T19:00:00Z,Point,137.69697609195632,-16.418139832958996,,
GEO_43E68999AA,EONET_9740,2024-08-08T19:00:00Z,Point,21.353949628729186,-12.971253502386832,,
GEO_B981662AAB,EONET_9741,2024-08-08T19:00:00Z,Point,18.98992379479127,-9.835956615312345,,
GEO_8F3D6DBF6A,EONET_9778,2024-08-08T19:00:00Z,Point,21.019039800024853,-9.957288109713872,,
GEO_0A31741460,EONET_9779,2024-08-08T19:00:00Z,Point,132.00090587852605,-14.10862587496676,,
GEO_203DE751DA,EONET_9780,2024-08-08T19:00:00Z,Point,17.410596715065914,-11.831645710590054,,
GEO_EE51C1487E,EONET_9829,2024-08-08T19:00:00Z,Point,19.292491836802824,-8.142904282245416,,
GEO_512D503975,EONET_9830,2024-08-08T19:00:00Z,Point,30.36445309377834,-25.00594809561931,,
GEO_9254418294,EONET_9831,2024-08-08T19:00:00Z,Point,-100.68773812723657,55.64345624878132,,
GEO_B8C970D95F,EONET_9832,2024-08-08T19:00:00Z,Point,135.58710393677094,-12.62446145479287,,
GEO_A3B58FAC1A,EONET_9833,2024-08-08T19:00:00Z,Point,-50.341626952012255,-10.160652137271052,,
GEO_663DD443C3,EONET_9834,2024-08-08T19:00:00Z,Point,21.603703840136347,41.00581652200888,,
GEO_2B6E4201C9,EONET_9981,2024-08-08T19:00:00Z,Point,26.33613612308704,-7.0391550465283945,,
GEO_866896599A,EONET_9982,2024-08-08T19:00:00Z,Point,-99.27474590829209,57.899871476026384,,
GEO_343FE062EA,EONET_9983,2024-08-08T19:00:00Z,Point,-52.82588717149255,-15.297324438448186,,
GEO_EE6124BD2D,EONET_9984,2024-08-08T19:00:00Z,Point,-118.22984602421347,59.827895392772355,,
GEO_0C70FC83B6,EONET_9985,2024-08-08T19:00:00Z,Point,29.46955824970895,-11.491865611050624,,
GEO_7BE9062106,EONET_9986,2024-08-08T19:00:00Z,Point,38.33149466386529,-16.32313465920242,,
GEO_A75348B791,EONET_9987,2024-08-08T19:00:00Z,Point,-110.07845117168677,59.356195016805444,,
GEO_63F7ECB147,EONET_9988,2024-08-08T19:00:00Z,Point,135.58183207375475,-12.622069511858543,,
GEO_26A3EC3A2D,EONET_9989,2024-08-08T19:00:00Z,Point,-115.1034105533651,58.85878297384063,,
GEO_43A8E22FB3,EONET_9990,2024-08-08T19:00:00Z,Point,116.77103458735908,53.26637108670587,,
GEO_9943BC3457,EONET_9991,2024-08-08T19:00:00Z,Point,16.982449997403368,-10.490766093705354,,
GEO_A68B146DC7,EONET_9992,2024-08-08T19:00:00Z,Point,-120.08133142614156,62.573446357410354,,
GEO_AF032BBAB0,EONET_10044,2024-08-08T19:00:00Z,Point,-110.6771671475658,57.55306977904631,,
GEO_DC5995E8F7,EONET_10045,2024-08-08T19:00:00Z,Point,-57.72058611446944,-9.37179275469114,,
GEO_63BDE1F47D,EONET_10046,2024-08-08T19:00:00Z,Point,-110.13927869213315,57.191430740182426,,
GEO_8BEB5A6738,EONET_10047,2024-08-08T19:00:00Z,Point,-102.96807424334273,56.63654658919154,,
GEO_0E275ADC27,EONET_10048,2024-08-08T19:00:00Z,Point,-123.47654562365803,41.24981448743224,,
GEO_D5EB0BC70E,EONET_10049,2024-08-08T19:00:00Z,Point,124.51349310735415,-16.775445481296778,,
GEO_60AFA85965,EONET_10050,2024-08-08T19:00:00Z,Point,-55.46487159183371,-8.010835425676891,,
GEO_B3E59A2B56,EONET_10051,2024-08-08T19:00:00Z,Point,20.034239933444457,-14.4007523586004,,
GEO_D323D59879,EONET_10052,2024-08-08T19:00:00Z,Point,19.56404997876438,-17.687878030874682,,
GEO_F4BAE2DA61,EONET_10053,2024-08-08T19:00:00Z,Point,21.349182710081237,-16.08775106700888,,
GEO_FE45B2E387,EONET_10054,2024-08-08T19:00:00Z,Point,18.77651833355667,-10.792968833703478,,
GEO_A5801CE171,EONET_10093,2024-08-08T19:00:00Z,Point,20.892638207653178,-15.528754936675302,,
GEO_8EC18C6C96,EONET_10094,2024-08-08T19:00:00Z,Point,16.576938468146945,-15.755812079351251,,
GEO_FAE7E4CBD5,EONET_10095,2024-08-08T19:00:00Z,Point,15.520410678735699,-14.829761667652338,,
GEO_3D8E2D5E4D,EONET_10096,2024-08-08T19:00:00Z,Point,15.903745795672132,-15.59139398929099,,
GEO_1594DFA630,EONET_10097,2024-08-08T19:00:00Z,Point,33.389788505490245,-18.25798874415814,,
GEO_C362BA665C,EONET_10293,2024-08-08T19:00:00Z,Point,17.284976798157384,-6.406787790844369,,
GEO_28A6DAD858,EONET_10294,2024-08-08T19:00:00Z,Point,15.650402753015419,-15.873039809908933,,
GEO_6FAD425257,EONET_10295,2024-08-08T19:00:00Z,Point,-57.04336580518934,-15.33941463065836,,
GEO_E39FC08025,EONET_10296,2024-08-08T19:00:00Z,Point,20.816215209319758,-12.636606295168809,,
GEO_A3681CADD5,EONET_10297,2024-08-08T19:00:00Z,Point,115.74486777801184,54.51840149444509,,
GEO_7F845E83A4,EONET_10298,2024-08-08T19:00:00Z,Point,15.535917794186519,-15.298363392977132,,
GEO_E5DAC41742,EONET_10299,2024-08-08T19:00:00Z,Point,19.986680978986005,-10.114352665716664,,
GEO_19838033A4,EONET_10300,2024-08-08T19:00:00Z,Point,29.715926912264187,-12.438929270884241,,
GEO_F29E98ED5B,EONET_10301,2024-08-08T19:00:00Z,Point,19.358530013420353,-3.991693888244473,,
GEO_642B7462EC,EONET_10302,2024-08-08T19:00:00Z,Point,20.75058038143281,-11.412803720634788,,
GEO_8D73719FE1,EONET_10303,2024-08-08T19:00:00Z,Point,20.032474395742298,-16.211636771459492,,
GEO_BCD9E744E3,EONET_10304,2024-08-08T19:00:00Z,Point,23.540287259492096,-13.345148152742379,,
GEO_48D7AF90AF,EONET_10305,2024-08-08T19:00:00Z,Point,18.240625409462588,-16.190093833798805,,
GEO_051A9C3F0E,EONET_10306,2024-08-08T19:00:00Z,Point,18.213592108231115,-10.571240896191608,,
GEO_C4BDA925F7,EONET_10307,2024-08-08T19:00:00Z,Point,20.7418085551293,-16.692567541422964,,
GEO_761526DF5A,EONET_10308,2024-08-08T19:00:00Z,Point,18.11853061005632,-11.749385986048079,,
GEO_D3AA94145E,EONET_10309,2024-08-08T19:00:00Z,Point,38.86234298722486,-13.38843588478171,,
GEO_F3F6DC1A4B,EONET_10310,2024-08-08T19:00:00Z,Point,33.1435432629932,-18.55764446677315,,
GEO_FF68928EE3,EONET_10311,2024-08-08T19:00:00Z,Point,27.613096044294263,-9.628217467834395,,
GEO_FE83951186,EONET_10009,2024-08-08T18:30:00Z,Point,-115.797332,44.171802,4469.0,acres
GEO_5D50FD23D4,EONET_9737,2024-08-08T18:22:00Z,Point,-98.7064,33.647,500.0,acres
GEO_8E66F18EB2,EONET_9742,2024-08-07T19:00:00Z,Point,17.419449168661618,-11.665331754826065,,
GEO_85C3F1BD43,EONET_9743,2024-08-07T19:00:00Z,Point,29.51443662288572,-29.239963157341748,,
GEO_4B37F4B54B,EONET_9744,2024-08-07T19:00:00Z,Point,-123.2968752128533,62.87852059481824,,
GEO_6C00A73D16,EONET_9781,2024-08-07T19:00:00Z,Point,19.23555621047728,-8.475433080179185,,
GEO_660DC89F9B,EONET_9782,2024-08-07T19:00:00Z,Point,20.90392062390743,-17.363753888994847,,
GEO_E43F46802F,EONET_9783,2024-08-07T19:00:00Z,Point,18.152190739753024,-9.911428853610364,,
GEO_EDF0540CB8,EONET_9784,2024-08-07T19:00:00Z,Point,20.035111361729093,-18.706748469601155,,
GEO_F018FD9BDF,EONET_9835,2024-08-07T19:00:00Z,Point,33.705260775047996,-19.442969826418086,,
GEO_515F438CD6,EONET_9836,2024-08-07T19:00:00Z,Point,25.23573387858201,-8.990588120565578,,
GEO_11D5EC334F,EONET_9837,2024-08-07T19:00:00Z,Point,14.610142160807799,-12.692599141439683,,
GEO_90CC7A5A5A,EONET_9838,2024-08-07T19:00:00Z,Point,22.15144022515705,-10.471142968304374,,
GEO_1A489FEAFE,EONET_9839,2024-08-07T19:00:00Z,Point,-116.91694415567842,60.18158843824632,,
GEO_461A4EC5D8,EONET_9840,2024-08-07T19:00:00Z,Point,135.3718115339192,-13.46722963780016,,
GEO_5835EF3F2F,EONET_9841,2024-08-07T19:00:00Z,Point,126.76878145661209,61.94978786042528,,
GEO_02FD7B4F8B,EONET_9842,2024-08-07T19:00:00Z,Point,21.53782518827715,-10.90420654521484,,
GEO_DB19E5F00D,EONET_9843,2024-08-07T19:00:00Z,Point,18.874733270243762,-10.85528829764348,,
GEO_8FC7B524EF,EONET_9844,2024-08-07T19:00:00Z,Point,22.32623187367586,-24.512725700860255,,
GEO_E35C7CD7CD,EONET_9993,2024-08-07T19:00:00Z,Point,118.25168691739755,59.45891244245843,,
GEO_5EDD43055D,EONET_9994,2024-08-07T19:00:00Z,Point,25.59540103336138,-33.296252336944924,,
GEO_C0E5D81D0A,EONET_9995,2024-08-07T19:00:00Z,Point,-107.09413218669187,55.80950223411383,,
GEO_FA41EEBEB8,EONET_9996,2024-08-07T19:00:00Z,Point,-126.08761868914458,61.45324957108706,,
GEO_CBF942415B,EONET_9997,2024-08-07T19:00:00Z,Point,20.158806578146418,-16.96994576586077,,
GEO_FAB9AE3DF8,EONET_9998,2024-08-07T19:00:00Z,Point,27.011708557313263,-7.518301143442441,,
GEO_89A3113321,EONET_10055,2024-08-07T19:00:00Z,Point,20.43275748460005,-18.765410706923674,,
GEO_B3E1F7AF66,EONET_10056,2024-08-07T19:00:00Z,Point,37.170330501725815,-16.9931508148158,,
GEO_81007F80F3,EONET_10057,2024-08-07T19:00:00Z,Point,25.787787359555377,-6.582370562895632,,
GEO_1D1A1797B9,EONET_10058,2024-08-07T19:00:00Z,Point,29.329459202597715,-12.373388810325025,,
GEO_54631C9BF0,EONET_10059,2024-08-07T19:00:00Z,Point,21.25317223833346,-13.422952986999823,,
GEO_868EAB24A5,EONET_10060,2024-08-07T19:00:00Z,Point,21.050974258556682,-13.683420769019428,,
GEO_25031CBC16,EONET_9736,2024-08-07T18:40:00Z,Point,-107.779833,40.515167,1161.0,acres
GEO_321EB7A534,EONET_9735,2024-08-07T18:05:00Z,Point,-99.3484047,33.06912509,1200.0,acres
GEO_7163690D92,EONET_9733,2024-08-07T11:26:00Z,Point,-107.409668,46.883546,534.8,acres
GEO_DDBC2070F5,EONET_9732,2024-08-07T01:58:00Z,Point,-120.697385,38.828893,1705.0,acres
GEO_F6DF8D14F0,EONET_9731,2024-08-06T23:17:00Z,Point,-114.09145,35.457633,4556.0,acres
GEO_FEF4792A55,EONET_9540,2024-08-06T19:00:00Z,Point,34.837992701020966,-3.119016695862314,,
GEO_00E5A57C08,EONET_9541,2024-08-06T19:00:00Z,Point,-116.39962506823476,44.18281217637123,,
GEO_8FC69F4D08,EONET_9542,2024-08-06T19:00:00Z,Point,-116.43130702581267,44.155382987421355,,
GEO_6164F15470,EONET_9543,2024-08-06T19:00:00Z,Point,25.696567669232344,-7.88079376547864,,
GEO_13B292F9CF,EONET_9682,2024-08-06T19:00:00Z,Point,-51.77122982623361,-14.285901793051575,,
GEO_9112372906,EONET_9683,2024-08-06T19:00:00Z,Point,25.74915627699163,-8.192809590044861,,
GEO_E562842E3B,EONET_9684,2024-08-06T19:00:00Z,Point,19.834502970737685,-10.50317903672992,,
GEO_A40D897398,EONET_9745,2024-08-06T19:00:00Z,Point,37.513853267615524,-11.99844675863612,,
GEO_8B9E8C76FA,EONET_9746,2024-08-06T19:00:00Z,Point,25.18131611988074,-8.27949543572431,,
GEO_D1C41624D6,EONET_9747,2024-08-06T19:00:00Z,Point,-122.10801845481106,62.47203600916757,,
GEO_3344484FE9,EONET_9748,2024-08-06T19:00:00Z,Point,126.72550069172483,-14.436998005381406,,
GEO_42D39E3634,EONET_9749,2024-08-06T19:00:00Z,Point,-55.09863150105564,-7.2203694349709275,,
GEO_2AA2B3414B,EONET_9750,2024-08-06T19:00:00Z,Point,132.84381489594074,-12.733180973963483,,
GEO_AC4A38CCA6,EONET_9751,2024-08-06T19:00:00Z,Point,29.42041000353042,-29.58136828546114,,
GEO_A0F415D4A2,EONET_9752,2024-08-06T19:00:00Z,Point,16.22458648830003,-10.433247097741907,,
GEO_2CE206BB03,EONET_9753,2024-08-06T19:00:00Z,Point,21.38314647871326,-10.608908567755241,,
GEO_C8CB5C18D9,EONET_9785,2024-08-06T19:00:00Z,Point,24.897044862742792,-8.427195996581297,,
GEO_7376A6DA90,EONET_9786,2024-08-06T19:00:00Z,Point,26.155631971243047,-8.189774254468674,,
GEO_E54A136C2D,EONET_9787,2024-08-06T19:00:00Z,Point,-58.823189133044885,-14.91052065231241,,
GEO_D2B9B70859,EONET_9788,2024-08-06T19:00:00Z,Point,126.79677158161532,-14.535952519980283,,
GEO_9B3D8226FD,EONET_9789,2024-08-06T19:00:00Z,Point,-118.41377313076252,63.27346943590529,,
GEO_7F6F9A979D,EONET_9790,2024-08-06T19:00:00Z,Point,133.9361094799308,-13.728372861342946,,
GEO_7871359DE3,EONET_9791,2024-08-06T19:00:00Z,Point,-66.57162441811263,-8.664891968664298,,
GEO_4DDA7EE548,EONET_9792,2024-08-06T19:00:00Z,Point,-119.6423213411406,59.29226888153289,,
GEO_6128DEC5CE,EONET_9793,2024-08-06T19:00:00Z,Point,15.630633609487575,-11.290326420115331,,
GEO_C183D76AF1,EONET_9794,2024-08-06T19:00:00Z,Point,-126.34563952884278,61.10774965533363,,
GEO_F9EEFC7B88,EONET_9795,2024-08-06T19:00:00Z,Point,33.99494387729953,-7.265953751730867,,
GEO_2B8DBCCB3E,EONET_9845,2024-08-06T19:00:00Z,Point,16.918764364065847,-10.188544068398587,,
GEO_B24071C089,EONET_9846,2024-08-06T19:00:00Z,Point,18.973651635679218,-10.939733541589888,,
GEO_39F7E78454,EONET_9847,2024-08-06T19:00:00Z,Point,18.345874985920496,-11.4135226702082,,
GEO_B7355F689B,EONET_9848,2024-08-06T19:00:00Z,Point,18.0646856267071,-11.8923022999911,,
GEO_50A0334FBF,EONET_9849,2024-08-06T19:00:00Z,Point,144.00993506202278,-4.262890241531774,,
GEO_5586E924A4,EONET_9999,2024-08-06T19:00:00Z,Point,20.34111421325151,-15.100261603251317,,
GEO_8677F51B7B,EONET_10000,2024-08-06T19:00:00Z,Point,18.993001445418138,-9.441178609331619,,
GEO_DF1B7D5A6D,EONET_10001,2024-08-06T19:00:00Z,Point,29.59480812273303,-12.67607074968209,,
GEO_69E92D3425,EONET_10002,2024-08-06T19:00:00Z,Point,28.572579050370212,-12.098372689800525,,
GEO_A938E95214,EONET_10003,2024-08-06T19:00:00Z,Point,15.775437724261751,-14.322092920580259,,
GEO_66C745A14D,EONET_10004,2024-08-06T19:00:00Z,Point,-121.03705560021936,59.54751316911739,,
GEO_317B7681F9,EONET_10005,2024-08-06T19:00:00Z,Point,-121.83771106118938,59.88085888772943,,
GEO_F51ABFD397,EONET_9730,2024-08-06T15:53:00Z,Point,-111.370667,41.5955,1340.0,acres
GEO_88E28DD4AE,EONET_9729,2024-08-06T15:23:00Z,Point,-111.671667,34.225,2483.0,acres
GEO_C56B5E9286,EONET_9728,2024-08-06T13:45:00Z,Point,-115.713217,44.15905,718.0,acres
GEO_F50134DBC2,EONET_9727,2024-08-06T10:26:00Z,Point,-115.774671,44.131321,1118.0,acres
GEO_DF1FD40C01,EONET_9726,2024-08-06T01:43:00Z,Point,-115.82,43.988667,500.0,acres
GEO_66A4E313FE,EONET_9724,2024-08-06T00:13:00Z,Point,-115.840167,44.548367,4058.0,acres
GEO_F951F0118A,EONET_9725,2024-08-06T00:13:00Z,Point,-115.90005,44.212367,1056.0,acres
GEO_C521397D35,EONET_9723,2024-08-05T23:40:00Z,Point,-115.810944,44.717278,1185.0,acres
GEO_93A803BFC8,EONET_9722,2024-08-05T23:02:00Z,Point,-116.511238,44.15945,153757.0,acres
GEO_A55AF23EDC,EONET_9721,2024-08-05T20:42:00Z,Point,-121.601617,46.175117,4145.0,acres
GEO_C4E208DDB7,EONET_9720,2024-08-05T20:19:00Z,Point,-119.8052,42.427783,17000.0,acres
GEO_EC6AE063E6,EONET_9491,2024-08-05T19:00:00Z,Point,-53.18034183995822,-6.513207717393907,,
GEO_50050D6AD6,EONET_9492,2024-08-05T19:00:00Z,Point,-60.320304213652264,-15.942761492417016,,
GEO_1CE5A7B04D,EONET_9493,2024-08-05T19:00:00Z,Point,-116.513182784887,44.104766767478445,,
GEO_0755A288AB,EONET_9494,2024-08-05T19:00:00Z,Point,-124.1771407550616,64.87778515209298,,
GEO_56DA8669C8,EONET_9544,2024-08-05T19:00:00Z,Point,-119.74800423002429,42.40364600817043,,
GEO_913EFC6C30,EONET_9545,2024-08-05T19:00:00Z,Point,-58.3323755939709,-17.638315438406558,,
GEO_DB67B3792D,EONET_9546,2024-08-05T19:00:00Z,Point,-58.71446207871114,-14.760045795163155,,
GEO_AB13C0C671,EONET_9547,2024-08-05T19:00:00Z,Point,-121.56357449502698,46.118277963299256,,
GEO_5FCCE42FCC,EONET_9548,2024-08-05T19:00:00Z,Point,-58.184518191507166,-19.835102333527768,,
GEO_23F1BD397F,EONET_9685,2024-08-05T19:00:00Z,Point,38.35483628375631,-13.459877033028674,,
GEO_51AB840E4B,EONET_9686,2024-08-05T19:00:00Z,Point,-53.71027573378955,-15.9014010403616,,
GEO_7501590001,EONET_9687,2024-08-05T19:00:00Z,Point,19.024946824154743,-9.981767045924173,,
GEO_E15C695BCB,EONET_9688,2024-08-05T19:00:00Z,Point,25.70830354722136,-7.860002379800991,,
GEO_83C19E6567,EONET_9689,2024-08-05T19:00:00Z,Point,-115.70505035197459,64.32804146673736,,
GEO_48DA4F4B5C,EONET_9690,2024-08-05T19:00:00Z,Point,-115.80707788624568,44.571535194561314,,
GEO_640B1042F4,EONET_9691,2024-08-05T19:00:00Z,Point,132.6935192333349,-14.278170776295799,,
GEO_529AA8D8DC,EONET_9692,2024-08-05T19:00:00Z,Point,-52.5434424140133,-15.279524485646853,,
GEO_23AD6E034A,EONET_9693,2024-08-05T19:00:00Z,Point,122.53514376395196,-17.055318478888736,,
GEO_FBED3A23A9,EONET_9694,2024-08-05T19:00:00Z,Point,124.74919631519711,-16.775670564374472,,
GEO_3C0AE10CA1,EONET_9695,2024-08-05T19:00:00Z,Point,134.36027907167613,-13.954398265333337,,
GEO_02C4E7949D,EONET_9754,2024-08-05T19:00:00Z,Point,22.00877043022423,-9.412195924589948,,
GEO_9820AA0019,EONET_9755,2024-08-05T19:00:00Z,Point,25.427409059021148,-8.274872648127918,,
GEO_3A30174DF1,EONET_9756,2024-08-05T19:00:00Z,Point,16.87199919822617,-15.98305944183996,,
GEO_705F7819E8,EONET_9757,2024-08-05T19:00:00Z,Point,18.972326490807447,-9.702607553516687,,
GEO_60263E7C1E,EONET_9758,2024-08-05T19:00:00Z,Point,19.73620233609393,-9.54086563961783,,
GEO_BCEE332A0C,EONET_9759,2024-08-05T19:00:00Z,Point,-117.87085801494891,60.42678768847011,,
GEO_EA0EB073B9,EONET_9760,2024-08-05T19:00:00Z,Point,-119.00772223617547,59.629163868293595,,
GEO_32C8818672,EONET_9796,2024-08-05T19:00:00Z,Point,-115.8456456544358,64.34665976914006,,
GEO_0B02F2D356,EONET_9797,2024-08-05T19:00:00Z,Point,-119.90653881917123,60.605419194758966,,
GEO_E5874440C8,EONET_9798,2024-08-05T19:00:00Z,Point,15.800083969463865,-15.303118232876187,,
GEO_4392C95380,EONET_9799,2024-08-05T19:00:00Z,Point,18.97752945994985,-9.115927948868416,,
GEO_E6FD5D39BD,EONET_9800,2024-08-05T19:00:00Z,Point,19.251788689006048,-10.639485206665215,,
GEO_EE6E6860C4,EONET_9801,2024-08-05T19:00:00Z,Point,30.014078023504094,-6.210527048264687,,
GEO_A74737542E,EONET_9802,2024-08-05T19:00:00Z,Point,18.972707764416214,-8.660606965648476,,
GEO_74E0B59A77,EONET_9803,2024-08-05T19:00:00Z,Point,131.81217711473005,-13.98647286982621,,
GEO_49076D9903,EONET_9804,2024-08-05T19:00:00Z,Point,132.4877493216857,-13.158857110592407,,
GEO_8E660E29D7,EONET_9805,2024-08-05T19:00:00Z,Point,-108.44006808056268,61.720327986080044,,
GEO_5054E2D50F,EONET_9806,2024-08-05T19:00:00Z,Point,-120.23599644816619,60.63705838031166,,
GEO_F73A9B79C7,EONET_9807,2024-08-05T19:00:00Z,Point,128.05259722550417,-17.54733883499211,,
GEO_1219566EBE,EONET_9808,2024-08-05T19:00:00Z,Point,-120.40166423581685,60.620498985637894,,
GEO_FB1E6EAF28,EONET_9809,2024-08-05T19:00:00Z,Point,-120.77511521557295,64.0674983651149,,
GEO_A3CB93D2BE,EONET_9810,2024-08-05T19:00:00Z,Point,-124.79246762671677,65.38220507540997,,
GEO_3744A8A4E1,EONET_9850,2024-08-05T19:00:00Z,Point,18.998678840590514,-10.213453883843691,,
GEO_ED92CD59D4,EONET_9851,2024-08-05T19:00:00Z,Point,15.602596322375495,-11.930867832489376,,
GEO_3FC9899EFC,EONET_9852,2024-08-05T19:00:00Z,Point,33.96804903556129,-7.267894346223201,,
GEO_350BBDEEBE,EONET_9853,2024-08-05T19:00:00Z,Point,37.81623182225278,-16.51086343547693,,
GEO_952349E7B3,EONET_9717,2024-08-05T18:26:00Z,Point,-117.177217,42.75945,11060.8,acres
GEO_42DF5F9485,EONET_9713,2024-08-05T15:03:00Z,Point,-118.45525,43.315033,6491.0,acres
GEO_7A4D41BFE5,EONET_9712,2024-08-05T14:44:00Z,Point,-106.0297,45.2409,1150.0,acres
GEO_FEC7EC804A,EONET_9710,2024-08-05T13:24:00Z,Point,-117.254967,44.8775,18500.0,acres
GEO_536EDFED99,EONET_9709,2024-08-05T00:05:00Z,Point,-120.656555,44.947334,631.0,acres
GEO_30CEF224C8,EONET_9490,2024-08-04T20:39:00Z,Point,-117.978333,35.64805,500.0,acres
GEO_3B140F061E,EONET_9443,2024-08-04T19:00:00Z,Point,19.772609892480837,-9.352624124449655,,
GEO_C1A884FB5E,EONET_9549,2024-08-04T19:00:00Z,Point,30.69600167215756,-11.817766945442989,,
GEO_76198FEC21,EONET_9550,2024-08-04T19:00:00Z,Point,21.75692408363964,-9.778791453640407,,
GEO_3D1AD695C7,EONET_9551,2024-08-04T19:00:00Z,Point,29.267042658578145,-9.680433085189513,,
GEO_93E4C24881,EONET_9552,2024-08-04T19:00:00Z,Point,111.7138261719256,65.01680514396004,,
GEO_D5BB78F3AA,EONET_9553,2024-08-04T19:00:00Z,Point,-120.69483956202639,64.77384350077484,,
GEO_FC1AB0A00F,EONET_9554,2024-08-04T19:00:00Z,Point,-65.0737198040012,-13.516703422806973,,
GEO_46BC6BFAAB,EONET_9555,2024-08-04T19:00:00Z,Point,-117.20115108622176,44.85486741423762,,
GEO_5E6A7754A0,EONET_9556,2024-08-04T19:00:00Z,Point,-123.56573306318104,64.61426511657186,,
GEO_25C654401A,EONET_9696,2024-08-04T19:00:00Z,Point,-51.93524801465929,-13.695656864127756,,
GEO_5D5CA84E57,EONET_9697,2024-08-04T19:00:00Z,Point,26.528127303397333,-14.389113044808957,,
GEO_30A0020E17,EONET_9698,2024-08-04T19:00:00Z,Point,18.488270585993703,-9.514836713115448,,
GEO_BAF9C9606C,EONET_9699,2024-08-04T19:00:00Z,Point,25.455178322350836,-9.027972151377876,,
GEO_83C34F2922,EONET_9761,2024-08-04T19:00:00Z,Point,31.78819806416031,-12.73457032948339,,
GEO_9489E8C49E,EONET_9762,2024-08-04T19:00:00Z,Point,-125.00461580471541,65.27763147874036,,
GEO_45FD8AE34F,EONET_9763,2024-08-04T19:00:00Z,Point,-62.683280683658246,-12.519025194699214,,
GEO_985E12889A,EONET_9764,2024-08-04T19:00:00Z,Point,-55.09305059084417,-7.812994440620174,,
GEO_809D7DE871,EONET_9765,2024-08-04T19:00:00Z,Point,19.06415731966212,-10.720004237543892,,
GEO_1026A20A1B,EONET_9766,2024-08-04T19:00:00Z,Point,26.507091237795102,-14.1158251140945,,
GEO_4FE7E09890,EONET_9767,2024-08-04T19:00:00Z,Point,16.4418328234585,-10.689321487780031,,
GEO_9EEB1D823E,EONET_9768,2024-08-04T19:00:00Z,Point,22.030838742790756,-10.147951722139059,,
GEO_F0997BE541,EONET_9769,2024-08-04T19:00:00Z,Point,18.69138715437269,-8.025236069347994,,
GEO_5D199B8756,EONET_9770,2024-08-04T19:00:00Z,Point,18.907603905869728,-10.169825808703111,,
GEO_4A0FCA4E12,EONET_9771,2024-08-04T19:00:00Z,Point,16.89342035564635,-12.874484792810703,,
GEO_E9AAD15A3F,EONET_9772,2024-08-04T19:00:00Z,Point,18.87155885279979,-7.9298953992576875,,
GEO_EFD4C63949,EONET_9811,2024-08-04T19:00:00Z,Point,-117.3354277296681,60.422235664266836,,
GEO_51D097ABBF,EONET_9812,2024-08-04T19:00:00Z,Point,15.51840137565827,-15.1405487250781,,
GEO_F9B846BCD9,EONET_9813,2024-08-04T19:00:00Z,Point,16.458213195288046,-10.831274793133332,,
GEO_3F51ED0AD0,EONET_9814,2024-08-04T19:00:00Z,Point,-125.0429213757997,65.56013865761805,,
GEO_DE3110A194,EONET_9815,2024-08-04T19:00:00Z,Point,24.195521128620673,-13.35616890374431,,
GEO_518F95740D,EONET_9816,2024-08-04T19:00:00Z,Point,24.474655276921695,-8.680722613807973,,
GEO_3662D1A589,EONET_9817,2024-08-04T19:00:00Z,Point,24.139828536014964,-14.379034784578272,,
GEO_F6EE68B7FF,EONET_9818,2024-08-04T19:00:00Z,Point,19.234996813245086,-9.779666298450838,,
GEO_E133B2F780,EONET_9819,2024-08-04T19:00:00Z,Point,18.89972243591416,-8.87300699236297,,
GEO_233629646B,EONET_9854,2024-08-04T19:00:00Z,Point,-118.7236497998273,64.89154622835333,,
GEO_854890980C,EONET_9855,2024-08-04T19:00:00Z,Point,19.042156178521534,-10.15194515130268,,
GEO_61602FC878,EONET_9856,2024-08-04T19:00:00Z,Point,18.092108796367,-10.583121295725292,,
GEO_F4C1021C75,EONET_9857,2024-08-04T19:00:00Z,Point,18.8639807110071,-10.96369842012516,,
GEO_58CDC76B35,EONET_9858,2024-08-04T19:00:00Z,Point,17.96743345446735,-12.016776168704471,,
GEO_89A5C46F22,EONET_9859,2024-08-04T19:00:00Z,Point,17.92693578449188,-11.10705809539809,,
GEO_D3349AA1C9,EONET_9860,2024-08-04T19:00:00Z,Point,29.38872012575618,-11.608715994608719,,
GEO_09BC9B93B2,EONET_9861,2024-08-04T19:00:00Z,Point,-48.43635266282671,-9.893536694579284,,
GEO_CC01A5EF10,EONET_9862,2024-08-04T19:00:00Z,Point,24.27752605279076,-14.271985623896812,,
GEO_C98839382F,EONET_9489,2024-08-04T05:44:00Z,Point,-104.776944,45.344722,900.0,acres
GEO_4C5BF71080,EONET_9488,2024-08-03T20:33:00Z,Point,-106.040317,44.53965,7000.0,acres
GEO_7F1231A415,EONET_9444,2024-08-03T19:00:00Z,Point,-57.487369340493615,-20.310028676799234,,
GEO_42616EB130,EONET_9445,2024-08-03T19:00:00Z,Point,139.428796591869,-21.589417437328365,,
GEO_31FFB10326,EONET_9446,2024-08-03T19:00:00Z,Point,-46.96174106809628,-8.967197494855977,,
GEO_FD1B5C49B0,EONET_9495,2024-08-03T19:00:00Z,Point,-122.1311555103031,63.88849521359556,,
GEO_A75A461FBC,EONET_9496,2024-08-03T19:00:00Z,Point,-58.339923440422275,-20.240901187621432,,
GEO_AFB320B73D,EONET_9557,2024-08-03T19:00:00Z,Point,18.566386394147774,-9.88469368215734,,
GEO_C3E2BF440E,EONET_9558,2024-08-03T19:00:00Z,Point,20.980663471300435,-16.5952967683264,,
GEO_7927664B0B,EONET_9559,2024-08-03T19:00:00Z,Point,-58.07643676291552,-19.5174100696309,,
GEO_A99A815A75,EONET_9560,2024-08-03T19:00:00Z,Point,-122.3786750707699,63.91081379888196,,
GEO_E2CD0C638A,EONET_9561,2024-08-03T19:00:00Z,Point,-121.89404736374411,63.84939673958774,,
GEO_E202440563,EONET_9562,2024-08-03T19:00:00Z,Point,29.43273511289527,-10.030935100732732,,
GEO_05159BDC1E,EONET_9563,2024-08-03T19:00:00Z,Point,-120.32851000026014,64.53814144175459,,
GEO_6EA096BD33,EONET_9564,2024-08-03T19:00:00Z,Point,-56.59598346209846,-14.701049427648964,,
GEO_95423CE41A,EONET_9565,2024-08-03T19:00:00Z,Point,-63.55480201846033,-10.618628168408957,,
GEO_F10994C6B1,EONET_9566,2024-08-03T19:00:00Z,Point,-78.8656634890938,50.61309016479366,,
GEO_5D9D29819F,EONET_9700,2024-08-03T19:00:00Z,Point,-117.83818568920499,60.82965219565045,,
GEO_F5C4DDF280,EONET_9701,2024-08-03T19:00:00Z,Point,-52.04157080285729,-8.186366850316887,,
GEO_611BADE0AE,EONET_9702,2024-08-03T19:00:00Z,Point,20.865198847253282,-14.849551428304315,,
GEO_09AD53CAEC,EONET_9703,2024-08-03T19:00:00Z,Point,22.67713208515084,-10.939782249456778,,
GEO_FF729BB5A0,EONET_9704,2024-08-03T19:00:00Z,Point,-141.16252732802874,63.31159847359163,,
GEO_384C549699,EONET_9773,2024-08-03T19:00:00Z,Point,19.194138702327713,-9.511779783653134,,
GEO_9565838F44,EONET_9774,2024-08-03T19:00:00Z,Point,-119.21443935452335,65.07060868396894,,
GEO_81D4987D24,EONET_9775,2024-08-03T19:00:00Z,Point,-120.13849999145809,64.68108655336769,,
GEO_68217676AE,EONET_9863,2024-08-03T19:00:00Z,Point,-52.907215822732496,-15.456240488803772,,
GEO_DE6050C319,EONET_9864,2024-08-03T19:00:00Z,Point,15.891794654185219,-13.69933405962279,,
GEO_6F06FF79AF,EONET_9865,2024-08-03T19:00:00Z,Point,24.484841920593126,-12.497534287533338,,
GEO_CF1339EF7E,EONET_9866,2024-08-03T19:00:00Z,Point,21.146798428283642,-10.034442741164979,,
GEO_D4236CFD5F,EONET_9867,2024-08-03T19:00:00Z,Point,-109.48389148496126,61.21881145945796,,
GEO_B99941C590,EONET_9868,2024-08-03T19:00:00Z,Point,-57.84346709874452,-6.023320716529477,,
GEO_52FE4B9E19,EONET_9869,2024-08-03T19:00:00Z,Point,31.170180361394962,-13.532363514984855,,
GEO_A723F32730,EONET_9870,2024-08-03T19:00:00Z,Point,16.797162468870887,-10.924257417361456,,
GEO_441B6D7DEF,EONET_9871,2024-08-03T19:00:00Z,Point,-47.14764681894355,-9.19909491563748,,
GEO_AFFD0F715A,EONET_9872,2024-08-03T19:00:00Z,Point,16.7137092839786,-11.019606396279134,,
GEO_CCFFC7628B,EONET_9873,2024-08-03T19:00:00Z,Point,-63.486977080912204,-7.635188515791649,,
GEO_4089F1A2B1,EONET_9874,2024-08-03T19:00:00Z,Point,23.962897861580043,-14.640482032033134,,
GEO_766F2745BB,EONET_9875,2024-08-03T19:00:00Z,Point,18.971039461323844,-10.447504758963127,,
GEO_0468F4779C,EONET_9876,2024-08-03T19:00:00Z,Point,18.486583430388176,-9.267535306832958,,
GEO_45BAFE733A,EONET_9877,2024-08-03T19:00:00Z,Point,-110.78408389013337,61.171857166355785,,
GEO_C392DC752B,EONET_9487,2024-08-03T18:09:00Z,Point,-112.078335,34.180743,3100.0,acres
GEO_4EE9BB72BB,EONET_9486,2024-08-03T15:31:00Z,Point,-114.124883,43.349417,1143.0,acres
GEO_520456F2A4,EONET_9418,2024-08-02T19:00:00Z,Point,-51.253558745953164,-20.560464710559224,,
GEO_5AFF3BBD33,EONET_9419,2024-08-02T19:00:00Z,Point,-63.95952811145124,-13.722931601505374,,
GEO_B35B9F52E5,EONET_9447,2024-08-02T19:00:00Z,Point,-64.59642504856708,-13.801422673621486,,
GEO_79CA442F3C,EONET_9448,2024-08-02T19:00:00Z,Point,134.79103288955295,-20.271386073711117,,
GEO_423693E7BE,EONET_9497,2024-08-02T19:00:00Z,Point,-62.81870202293778,-13.771780725401602,,
GEO_15EF51272E,EONET_9498,2024-08-02T19:00:00Z,Point,-58.24666175027783,-13.650371744922582,,
GEO_6DB12C2905,EONET_9499,2024-08-02T19:00:00Z,Point,-57.11597673698177,-19.458856745901212,,
GEO_73C36A0474,EONET_9567,2024-08-02T19:00:00Z,Point,-44.966932231167455,-7.678521718397205,,
GEO_BD6A36FFA0,EONET_9568,2024-08-02T19:00:00Z,Point,29.54391521558027,-9.910834723162086,,
GEO_AE02B747E8,EONET_9569,2024-08-02T19:00:00Z,Point,126.68429969788555,-14.17767137371842,,
GEO_5C42AA52EC,EONET_9570,2024-08-02T19:00:00Z,Point,21.156618017553768,-17.55862792328518,,
GEO_840E02D5A8,EONET_9571,2024-08-02T19:00:00Z,Point,15.443108788759494,-15.423677757184038,,
GEO_896F0F6A1C,EONET_9705,2024-08-02T19:00:00Z,Point,23.287549915252594,-7.700945880478358,,
GEO_45DB37E341,EONET_9878,2024-08-02T19:00:00Z,Point,-60.024047218182055,-13.313876177514423,,
GEO_D0B599DFB1,EONET_9879,2024-08-02T19:00:00Z,Point,124.07873299198728,62.56510428016925,,
GEO_27D293AACC,EONET_9880,2024-08-02T19:00:00Z,Point,-123.24238691054586,62.34770062083837,,
GEO_5609914307,EONET_9881,2024-08-02T19:00:00Z,Point,-59.7444113943379,-6.952463093958484,,
GEO_BADD44E9A7,EONET_9882,2024-08-02T19:00:00Z,Point,29.576460727966236,-9.42830499409278,,
GEO_F80BAB9EE2,EONET_9883,2024-08-02T19:00:00Z,Point,-62.68597495194933,-8.41148116699507,,
GEO_09093CCC83,EONET_9884,2024-08-02T19:00:00Z,Point,16.820679983086215,-11.125907500831989,,
GEO_069CADDA36,EONET_9885,2024-08-02T19:00:00Z,Point,21.574112609695174,-14.91673295780997,,
GEO_E572FBADAE,EONET_9886,2024-08-02T19:00:00Z,Point,26.534967169905485,-14.112164959145465,,
GEO_C15240CAD3,EONET_9887,2024-08-02T19:00:00Z,Point,119.81657317633528,62.61993881759391,,
GEO_E099C0D5BB,EONET_9484,2024-08-02T08:28:00Z,Point,-105.109283,43.54125,14714.0,acres
GEO_4F7F1A046A,EONET_9679,2024-08-02T00:00:00Z,Point,129.714,29.638,,
GEO_AFBF4A563F,EONET_9379,2024-08-01T19:00:00Z,Point,24.403255546082974,-7.20246379502701,,
GEO_CCC04FF3A5,EONET_9380,2024-08-01T19:00:00Z,Point,-58.547626977260705,-21.185008674748733,,
GEO_6BC5C38796,EONET_9381,2024-08-01T19:00:00Z,Point,-58.29811652650574,-17.079887494734923,,
GEO_C43C11BCF8,EONET_9382,2024-08-01T19:00:00Z,Point,-57.40144762931869,-20.147245663713683,,
GEO_F31F40C5CB,EONET_9420,2024-08-01T19:00:00Z,Point,-105.09386300287392,43.54899826406204,,
GEO_CE67EADA03,EONET_9421,2024-08-01T19:00:00Z,Point,-58.34874529381932,-21.014538441049062,,
GEO_838E38A2DA,EONET_9422,2024-08-01T19:00:00Z,Point,-59.52060359976434,-17.620420379752577,,
GEO_A2FD1E613E,EONET_9449,2024-08-01T19:00:00Z,Point,-66.97974863629905,-29.46440237167865,,
GEO_C46C3F76C3,EONET_9450,2024-08-01T19:00:00Z,Point,-55.652396760570944,-7.284312762763447,,
GEO_B37B5701F7,EONET_9500,2024-08-01T19:00:00Z,Point,143.76768863328715,69.16740346794366,,
GEO_0332366701,EONET_9501,2024-08-01T19:00:00Z,Point,119.59242461521785,62.56863533662821,,
GEO_3AF5BD0B2F,EONET_9502,2024-08-01T19:00:00Z,Point,121.71269453319425,62.78704224290542,,
GEO_8F62C7FE23,EONET_9503,2024-08-01T19:00:00Z,Point,27.895764373667458,-3.505330443603028,,
GEO_223329B1A0,EONET_9572,2024-08-01T19:00:00Z,Point,16.75680923997757,-9.877769513661672,,
GEO_3383FB9857,EONET_9573,2024-08-01T19:00:00Z,Point,19.48851298987223,-10.617435562972442,,
GEO_3EAD696A74,EONET_9574,2024-08-01T19:00:00Z,Point,116.48278821754727,63.14698021486893,,
GEO_C35FA39B14,EONET_9575,2024-08-01T19:00:00Z,Point,16.701119725354975,-7.230902254623538,,
GEO_C6B997C884,EONET_9576,2024-08-01T19:00:00Z,Point,-53.62307640474064,-6.530895932741164,,
GEO_E70C5C0A58,EONET_9577,2024-08-01T19:00:00Z,Point,-120.55931770386428,64.58994491210714,,
GEO_E30C0A89AC,EONET_9578,2024-08-01T19:00:00Z,Point,30.120256916947174,-12.682368529726304,,
GEO_C62ABD6272,EONET_9579,2024-08-01T19:00:00Z,Point,119.3739291731317,62.43935477435402,,
GEO_D2C9CDE8E7,EONET_9580,2024-08-01T19:00:00Z,Point,25.189709965379844,-9.734253130709032,,
GEO_3CABA2B493,EONET_9581,2024-08-01T19:00:00Z,Point,17.325091111469348,-15.822986426060083,,
GEO_2FEBCEFBE4,EONET_9582,2024-08-01T19:00:00Z,Point,17.675103372033796,-6.921977552931593,,
GEO_7AE26DC50F,EONET_9583,2024-08-01T19:00:00Z,Point,38.364291627414616,-14.600518943992748,,
GEO_29930F94A7,EONET_9584,2024-08-01T19:00:00Z,Point,21.206799300320657,-17.4703138929551,,
GEO_5826FCA4BC,EONET_9585,2024-08-01T19:00:00Z,Point,-57.471877055185836,-20.30669319921972,,
GEO_2EA0D825D3,EONET_9586,2024-08-01T19:00:00Z,Point,38.303883508876424,-13.499783226584317,,
GEO_4EDC505832,EONET_9587,2024-08-01T19:00:00Z,Point,38.36599312993543,-11.450025802992132,,
GEO_C33ECC92FC,EONET_9588,2024-08-01T19:00:00Z,Point,26.403484455568297,-7.254522604012822,,
GEO_84077299C3,EONET_9888,2024-08-01T19:00:00Z,Point,36.152613000828275,-4.504958376606487,,
GEO_C4B8775BAF,EONET_9889,2024-08-01T19:00:00Z,Point,133.07461466018972,-12.192635041947426,,
GEO_291CE9AAA7,EONET_9890,2024-08-01T19:00:00Z,Point,119.79463179230639,62.72472692014396,,
GEO_6C5BD19970,EONET_9891,2024-08-01T19:00:00Z,Point,23.31090492884276,-11.352359102905288,,
GEO_75E8CC0974,EONET_9892,2024-08-01T19:00:00Z,Point,25.345252244963728,-9.5243482487211,,
GEO_8D637E46E0,EONET_9893,2024-08-01T19:00:00Z,Point,19.214922024211045,-9.425980783473106,,
GEO_65207880BA,EONET_9894,2024-08-01T19:00:00Z,Point,32.523740415540125,-7.314600248453332,,
GEO_9EDA3CE771,EONET_9895,2024-08-01T19:00:00Z,Point,29.505971495235773,-9.97849189519156,,
GEO_6CD1E6E016,EONET_9896,2024-08-01T19:00:00Z,Point,19.082323093113654,-9.597505811950054,,
GEO_4E4ADA3FF4,EONET_9897,2024-08-01T19:00:00Z,Point,-65.4058075390326,-9.02241160136988,,
GEO_1E6A5AA280,EONET_9898,2024-08-01T19:00:00Z,Point,15.701417278230355,-14.34171276042183,,
GEO_41FA994F1A,EONET_9899,2024-08-01T19:00:00Z,Point,-57.13936637374868,-9.245460597328199,,
GEO_E99E935903,EONET_9900,2024-08-01T19:00:00Z,Point,19.26034431010163,-10.450274598213245,,
GEO_B59E21AB8F,EONET_9483,2024-08-01T17:55:00Z,Point,-109.7807,43.2718,980.0,acres
GEO_D4509A55A0,EONET_9482,2024-08-01T14:54:00Z,Point,-108.455333,38.306667,3722.0,acres
GEO_F953526337,EONET_9202,2024-08-01T10:44:00Z,Point,-101.767224,40.111771,2750.0,acres
GEO_51FB9BE9A6,EONET_9207,2024-07-31T20:35:00Z,Point,-100.358348,34.11452,1000.0,acres
GEO_22F25A3E24,EONET_9228,2024-07-31T19:00:00Z,Point,-58.001674646095786,-20.789935213350304,,
GEO_7FB399D8DB,EONET_9342,2024-07-31T19:00:00Z,Point,-58.98915958334967,-22.371903120174366,,
GEO_C082FB2C4D,EONET_9343,2024-07-31T19:00:00Z,Point,-65.25354569749533,-12.280887432118051,,
GEO_2134308087,EONET_9344,2024-07-31T19:00:00Z,Point,-126.15148665691531,53.59906617782351,,
GEO_DD3EE50FF1,EONET_9383,2024-07-31T19:00:00Z,Point,-65.19985143636384,-14.423498485762137,,
GEO_FE92272397,EONET_9384,2024-07-31T19:00:00Z,Point,-56.2337897581477,-16.69349202347617,,
GEO_88FFA1EA87,EONET_9423,2024-07-31T19:00:00Z,Point,117.71031016362882,65.21068943021237,,
GEO_3AB3252639,EONET_9424,2024-07-31T19:00:00Z,Point,133.74769801091006,68.40562744278867,,
GEO_18A978270A,EONET_9425,2024-07-31T19:00:00Z,Point,121.55071072123246,63.35787199492384,,
GEO_41E79B3394,EONET_9451,2024-07-31T19:00:00Z,Point,-64.11783422261306,-13.483695011725981,,
GEO_6906BCD64D,EONET_9452,2024-07-31T19:00:00Z,Point,-53.52947838473876,-5.90150144350044,,
GEO_D7E94D289E,EONET_9453,2024-07-31T19:00:00Z,Point,135.36416398394397,69.36456513102222,,
GEO_38A6913DFA,EONET_9504,2024-07-31T19:00:00Z,Point,20.01444935254953,-9.788976767631983,,
GEO_836839E2B5,EONET_9505,2024-07-31T19:00:00Z,Point,-120.55590835069522,49.04894764506547,,
GEO_D24A09640F,EONET_9506,2024-07-31T19:00:00Z,Point,-50.917159413914014,-7.380118294359278,,
GEO_272DC6988F,EONET_9507,2024-07-31T19:00:00Z,Point,-125.94886694311334,53.353374801326744,,
GEO_59ACEFA454,EONET_9589,2024-07-31T19:00:00Z,Point,19.24316189679374,-4.175852432799081,,
GEO_626D020E80,EONET_9590,2024-07-31T19:00:00Z,Point,29.807605520784477,-9.355675855508917,,
GEO_75DBC3AED2,EONET_9591,2024-07-31T19:00:00Z,Point,29.44520425876936,-11.810168449915322,,
GEO_65B51D4D3D,EONET_9592,2024-07-31T19:00:00Z,Point,29.900862564791904,-9.417934822744053,,
GEO_BF8F080F9C,EONET_9593,2024-07-31T19:00:00Z,Point,29.21479502373248,-10.563416797011284,,
GEO_E1E0B4B62E,EONET_9594,2024-07-31T19:00:00Z,Point,-65.59832866067175,-9.300993186054828,,
GEO_1A083518D3,EONET_9595,2024-07-31T19:00:00Z,Point,29.022553681997948,-11.695763593613016,,
GEO_8C2E2A1AC6,EONET_9596,2024-07-31T19:00:00Z,Point,31.092264676081154,-6.874354917368627,,
GEO_FD420728A0,EONET_9597,2024-07-31T19:00:00Z,Point,15.869595652213029,-13.947803747172388,,
GEO_40E0BCDF06,EONET_9901,2024-07-31T19:00:00Z,Point,18.952072005975424,-9.341434316740493,,
GEO_2E1AD2487F,EONET_9902,2024-07-31T19:00:00Z,Point,38.508396937152035,-13.54531789368891,,
GEO_2AB9524FBB,EONET_9903,2024-07-31T19:00:00Z,Point,34.361662173364444,-8.251874893529209,,
GEO_60EDE4512D,EONET_9904,2024-07-31T19:00:00Z,Point,27.024025026790664,-3.7454008908539387,,
GEO_5ACAFD6AD0,EONET_9905,2024-07-31T19:00:00Z,Point,19.36987093051776,-4.533992625818876,,
GEO_FB6563D9C8,EONET_9906,2024-07-31T19:00:00Z,Point,16.66794918157926,-14.516725289908024,,
GEO_4DD6A14DA9,EONET_9907,2024-07-31T19:00:00Z,Point,27.075155515310968,-3.673599069071754,,
GEO_8FC252F115,EONET_9908,2024-07-31T19:00:00Z,Point,29.172642196705226,-9.875137525999627,,
GEO_228FDFB774,EONET_9909,2024-07-31T19:00:00Z,Point,-103.37457094196144,56.08729530169906,,
GEO_96C7F6E646,EONET_9910,2024-07-31T19:00:00Z,Point,18.566821114743234,-10.624272327525,,
GEO_9A1995B6F0,EONET_9911,2024-07-31T19:00:00Z,Point,-52.63404607406537,-6.997005503949712,,
GEO_A4A1107024,EONET_9912,2024-07-31T19:00:00Z,Point,-104.66248120168656,56.22511254625024,,
GEO_70C620A903,EONET_9913,2024-07-31T19:00:00Z,Point,-107.4200493865517,56.636960045822924,,
GEO_E5B9CF36D5,EONET_9199,2024-07-31T13:45:00Z,Point,-106.556484,45.326322,757.0,acres
GEO_68C0E2B419,EONET_9208,2024-07-30T23:32:00Z,Point,-105.64034,42.60495,1800.0,acres
GEO_64E1063F90,EONET_9147,2024-07-30T19:00:00Z,Point,134.80970818209812,-14.471020129339376,,
GEO_E5F3EA0F7F,EONET_9229,2024-07-30T19:00:00Z,Point,135.14461457248544,-14.252050951793866,,
GEO_1EE8700B9B,EONET_9230,2024-07-30T19:00:00Z,Point,-58.315818768639566,-21.19658552077188,,
GEO_DB8F172FED,EONET_9231,2024-07-30T19:00:00Z,Point,134.9833714741634,-20.246557346958355,,
GEO_5B91F95C7F,EONET_9232,2024-07-30T19:00:00Z,Point,-46.54494901483248,-7.605282020331432,,
GEO_C2CFD06338,EONET_9345,2024-07-30T19:00:00Z,Point,23.135866758899546,-8.831066335977836,,
GEO_7E8CCBFE9B,EONET_9346,2024-07-30T19:00:00Z,Point,21.98851705167855,-18.10506927480847,,
GEO_E04200A1F5,EONET_9347,2024-07-30T19:00:00Z,Point,-61.92076146640766,-16.03228113220552,,
GEO_623B516073,EONET_9348,2024-07-30T19:00:00Z,Point,-58.847136444303885,-18.700348862565292,,
GEO_99C67F604D,EONET_9349,2024-07-30T19:00:00Z,Point,-102.61393805330759,56.17873203380704,,
GEO_778979D631,EONET_9350,2024-07-30T19:00:00Z,Point,-65.66056259920201,-26.706400650146502,,
GEO_7B738C1E15,EONET_9385,2024-07-30T19:00:00Z,Point,39.009406888891355,-13.88105774010148,,
GEO_5F07B972B2,EONET_9386,2024-07-30T19:00:00Z,Point,25.610635209396502,-6.219175642146553,,
GEO_F843DB02F3,EONET_9426,2024-07-30T19:00:00Z,Point,124.23864025992049,63.57380579847822,,
GEO_7A2DAD837D,EONET_9454,2024-07-30T19:00:00Z,Point,-104.64982817315462,55.92584420978178,,
GEO_CD320FBE15,EONET_9508,2024-07-30T19:00:00Z,Point,19.683093257032294,-4.329112144317677,,
GEO_C81711E854,EONET_9509,2024-07-30T19:00:00Z,Point,117.50497008024377,60.5645700351705,,
GEO_63D3C85A61,EONET_9510,2024-07-30T19:00:00Z,Point,-60.560779960679334,-16.97228756796143,,
GEO_1ED6444186,EONET_9511,2024-07-30T19:00:00Z,Point,-58.51020750041789,-13.800465476123525,,
GEO_E57BEDFAF5,EONET_9512,2024-07-30T19:00:00Z,Point,-59.24608838297591,-14.709521278635547,,
GEO_1D157EECD6,EONET_9598,2024-07-30T19:00:00Z,Point,21.895328006514305,-9.236079954649412,,
GEO_C4C0DFB510,EONET_9599,2024-07-30T19:00:00Z,Point,28.683820758776015,-11.459498708087741,,
GEO_8B0DCE4F21,EONET_9600,2024-07-30T19:00:00Z,Point,39.125668713892345,-14.120397259971949,,
GEO_57C3CAB3B2,EONET_9601,2024-07-30T19:00:00Z,Point,38.80519739364289,-14.28656482552358,,
GEO_8674F11F07,EONET_9602,2024-07-30T19:00:00Z,Point,24.9072105410728,-6.619645881394686,,
GEO_A855FF36DC,EONET_9603,2024-07-30T19:00:00Z,Point,21.13842255939672,-9.907437383862407,,
GEO_97CDFA9294,EONET_9604,2024-07-30T19:00:00Z,Point,20.99838433813203,-6.396704605894818,,
GEO_3ABEA94EA2,EONET_9605,2024-07-30T19:00:00Z,Point,28.139270866191442,-12.314188231483294,,
GEO_2685706D59,EONET_9606,2024-07-30T19:00:00Z,Point,107.93916189848814,62.09066893216914,,
GEO_9E0EC39252,EONET_9607,2024-07-30T19:00:00Z,Point,28.98157509496287,-11.801314794568892,,
GEO_D24A75C059,EONET_9608,2024-07-30T19:00:00Z,Point,20.975299522536808,-17.132097731710456,,
GEO_719E15E635,EONET_9609,2024-07-30T19:00:00Z,Point,29.52814975615064,-10.373196919486665,,
GEO_44F5357ABA,EONET_9706,2024-07-30T19:00:00Z,Point,-118.18516405883948,60.7277149526081,,
GEO_8E8F33978F,EONET_9914,2024-07-30T19:00:00Z,Point,20.754010867306828,-16.594018327899924,,
GEO_8B039090AA,EONET_9915,2024-07-30T19:00:00Z,Point,-104.45537225365817,56.58592122459201,,
GEO_CE2EC1AC0D,EONET_9916,2024-07-30T19:00:00Z,Point,-105.36226057326733,55.742828226097046,,
GEO_33E9FDD022,EONET_9917,2024-07-30T19:00:00Z,Point,18.889406758008388,-10.401713232511995,,
GEO_119CCD236E,EONET_9918,2024-07-30T19:00:00Z,Point,16.42237179218169,-10.67595824882352,,
GEO_9E97E8BE56,EONET_9919,2024-07-30T19:00:00Z,Point,-118.07966757849614,60.83265812578328,,
GEO_E025AF74F6,EONET_9920,2024-07-30T19:00:00Z,Point,19.07418842765812,-8.8308281534011,,
GEO_122D8BCE5E,EONET_9921,2024-07-30T19:00:00Z,Point,24.47973387270126,-7.420736222770297,,
GEO_535E14AA9F,EONET_9922,2024-07-30T19:00:00Z,Point,16.356924559997378,-10.581991985931378,,
GEO_302FBFF852,EONET_9923,2024-07-30T19:00:00Z,Point,17.51462148506522,-10.832426845445818,,
GEO_7A77B79061,EONET_9924,2024-07-30T19:00:00Z,Point,30.35821347493799,-12.69459167205164,,
GEO_5EA5FEE7AF,EONET_9925,2024-07-30T19:00:00Z,Point,33.96998356781342,-6.9848330754222285,,
GEO_EAF33C83D3,EONET_9926,2024-07-30T19:00:00Z,Point,15.69610009635409,-14.023895422538155,,
GEO_8BEE1DB092,EONET_9927,2024-07-30T19:00:00Z,Point,16.702063972380575,-10.2629603797048,,
GEO_8E3C238DC0,EONET_9928,2024-07-30T19:00:00Z,Point,19.416885721530534,-9.979179628464939,,
GEO_8A7E440F6C,EONET_9929,2024-07-30T19:00:00Z,Point,27.633726207673288,-10.41261033790366,,
GEO_D13B2A5629,EONET_9930,2024-07-30T19:00:00Z,Point,107.63186144291974,63.485280962246534,,
GEO_3D66BF8374,EONET_9218,2024-07-30T17:29:00Z,Point,-104.725262,42.30821,28000.0,acres
GEO_C449556922,EONET_9200,2024-07-30T16:00:00Z,Point,-105.25445,40.225,1317.0,acres
GEO_5AE3C27853,EONET_9209,2024-07-30T15:48:00Z,Point,-120.295328,37.701128,3647.0,acres
GEO_CA3E595F8C,EONET_9221,2024-07-30T14:45:00Z,Point,-103.27766,45.375349,1498.2,acres
GEO_9D542F1303,EONET_9148,2024-07-29T19:00:00Z,Point,-64.35936405130487,-16.158190823512125,,
GEO_1805E16989,EONET_9233,2024-07-29T19:00:00Z,Point,-48.59982424157643,-21.90799934772746,,
GEO_C87CDC8624,EONET_9234,2024-07-29T19:00:00Z,Point,-64.41151895704934,-13.511715285490999,,
GEO_F20394269B,EONET_9235,2024-07-29T19:00:00Z,Point,-57.44376402709865,-18.19196770862733,,
GEO_0B3A186B8A,EONET_9236,2024-07-29T19:00:00Z,Point,134.98853166566062,-20.24111594729338,,
GEO_D82A25890A,EONET_9237,2024-07-29T19:00:00Z,Point,29.088518551702396,-10.360699745492035,,
GEO_14966F50E1,EONET_9351,2024-07-29T19:00:00Z,Point,132.06633363721917,-13.87967446546499,,
GEO_2176ADAE50,EONET_9352,2024-07-29T19:00:00Z,Point,17.144011685698374,-7.073964351349926,,
GEO_944CCB51EE,EONET_9353,2024-07-29T19:00:00Z,Point,21.079731873110315,-10.313587094838988,,
GEO_25A7BFFC07,EONET_9354,2024-07-29T19:00:00Z,Point,-65.56789150435046,-13.086049620219935,,
GEO_E817CC6010,EONET_9427,2024-07-29T19:00:00Z,Point,142.0020537986336,-15.232915218803129,,
GEO_5D8DAB74AC,EONET_9455,2024-07-29T19:00:00Z,Point,18.110411553230243,-7.45464070255079,,
GEO_0553C64B94,EONET_9513,2024-07-29T19:00:00Z,Point,32.75284106410255,-18.371796521584038,,
GEO_D003DA7260,EONET_9514,2024-07-29T19:00:00Z,Point,-55.74933671742559,-7.047117640870492,,
GEO_FC30C83CDD,EONET_9515,2024-07-29T19:00:00Z,Point,22.64326791585351,-5.577512915072182,,
GEO_DFDF728C67,EONET_9516,2024-07-29T19:00:00Z,Point,18.47437694272747,-4.306057044434208,,
GEO_1302418B9E,EONET_9610,2024-07-29T19:00:00Z,Point,142.49357382688908,-15.084445740343934,,
GEO_C44832B25A,EONET_9611,2024-07-29T19:00:00Z,Point,20.58168416210135,-18.6864189144325,,
GEO_F46B09FF3F,EONET_9612,2024-07-29T19:00:00Z,Point,106.88816539988399,63.58982170333802,,
GEO_22F5DFA427,EONET_9613,2024-07-29T19:00:00Z,Point,38.29421132229138,-13.479995330793255,,
GEO_ADB54553C3,EONET_9614,2024-07-29T19:00:00Z,Point,29.137146155465633,-10.268466257835609,,
GEO_56CC86FE33,EONET_9615,2024-07-29T19:00:00Z,Point,29.10527620297883,-10.774699713602276,,
GEO_5BA9338CC8,EONET_9616,2024-07-29T19:00:00Z,Point,28.77435866768841,-10.644044966612672,,
GEO_0B40049679,EONET_9707,2024-07-29T19:00:00Z,Point,-115.4768806458861,38.91006602023477,,
GEO_478ABE8752,EONET_9931,2024-07-29T19:00:00Z,Point,-55.9521326735278,-6.474544968446138,,
GEO_15049B6190,EONET_9932,2024-07-29T19:00:00Z,Point,23.072085180853264,-7.632243536369693,,
GEO_E7119EAD77,EONET_9933,2024-07-29T19:00:00Z,Point,19.067528444365006,-3.9660663747526463,,
GEO_863B5CAE77,EONET_9934,2024-07-29T19:00:00Z,Point,23.018605163453874,-17.965815063746735,,
GEO_2BEB691BA4,EONET_9935,2024-07-29T19:00:00Z,Point,19.155622969563115,-3.9806221382560705,,
GEO_7EFDC434FC,EONET_9936,2024-07-29T19:00:00Z,Point,18.398220983207644,-5.25210913691761,,
GEO_3A25E8CE13,EONET_9937,2024-07-29T19:00:00Z,Point,20.67514244480744,-5.77321737915906,,
GEO_68D37D25CB,EONET_9938,2024-07-29T19:00:00Z,Point,21.50365850999731,-5.536670245761795,,
GEO_FCB9BE3186,EONET_9939,2024-07-29T19:00:00Z,Point,17.7427820455842,-10.936037729984431,,
GEO_9B1AD565FA,EONET_9940,2024-07-29T19:00:00Z,Point,17.993275504451873,-5.016996909594721,,
GEO_BBD2629A89,EONET_9941,2024-07-29T19:00:00Z,Point,18.38108157556862,-5.522439877864069,,
GEO_A3C8838382,EONET_9942,2024-07-29T19:00:00Z,Point,16.984978406157154,-10.070924516724752,,
GEO_6C7F3EA005,EONET_9943,2024-07-29T19:00:00Z,Point,-104.16055142118395,55.78521811572436,,
GEO_4A04257D76,EONET_9944,2024-07-29T19:00:00Z,Point,-55.295419946036226,-6.610764090867887,,
GEO_F13457CE4B,EONET_9211,2024-07-29T17:24:00Z,Point,-117.54588,46.567746,14482.0,acres
GEO_90316D0B5F,EONET_9206,2024-07-29T15:31:00Z,Point,-116.779785,33.484957,5192.0,acres
GEO_BBFB1FCD72,EONET_9212,2024-07-29T13:39:00Z,Point,-105.2487,40.428533,7648.0,acres
GEO_40962F6D83,EONET_9115,2024-07-28T21:14:00Z,Point,-117.477149,44.547644,288690.0,acres
GEO_111230519C,EONET_9238,2024-07-28T19:00:00Z,Point,20.11577644898472,-9.11933853024955,,
GEO_D2F46D14D4,EONET_9239,2024-07-28T19:00:00Z,Point,125.90523789463512,-14.944721112915499,,
GEO_E9EDAB3A14,EONET_9240,2024-07-28T19:00:00Z,Point,21.998917114699417,41.9596084771214,,
GEO_AD07772FFF,EONET_9241,2024-07-28T19:00:00Z,Point,18.952406728068084,-7.668309341533271,,
GEO_F24A032F15,EONET_9242,2024-07-28T19:00:00Z,Point,19.440199904452,-8.759207504795729,,
GEO_2FC11AFC30,EONET_9243,2024-07-28T19:00:00Z,Point,-116.0487067029154,52.20110166595079,,
GEO_1688CDD6BC,EONET_9244,2024-07-28T19:00:00Z,Point,-105.27811652140721,40.445595716397456,,
GEO_66AA0F0D03,EONET_9245,2024-07-28T19:00:00Z,Point,21.83770722937296,-18.018154287065343,,
GEO_5B1AC1B31A,EONET_9355,2024-07-28T19:00:00Z,Point,28.992801141547133,-9.554381828077826,,
GEO_63AD131E92,EONET_9356,2024-07-28T19:00:00Z,Point,22.538692817284495,-9.809560556360902,,
GEO_E458B4EADD,EONET_9357,2024-07-28T19:00:00Z,Point,22.80009904907536,-10.074556043944854,,
GEO_A43CFB6D57,EONET_9387,2024-07-28T19:00:00Z,Point,24.434607372758297,-14.209623128766767,,
GEO_723344A041,EONET_9388,2024-07-28T19:00:00Z,Point,18.32486532148557,-7.463047567953317,,
GEO_7B09788888,EONET_9389,2024-07-28T19:00:00Z,Point,29.028921396184195,-12.282998971878216,,
GEO_35F85242CD,EONET_9390,2024-07-28T19:00:00Z,Point,-55.544761221385755,-8.028364282061366,,
GEO_4F81D68443,EONET_9391,2024-07-28T19:00:00Z,Point,34.27997013371802,-6.964546937428083,,
GEO_24FD99AC79,EONET_9392,2024-07-28T19:00:00Z,Point,-65.92692934640336,-12.867147341906744,,
GEO_BFF814AB51,EONET_9428,2024-07-28T19:00:00Z,Point,19.583935209566537,-6.130470653526782,,
GEO_60DE768160,EONET_9429,2024-07-28T19:00:00Z,Point,110.03307373856258,63.252736252514346,,
GEO_BCDD2DF930,EONET_9456,2024-07-28T19:00:00Z,Point,22.752950173185525,-3.903578826703432,,
GEO_7A6CE2D654,EONET_9457,2024-07-28T19:00:00Z,Point,19.500086540189553,-4.341808266588831,,
GEO_B674A9D8DF,EONET_9458,2024-07-28T19:00:00Z,Point,18.235952350374973,-7.595094157467239,,
GEO_7D1F1FE26B,EONET_9517,2024-07-28T19:00:00Z,Point,18.974042772729486,-4.19362813124088,,
GEO_F2313B5BCA,EONET_9518,2024-07-28T19:00:00Z,Point,-55.793238541255306,-7.030683902534504,,
GEO_D7187D90FA,EONET_9617,2024-07-28T19:00:00Z,Point,22.489161241941364,-9.468039742363478,,
GEO_7A47BD4FA2,EONET_9618,2024-07-28T19:00:00Z,Point,29.60686858573873,-10.24099662214428,,
GEO_EBF21F4FBC,EONET_9619,2024-07-28T19:00:00Z,Point,26.845048166165462,-7.3351928042610375,,
GEO_6267AC1840,EONET_9620,2024-07-28T19:00:00Z,Point,28.808868962258266,-11.31388225427191,,
GEO_B59B4FA4EE,EONET_9621,2024-07-28T19:00:00Z,Point,17.729768235929917,-7.048436693110779,,
GEO_641BD1D14C,EONET_9622,2024-07-28T19:00:00Z,Point,27.371067254808064,-3.6245658522761413,,
GEO_F83B085945,EONET_9623,2024-07-28T19:00:00Z,Point,132.10953764688247,-12.588714809573613,,
GEO_420F28B960,EONET_9624,2024-07-28T19:00:00Z,Point,16.651181792490817,-5.965037564131025,,
GEO_E34F2840EF,EONET_9625,2024-07-28T19:00:00Z,Point,130.5652833974398,-13.876593344588443,,
GEO_3E15156C9E,EONET_9626,2024-07-28T19:00:00Z,Point,-61.18837558302779,-7.874850308407988,,
GEO_9ADEAA8B2D,EONET_9708,2024-07-28T19:00:00Z,Point,-120.78770085475254,59.52825550727082,,
GEO_B3784944EF,EONET_9945,2024-07-28T19:00:00Z,Point,-56.599330532242455,-6.917258665995978,,
GEO_0EFF6CC958,EONET_9946,2024-07-28T19:00:00Z,Point,22.062214050005498,-6.614301397822239,,
GEO_9E71D4B8AA,EONET_9947,2024-07-28T19:00:00Z,Point,21.3416448107644,-4.945896231616165,,
GEO_B9EA9B4816,EONET_9948,2024-07-28T19:00:00Z,Point,20.052396267824186,-5.327335694428482,,
GEO_685D0F7589,EONET_9949,2024-07-28T19:00:00Z,Point,-58.319398025071976,-6.365549116670098,,
GEO_53A5AD31F1,EONET_9950,2024-07-28T19:00:00Z,Point,-60.92069876110295,-9.181896352976896,,
GEO_E80A1319F2,EONET_9951,2024-07-28T19:00:00Z,Point,-123.23852287034049,59.502777961626876,,
GEO_379BB69870,EONET_9952,2024-07-28T19:00:00Z,Point,18.96499768586349,-4.9878041717608825,,
GEO_6D3B86BA5E,EONET_9953,2024-07-28T19:00:00Z,Point,15.971581115979303,-13.726619815106737,,
GEO_EFBE062EE8,EONET_9954,2024-07-28T19:00:00Z,Point,-122.36213189426084,59.15281414662525,,
GEO_DEB8543040,EONET_9955,2024-07-28T19:00:00Z,Point,15.878641864180286,-14.02958995107352,,
GEO_07569DCFC0,EONET_9956,2024-07-28T19:00:00Z,Point,25.376636790296526,-8.9588422730504,,
GEO_B81514595A,EONET_9210,2024-07-28T18:53:00Z,Point,-118.847188,44.011552,624.0,acres
GEO_4CCFCD438E,EONET_9131,2024-07-28T15:16:00Z,Point,-81.2016667,27.2608333,716.0,acres
GEO_13925B8F03,EONET_9133,2024-07-27T23:28:00Z,Point,-117.3905556,45.2094444,565.0,acres
GEO_37FC3C7864,EONET_9214,2024-07-27T20:38:00Z,Point,-110.318194,33.380472,8284.0,acres
GEO_CE9418AB47,EONET_9126,2024-07-27T20:35:00Z,Point,-109.6768,45.74555,656.0,acres
GEO_0EC750EAC8,EONET_9143,2024-07-27T19:00:00Z,Point,-64.78316860243271,-13.640103793073948,,
GEO_15A3A855E4,EONET_9149,2024-07-27T19:00:00Z,Point,143.6659341828705,-15.883420764933007,,
GEO_988A6CC071,EONET_9150,2024-07-27T19:00:00Z,Point,-63.06823322130066,-6.7315466943583235,,
GEO_A314E1937E,EONET_9151,2024-07-27T19:00:00Z,Point,134.0792209473285,-20.041446307129807,,
GEO_B96C3C006B,EONET_9246,2024-07-27T19:00:00Z,Point,28.24649172266146,-26.495179488446905,,
GEO_CB0AF93CEF,EONET_9247,2024-07-27T19:00:00Z,Point,28.400767939140035,-11.320593318918938,,
GEO_5BD17FA2ED,EONET_9248,2024-07-27T19:00:00Z,Point,-57.02009985143978,-20.43683742363301,,
GEO_93FAC20521,EONET_9249,2024-07-27T19:00:00Z,Point,128.28568535306914,-16.695027175302386,,
GEO_047F3BF847,EONET_9250,2024-07-27T19:00:00Z,Point,-45.98220326179781,-10.419422382601594,,
GEO_9BC63D02EF,EONET_9251,2024-07-27T19:00:00Z,Point,27.110347936245944,-15.536217936427654,,
GEO_F1359A9C29,EONET_9252,2024-07-27T19:00:00Z,Point,-55.19646160503557,-19.387344322279752,,
GEO_43ADB0A5C9,EONET_9253,2024-07-27T19:00:00Z,Point,37.39927702252663,-14.783885673128799,,
GEO_0C67F26CDB,EONET_9254,2024-07-27T19:00:00Z,Point,26.983846994760945,-7.566410536738588,,
GEO_8A66451C94,EONET_9255,2024-07-27T19:00:00Z,Point,22.720077274570038,-18.179327232754297,,
GEO_6B341716FD,EONET_9256,2024-07-27T19:00:00Z,Point,33.94066359828099,-10.662742891742967,,
GEO_F400BFEEA0,EONET_9257,2024-07-27T19:00:00Z,Point,37.50015670762655,-12.6754865012101,,
GEO_977D1483CD,EONET_9258,2024-07-27T19:00:00Z,Point,29.982171653486787,-6.091024999566007,,
GEO_2F3F46D61B,EONET_9358,2024-07-27T19:00:00Z,Point,38.291031984497465,-14.620969370020223,,
GEO_2BC093E191,EONET_9393,2024-07-27T19:00:00Z,Point,18.850362055725874,-16.478843409277808,,
GEO_798CA57615,EONET_9394,2024-07-27T19:00:00Z,Point,30.39606055592581,-12.26057127340072,,
GEO_392AD2E5C3,EONET_9430,2024-07-27T19:00:00Z,Point,-58.97229068463945,-6.61992024895895,,
GEO_9E8689008A,EONET_9431,2024-07-27T19:00:00Z,Point,-51.60440240707599,-7.7201012907019875,,
GEO_F2B7AAC306,EONET_9432,2024-07-27T19:00:00Z,Point,133.87562255388931,-13.587673512498464,,
GEO_2E0A3EB6C0,EONET_9433,2024-07-27T19:00:00Z,Point,29.9886607759109,-8.758449244246345,,
GEO_53E731739F,EONET_9459,2024-07-27T19:00:00Z,Point,28.532211298689198,-12.572091976499408,,
GEO_F1A4D3CA0E,EONET_9460,2024-07-27T19:00:00Z,Point,-55.328350424140645,-8.530207036484535,,
GEO_ED5CA911B4,EONET_9461,2024-07-27T19:00:00Z,Point,-55.61446769673617,-6.455235925781061,,
GEO_EDD9D5D24A,EONET_9627,2024-07-27T19:00:00Z,Point,108.5926102755441,63.404940363366414,,
GEO_85B43ACA87,EONET_9628,2024-07-27T19:00:00Z,Point,108.68035363464574,63.53444707411249,,
GEO_452D7890E8,EONET_9629,2024-07-27T19:00:00Z,Point,-59.04213548472045,-6.967298308161235,,
GEO_D00BF17DCA,EONET_9630,2024-07-27T19:00:00Z,Point,136.93777722885056,-16.321204151723204,,
GEO_C8029FAA37,EONET_9631,2024-07-27T19:00:00Z,Point,18.000425646365517,-7.347438641398743,,
GEO_B0D1BBD580,EONET_9632,2024-07-27T19:00:00Z,Point,22.337887858951696,-17.467436895457027,,
GEO_99580000AE,EONET_9633,2024-07-27T19:00:00Z,Point,16.19291082412506,-6.1975126403730805,,
GEO_12C6E85B35,EONET_9634,2024-07-27T19:00:00Z,Point,29.334148679554435,-11.439211721432523,,
GEO_92A94009C6,EONET_9957,2024-07-27T19:00:00Z,Point,21.925922969338583,-5.289321932980483,,
GEO_2112B24518,EONET_9958,2024-07-27T19:00:00Z,Point,19.2113892081432,-4.0383780087127,,
GEO_F671D25F6E,EONET_9959,2024-07-27T19:00:00Z,Point,38.711605777395114,-14.240874878618575,,
GEO_A6D0606CCC,EONET_9960,2024-07-27T19:00:00Z,Point,-57.19663523662689,-17.711270072097843,,
GEO_5511109FAE,EONET_9109,2024-07-27T11:57:00Z,Point,-117.600113,45.66383,752.0,acres
GEO_C3DD7DBE09,EONET_9216,2024-07-27T10:28:00Z,Point,-115.782938,47.131229,550.0,acres
GEO_103CC0CBAF,EONET_9114,2024-07-26T22:13:00Z,Point,-110.260556,33.433139,5950.0,acres
GEO_41718D8C95,EONET_9128,2024-07-26T20:45:00Z,Point,-113.222472,38.062889,731.0,acres
GEO_A623610864,EONET_9082,2024-07-26T19:00:00Z,Point,-58.05496308493114,-19.905332220065613,,
GEO_27E1F22E3B,EONET_9088,2024-07-26T19:00:00Z,Point,-59.9395513038944,-6.125770317323248,,
GEO_D81B4FE0BD,EONET_9139,2024-07-26T19:00:00Z,Point,-58.886925604333925,-6.604833746003706,,
GEO_36A5D14E75,EONET_9152,2024-07-26T19:00:00Z,Point,-58.69810978096185,-6.748473726660456,,
GEO_B9DD39FE0D,EONET_9153,2024-07-26T19:00:00Z,Point,18.3115237066397,-16.723991505784955,,
GEO_3DB2E289A5,EONET_9154,2024-07-26T19:00:00Z,Point,-64.78847751544191,-13.628062516139094,,
GEO_9D009A7D4D,EONET_9155,2024-07-26T19:00:00Z,Point,-47.269090319303686,-8.36180010936205,,
GEO_0728E2ABED,EONET_9156,2024-07-26T19:00:00Z,Point,21.35724271180776,-17.162735927961947,,
GEO_30ED445206,EONET_9157,2024-07-26T19:00:00Z,Point,37.858454708959286,-14.570565556637854,,
GEO_721A8C1316,EONET_9158,2024-07-26T19:00:00Z,Point,28.57682550345513,-24.263664048107493,,
GEO_E517FD9573,EONET_9159,2024-07-26T19:00:00Z,Point,14.954931879512003,-15.376107023290428,,
GEO_14DA30E7F9,EONET_9259,2024-07-26T19:00:00Z,Point,-111.54765674323441,33.77531118126295,,
GEO_8E4AE61962,EONET_9260,2024-07-26T19:00:00Z,Point,20.8557052620561,-10.004869815847751,,
GEO_CC8A53B0CE,EONET_9261,2024-07-26T19:00:00Z,Point,16.14278329979427,-3.899472009289764,,
GEO_BCB41AC641,EONET_9262,2024-07-26T19:00:00Z,Point,22.86251651170118,-18.15078887065949,,
GEO_09CA773856,EONET_9263,2024-07-26T19:00:00Z,Point,33.838503643871185,-6.958575225360857,,
GEO_D0D3D101A4,EONET_9264,2024-07-26T19:00:00Z,Point,28.804207371878483,-10.099438732982682,,
GEO_3FF8E4FDEA,EONET_9265,2024-07-26T19:00:00Z,Point,29.266146503378433,-9.857655668190038,,
GEO_458ABDBE79,EONET_9266,2024-07-26T19:00:00Z,Point,24.910790755930805,-8.337574246721621,,
GEO_591C481587,EONET_9267,2024-07-26T19:00:00Z,Point,39.356609993403865,-13.692912776756064,,
GEO_FF9AB206AB,EONET_9268,2024-07-26T19:00:00Z,Point,-65.11674213240647,-14.094329137007549,,
GEO_F884B4D99D,EONET_9269,2024-07-26T19:00:00Z,Point,-56.95107250710603,-20.743546551577158,,
GEO_C3A65D146A,EONET_9270,2024-07-26T19:00:00Z,Point,144.44580329486286,-16.30028426281509,,
GEO_402D69D374,EONET_9271,2024-07-26T19:00:00Z,Point,-46.62852706018405,-10.426238865595527,,
GEO_5F6FAE8C47,EONET_9359,2024-07-26T19:00:00Z,Point,19.923043739587442,-5.830883844014188,,
GEO_73B18DF3A4,EONET_9360,2024-07-26T19:00:00Z,Point,-57.09620868026154,-18.521393318065556,,
GEO_7307E9DFDB,EONET_9361,2024-07-26T19:00:00Z,Point,-56.92971743926439,-20.59759599302228,,
GEO_7C5474AA82,EONET_9362,2024-07-26T19:00:00Z,Point,132.67848554482146,-13.135538245020696,,
GEO_AC20A9A758,EONET_9363,2024-07-26T19:00:00Z,Point,-50.97580418964992,-7.488831905436084,,
GEO_B19CA32E0C,EONET_9395,2024-07-26T19:00:00Z,Point,-57.42162331057457,-19.465459141885688,,
GEO_EBDF16B3CE,EONET_9396,2024-07-26T19:00:00Z,Point,21.143823235289812,-5.883327164726004,,
GEO_2C9181AFBA,EONET_9397,2024-07-26T19:00:00Z,Point,22.10947807898917,-5.304232337105059,,
GEO_3663284D6F,EONET_9398,2024-07-26T19:00:00Z,Point,-56.95060373750687,-20.579245733682647,,
GEO_D46B874BB1,EONET_9399,2024-07-26T19:00:00Z,Point,-46.1605225333911,-8.267005460569186,,
GEO_59CE47B1D5,EONET_9434,2024-07-26T19:00:00Z,Point,-55.661506738444174,-6.770285330720872,,
GEO_D4603F5A5C,EONET_9435,2024-07-26T19:00:00Z,Point,21.23607589402177,-5.703201229057342,,
GEO_53E057A496,EONET_9462,2024-07-26T19:00:00Z,Point,18.622716055075767,-5.139023170849547,,
GEO_BA5935BE91,EONET_9463,2024-07-26T19:00:00Z,Point,20.952719674486456,-5.558894708978121,,
GEO_776BD26E3D,EONET_9464,2024-07-26T19:00:00Z,Point,19.129581787573688,-4.9218275630138235,,
GEO_D5AEDB3067,EONET_9465,2024-07-26T19:00:00Z,Point,20.736779562340075,-4.4229018571943355,,
GEO_A454912C04,EONET_9466,2024-07-26T19:00:00Z,Point,21.278010110182393,-5.001555723281892,,
GEO_249CACB898,EONET_9467,2024-07-26T19:00:00Z,Point,-48.41655756834624,-11.112411172373745,,
GEO_134BE11190,EONET_9519,2024-07-26T19:00:00Z,Point,21.539109297249126,-5.932543148877013,,
GEO_6867DC0F4B,EONET_9520,2024-07-26T19:00:00Z,Point,19.85391303059512,-4.7632010349992635,,
GEO_011F39CD04,EONET_9521,2024-07-26T19:00:00Z,Point,-65.24160740923703,-12.304434241724035,,
GEO_0EE5DC9C0E,EONET_9635,2024-07-26T19:00:00Z,Point,28.807364055414034,-11.453054339259447,,
GEO_FBD7681FD6,EONET_9636,2024-07-26T19:00:00Z,Point,28.369923386272976,-11.423680040868657,,
GEO_B1438E53B4,EONET_9637,2024-07-26T19:00:00Z,Point,21.868146679416025,-17.683530795398024,,
GEO_6A1DDFA34C,EONET_9638,2024-07-26T19:00:00Z,Point,22.495971372129077,-4.875418561049499,,
GEO_9344AF05D1,EONET_9639,2024-07-26T19:00:00Z,Point,21.193107405183945,-4.65064316348341,,
GEO_9E009D5E76,EONET_9640,2024-07-26T19:00:00Z,Point,20.071226476546464,-5.4694917480779255,,
GEO_2B12014075,EONET_9641,2024-07-26T19:00:00Z,Point,21.26064429447147,-4.9685123261762545,,
GEO_6BF23F87A5,EONET_9642,2024-07-26T19:00:00Z,Point,18.87111866135318,-4.475662337106918,,
GEO_051BECD3EF,EONET_9643,2024-07-26T19:00:00Z,Point,18.955888667290896,-4.464419926753112,,
GEO_AC0E0D095D,EONET_9644,2024-07-26T19:00:00Z,Point,18.31373524699757,-5.636579680385676,,
GEO_1755308B30,EONET_9645,2024-07-26T19:00:00Z,Point,22.05999751295158,-6.066782929036178,,
GEO_7CB29C7280,EONET_9646,2024-07-26T19:00:00Z,Point,-57.05100750922049,-20.418558907967714,,
GEO_3BDCE01D2F,EONET_9647,2024-07-26T19:00:00Z,Point,-59.612934775762504,-10.304267869992698,,
GEO_239A3BB5F7,EONET_9648,2024-07-26T19:00:00Z,Point,17.971717377070576,-4.744724088396171,,
GEO_C8D331F957,EONET_9105,2024-07-26T18:57:00Z,Point,-121.82845,37.5145,744.0,acres
GEO_D7F8432912,EONET_9132,2024-07-26T15:25:00Z,Point,-111.594967,33.75945,27390.0,acres
GEO_6AAE64B1EA,EONET_9201,2024-07-26T15:00:00Z,Point,-113.111167,45.690333,800.0,acres
GEO_5D1BA329F0,EONET_9116,2024-07-25T23:18:00Z,Point,-114.826202,46.205573,7000.0,acres
GEO_B74965B01D,EONET_9123,2024-07-25T22:05:00Z,Point,-116.724604,45.898635,677.0,acres
GEO_8B0F4D195B,EONET_9102,2024-07-25T20:36:00Z,Point,-116.6813,45.258417,1102.0,acres
GEO_8589DDF502,EONET_9144,2024-07-25T19:00:00Z,Point,-59.600486659635386,-6.938044352807531,,
GEO_A665F15716,EONET_9160,2024-07-25T19:00:00Z,Point,23.95952884543711,-13.232211190081799,,
GEO_E2FF9F2A1F,EONET_9161,2024-07-25T19:00:00Z,Point,19.289673485637525,-17.207834317603087,,
GEO_4162FBC346,EONET_9162,2024-07-25T19:00:00Z,Point,-59.956946208082265,-16.32733506051403,,
GEO_276351F4DA,EONET_9163,2024-07-25T19:00:00Z,Point,-116.77489492685909,45.048498580657565,,
GEO_A2B0764E30,EONET_9164,2024-07-25T19:00:00Z,Point,122.66815103847095,-18.63285374681312,,
GEO_16FA0A0A95,EONET_9272,2024-07-25T19:00:00Z,Point,-58.70138446131275,-6.7661624383428824,,
GEO_2B63097F4B,EONET_9273,2024-07-25T19:00:00Z,Point,122.86319066150492,-18.560402298644778,,
GEO_C4B8CA92F5,EONET_9274,2024-07-25T19:00:00Z,Point,38.72543901187369,-12.987641608030113,,
GEO_96A696F0A3,EONET_9275,2024-07-25T19:00:00Z,Point,38.86901899861545,-14.19089217029891,,
GEO_83B23FFF6E,EONET_9276,2024-07-25T19:00:00Z,Point,37.935719093228926,-14.739272633132103,,
GEO_1B5E72003E,EONET_9277,2024-07-25T19:00:00Z,Point,28.81906513363734,-30.452021386977524,,
GEO_5C47E2E737,EONET_9278,2024-07-25T19:00:00Z,Point,16.6392043752213,-10.120070068176474,,
GEO_8B3A1C8F46,EONET_9279,2024-07-25T19:00:00Z,Point,122.72587128066952,-18.469469234776884,,
GEO_58553E6310,EONET_9280,2024-07-25T19:00:00Z,Point,30.29998837331911,-14.436779326443501,,
GEO_7B1D4455E6,EONET_9364,2024-07-25T19:00:00Z,Point,-59.94706020121841,-6.808580455829713,,
GEO_910CD3D9D3,EONET_9365,2024-07-25T19:00:00Z,Point,-62.85630290961463,-16.197306722563184,,
GEO_E48B531E50,EONET_9366,2024-07-25T19:00:00Z,Point,18.873496589557345,-4.677901658200485,,
GEO_E8B5F75573,EONET_9367,2024-07-25T19:00:00Z,Point,19.276486119373605,-4.748215503473854,,
GEO_99B2340DF0,EONET_9400,2024-07-25T19:00:00Z,Point,21.82505247066929,-6.049037504838702,,
GEO_43F5BC5217,EONET_9401,2024-07-25T19:00:00Z,Point,21.158078338787806,-5.459182467355275,,
GEO_6D934DD238,EONET_9402,2024-07-25T19:00:00Z,Point,19.64585513304896,-5.167340925626055,,
GEO_4E3E6605BD,EONET_9403,2024-07-25T19:00:00Z,Point,21.933733770613753,-6.112381722507681,,
GEO_8304C61D5F,EONET_9404,2024-07-25T19:00:00Z,Point,27.692412710193228,-3.5502746288132627,,
GEO_B06048705F,EONET_9468,2024-07-25T19:00:00Z,Point,-62.11244388427098,-15.867336556614672,,
GEO_D74E9C5914,EONET_9469,2024-07-25T19:00:00Z,Point,20.849038319300192,-6.18249244556359,,
GEO_7AE4C040C1,EONET_9470,2024-07-25T19:00:00Z,Point,18.770466905445335,-4.63382976971371,,
GEO_F5BC544E05,EONET_9471,2024-07-25T19:00:00Z,Point,37.315618089191396,-14.51314920968792,,
GEO_B39961894A,EONET_9472,2024-07-25T19:00:00Z,Point,18.51051463878359,-5.423186006891143,,
GEO_0D644B2B8D,EONET_9522,2024-07-25T19:00:00Z,Point,19.69298348932342,-6.036618310374772,,
GEO_7CB8646751,EONET_9649,2024-07-25T19:00:00Z,Point,39.34131868813508,-16.24358855557007,,
GEO_41ECA1C7FD,EONET_9650,2024-07-25T19:00:00Z,Point,19.74280698443837,-4.525007605224149,,
GEO_A2341A602D,EONET_9651,2024-07-25T19:00:00Z,Point,29.07300783288243,-15.768094000211219,,
GEO_5236EEF4E7,EONET_9652,2024-07-25T19:00:00Z,Point,19.105659600588787,-3.8358257001547154,,
GEO_2195E076DD,EONET_9653,2024-07-25T19:00:00Z,Point,18.36638571550579,-5.385842481986295,,
GEO_A137FCA821,EONET_9654,2024-07-25T19:00:00Z,Point,37.8830591903802,-14.614970151739742,,
GEO_F8E0B942E9,EONET_9655,2024-07-25T19:00:00Z,Point,27.881059300961255,-3.3175323033989916,,
GEO_51040FC158,EONET_9656,2024-07-25T19:00:00Z,Point,20.97525125844591,-16.936379039925388,,
GEO_4460F6E45D,EONET_9657,2024-07-25T19:00:00Z,Point,17.937760862332933,-5.209022865998725,,
GEO_D14C2911ED,EONET_9658,2024-07-25T19:00:00Z,Point,29.358184771227606,-11.775700580814412,,
GEO_FEB971D025,EONET_9137,2024-07-25T17:55:00Z,Point,-116.740833,46.492167,2000.0,acres
GEO_336C8FC13D,EONET_9136,2024-07-25T17:34:00Z,Point,-108.612778,48.3975,3968.0,acres
GEO_63CB15362B,EONET_9018,2024-07-25T14:13:00Z,Point,-119.44245,43.9092,4212.0,acres
GEO_E0121E2583,EONET_9129,2024-07-25T14:12:00Z,Point,-119.286715,44.039918,4927.0,acres
GEO_1F8CA3E8FA,EONET_9037,2024-07-25T02:19:00Z,Point,-118.4971667,43.5858333,556.0,acres
GEO_2D5FB26A0A,EONET_9104,2024-07-25T00:15:00Z,Point,-116.751,45.0755,18734.0,acres
GEO_1AA76789C6,EONET_9127,2024-07-24T23:38:00Z,Point,-114.010167,45.03505,2474.0,acres
GEO_50E8288B48,EONET_9033,2024-07-24T23:37:00Z,Point,-117.609275,43.197097,98855.0,acres
GEO_38A932F203,EONET_9213,2024-07-24T22:27:00Z,Point,-116.112,44.37775,554.0,acres
GEO_468FD35A5F,EONET_9106,2024-07-24T21:49:00Z,Point,-116.210333,44.602833,909.0,acres
GEO_3FE0570ABD,EONET_9120,2024-07-24T21:48:00Z,Point,-116.75343,46.53264,28805.0,acres
GEO_5418DB322C,EONET_9125,2024-07-24T21:47:00Z,Point,-111.182167,33.401,1424.0,acres
GEO_CDDF57AF8C,EONET_9062,2024-07-24T19:00:00Z,Point,-121.80783449839355,39.935796054498894,,
GEO_F542298C96,EONET_9083,2024-07-24T19:00:00Z,Point,-118.56289658898567,35.498160013395896,,
GEO_0073BC7034,EONET_9145,2024-07-24T19:00:00Z,Point,-59.21781690522753,-16.44722679799136,,
GEO_B75CEC4FED,EONET_9165,2024-07-24T19:00:00Z,Point,34.670446855205526,-7.309841565182368,,
GEO_E446F34920,EONET_9166,2024-07-24T19:00:00Z,Point,34.478432973241205,-7.488778999509711,,
GEO_2104E1C460,EONET_9167,2024-07-24T19:00:00Z,Point,21.46306533484876,-6.314299595983114,,
GEO_9145424118,EONET_9168,2024-07-24T19:00:00Z,Point,116.77077797171684,55.31949936393091,,
GEO_62B02EFA8A,EONET_9169,2024-07-24T19:00:00Z,Point,34.061094967380456,-15.551351662712518,,
GEO_32DCE8F207,EONET_9281,2024-07-24T19:00:00Z,Point,30.831740261694602,-13.737219483452535,,
GEO_287FF21825,EONET_9282,2024-07-24T19:00:00Z,Point,121.87241671383,-21.491821700233874,,
GEO_0472D261AF,EONET_9283,2024-07-24T19:00:00Z,Point,30.997229173559905,-9.006537500574595,,
GEO_78A717DCA4,EONET_9284,2024-07-24T19:00:00Z,Point,27.993853169984078,-19.407635003706353,,
GEO_B4E18DC64C,EONET_9285,2024-07-24T19:00:00Z,Point,-63.90792470867718,-14.165684094885869,,
GEO_7FEFFC99E1,EONET_9286,2024-07-24T19:00:00Z,Point,38.66047469231436,-14.306256964394507,,
GEO_B6CA20CEBF,EONET_9287,2024-07-24T19:00:00Z,Point,26.604485386899306,-12.895954256584497,,
GEO_4CB2E59881,EONET_9288,2024-07-24T19:00:00Z,Point,19.620322688702018,-10.094914854802658,,
GEO_8974C933F4,EONET_9289,2024-07-24T19:00:00Z,Point,-115.67954985950647,50.55502530091625,,
GEO_1292334B44,EONET_9290,2024-07-24T19:00:00Z,Point,-62.44206019802829,-16.481926013749142,,
GEO_8BB4B2EEC4,EONET_9368,2024-07-24T19:00:00Z,Point,28.974248033877753,-9.418292320762209,,
GEO_FE7636688A,EONET_9405,2024-07-24T19:00:00Z,Point,21.773620193549178,-5.774805134075796,,
GEO_4C797DBF84,EONET_9436,2024-07-24T19:00:00Z,Point,-65.04836558743075,-13.244882817469078,,
GEO_33D32CD461,EONET_9473,2024-07-24T19:00:00Z,Point,21.158268964470153,-6.22520306852142,,
GEO_54F853CEE6,EONET_9474,2024-07-24T19:00:00Z,Point,19.868920117169626,-5.414338290291701,,
GEO_F73855DA10,EONET_9475,2024-07-24T19:00:00Z,Point,18.588186922263322,-4.0501967422088265,,
GEO_0F194454BC,EONET_9476,2024-07-24T19:00:00Z,Point,-58.945343411052555,-6.863429261839925,,
GEO_CCBC892D9F,EONET_9523,2024-07-24T19:00:00Z,Point,21.657560795589305,-6.673808648166776,,
GEO_057B1E1ACB,EONET_9524,2024-07-24T19:00:00Z,Point,21.39805809028983,-4.727853662568414,,
GEO_03700092B3,EONET_9659,2024-07-24T19:00:00Z,Point,18.589958850769147,-4.316438851111742,,
GEO_9A7A06A601,EONET_9660,2024-07-24T19:00:00Z,Point,21.443914056760917,-3.431103506959314,,
GEO_4C9BDA1DED,EONET_9661,2024-07-24T19:00:00Z,Point,24.380796415403793,-5.9820566799695625,,
GEO_30683437E2,EONET_9662,2024-07-24T19:00:00Z,Point,19.77951356699937,-5.889158713319747,,
GEO_EFC0A5877C,EONET_9663,2024-07-24T19:00:00Z,Point,18.39338097926817,-4.11402098302114,,
GEO_5C5EAA3D97,EONET_9664,2024-07-24T19:00:00Z,Point,19.24345249964744,-4.270387052440566,,
GEO_7093B2C2B5,EONET_9665,2024-07-24T19:00:00Z,Point,29.65351747917437,-10.114437717874145,,
GEO_22FEC9ACC9,EONET_9666,2024-07-24T19:00:00Z,Point,-57.014490868542644,-20.672208929745388,,
GEO_B13E24882E,EONET_9667,2024-07-24T19:00:00Z,Point,29.14724425571535,-11.7106288297172,,
GEO_1CA080A931,EONET_9121,2024-07-24T18:08:00Z,Point,-106.765095,44.963644,8028.0,acres
GEO_9B4BF8E0FE,EONET_9035,2024-07-24T17:53:00Z,Point,-121.802601,39.818579,45550.0,acres
GEO_EE9275401A,EONET_9107,2024-07-24T16:16:00Z,Point,-118.6837,35.515133,50126.0,acres
GEO_ED7C9DEE57,EONET_9019,2024-07-24T16:13:00Z,Point,-116.741601,33.409448,900.0,acres
GEO_07A6D8DCC0,EONET_9020,2024-07-24T15:51:00Z,Point,-119.738017,40.77735,16251.0,acres
GEO_635C01297F,EONET_9049,2024-07-24T13:38:00Z,Point,-122.757367,43.557383,974.0,acres
GEO_129BC30726,EONET_9032,2024-07-24T01:47:00Z,Point,-118.49725,43.58575,556.0,acres
GEO_6C4C0599B7,EONET_9034,2024-07-23T21:34:00Z,Point,-119.409,34.7557,1500.0,acres
GEO_1E414CD9DD,EONET_9048,2024-07-23T20:50:00Z,Point,-120.16455,44.007775,1581.0,acres
GEO_9185500BAC,EONET_9023,2024-07-23T19:35:00Z,Point,-120.991717,46.670833,31514.0,acres
GEO_6FDC376DD0,EONET_9071,2024-07-23T19:00:00Z,Point,-120.95688852061008,46.677680875737884,,
GEO_D9F69232E3,EONET_9084,2024-07-23T19:00:00Z,Point,110.88763789953822,54.54838000439377,,
GEO_D3D3D3B9B0,EONET_9170,2024-07-23T19:00:00Z,Point,20.28095312436619,-18.51611423846146,,
GEO_C367548462,EONET_9171,2024-07-23T19:00:00Z,Point,34.293714054632005,-7.556063784027777,,
GEO_9E56734BE5,EONET_9172,2024-07-23T19:00:00Z,Point,30.28491367569415,-9.337183117522146,,
GEO_5E3F5F3897,EONET_9173,2024-07-23T19:00:00Z,Point,29.359052563259723,-10.40400472886516,,
GEO_DF61B0AAB2,EONET_9174,2024-07-23T19:00:00Z,Point,29.192711552731158,-10.40197016410954,,
GEO_DE08A8CB82,EONET_9175,2024-07-23T19:00:00Z,Point,-56.05880286940685,-15.326538223307601,,
GEO_A607F9E94E,EONET_9291,2024-07-23T19:00:00Z,Point,116.21883478666504,55.07170926608336,,
GEO_595C8571FF,EONET_9292,2024-07-23T19:00:00Z,Point,18.660291468253124,-14.016218900577288,,
GEO_1B07AEB958,EONET_9293,2024-07-23T19:00:00Z,Point,117.19565208567087,53.99986853123165,,
GEO_AE19CBAB52,EONET_9294,2024-07-23T19:00:00Z,Point,21.84081598407625,-9.421150387532697,,
GEO_068DCC511B,EONET_9295,2024-07-23T19:00:00Z,Point,19.000667315678193,-5.045085320943413,,
GEO_0EB2CA2E3D,EONET_9296,2024-07-23T19:00:00Z,Point,-58.833912085349944,-16.904326826393646,,
GEO_2884AD50D5,EONET_9297,2024-07-23T19:00:00Z,Point,136.29193967563953,68.67508555722917,,
GEO_99756538B1,EONET_9298,2024-07-23T19:00:00Z,Point,19.509718818509295,-4.695443267080353,,
GEO_8BC5802CCF,EONET_9299,2024-07-23T19:00:00Z,Point,18.971121490205462,-4.710839423123596,,
GEO_81AABBC37D,EONET_9300,2024-07-23T19:00:00Z,Point,18.642554513979935,-5.334417113836517,,
GEO_45A5197FB2,EONET_9301,2024-07-23T19:00:00Z,Point,31.016398942196066,-12.05745332566661,,
GEO_377207C83B,EONET_9302,2024-07-23T19:00:00Z,Point,28.91792012366746,-16.446017294682044,,
GEO_2816ECBB5D,EONET_9303,2024-07-23T19:00:00Z,Point,29.541778782941254,-15.477973683171749,,
GEO_57AE5B250C,EONET_9304,2024-07-23T19:00:00Z,Point,32.498605513361674,-12.655257380747265,,
GEO_52C81A5E08,EONET_9305,2024-07-23T19:00:00Z,Point,16.136135022774535,-16.13193695934558,,
GEO_B844FD3A55,EONET_9369,2024-07-23T19:00:00Z,Point,21.12253066218451,-6.351547878767621,,
GEO_757D04CDB2,EONET_9370,2024-07-23T19:00:00Z,Point,-62.18402866774576,-16.074463285823196,,
GEO_5844E85DC7,EONET_9371,2024-07-23T19:00:00Z,Point,-59.81558804512155,-17.719947543879336,,
GEO_463B0FB603,EONET_9406,2024-07-23T19:00:00Z,Point,-63.79814032396278,-15.976069137795617,,
GEO_6D56AF53EC,EONET_9477,2024-07-23T19:00:00Z,Point,21.326432425008097,-5.511537595570692,,
GEO_379D4A21A6,EONET_9525,2024-07-23T19:00:00Z,Point,26.74105596185152,-11.353269834269446,,
GEO_AA3BB0CFFF,EONET_9526,2024-07-23T19:00:00Z,Point,16.01441929696712,-3.02275094574413,,
GEO_0948D8E9AA,EONET_9527,2024-07-23T19:00:00Z,Point,21.52573248862895,-4.565505402372924,,
GEO_5E1F0B58DD,EONET_9668,2024-07-23T19:00:00Z,Point,30.240840717458074,-10.841474967260591,,
GEO_40CE51DD07,EONET_9669,2024-07-23T19:00:00Z,Point,21.64036956829242,-4.558364743834139,,
GEO_C4A9A54998,EONET_9670,2024-07-23T19:00:00Z,Point,19.406935660608703,-8.943873155739713,,
GEO_E9D121959D,EONET_9671,2024-07-23T19:00:00Z,Point,22.73644499534241,-5.6078989849537395,,
GEO_2707CFC456,EONET_9672,2024-07-23T19:00:00Z,Point,19.573351276731746,-4.584100495945347,,
GEO_18AF356A21,EONET_9673,2024-07-23T19:00:00Z,Point,26.87915292485295,-5.165325921120428,,
GEO_13E48E105B,EONET_9674,2024-07-23T19:00:00Z,Point,19.70465592609943,-5.200145165208662,,
GEO_0CEF66C7E5,EONET_9046,2024-07-23T11:08:00Z,Point,-117.29803,44.667076,58943.8,acres
GEO_510F5BC8C2,EONET_9043,2024-07-23T11:06:00Z,Point,-117.2648,44.75375,1021.0,acres
GEO_48D775FA87,EONET_9044,2024-07-23T10:21:00Z,Point,-117.092099,44.725451,22180.0,acres
GEO_743DCD1487,EONET_9058,2024-07-23T07:42:00Z,Point,-81.79,29.32,574.0,acres
GEO_C0D3B51A0B,EONET_9052,2024-07-22T22:34:00Z,Point,-120.875358,46.861662,9211.0,acres
GEO_BF556D5BC6,EONET_9054,2024-07-22T22:09:00Z,Point,-120.5414,39.828942,3007.0,acres
GEO_0F9A4920E2,EONET_9045,2024-07-22T20:12:00Z,Point,-117.40077,44.6209,40500.0,acres
GEO_F253653093,EONET_9017,2024-07-22T19:17:00Z,Point,-121.457306,45.681167,704.0,acres
GEO_837E69FA1F,EONET_8942,2024-07-22T19:00:00Z,Point,135.18364561300623,-14.07393629955891,,
GEO_098D772EAB,EONET_8975,2024-07-22T19:00:00Z,Point,-117.89694899861702,52.719100068314994,,
GEO_055B6A0C1B,EONET_8976,2024-07-22T19:00:00Z,Point,-117.36318546548468,44.6124110907274,,
GEO_AD56DBAF36,EONET_9063,2024-07-22T19:00:00Z,Point,-56.36235623681411,-19.611273430097057,,
GEO_4F25BB7602,EONET_9064,2024-07-22T19:00:00Z,Point,-65.89102181375763,-9.021938927694123,,
GEO_C614FC5362,EONET_9072,2024-07-22T19:00:00Z,Point,-118.80295596695757,43.72742217418531,,
GEO_840A4128D2,EONET_9073,2024-07-22T19:00:00Z,Point,122.95557488884083,57.25390758748553,,
GEO_1119527AE4,EONET_9085,2024-07-22T19:00:00Z,Point,-119.9879014713279,44.36331450965329,,
GEO_0723E9F564,EONET_9089,2024-07-22T19:00:00Z,Point,-59.996855631010995,-7.358656965596939,,
GEO_B88A0E4435,EONET_9176,2024-07-22T19:00:00Z,Point,-57.469881401501816,-18.26788013776242,,
GEO_5A567B2380,EONET_9177,2024-07-22T19:00:00Z,Point,115.85663782324863,54.434045029577376,,
GEO_FACE3AD427,EONET_9178,2024-07-22T19:00:00Z,Point,29.3089552727574,-11.5926351509974,,
GEO_E00740ECD5,EONET_9179,2024-07-22T19:00:00Z,Point,37.70705049064232,-14.751790308848616,,
GEO_EF36AB2F29,EONET_9180,2024-07-22T19:00:00Z,Point,25.569876959347923,-15.85554608966027,,
GEO_1D85280A0E,EONET_9181,2024-07-22T19:00:00Z,Point,-119.3205928743315,44.63196950305049,,
GEO_886ED17C6E,EONET_9306,2024-07-22T19:00:00Z,Point,21.460202922831336,-6.312127063504686,,
GEO_1A2FDA8D6A,EONET_9307,2024-07-22T19:00:00Z,Point,18.579369357951542,-5.379761401326871,,
GEO_BE47B20895,EONET_9308,2024-07-22T19:00:00Z,Point,-116.17151132832649,64.49144148683881,,
GEO_C444C9D95C,EONET_9309,2024-07-22T19:00:00Z,Point,-61.70413602852675,-16.042096636204764,,
GEO_63D20DC404,EONET_9310,2024-07-22T19:00:00Z,Point,21.32701183850112,-6.264994328304675,,
GEO_967105E7CF,EONET_9311,2024-07-22T19:00:00Z,Point,-58.340330503508866,-9.208771953468602,,
GEO_CD96DB07BA,EONET_9372,2024-07-22T19:00:00Z,Point,22.72511049152626,-4.9921064630613206,,
GEO_DFCC71185B,EONET_9373,2024-07-22T19:00:00Z,Point,21.66267959411624,-6.082318743974825,,
GEO_77046ACDEE,EONET_9374,2024-07-22T19:00:00Z,Point,115.83035799418141,54.59138951021414,,
GEO_238C480394,EONET_9375,2024-07-22T19:00:00Z,Point,-62.38409830511815,-16.704493578642527,,
GEO_B91547BE7A,EONET_9407,2024-07-22T19:00:00Z,Point,16.00109933394245,-11.200645541405386,,
GEO_F0D1571320,EONET_9408,2024-07-22T19:00:00Z,Point,19.942767694480438,-5.279639109866995,,
GEO_1DA3354A83,EONET_9437,2024-07-22T19:00:00Z,Point,18.36863914014536,-4.306895854030705,,
GEO_6E00B03CC2,EONET_9438,2024-07-22T19:00:00Z,Point,-59.59709664015627,-16.419233989702015,,
GEO_583E2E9735,EONET_9439,2024-07-22T19:00:00Z,Point,19.097059585481237,-4.835725124004285,,
GEO_DB845CB224,EONET_9478,2024-07-22T19:00:00Z,Point,21.008098212733337,-6.100264847793813,,
GEO_6AC46271B5,EONET_9479,2024-07-22T19:00:00Z,Point,19.27598975684762,-4.577535200128537,,
GEO_C050F2A85B,EONET_9528,2024-07-22T19:00:00Z,Point,-61.973423544483104,-15.79672788365923,,
GEO_2118A9260B,EONET_9529,2024-07-22T19:00:00Z,Point,-61.29119014322841,-15.649667057975016,,
GEO_2074FA3DD1,EONET_9530,2024-07-22T19:00:00Z,Point,-62.37850758280013,-16.7082297206986,,
GEO_ECA4C4B541,EONET_9531,2024-07-22T19:00:00Z,Point,18.596679053399118,-4.991031792227024,,
GEO_209B25AC12,EONET_9675,2024-07-22T19:00:00Z,Point,19.886702955327998,-5.323591466807047,,
GEO_A0D3E0E621,EONET_9676,2024-07-22T19:00:00Z,Point,19.723291141162065,-4.832137363133083,,
GEO_F5EA629034,EONET_9677,2024-07-22T19:00:00Z,Point,22.464305072157764,-3.5024279790221406,,
GEO_76D920BBD9,EONET_9021,2024-07-22T17:53:00Z,Point,-120.239,45.90395,51569.0,acres
GEO_7503476E78,EONET_9051,2024-07-22T17:40:00Z,Point,-120.522799,39.740583,2962.0,acres
GEO_7E30E799A4,EONET_9016,2024-07-22T16:57:00Z,Point,-141.292,64.843833,576.6,acres
GEO_D560663D97,EONET_9031,2024-07-22T16:39:00Z,Point,-118.8617,43.757717,9000.0,acres
GEO_2FB5B6B8FA,EONET_9050,2024-07-22T16:38:00Z,Point,-119.868867,44.207283,3200.0,acres
GEO_EC5D092D9F,EONET_9055,2024-07-22T16:10:00Z,Point,-113.463667,34.694333,824.0,acres
GEO_466CD17B19,EONET_9036,2024-07-22T16:08:00Z,Point,-120.030697,44.357962,10000.0,acres
GEO_09F4921D0B,EONET_9041,2024-07-21T20:12:00Z,Point,-122.419667,43.615117,3591.0,acres
GEO_82907ACD81,EONET_8875,2024-07-21T19:15:00Z,Point,-119.398688,44.717345,1200.0,acres
GEO_6949C6791F,EONET_8977,2024-07-21T19:00:00Z,Point,19.39080713068103,-10.726767870487905,,
GEO_04F1B9425E,EONET_9002,2024-07-21T19:00:00Z,Point,116.11001937832864,53.83362942338417,,
GEO_943B0F15D5,EONET_9074,2024-07-21T19:00:00Z,Point,116.60736492633411,54.4569045302785,,
GEO_5E43EA41CA,EONET_9075,2024-07-21T19:00:00Z,Point,116.13087145982603,53.7835848113134,,
GEO_67274DD480,EONET_9090,2024-07-21T19:00:00Z,Point,118.77169882477293,54.05510694459441,,
GEO_B7EAC40137,EONET_9091,2024-07-21T19:00:00Z,Point,-65.95456340096041,-9.180881851653954,,
GEO_6177242090,EONET_9140,2024-07-21T19:00:00Z,Point,-59.26195232602486,-6.920249649329329,,
GEO_0E183F5D16,EONET_9182,2024-07-21T19:00:00Z,Point,117.4364644037397,53.312834970927,,
GEO_32CE79CCD7,EONET_9183,2024-07-21T19:00:00Z,Point,21.661653842024574,-6.225781851335324,,
GEO_C79572DDCC,EONET_9312,2024-07-21T19:00:00Z,Point,37.82151335641269,-7.622666370794741,,
GEO_3BCA8124EB,EONET_9313,2024-07-21T19:00:00Z,Point,17.91840381589936,-16.237482641154248,,
GEO_C1E0C42E06,EONET_9314,2024-07-21T19:00:00Z,Point,134.18624570331903,68.4848213593746,,
GEO_61F2D37DFB,EONET_9315,2024-07-21T19:00:00Z,Point,21.712816042548216,-5.895746846090797,,
GEO_3315882B9E,EONET_9409,2024-07-21T19:00:00Z,Point,22.718808476175134,-4.99774352514393,,
GEO_B559A915B6,EONET_9410,2024-07-21T19:00:00Z,Point,18.68516499706688,-5.059663918875063,,
GEO_62C566CC00,EONET_9411,2024-07-21T19:00:00Z,Point,-52.50817877901271,-6.903307325485782,,
GEO_05E5E3A963,EONET_9440,2024-07-21T19:00:00Z,Point,21.89966918236664,-6.257589853648259,,
GEO_3C125CEC44,EONET_9441,2024-07-21T19:00:00Z,Point,-51.776989554001545,-7.660206219736873,,
GEO_61275057F1,EONET_9480,2024-07-21T19:00:00Z,Point,21.91373077604421,-5.057579269338254,,
GEO_046F47731E,EONET_9481,2024-07-21T19:00:00Z,Point,21.58092195595726,-6.713306315645832,,
GEO_E6C33231D2,EONET_9532,2024-07-21T19:00:00Z,Point,19.064960612937956,-5.062305279688521,,
GEO_4F13A33313,EONET_8872,2024-07-21T17:21:00Z,Point,-117.380055,33.925663,500.0,acres
GEO_3B7B98AB30,EONET_9100,2024-07-21T17:12:00Z,Point,-122.732023,43.459138,510.0,acres
GEO_C4EF53AE29,EONET_8896,2024-07-21T16:54:00Z,Point,-112.091532,43.262644,500.0,acres
GEO_88B511B481,EONET_8882,2024-07-21T15:28:00Z,Point,-110.270333,33.449417,4317.0,acres
GEO_4AA749C337,EONET_9059,2024-07-21T13:48:00Z,Point,-110.203333,33.467083,1654.0,acres
GEO_1E9CA1E8D5,EONET_9061,2024-07-21T12:43:00Z,Point,-118.315995,46.628423,1782.0,acres
GEO_FDCBC993AB,EONET_9118,2024-07-20T23:16:00Z,Point,-122.305899,43.36178,747.0,acres
GEO_F784F952C6,EONET_8851,2024-07-20T19:00:00Z,Point,142.89211615107652,-12.6088971524413,,
GEO_57D12AA7E2,EONET_8943,2024-07-20T19:00:00Z,Point,-121.38851899824196,53.008299544049066,,
GEO_12E8D2E486,EONET_8944,2024-07-20T19:00:00Z,Point,-120.42362850274303,52.21118547084039,,
GEO_25A488DA50,EONET_8945,2024-07-20T19:00:00Z,Point,130.83301658047276,-12.9890331061919,,
GEO_C5992CDB34,EONET_9003,2024-07-20T19:00:00Z,Point,115.52060849505861,53.85122492362315,,
GEO_23FEFCA0C1,EONET_9004,2024-07-20T19:00:00Z,Point,118.06342757249973,59.46693753519946,,
GEO_8E5F514751,EONET_9076,2024-07-20T19:00:00Z,Point,135.56162780137504,69.32380100218404,,
GEO_FEDBA91FD1,EONET_9077,2024-07-20T19:00:00Z,Point,28.60219381829768,-10.857780434311927,,
GEO_8116D75665,EONET_9092,2024-07-20T19:00:00Z,Point,126.81208751230982,61.89663456309055,,
GEO_258A89E0D7,EONET_9093,2024-07-20T19:00:00Z,Point,116.70723241268932,53.33726315294482,,
GEO_587950F42B,EONET_9184,2024-07-20T19:00:00Z,Point,115.67100148004609,53.43112322030572,,
GEO_EBE8D4178D,EONET_9185,2024-07-20T19:00:00Z,Point,116.5072705930831,53.28360617156987,,
GEO_AF14B526A1,EONET_9186,2024-07-20T19:00:00Z,Point,16.258033082499516,-16.083286908418646,,
GEO_BDE8062C3B,EONET_9316,2024-07-20T19:00:00Z,Point,16.810848880785777,-17.16629155720328,,
GEO_E3B44A9FFC,EONET_9317,2024-07-20T19:00:00Z,Point,-56.93926361496528,-20.89475154313505,,
GEO_CC7C28CC72,EONET_9318,2024-07-20T19:00:00Z,Point,15.641365364166726,-15.25051535236975,,
GEO_8D3DA7507B,EONET_9319,2024-07-20T19:00:00Z,Point,34.70059138876921,-7.211230596096985,,
GEO_B73B6608DC,EONET_9376,2024-07-20T19:00:00Z,Point,27.723118848392573,-11.948124395624342,,
GEO_BF1699C2D4,EONET_9377,2024-07-20T19:00:00Z,Point,-65.92690761884205,-9.385550305136118,,
GEO_61EA778B6C,EONET_9412,2024-07-20T19:00:00Z,Point,21.029842076548178,-6.1950216549430985,,
GEO_AF15116C2E,EONET_9533,2024-07-20T19:00:00Z,Point,-65.47664590843465,-12.631660638913054,,
GEO_F59B8C5CFD,EONET_9534,2024-07-20T19:00:00Z,Point,-57.96074468271021,-6.066891003799415,,
GEO_269B4687CD,EONET_9119,2024-07-20T17:16:00Z,Point,-121.797121,45.64002,891.0,acres
GEO_FB80920F05,EONET_8904,2024-07-20T11:51:00Z,Point,-86.0737,44.735,930.0,acres
GEO_CC28F8E85D,EONET_9220,2024-07-19T19:55:00Z,Point,-109.6733,44.447517,1167.0,acres
GEO_1E276063B1,EONET_8920,2024-07-19T19:00:00Z,Point,124.28270445419352,62.589254737290766,,
GEO_B34353E72C,EONET_8921,2024-07-19T19:00:00Z,Point,128.78548067688985,-15.365727546488937,,
GEO_BE2A0DEABD,EONET_8922,2024-07-19T19:00:00Z,Point,127.39585394756958,-18.407444138818782,,
GEO_2D9C18ED1E,EONET_8923,2024-07-19T19:00:00Z,Point,-59.30373515805954,-18.5460960879993,,
GEO_90E39FA14C,EONET_8946,2024-07-19T19:00:00Z,Point,-125.22384616829524,53.126810880400235,,
GEO_DB8C2C3261,EONET_8947,2024-07-19T19:00:00Z,Point,120.63252260317051,60.946501896826135,,
GEO_12E21E5859,EONET_8948,2024-07-19T19:00:00Z,Point,-125.98752017569352,53.396070419520676,,
GEO_EBF082EF4F,EONET_8949,2024-07-19T19:00:00Z,Point,-126.28313489337296,53.62881534741154,,
GEO_64A06ED924,EONET_8978,2024-07-19T19:00:00Z,Point,-59.409579641052886,-16.455541249056242,,
GEO_4FB69B9471,EONET_8979,2024-07-19T19:00:00Z,Point,121.89283607687385,62.71437140376081,,
GEO_20A4314DCC,EONET_8980,2024-07-19T19:00:00Z,Point,120.01791717275175,62.70816497302331,,
GEO_B0021C1A65,EONET_8981,2024-07-19T19:00:00Z,Point,130.11235197420353,-14.6070121809924,,
GEO_BEBF824AD5,EONET_8982,2024-07-19T19:00:00Z,Point,133.6894672762129,68.48711714933135,,
GEO_16494F878E,EONET_9005,2024-07-19T19:00:00Z,Point,-99.94507775753391,55.76809878969373,,
GEO_823FA7F49B,EONET_9006,2024-07-19T19:00:00Z,Point,118.77145140942176,60.170405584601035,,
GEO_8E482DFECD,EONET_9007,2024-07-19T19:00:00Z,Point,116.86593632685722,53.44017326808019,,
GEO_A9C515F6B4,EONET_9065,2024-07-19T19:00:00Z,Point,118.90821242328303,59.98853822831265,,
GEO_A31376DAF7,EONET_9078,2024-07-19T19:00:00Z,Point,-59.424458306631394,-6.808581964318889,,
GEO_30FEA0431D,EONET_9079,2024-07-19T19:00:00Z,Point,121.99338821239897,61.02824355434679,,
GEO_C58A2C7982,EONET_9086,2024-07-19T19:00:00Z,Point,-125.11179265280538,65.4513132123103,,
GEO_7B25A6AD8C,EONET_9087,2024-07-19T19:00:00Z,Point,121.0869868744943,60.836602456760694,,
GEO_6D4ABE9AEA,EONET_9094,2024-07-19T19:00:00Z,Point,18.680508148026675,-9.622233782142752,,
GEO_DA7639689C,EONET_9141,2024-07-19T19:00:00Z,Point,24.150712798309616,-4.7933198129398,,
GEO_2A141DF5BF,EONET_9187,2024-07-19T19:00:00Z,Point,135.0776447819887,69.37135335008946,,
GEO_F5EDF8C981,EONET_9188,2024-07-19T19:00:00Z,Point,-94.31618384032545,54.2842766734502,,
GEO_263C581E97,EONET_9189,2024-07-19T19:00:00Z,Point,-64.43941065159412,-16.081869009538398,,
GEO_0708FD970A,EONET_9320,2024-07-19T19:00:00Z,Point,21.94027324121697,-5.156791368723252,,
GEO_168F9CEB3E,EONET_9321,2024-07-19T19:00:00Z,Point,38.669296802260234,-13.177046035450415,,
GEO_BA48BDF766,EONET_9322,2024-07-19T19:00:00Z,Point,19.35982967624709,-4.666363437363119,,
GEO_7E260D3A16,EONET_9323,2024-07-19T19:00:00Z,Point,120.58152161177743,61.260167562955544,,
GEO_B89EF5A43B,EONET_9324,2024-07-19T19:00:00Z,Point,-100.83151822808969,55.68170228875277,,
GEO_938F0C5928,EONET_9325,2024-07-19T19:00:00Z,Point,37.719796041757355,-14.61030588038845,,
GEO_0A6E3016D9,EONET_9326,2024-07-19T19:00:00Z,Point,16.290937359048225,-10.620460464315707,,
GEO_27768749F1,EONET_9327,2024-07-19T19:00:00Z,Point,22.778478518018723,-4.020456314720096,,
GEO_6EF5DC7F35,EONET_9378,2024-07-19T19:00:00Z,Point,-61.18107133379043,-15.699093966680632,,
GEO_B2D93B31E8,EONET_9413,2024-07-19T19:00:00Z,Point,-62.648875229001376,-16.42521707951376,,
GEO_5F16107260,EONET_9535,2024-07-19T19:00:00Z,Point,134.723326696972,68.31760805762133,,
GEO_E25871FA68,EONET_9536,2024-07-19T19:00:00Z,Point,21.888758884599618,-5.080920898603866,,
GEO_C7867A72DF,EONET_8898,2024-07-19T17:59:00Z,Point,-118.682899,48.254856,1500.0,acres
GEO_20E8439F16,EONET_9039,2024-07-19T16:56:00Z,Point,-122.614043,43.463055,1892.0,acres
GEO_713F4C7841,EONET_9042,2024-07-19T16:22:00Z,Point,-122.7617142,43.57076504,3747.0,acres
GEO_81749DDEBB,EONET_8910,2024-07-19T16:17:00Z,Point,-159.7066,21.9932,1306.0,acres
GEO_04E03D363B,EONET_9113,2024-07-19T13:37:00Z,Point,-122.732656,43.590411,1201.0,acres
GEO_7FE6C32289,EONET_8887,2024-07-19T11:45:00Z,Point,-122.284568,43.261812,5486.5,acres
GEO_985B4CDE39,EONET_8885,2024-07-18T23:43:00Z,Point,-122.528034,43.307073,1107.0,acres
GEO_15444FB519,EONET_8879,2024-07-18T19:30:00Z,Point,-119.193451,45.017663,18586.0,acres
GEO_DA09175343,EONET_8821,2024-07-18T19:00:00Z,Point,26.762189969751322,-6.019036523061417,,
GEO_9F71AC832B,EONET_8822,2024-07-18T19:00:00Z,Point,142.1391861872288,-12.949931316595071,,
GEO_6B7A2AE0DC,EONET_8852,2024-07-18T19:00:00Z,Point,142.56023930905414,-13.017535491052804,,
GEO_D84C98ECE6,EONET_8853,2024-07-18T19:00:00Z,Point,-110.24621082609636,59.22685063211545,,
GEO_24009ECACD,EONET_8924,2024-07-18T19:00:00Z,Point,-115.79542244462142,57.315636839126036,,
GEO_989CF86578,EONET_8925,2024-07-18T19:00:00Z,Point,22.182870032836764,-10.30003666142696,,
GEO_63A3D12C66,EONET_8926,2024-07-18T19:00:00Z,Point,-119.22437793200537,44.969233706889,,
GEO_7683737272,EONET_8927,2024-07-18T19:00:00Z,Point,122.90264174477946,63.209746014067555,,
GEO_6CCD37B458,EONET_8928,2024-07-18T19:00:00Z,Point,133.9434422025092,66.87072699373824,,
GEO_D121DCD956,EONET_8929,2024-07-18T19:00:00Z,Point,144.575069865639,-15.864924659314111,,
GEO_FEECB73D46,EONET_8950,2024-07-18T19:00:00Z,Point,146.13152883144352,68.44142284063776,,
GEO_1576434E73,EONET_8951,2024-07-18T19:00:00Z,Point,116.41745630287133,53.08609727504358,,
GEO_F996513B3A,EONET_8983,2024-07-18T19:00:00Z,Point,144.35485954122478,-15.750480431438088,,
GEO_ABE81BB5CE,EONET_8984,2024-07-18T19:00:00Z,Point,144.55018778601618,-15.848593929384695,,
GEO_57241BFAF0,EONET_8985,2024-07-18T19:00:00Z,Point,-65.44431715177926,-12.204359998828979,,
GEO_4B22461255,EONET_8986,2024-07-18T19:00:00Z,Point,-118.76731450132844,47.980733060461176,,
GEO_E2E7AB698A,EONET_9008,2024-07-18T19:00:00Z,Point,-115.74742085134973,57.32828363567954,,
GEO_43FF5C26C3,EONET_9066,2024-07-18T19:00:00Z,Point,22.862231247580045,-5.27493849984807,,
GEO_6B5B02ABCC,EONET_9067,2024-07-18T19:00:00Z,Point,127.96921888937295,-17.6407927022509,,
GEO_87791FA77E,EONET_9080,2024-07-18T19:00:00Z,Point,108.21826499747534,57.4332732760772,,
GEO_55AC3FE3CC,EONET_9095,2024-07-18T19:00:00Z,Point,-64.2125697584224,-15.326315158034731,,
GEO_5B65F23421,EONET_9142,2024-07-18T19:00:00Z,Point,-64.20801408590256,-10.476233246659174,,
GEO_237334A5D3,EONET_9190,2024-07-18T19:00:00Z,Point,-59.31338936307595,-15.321100511947645,,
GEO_E5D2114AFA,EONET_9191,2024-07-18T19:00:00Z,Point,21.54183546111677,-5.115760195679467,,
GEO_E1B39E28B6,EONET_9192,2024-07-18T19:00:00Z,Point,21.762506431032932,-6.193865373475022,,
GEO_ED46EEFC27,EONET_9193,2024-07-18T19:00:00Z,Point,21.614871896934435,-6.50669088471639,,
GEO_858A99822A,EONET_9328,2024-07-18T19:00:00Z,Point,20.390277352281792,-18.52839817107687,,
GEO_8166044C99,EONET_9329,2024-07-18T19:00:00Z,Point,21.224505669145294,-6.062830813711843,,
GEO_082A86FA78,EONET_9330,2024-07-18T19:00:00Z,Point,20.75567462734516,-6.036184157016015,,
GEO_C89BBEFC3C,EONET_9331,2024-07-18T19:00:00Z,Point,22.9372385884752,-6.016868533425331,,
GEO_4354BD9B0C,EONET_9332,2024-07-18T19:00:00Z,Point,22.99920956428668,-6.122566591689288,,
GEO_9C8D555079,EONET_9333,2024-07-18T19:00:00Z,Point,28.588913289676142,-11.4877424893342,,
GEO_CBD004C03A,EONET_9334,2024-07-18T19:00:00Z,Point,21.35087631054891,-6.089836268088156,,
GEO_82CE6F5117,EONET_9335,2024-07-18T19:00:00Z,Point,21.18763189348562,-6.1621662171339615,,
GEO_D33237DB8A,EONET_9336,2024-07-18T19:00:00Z,Point,24.183103585585084,-4.730811229296121,,
GEO_2B1C6F9F35,EONET_9414,2024-07-18T19:00:00Z,Point,-117.37032131255603,49.87692643364537,,
GEO_E3560147FB,EONET_9537,2024-07-18T19:00:00Z,Point,-59.5871135242066,-14.699531802778413,,
GEO_174DBEA6A4,EONET_8883,2024-07-18T18:31:00Z,Point,-121.026784,48.186276,500.0,acres
GEO_2821D2AB7E,EONET_9101,2024-07-18T15:35:00Z,Point,-122.727517,43.61765,9997.0,acres
GEO_DD32D57778,EONET_9205,2024-07-18T15:03:00Z,Point,-122.598269,43.5349,529.0,acres
GEO_35577839B3,EONET_9122,2024-07-18T14:07:00Z,Point,-106.936867,36.406883,6500.0,acres
GEO_866B1017C6,EONET_8907,2024-07-18T07:40:00Z,Point,-81.7072,29.276333,1074.0,acres
GEO_FE080C48A8,EONET_8894,2024-07-18T01:08:00Z,Point,-118.778334,47.945833,48970.0,acres
GEO_AB73580094,EONET_8881,2024-07-18T01:00:00Z,Point,-119.043789,45.177161,29972.0,acres
GEO_FAE88D51EE,EONET_9112,2024-07-18T00:24:00Z,Point,-120.790217,48.597033,528.0,acres
GEO_13183F7933,EONET_8888,2024-07-17T21:47:00Z,Point,-122.431,43.887333,3525.0,acres
GEO_349A52E280,EONET_8912,2024-07-17T21:33:00Z,Point,-81.0066667,27.0227778,4600.0,acres
GEO_7A863CF720,EONET_8880,2024-07-17T21:18:00Z,Point,-119.010917,45.055783,13557.0,acres
GEO_36D7C27C26,EONET_8889,2024-07-17T21:14:00Z,Point,-122.159556,44.4915,1193.0,acres
GEO_BCDF741AA0,EONET_8780,2024-07-17T20:29:00Z,Point,-118.925467,45.452117,19000.0,acres
GEO_F46753B0F3,EONET_9027,2024-07-17T19:47:00Z,Point,-122.176655,43.321441,873.0,acres
GEO_C921CCD7A1,EONET_8878,2024-07-17T19:14:00Z,Point,-119.479383,44.964117,49716.0,acres
GEO_4B047A7702,EONET_8776,2024-07-17T19:04:00Z,Point,-118.977717,45.190083,4484.0,acres
GEO_894EC913E7,EONET_8797,2024-07-17T19:00:00Z,Point,135.87152598957013,-12.391804195536993,,
GEO_3C68EF96C4,EONET_8823,2024-07-17T19:00:00Z,Point,-118.88116138903725,56.73518022270598,,
GEO_5E2FD698ED,EONET_8824,2024-07-17T19:00:00Z,Point,132.7097830946617,-12.513923347851028,,
GEO_A0FC70C245,EONET_8825,2024-07-17T19:00:00Z,Point,142.3680731771127,-11.93160423968267,,
GEO_6C9B2750A0,EONET_8826,2024-07-17T19:00:00Z,Point,-117.51072349216727,44.51377563560339,,
GEO_65A2E3CA62,EONET_8854,2024-07-17T19:00:00Z,Point,-119.44766842238954,44.939029437875554,,
GEO_029F87DDB5,EONET_8855,2024-07-17T19:00:00Z,Point,135.42422249954006,-15.240357906061858,,
GEO_3FDD7DBA56,EONET_8856,2024-07-17T19:00:00Z,Point,142.37569570903457,-13.010642928339438,,
GEO_72348CA44B,EONET_8857,2024-07-17T19:00:00Z,Point,142.51785049507458,-12.436222315016463,,
GEO_E12FE82AC0,EONET_8930,2024-07-17T19:00:00Z,Point,-119.02181224971021,45.014960031395745,,
GEO_2805C83805,EONET_8931,2024-07-17T19:00:00Z,Point,-57.4126623515772,-19.07666098637119,,
GEO_0DED160A08,EONET_8932,2024-07-17T19:00:00Z,Point,-60.786930728647484,-10.814166129729816,,
GEO_D45797DDC1,EONET_8933,2024-07-17T19:00:00Z,Point,-110.23442561571628,59.231356067191385,,
GEO_A92AF77AC0,EONET_8952,2024-07-17T19:00:00Z,Point,20.796865676755807,-18.404989928153782,,
GEO_C25179DF86,EONET_8953,2024-07-17T19:00:00Z,Point,114.83093364126002,53.79108280989337,,
GEO_4C3A68F404,EONET_8954,2024-07-17T19:00:00Z,Point,-60.12536889917237,-14.866102235244687,,
GEO_6B6BAE2535,EONET_8955,2024-07-17T19:00:00Z,Point,145.37670432341068,67.81814167249811,,
GEO_455EDD3647,EONET_8956,2024-07-17T19:00:00Z,Point,131.1040117009866,-13.490715912772933,,
GEO_9B3BA6BFDB,EONET_8957,2024-07-17T19:00:00Z,Point,-51.6824354574018,-7.628804273613553,,
GEO_51C1549872,EONET_8958,2024-07-17T19:00:00Z,Point,-47.3400321222138,-8.279242677183806,,
GEO_2997EAE181,EONET_8987,2024-07-17T19:00:00Z,Point,-97.21265772044427,56.20038275943255,,
GEO_9B7B169912,EONET_9009,2024-07-17T19:00:00Z,Point,-64.38571531661164,-10.444161499229585,,
GEO_711C0DC934,EONET_9096,2024-07-17T19:00:00Z,Point,-59.54883079481946,-17.785978972739663,,
GEO_6C66AAB69B,EONET_9097,2024-07-17T19:00:00Z,Point,-60.11154626694158,-16.419839965189766,,
GEO_8A12951D7F,EONET_9194,2024-07-17T19:00:00Z,Point,-122.7442428410188,43.572421175774714,,
GEO_FDE7DBC7B9,EONET_9195,2024-07-17T19:00:00Z,Point,19.185555304935015,-4.514440478213921,,
GEO_9AC8379BF5,EONET_9196,2024-07-17T19:00:00Z,Point,-57.282192142948276,-19.264430300685078,,
GEO_4B7468A294,EONET_9337,2024-07-17T19:00:00Z,Point,-60.57541647006635,-17.05109171637832,,
GEO_274265F8D3,EONET_9338,2024-07-17T19:00:00Z,Point,19.120526219438762,-5.420225851979078,,
GEO_32A86E5341,EONET_9538,2024-07-17T19:00:00Z,Point,-122.74532121017828,43.59114990493286,,
GEO_8C421CF0CC,EONET_8876,2024-07-17T18:21:00Z,Point,-122.7917132,43.6504488,2112.0,acres
GEO_9A7A7FCEDE,EONET_9028,2024-07-17T18:10:00Z,Point,-122.232367,43.026833,728.0,acres
GEO_00E3523BCE,EONET_9014,2024-07-17T17:01:00Z,Point,-122.748833,43.5395,1248.0,acres
GEO_0323300A5A,EONET_8900,2024-07-17T12:55:00Z,Point,-122.247917,44.2383,1486.0,acres
GEO_68048069E9,EONET_8775,2024-07-17T12:49:00Z,Point,-117.477149,44.547644,293882.0,acres
GEO_3F2D029CD4,EONET_8886,2024-07-17T10:44:00Z,Point,-122.126074,43.148289,839.0,acres
GEO_E5278243CF,EONET_8779,2024-07-17T10:22:00Z,Point,-112.373889,38.483611,1000.0,acres
GEO_67ACC1C1D5,EONET_8790,2024-07-17T08:36:00Z,Point,-74.39522,39.709625,1167.0,acres
GEO_8046C07CDA,EONET_8798,2024-07-16T19:00:00Z,Point,-112.74046861717176,57.168191272377186,,
GEO_2DC46BE5A8,EONET_8799,2024-07-16T19:00:00Z,Point,25.987702672159728,-14.205312795827856,,
GEO_64F84C1AB1,EONET_8827,2024-07-16T19:00:00Z,Point,-121.46897917513412,58.335609574090185,,
GEO_65552C2A9D,EONET_8828,2024-07-16T19:00:00Z,Point,-114.10166926492812,55.5696349318209,,
GEO_8CF79612C9,EONET_8829,2024-07-16T19:00:00Z,Point,-111.20198480000543,55.11279287298475,,
GEO_41E1DCB05E,EONET_8830,2024-07-16T19:00:00Z,Point,-113.8996765308788,57.07817278085955,,
GEO_F10D3083CF,EONET_8831,2024-07-16T19:00:00Z,Point,-107.23151472097041,55.3315250256963,,
GEO_5FBF7EB96D,EONET_8832,2024-07-16T19:00:00Z,Point,142.62858021256548,-11.601012123653712,,
GEO_547C2951F3,EONET_8858,2024-07-16T19:00:00Z,Point,16.741312332726455,-3.881838780782189,,
GEO_4D17FAC7E3,EONET_8859,2024-07-16T19:00:00Z,Point,-50.232573640105635,-10.27966988005372,,
GEO_A0C2C0155A,EONET_8860,2024-07-16T19:00:00Z,Point,15.240771456689075,-3.202467363306425,,
GEO_7E2B48270B,EONET_8861,2024-07-16T19:00:00Z,Point,-114.19181541406324,58.73988929857201,,
GEO_0049AEB5AE,EONET_8934,2024-07-16T19:00:00Z,Point,119.39284554869886,62.597612234248885,,
GEO_4ECBB2DD4C,EONET_8959,2024-07-16T19:00:00Z,Point,34.40814097757018,-7.43975035215342,,
GEO_9950F5839E,EONET_8960,2024-07-16T19:00:00Z,Point,-120.37467769009488,64.6348919217712,,
GEO_F20195E305,EONET_8961,2024-07-16T19:00:00Z,Point,-118.18524004868023,63.19615926416024,,
GEO_0A0284A45F,EONET_8988,2024-07-16T19:00:00Z,Point,27.071793602806906,-8.868323660153862,,
GEO_07D0C76303,EONET_8989,2024-07-16T19:00:00Z,Point,18.755678644897838,-16.658109184404047,,
GEO_2676FC6773,EONET_8990,2024-07-16T19:00:00Z,Point,-107.87412366964357,56.594690321525604,,
GEO_907FE01824,EONET_8991,2024-07-16T19:00:00Z,Point,21.883338677272516,-6.450573502397258,,
GEO_7A3F3AEED5,EONET_9010,2024-07-16T19:00:00Z,Point,-115.44377878054999,49.90809225844661,,
GEO_C00D5CC702,EONET_9068,2024-07-16T19:00:00Z,Point,117.75987045604617,60.74659325077286,,
GEO_0E4A5B81A8,EONET_9339,2024-07-16T19:00:00Z,Point,24.039736069707992,-14.45903974831676,,
GEO_404179F38C,EONET_9340,2024-07-16T19:00:00Z,Point,-65.86120998848062,-12.689790249549038,,
GEO_CD0A1FE924,EONET_9341,2024-07-16T19:00:00Z,Point,111.8991459596288,58.76595344761209,,
GEO_F1182383B3,EONET_8778,2024-07-15T22:10:00Z,Point,-117.317745,46.038979,17602.0,acres
GEO_E0121144AE,EONET_8773,2024-07-15T21:00:00Z,Point,-123.6425,40.7655,7224.0,acres
GEO_30E8C7034C,EONET_8892,2024-07-15T20:02:00Z,Point,-118.175333,35.83,9204.0,acres
GEO_A07F42811B,EONET_8777,2024-07-15T19:29:00Z,Point,-116.5925,46.6337,1582.0,acres
GEO_6EA5D43AF9,EONET_8800,2024-07-15T19:00:00Z,Point,-123.3657296838813,59.470262148611695,,
GEO_EE37EBEC77,EONET_8801,2024-07-15T19:00:00Z,Point,-119.84440861191212,60.5401497003653,,
GEO_4768A0F3BB,EONET_8802,2024-07-15T19:00:00Z,Point,143.91813969930294,-15.849288250089263,,
GEO_B0A3339A06,EONET_8833,2024-07-15T19:00:00Z,Point,-121.61208535159034,59.004808777085714,,
GEO_3FEE5B7DE2,EONET_8834,2024-07-15T19:00:00Z,Point,-121.77903467851907,58.859013897157915,,
GEO_EC2B1BB6D9,EONET_8862,2024-07-15T19:00:00Z,Point,121.71627155411782,63.27684545648328,,
GEO_3292F452B7,EONET_8863,2024-07-15T19:00:00Z,Point,-111.01034566442006,61.14100735635262,,
GEO_83A665CAF1,EONET_8935,2024-07-15T19:00:00Z,Point,129.73039897774316,-14.198519148404763,,
GEO_50A31A5728,EONET_8936,2024-07-15T19:00:00Z,Point,125.25851248139816,-16.19381790232636,,
GEO_D54A02C24D,EONET_8962,2024-07-15T19:00:00Z,Point,-108.64211502700952,61.7080992483562,,
GEO_2FAF3C0002,EONET_8963,2024-07-15T19:00:00Z,Point,-107.46703536640129,56.47195990093738,,
GEO_88CA4C2B96,EONET_8964,2024-07-15T19:00:00Z,Point,-110.7454964105377,61.059635734552344,,
GEO_4691054C29,EONET_8965,2024-07-15T19:00:00Z,Point,-55.68413946430202,-6.623630680906636,,
GEO_32768E0971,EONET_8966,2024-07-15T19:00:00Z,Point,125.54960824997497,-16.07684220438959,,
GEO_F3B883E1C6,EONET_8967,2024-07-15T19:00:00Z,Point,17.71846008702517,-11.06217978024403,,
GEO_F28CE78FA9,EONET_8992,2024-07-15T19:00:00Z,Point,-107.16985502555013,55.668113628408456,,
GEO_2E9846949E,EONET_8993,2024-07-15T19:00:00Z,Point,-117.38540298510198,46.06482870787646,,
GEO_68EBF95BEB,EONET_8994,2024-07-15T19:00:00Z,Point,-56.35419889931293,-6.61948035079688,,
GEO_E030121343,EONET_8995,2024-07-15T19:00:00Z,Point,114.59283600383789,53.80017554594418,,
GEO_D54466C9FF,EONET_9069,2024-07-15T19:00:00Z,Point,115.27132939856924,54.13723487754439,,
GEO_6C4EA2C982,EONET_9081,2024-07-15T19:00:00Z,Point,-102.39934626415275,55.8807334210989,,
GEO_01C779E0AB,EONET_9098,2024-07-15T19:00:00Z,Point,-61.808658437167885,-15.820691647299657,,
GEO_C64F65E5B4,EONET_9197,2024-07-15T19:00:00Z,Point,-114.83317272535112,64.01711947036681,,
GEO_B80F05764C,EONET_8792,2024-07-15T18:11:00Z,Point,-119.59267,46.796,561.0,acres
GEO_DC5501CBCD,EONET_8728,2024-07-15T02:05:00Z,Point,-112.316,35.953,2000.0,acres
GEO_924F986627,EONET_8774,2024-07-14T19:15:00Z,Point,-113.866333,46.732667,2724.0,acres
GEO_FACC8F9B8E,EONET_8803,2024-07-14T19:00:00Z,Point,-119.78345168571495,45.030646713988816,,
GEO_BBA152E9E6,EONET_8804,2024-07-14T19:00:00Z,Point,-117.07101421396496,60.118626682799885,,
GEO_C62E5D25BE,EONET_8835,2024-07-14T19:00:00Z,Point,-122.45443687406554,59.228197322073406,,
GEO_7736DA5D73,EONET_8836,2024-07-14T19:00:00Z,Point,-119.25452163639387,59.64302321327168,,
GEO_39A6615AAD,EONET_8837,2024-07-14T19:00:00Z,Point,26.851185864796705,-8.840037538545575,,
GEO_1BDDBEA296,EONET_8838,2024-07-14T19:00:00Z,Point,-110.07767010458168,61.5674924962732,,
GEO_5E45769015,EONET_8839,2024-07-14T19:00:00Z,Point,20.325309073227853,-8.093034943578907,,
GEO_D192D273A5,EONET_8864,2024-07-14T19:00:00Z,Point,-107.57412819766641,56.296199698429156,,
GEO_068137FB09,EONET_8865,2024-07-14T19:00:00Z,Point,143.97364716300834,-15.671134726062373,,
GEO_B5164243FA,EONET_8866,2024-07-14T19:00:00Z,Point,125.66903322746539,-16.123577745881477,,
GEO_17FED58F01,EONET_8867,2024-07-14T19:00:00Z,Point,125.02013458311367,-16.138010734384018,,
GEO_C6DFBD470D,EONET_8868,2024-07-14T19:00:00Z,Point,-64.50253740437346,-10.385373297681914,,
GEO_7D21F0255D,EONET_8937,2024-07-14T19:00:00Z,Point,25.443642200454622,-15.882144066678494,,
GEO_396304F33F,EONET_8938,2024-07-14T19:00:00Z,Point,-125.12522790719545,65.33796637923817,,
GEO_EEC807E545,EONET_8968,2024-07-14T19:00:00Z,Point,-106.21216762349626,57.33264993228416,,
GEO_947609E9B5,EONET_8969,2024-07-14T19:00:00Z,Point,-64.40806706749018,-15.220482591927532,,
GEO_407B983FDD,EONET_8970,2024-07-14T19:00:00Z,Point,-64.74210169684618,-13.354877424663414,,
GEO_C909A0D128,EONET_8996,2024-07-14T19:00:00Z,Point,19.188054275596112,-17.404075279954895,,
GEO_3A4ED54F71,EONET_9011,2024-07-14T19:00:00Z,Point,114.38047053150908,53.63265124836148,,
GEO_F04D513CD9,EONET_8731,2024-07-14T18:37:00Z,Point,-106.695601,45.286573,6540.0,acres
GEO_E896CBBF85,EONET_8752,2024-07-14T11:53:00Z,Point,-105.842312,43.238409,512.0,acres
GEO_59D15EF066,EONET_8729,2024-07-13T20:28:00Z,Point,-119.9615,45.172083,137221.0,acres
GEO_312DDE6A6C,EONET_8805,2024-07-13T19:00:00Z,Point,-113.80821294470172,57.47843831965155,,
GEO_304AA81DE2,EONET_8806,2024-07-13T19:00:00Z,Point,-120.1674722624292,60.562706441520255,,
GEO_A0115FCC73,EONET_8807,2024-07-13T19:00:00Z,Point,-120.78847494542883,58.46435957411563,,
GEO_E3D50E861D,EONET_8808,2024-07-13T19:00:00Z,Point,-64.26425993734178,-13.719610235837632,,
GEO_596FCE16AE,EONET_8809,2024-07-13T19:00:00Z,Point,-62.73465622405858,-16.407759160561646,,
GEO_EDF5A09302,EONET_8810,2024-07-13T19:00:00Z,Point,-121.39595576317744,50.531146053964555,,
GEO_AF266E885E,EONET_8840,2024-07-13T19:00:00Z,Point,22.13090846248217,-9.943983809291893,,
GEO_545F596C67,EONET_8841,2024-07-13T19:00:00Z,Point,120.72431721254132,63.24279313074647,,
GEO_D20E904846,EONET_8971,2024-07-13T19:00:00Z,Point,136.92185769810118,-16.55105826767309,,
GEO_DDDF54A234,EONET_8997,2024-07-13T19:00:00Z,Point,-64.54626937088878,-7.5754302880358395,,
GEO_DAF639DE3D,EONET_8998,2024-07-13T19:00:00Z,Point,-108.7639096534287,56.660942690710655,,
GEO_4103E9274B,EONET_9012,2024-07-13T19:00:00Z,Point,-102.57257100582872,55.612053504174455,,
GEO_B3E4E38B08,EONET_9099,2024-07-13T19:00:00Z,Point,-66.06306252179222,-9.145294490039984,,
GEO_03C2D4F3EF,EONET_9539,2024-07-13T19:00:00Z,Point,-114.59428830900744,63.981286087766485,,
GEO_59EB19E9DE,EONET_8911,2024-07-13T17:35:00Z,Point,-118.7525,35.0591667,9950.0,acres
GEO_59AD370A11,EONET_8732,2024-07-13T15:29:00Z,Point,-109.436694,40.877667,715.0,acres
GEO_E77845E833,EONET_8739,2024-07-13T15:12:00Z,Point,-106.82431,45.24083,2082.0,acres
GEO_C85239F710,EONET_8771,2024-07-13T14:48:00Z,Point,-118.317533,35.99505,23661.0,acres
GEO_028EB3D675,EONET_8909,2024-07-13T14:15:00Z,Point,-118.515,34.9616667,5536.0,acres
GEO_A40617AB17,EONET_8726,2024-07-13T11:26:00Z,Point,-119.695667,35.199333,12703.0,acres
GEO_DB9D7D3060,EONET_8746,2024-07-12T23:05:00Z,Point,-105.925713,45.007626,1270.0,acres
GEO_1D1AF87FB2,EONET_8722,2024-07-12T22:11:00Z,Point,-111.138333,33.606167,11162.0,acres
GEO_0166BD8CD0,EONET_8760,2024-07-12T19:00:00Z,Point,26.354503597740813,41.90506722262116,,
GEO_A8FD0BB27F,EONET_8763,2024-07-12T19:00:00Z,Point,-55.09442840400445,-7.762980056429684,,
GEO_7564E7F2D4,EONET_8764,2024-07-12T19:00:00Z,Point,-123.38480723703822,62.5320018130011,,
GEO_32A235A93B,EONET_8765,2024-07-12T19:00:00Z,Point,-108.42362450792261,56.197404575105715,,
GEO_B0342643A7,EONET_8811,2024-07-12T19:00:00Z,Point,-118.27805028760244,35.982314741758465,,
GEO_3652B8C081,EONET_8842,2024-07-12T19:00:00Z,Point,143.92088422101557,-15.859356565178544,,
GEO_4D5FD23AA7,EONET_8869,2024-07-12T19:00:00Z,Point,-65.87095001776127,-9.14077716309957,,
GEO_7A31995925,EONET_8972,2024-07-12T19:00:00Z,Point,-64.28455933384858,-13.772682843002952,,
GEO_430341F0C1,EONET_8999,2024-07-12T19:00:00Z,Point,-107.52140374000727,56.496675340148514,,
GEO_AC3EA1F262,EONET_9000,2024-07-12T19:00:00Z,Point,-56.157100275305794,-6.463574300464632,,
GEO_6C06DA7DD3,EONET_9070,2024-07-12T19:00:00Z,Point,-107.08334853990507,55.74190404170078,,
GEO_45265DB54E,EONET_8750,2024-07-12T17:29:00Z,Point,-106.534383,45.26895,19223.0,acres
GEO_D9BDF2FC36,EONET_8901,2024-07-12T16:02:00Z,Point,-107.2602,36.758033,572.0,acres
GEO_83DA7EAF76,EONET_8737,2024-07-12T10:07:00Z,Point,-106.622683,45.2202,19982.0,acres
GEO_32E092DAA5,EONET_8735,2024-07-11T22:18:00Z,Point,-110.933117,32.83725,32568.0,acres
GEO_9F6B5939C9,EONET_8724,2024-07-11T19:36:00Z,Point,-111.468717,31.7694,1422.0,acres
GEO_6E2AEC996F,EONET_8709,2024-07-11T19:00:00Z,Point,-117.64232423551373,44.214524976447414,,
GEO_0FBFB98F07,EONET_8757,2024-07-11T19:00:00Z,Point,-119.1256172361415,64.9355213252926,,
GEO_D02062F604,EONET_8812,2024-07-11T19:00:00Z,Point,-122.15832621956027,63.65335616788579,,
GEO_D46F2823A7,EONET_8813,2024-07-11T19:00:00Z,Point,-120.07562641281658,62.41235815785775,,
GEO_299F03733B,EONET_8843,2024-07-11T19:00:00Z,Point,120.22033176399353,64.33265816115741,,
GEO_732683B070,EONET_8844,2024-07-11T19:00:00Z,Point,-114.92794606356799,57.434620663165134,,
GEO_2A66B8F017,EONET_8939,2024-07-11T19:00:00Z,Point,18.802635979316456,-9.091825522061463,,
GEO_6110561296,EONET_8973,2024-07-11T19:00:00Z,Point,-61.0839515334471,-15.569791040946305,,
GEO_287EC37A1B,EONET_9001,2024-07-11T19:00:00Z,Point,120.80793118888764,64.21734469736465,,
GEO_B07A31F551,EONET_8723,2024-07-11T14:33:00Z,Point,-114.961383,44.1152,2595.0,acres
GEO_2B6C6CAE70,EONET_8648,2024-07-11T10:37:00Z,Point,-117.75875,44.35675,133490.0,acres
GEO_BDA8B9994A,EONET_8650,2024-07-11T10:03:00Z,Point,-117.846133,44.216,2727.0,acres
GEO_F4567D78B1,EONET_8733,2024-07-11T02:33:00Z,Point,-110.448167,33.349,2162.0,acres
GEO_AB172E8BFF,EONET_8770,2024-07-10T21:37:00Z,Point,-109.540258,33.546389,697.0,acres
GEO_177A4A8009,EONET_8646,2024-07-10T19:18:00Z,Point,-121.197417,44.471117,628.82,acres
GEO_F0F9469492,EONET_8766,2024-07-10T19:00:00Z,Point,-110.8091390062288,57.01696648670417,,
GEO_9F5F730BE3,EONET_8814,2024-07-10T19:00:00Z,Point,-60.89547517839808,-15.728124102820773,,
GEO_03099D0D51,EONET_8815,2024-07-10T19:00:00Z,Point,-58.722144874468434,-17.064214464963285,,
GEO_49F66F09CE,EONET_8940,2024-07-10T19:00:00Z,Point,-59.61893114139997,-9.209024710354143,,
GEO_31BC2170BC,EONET_8730,2024-07-10T12:22:00Z,Point,-119.426758,43.852961,142729.0,acres
GEO_EF0870AED6,EONET_8605,2024-07-09T19:00:00Z,Point,-114.73321629571095,59.25013139570377,,
GEO_48555132B7,EONET_8606,2024-07-09T19:00:00Z,Point,-119.94903658820522,60.72780464085684,,
GEO_D6900B9C88,EONET_8607,2024-07-09T19:00:00Z,Point,-114.35791622063068,59.03889771917481,,
GEO_5DBCB6EB12,EONET_8608,2024-07-09T19:00:00Z,Point,-114.52803122914129,58.957022522428154,,
GEO_98D5CE8138,EONET_8609,2024-07-09T19:00:00Z,Point,-110.53121824427423,57.69229511761814,,
GEO_DF423EBE30,EONET_8610,2024-07-09T19:00:00Z,Point,-118.24236514183465,59.909666226691115,,
GEO_B6970CA966,EONET_8635,2024-07-09T19:00:00Z,Point,-121.10755908405062,59.880815691363786,,
GEO_EF0639247F,EONET_8710,2024-07-09T19:00:00Z,Point,20.01639623558029,-8.135873091974625,,
GEO_EA718894B9,EONET_8717,2024-07-09T19:00:00Z,Point,-58.92580311887019,-16.953884356832766,,
GEO_31EF0C38E8,EONET_8720,2024-07-09T19:00:00Z,Point,-119.38233259305161,43.84931747374143,,
GEO_9A4B950AC1,EONET_8758,2024-07-09T19:00:00Z,Point,140.34932763206982,70.36769816821884,,
GEO_B4F051226E,EONET_8761,2024-07-09T19:00:00Z,Point,22.178071778928423,41.56492124487283,,
GEO_3633F48BBB,EONET_8767,2024-07-09T19:00:00Z,Point,-110.43036233640647,57.29634162916021,,
GEO_AB71A1AEBA,EONET_8768,2024-07-09T19:00:00Z,Point,-118.92490891314067,59.56157302561505,,
GEO_BD55A9F9B1,EONET_8816,2024-07-09T19:00:00Z,Point,-110.46748664574618,57.27573245124405,,
GEO_08AC4D187B,EONET_8870,2024-07-09T19:00:00Z,Point,17.71869746522666,-11.171675806429828,,
GEO_1A64FD9674,EONET_8974,2024-07-09T19:00:00Z,Point,120.09775795254146,63.348277013332776,,
GEO_D00B002D14,EONET_8659,2024-07-09T16:54:00Z,Point,-121.244667,45.364333,18286.0,acres
GEO_3623F70084,EONET_8681,2024-07-09T08:42:00Z,Point,-90.073439,44.242744,3000.0,acres
GEO_7DFF36BB0E,EONET_8655,2024-07-09T07:12:00Z,Point,-118.801528,36.026333,501.0,acres
GEO_51D63DB700,EONET_8636,2024-07-08T19:00:00Z,Point,20.040227396563584,-8.402797359789211,,
GEO_61143A2795,EONET_8699,2024-07-08T19:00:00Z,Point,20.15511155528637,39.96422835666898,,
GEO_F13788466F,EONET_8845,2024-07-08T19:00:00Z,Point,-106.86747846294456,55.15831321399974,,
GEO_C2C683AC49,EONET_8871,2024-07-08T19:00:00Z,Point,19.55565605158338,-17.443246548292514,,
GEO_E9D71A36F5,EONET_8941,2024-07-08T19:00:00Z,Point,132.35945627820686,-11.35789665975119,,
GEO_56B2690983,EONET_8665,2024-07-08T16:40:00Z,Point,-110.96427,34.519512,2019.0,acres
GEO_E7E090AA15,EONET_8661,2024-07-08T16:17:00Z,Point,-118.745667,43.807167,1086.0,acres
GEO_A61D86FD77,EONET_8660,2024-07-07T19:30:00Z,Point,-122.603,42.47755,4102.0,acres
GEO_1CDEA7AA5F,EONET_8637,2024-07-07T19:00:00Z,Point,132.0712902700375,-13.318416557573823,,
GEO_C2DF032BFA,EONET_8700,2024-07-07T19:00:00Z,Point,133.436620425346,68.50595772140349,,
GEO_BC02415D46,EONET_8711,2024-07-07T19:00:00Z,Point,128.6665423030992,53.664182767563176,,
GEO_68227E9EC5,EONET_8762,2024-07-07T19:00:00Z,Point,134.39845793076623,68.53268518823295,,
GEO_148FC30461,EONET_8817,2024-07-07T19:00:00Z,Point,121.26470088827426,63.11486862757105,,
GEO_2D242AEBC6,EONET_8846,2024-07-07T19:00:00Z,Point,134.09256885985812,66.87289836998059,,
GEO_1C0CF1DDFF,EONET_8847,2024-07-07T19:00:00Z,Point,-112.95185936181134,58.234729049220064,,
GEO_E87F252BA0,EONET_8649,2024-07-07T13:05:00Z,Point,-117.590867,34.301917,2936.0,acres
GEO_F81C8A3736,EONET_8611,2024-07-06T19:00:00Z,Point,123.72588877036492,-17.213401564753962,,
GEO_AD6BEC7D2C,EONET_8612,2024-07-06T19:00:00Z,Point,142.84393183949092,69.0242374938927,,
GEO_2E290B83B8,EONET_8613,2024-07-06T19:00:00Z,Point,118.10483183015249,54.63589274811547,,
GEO_68E871D0B4,EONET_8614,2024-07-06T19:00:00Z,Point,142.99443551913313,68.9854050570269,,
GEO_46870F59F2,EONET_8638,2024-07-06T19:00:00Z,Point,143.23699622905858,69.15569768835806,,
GEO_FB7E63D8ED,EONET_8639,2024-07-06T19:00:00Z,Point,140.57975533256183,70.19155103145559,,
GEO_C0CE8134C6,EONET_8701,2024-07-06T19:00:00Z,Point,-114.96356730342255,58.995232424644705,,
GEO_F764933338,EONET_8712,2024-07-06T19:00:00Z,Point,130.74001231701223,51.98420855981097,,
GEO_BC9685327C,EONET_8759,2024-07-06T19:00:00Z,Point,141.76190413458121,70.06740750825142,,
GEO_42D12B04E3,EONET_8818,2024-07-06T19:00:00Z,Point,-62.41270692732354,-8.72574128179101,,
GEO_DA27D05082,EONET_8848,2024-07-06T19:00:00Z,Point,132.60806943334876,-12.226765598190857,,
GEO_99B02AE10A,EONET_8672,2024-07-06T07:57:00Z,Point,-74.62619,39.78726,4300.0,acres
GEO_0778334FE3,EONET_8515,2024-07-05T19:00:00Z,Point,-120.07555482806406,34.78629581505955,,
GEO_B765B1B35F,EONET_8526,2024-07-05T19:00:00Z,Point,-112.34141932512088,38.44922286238271,,
GEO_12277E8AAB,EONET_8589,2024-07-05T19:00:00Z,Point,-59.73706139124115,-14.689523082076457,,
GEO_11879CC0AC,EONET_8590,2024-07-05T19:00:00Z,Point,127.31002131306559,55.290107638831145,,
GEO_AAFF563B5E,EONET_8615,2024-07-05T19:00:00Z,Point,30.91203719558406,-24.804582488911027,,
GEO_7F10BB5EA5,EONET_8616,2024-07-05T19:00:00Z,Point,126.25678151002867,55.410123620395574,,
GEO_2EDFC26240,EONET_8617,2024-07-05T19:00:00Z,Point,121.34365716773202,58.917858149380635,,
GEO_19AE276A4B,EONET_8618,2024-07-05T19:00:00Z,Point,124.37546424240433,62.6534493743477,,
GEO_D29067A36A,EONET_8619,2024-07-05T19:00:00Z,Point,116.26141136629525,56.406962081129066,,
GEO_5D93F3CFA5,EONET_8620,2024-07-05T19:00:00Z,Point,-110.65680395219728,57.43772960229241,,
GEO_4AB2CF3AC3,EONET_8640,2024-07-05T19:00:00Z,Point,30.580176986390097,-25.647625337329117,,
GEO_F61C519B9F,EONET_8641,2024-07-05T19:00:00Z,Point,123.65952119541583,57.23717046015457,,
GEO_B8436C0DBD,EONET_8654,2024-07-05T19:00:00Z,Point,-120.052,34.786833,38664.0,acres
GEO_5C50F93341,EONET_8702,2024-07-05T19:00:00Z,Point,-114.72980486580438,59.23351832179179,,
GEO_3153035FE6,EONET_8703,2024-07-05T19:00:00Z,Point,121.53944581715722,56.86327964581063,,
GEO_EF13E76B61,EONET_8819,2024-07-05T19:00:00Z,Point,-121.24692845494998,59.05192074160826,,
GEO_8A6E234B79,EONET_8652,2024-07-05T16:20:00Z,Point,-112.373889,38.483611,18222.0,acres
GEO_CB15A764A2,EONET_8688,2024-07-05T10:05:00Z,Point,-81.450555,29.066164,1600.0,acres
GEO_5AAD3FE350,EONET_8516,2024-07-04T19:00:00Z,Point,19.626730840539693,-7.728505188636456,,
GEO_55B0835466,EONET_8527,2024-07-04T19:00:00Z,Point,125.95171674087335,55.676786368539354,,
GEO_2400536FE0,EONET_8591,2024-07-04T19:00:00Z,Point,-118.46498031241899,59.753822274666504,,
GEO_B90C6B2146,EONET_8621,2024-07-04T19:00:00Z,Point,129.70064371510355,51.698120207764006,,
GEO_B746A53EC8,EONET_8622,2024-07-04T19:00:00Z,Point,-121.26085248589523,58.58312656378959,,
GEO_EDD9EAA930,EONET_8623,2024-07-04T19:00:00Z,Point,123.63704098287424,-17.103027177115678,,
GEO_26479E4904,EONET_8704,2024-07-04T19:00:00Z,Point,121.82676309532545,56.8737410147312,,
GEO_9429FA1680,EONET_8713,2024-07-04T19:00:00Z,Point,111.49730436788296,62.547282022580355,,
GEO_D9261BAD8F,EONET_8718,2024-07-04T19:00:00Z,Point,130.87710583361007,58.966671200852396,,
GEO_75D7C9C215,EONET_8820,2024-07-04T19:00:00Z,Point,-114.85823561610735,57.69454562218578,,
GEO_6454D3A670,EONET_8690,2024-07-04T17:17:00Z,Point,-119.813493,47.772037,840.0,acres
GEO_91312155B8,EONET_8671,2024-07-03T20:22:00Z,Point,-118.27071,46.56885,1436.0,acres
GEO_527708C364,EONET_8517,2024-07-03T19:00:00Z,Point,-121.0037411194706,58.515325565147464,,
GEO_42DF52C84F,EONET_8518,2024-07-03T19:00:00Z,Point,18.110947980356336,-7.630604369758335,,
GEO_6100886AB7,EONET_8519,2024-07-03T19:00:00Z,Point,17.070869085465944,-8.563878583358886,,
GEO_4608B4112E,EONET_8592,2024-07-03T19:00:00Z,Point,129.48165678280114,56.309243806939776,,
GEO_F6875E892E,EONET_8593,2024-07-03T19:00:00Z,Point,123.17908529814872,61.99135944279007,,
GEO_514563018B,EONET_8624,2024-07-03T19:00:00Z,Point,19.81906201631966,-18.24719403721657,,
GEO_ADB1E41DA9,EONET_8625,2024-07-03T19:00:00Z,Point,-123.03434875247548,41.49077279598385,,
GEO_D37E8AF622,EONET_8626,2024-07-03T19:00:00Z,Point,122.1267507379162,60.358593696402295,,
GEO_F9F7780C5D,EONET_8642,2024-07-03T19:00:00Z,Point,-121.2377216530445,59.260575568891575,,
GEO_3C62CF291F,EONET_8705,2024-07-03T19:00:00Z,Point,126.73806396915094,58.4093719792648,,
GEO_9F0A6645F9,EONET_8714,2024-07-03T19:00:00Z,Point,113.98910043020288,55.97187241674943,,
GEO_1BF1180ABF,EONET_8480,2024-07-03T18:50:00Z,Point,-116.948,46.122194,3155.0,acres
GEO_3A2CD1A0FD,EONET_8916,2024-07-03T17:44:00Z,Point,-118.405,35.1166667,830.0,acres
GEO_1EBCCA9D0C,EONET_8656,2024-07-03T16:44:00Z,Point,-123.06275,41.46505,15520.0,acres
GEO_628A81850D,EONET_8917,2024-07-03T15:59:00Z,Point,-119.8583333,35.6216667,1310.0,acres
GEO_91D89B8512,EONET_8914,2024-07-02T19:51:00Z,Point,-98.9880556,36.2930556,794.0,acres
GEO_F579016BDF,EONET_8491,2024-07-02T19:00:00Z,Point,142.18881641214952,-15.333950309887495,,
GEO_3067B2EF47,EONET_8505,2024-07-02T19:00:00Z,Point,20.076854960047324,-9.012637429241277,,
GEO_3F9E5915A1,EONET_8520,2024-07-02T19:00:00Z,Point,132.15857802425126,-12.293839249512299,,
GEO_13A44D6617,EONET_8594,2024-07-02T19:00:00Z,Point,118.26208206090854,53.60052016245206,,
GEO_07BE72ACEA,EONET_8715,2024-07-02T19:00:00Z,Point,106.4567391959553,61.69960616460341,,
GEO_2FC343084E,EONET_8657,2024-07-02T13:51:00Z,Point,-108.550967,33.40515,4257.0,acres
GEO_E0C44D07ED,EONET_8687,2024-07-01T19:52:00Z,Point,-157.128833,66.067167,1568.5,acres
GEO_DB5D469A5B,EONET_8437,2024-07-01T19:00:00Z,Point,116.86568262735176,55.108957685910916,,
GEO_7E37363EDC,EONET_8457,2024-07-01T19:00:00Z,Point,19.599941468146824,-8.14305954497777,,
GEO_D169CA04FB,EONET_8492,2024-07-01T19:00:00Z,Point,118.36620612292113,54.26789945027716,,
GEO_886F53E866,EONET_8506,2024-07-01T19:00:00Z,Point,119.04063423698395,60.07958715570167,,
GEO_807962AD89,EONET_8521,2024-07-01T19:00:00Z,Point,22.236107585694665,-8.393720207551825,,
GEO_B6088DF849,EONET_8528,2024-07-01T19:00:00Z,Point,130.71796370388014,52.075038887207135,,
GEO_8FE488024B,EONET_8529,2024-07-01T19:00:00Z,Point,24.519142581996054,-14.125616516974649,,
GEO_0A12DF545F,EONET_8595,2024-07-01T19:00:00Z,Point,129.114948548542,55.534846144008156,,
GEO_226B3DCAB3,EONET_8596,2024-07-01T19:00:00Z,Point,120.30655850944159,61.376073772029,,
GEO_95E2AA4369,EONET_8627,2024-07-01T19:00:00Z,Point,-114.98801252623241,59.112360839743516,,
GEO_A3195E4D22,EONET_8706,2024-07-01T19:00:00Z,Point,27.25412652121741,-12.990016681968592,,
GEO_231A550E3D,EONET_8707,2024-07-01T19:00:00Z,Point,117.42905526027302,59.70630390966216,,
GEO_4BA956F121,EONET_8769,2024-07-01T19:00:00Z,Point,-119.79184205498657,59.14726196909645,,
GEO_E62F9059E6,EONET_8477,2024-07-01T18:54:00Z,Point,-116.260045,32.668151,1595.0,acres
GEO_4AAA669B33,EONET_8686,2024-07-01T09:27:00Z,Point,-112.033339,34.394897,1053.0,acres
GEO_98D3623E66,EONET_8458,2024-06-30T19:00:00Z,Point,117.05954489112673,54.95046935423183,,
GEO_A1BB1E2A35,EONET_8493,2024-06-30T19:00:00Z,Point,-114.65354435332851,58.806013231754164,,
GEO_90D8E67200,EONET_8494,2024-06-30T19:00:00Z,Point,-64.50592811198683,-13.808023239949367,,
GEO_5A671D73BF,EONET_8507,2024-06-30T19:00:00Z,Point,-57.3442169906278,-19.471390212519633,,
GEO_9961674B26,EONET_8522,2024-06-30T19:00:00Z,Point,118.23713097014561,58.27994823823306,,
GEO_EF23083CD3,EONET_8523,2024-06-30T19:00:00Z,Point,116.22319521431857,53.76999588555629,,
GEO_3F90F182E5,EONET_8530,2024-06-30T19:00:00Z,Point,132.87039915050664,59.90837016244601,,
GEO_044157940D,EONET_8531,2024-06-30T19:00:00Z,Point,120.77871433466977,61.08630846384652,,
GEO_5699D59769,EONET_8532,2024-06-30T19:00:00Z,Point,121.3898493562875,57.192602282124696,,
GEO_A8F7278950,EONET_8597,2024-06-30T19:00:00Z,Point,131.610679893813,59.08240660661877,,
GEO_9F355D331E,EONET_8628,2024-06-30T19:00:00Z,Point,116.01923263038833,53.74514907509303,,
GEO_02A1AD32FC,EONET_8629,2024-06-30T19:00:00Z,Point,121.16297705022619,59.400939654322606,,
GEO_5D18C1EECE,EONET_8716,2024-06-30T19:00:00Z,Point,131.14723797367904,59.25900118796104,,
GEO_ED8BF12CA0,EONET_8719,2024-06-30T19:00:00Z,Point,131.37222245864604,59.29337358880448,,
GEO_47E9672F24,EONET_9678,2024-06-30T19:00:00Z,Point,-59.03800113816561,-16.980001433791614,,
GEO_46F3AE7FA1,EONET_8753,2024-06-30T18:33:00Z,Point,-154.154167,65.583883,944.0,acres
GEO_019F26540E,EONET_8484,2024-06-30T17:54:00Z,Point,-147.55945,65.941667,15348.0,acres
GEO_F794D8AB7B,EONET_8919,2024-06-30T17:46:00Z,Point,-81.9402778,27.82,615.0,acres
GEO_1C679F19B7,EONET_8438,2024-06-29T19:00:00Z,Point,130.44795197929963,52.98288277643283,,
GEO_BEDDFDA02D,EONET_8439,2024-06-29T19:00:00Z,Point,129.1235033672676,54.1669786709728,,
GEO_D31C5B1EFD,EONET_8495,2024-06-29T19:00:00Z,Point,18.638243065851565,-6.861532618138704,,
GEO_8BE1DAF5F2,EONET_8496,2024-06-29T19:00:00Z,Point,117.13411405626101,54.60639496728378,,
GEO_B67D269830,EONET_8533,2024-06-29T19:00:00Z,Point,129.48298787414578,57.480146846690225,,
GEO_7C03A527F3,EONET_8630,2024-06-29T19:00:00Z,Point,116.47918390840631,53.101274789811534,,
GEO_F82F92874F,EONET_8631,2024-06-29T19:00:00Z,Point,126.68846836721403,54.47538641796441,,
GEO_2BC56C97FF,EONET_8483,2024-06-29T18:02:00Z,Point,-141.31555,66.899167,5140.0,acres
GEO_C791084FD6,EONET_8479,2024-06-29T02:51:00Z,Point,-148.446533,65.32955,5059.0,acres
GEO_D276F7C7D3,EONET_8662,2024-06-29T00:41:00Z,Point,-148.17641,65.403005,90698.0,acres
GEO_2912DBD035,EONET_8440,2024-06-28T19:00:00Z,Point,129.5634196905628,52.7600517655802,,
GEO_915AF92477,EONET_8441,2024-06-28T19:00:00Z,Point,128.22380796295957,52.39471171615211,,
GEO_D96044057A,EONET_8459,2024-06-28T19:00:00Z,Point,118.33297146775853,54.55177606293162,,
GEO_BD503D8BA0,EONET_8460,2024-06-28T19:00:00Z,Point,120.01220706431828,56.00732105879282,,
GEO_AFEA0ED2E5,EONET_8461,2024-06-28T19:00:00Z,Point,116.75160054585028,54.535319321618616,,
GEO_D742AC498E,EONET_8462,2024-06-28T19:00:00Z,Point,132.34622351667733,-12.267810290798476,,
GEO_4F47DECD27,EONET_8497,2024-06-28T19:00:00Z,Point,26.64990575487079,-6.35266892123562,,
GEO_659E05E780,EONET_8498,2024-06-28T19:00:00Z,Point,121.72313201006395,54.57823062928825,,
GEO_7CA75C6568,EONET_8508,2024-06-28T19:00:00Z,Point,119.87025988970225,54.262169089762644,,
GEO_5C7F56C830,EONET_8524,2024-06-28T19:00:00Z,Point,26.64918630999502,-5.789587845461822,,
GEO_15E4B0D256,EONET_8598,2024-06-28T19:00:00Z,Point,121.52641619443024,59.0482260557738,,
GEO_B1375D8333,EONET_8643,2024-06-28T19:00:00Z,Point,121.46247914739834,59.31491272157268,,
GEO_51D19F68D5,EONET_8795,2024-06-28T18:16:00Z,Point,-151.141667,66.22,848.0,acres
GEO_D86A3E0150,EONET_8355,2024-06-27T21:36:00Z,Point,-149.783833,63.901,1236.7,acres
GEO_315C6D6DC5,EONET_8300,2024-06-27T19:00:00Z,Point,-58.346006110609565,-18.60658943579949,,
GEO_0C707D4A09,EONET_8314,2024-06-27T19:00:00Z,Point,128.22755654989567,53.480520842570634,,
GEO_237CAAA257,EONET_8334,2024-06-27T19:00:00Z,Point,130.1972888093628,52.50107868170251,,
GEO_07405C14D0,EONET_8420,2024-06-27T19:00:00Z,Point,130.54702612295588,54.13994118147742,,
GEO_4943D99A7A,EONET_8442,2024-06-27T19:00:00Z,Point,121.32376753167533,54.2759907178016,,
GEO_1177265F07,EONET_8443,2024-06-27T19:00:00Z,Point,130.19775043262487,52.69728212865558,,
GEO_C5766C105A,EONET_8444,2024-06-27T19:00:00Z,Point,25.748386938926735,-4.94753014106913,,
GEO_60D598E85D,EONET_8463,2024-06-27T19:00:00Z,Point,118.67257923245965,54.99656070785554,,
GEO_65A7CD0441,EONET_8499,2024-06-27T19:00:00Z,Point,35.082397443087196,-2.4372852441939057,,
GEO_CA0660C2AF,EONET_8500,2024-06-27T19:00:00Z,Point,22.00041874312137,-9.033639903781985,,
GEO_4FC14895F5,EONET_8509,2024-06-27T19:00:00Z,Point,129.05926009905386,52.95391753639297,,
GEO_37FC742183,EONET_8534,2024-06-27T19:00:00Z,Point,116.95365365939301,53.423087178326426,,
GEO_B6AC7BBFDC,EONET_8535,2024-06-27T19:00:00Z,Point,118.56597852200275,52.180558164180106,,
GEO_4360E22587,EONET_8536,2024-06-27T19:00:00Z,Point,-121.14255975365332,59.42060958054069,,
GEO_EE884C1212,EONET_8599,2024-06-27T19:00:00Z,Point,128.88075083901197,55.15504300593072,,
GEO_A70179E70A,EONET_8632,2024-06-27T19:00:00Z,Point,-121.65074979068245,59.50018439905896,,
GEO_3F096A6CD9,EONET_8644,2024-06-27T19:00:00Z,Point,121.07815806635024,59.6367228498276,,
GEO_649BAF665F,EONET_8486,2024-06-27T18:53:00Z,Point,-142.3305,63.4338,1111.8,acres
GEO_9CF2407DD1,EONET_8385,2024-06-27T14:40:00Z,Point,-158.422667,66.2545,1055.1,acres
GEO_03D2A3FC77,EONET_8386,2024-06-27T13:03:00Z,Point,-158.475,66.286833,832.9,acres
GEO_4999BBF41E,EONET_8377,2024-06-27T02:39:00Z,Point,-158.77,61.93,3074.9,acres
GEO_A9B12C2903,EONET_8683,2024-06-26T22:19:00Z,Point,-150.04,63.88,20729.6,acres
GEO_97195BAD72,EONET_8359,2024-06-26T21:10:00Z,Point,-147.980833,64.194717,6325.1,acres
GEO_E16451B3D7,EONET_8369,2024-06-26T19:57:00Z,Point,-118.674,37.9751,2160.0,acres
GEO_3AC8B759CF,EONET_8315,2024-06-26T19:00:00Z,Point,133.49578197256778,68.5928039091536,,
GEO_DFEE38C8CD,EONET_8316,2024-06-26T19:00:00Z,Point,130.33304009917524,54.80555358422646,,
GEO_D50A40A13C,EONET_8335,2024-06-26T19:00:00Z,Point,-113.77145328962844,59.32157845658425,,
GEO_A8BB05E87D,EONET_8336,2024-06-26T19:00:00Z,Point,129.57577598909518,51.84951724163045,,
GEO_A336D0CA88,EONET_8337,2024-06-26T19:00:00Z,Point,128.69208051538064,53.55263523049101,,
GEO_FEC28CC7CD,EONET_8421,2024-06-26T19:00:00Z,Point,129.963733763662,52.16760408064224,,
GEO_2F40391F63,EONET_8422,2024-06-26T19:00:00Z,Point,130.53570595922434,51.63076424966154,,
GEO_5C311813C3,EONET_8423,2024-06-26T19:00:00Z,Point,117.98921300606538,56.663973705519425,,
GEO_6C6A144C39,EONET_8445,2024-06-26T19:00:00Z,Point,117.95194760293425,56.510642452733734,,
GEO_2547F31C64,EONET_8446,2024-06-26T19:00:00Z,Point,118.73117436457109,55.62819782272302,,
GEO_7E8A296A1B,EONET_8464,2024-06-26T19:00:00Z,Point,118.19578614728148,55.66488124185235,,
GEO_3E4E67A1E3,EONET_8465,2024-06-26T19:00:00Z,Point,120.206075949355,55.30007068372867,,
GEO_C6647BEECB,EONET_8466,2024-06-26T19:00:00Z,Point,117.92312710760082,57.87063089527673,,
GEO_8039201794,EONET_8501,2024-06-26T19:00:00Z,Point,129.610917788925,51.72003331621237,,
GEO_D7F0A9CE96,EONET_8510,2024-06-26T19:00:00Z,Point,131.98736282392002,59.40572298494237,,
GEO_10482EEB3E,EONET_8537,2024-06-26T19:00:00Z,Point,119.02125970708975,53.89800530590108,,
GEO_1CDE86A196,EONET_8600,2024-06-26T19:00:00Z,Point,120.00405104258617,53.589896801966574,,
GEO_3F9662BB97,EONET_8363,2024-06-26T18:45:00Z,Point,-146.420833,66.771667,1084.0,acres
GEO_36CBED65CD,EONET_8378,2024-06-26T12:54:00Z,Point,-141.769717,64.43055,514.0,acres
GEO_DD4CB42FFB,EONET_8382,2024-06-26T12:41:00Z,Point,-153.9,62.92,3133.2,acres
GEO_E435EEA5D9,EONET_8365,2024-06-25T23:28:00Z,Point,-146.215,65.533883,4355.0,acres
GEO_AE52051E1D,EONET_8485,2024-06-25T21:58:00Z,Point,-156.72,61.34,1080.3,acres
GEO_F0BB722B68,EONET_8282,2024-06-25T19:00:00Z,Point,14.883199964551505,-9.49162144988887,,
GEO_C0DECABF6D,EONET_8301,2024-06-25T19:00:00Z,Point,-120.73464892482761,59.40108432493505,,
GEO_157621451A,EONET_8317,2024-06-25T19:00:00Z,Point,18.51094965022568,-6.775380941707705,,
GEO_2D95F334B4,EONET_8318,2024-06-25T19:00:00Z,Point,18.29028315270093,-7.051177262363505,,
GEO_09512CA664,EONET_8319,2024-06-25T19:00:00Z,Point,25.89332561845719,-7.732206523200235,,
GEO_81DA05AAD8,EONET_8320,2024-06-25T19:00:00Z,Point,-119.11267357139951,36.88552268495516,,
GEO_992957A1F1,EONET_8321,2024-06-25T19:00:00Z,Point,-121.5588788450872,58.88048768199795,,
GEO_745A5C646E,EONET_8322,2024-06-25T19:00:00Z,Point,129.85064025743307,53.42621006141486,,
GEO_B6F8A65706,EONET_8338,2024-06-25T19:00:00Z,Point,128.27438030450784,55.067180075116966,,
GEO_2E848A5BC6,EONET_8339,2024-06-25T19:00:00Z,Point,-121.2100175419895,58.9589161867071,,
GEO_F5AB5E3145,EONET_8340,2024-06-25T19:00:00Z,Point,128.4413510447692,54.86799057484198,,
GEO_0299B5BC1C,EONET_8424,2024-06-25T19:00:00Z,Point,115.69582882666012,55.38391138597561,,
GEO_E90E274A5A,EONET_8447,2024-06-25T19:00:00Z,Point,21.246546323671655,-8.691952395019257,,
GEO_7C07B7B466,EONET_8448,2024-06-25T19:00:00Z,Point,126.2963248629093,53.92849488890789,,
GEO_39D539FE1E,EONET_8449,2024-06-25T19:00:00Z,Point,-117.13573637077478,60.05666545568783,,
GEO_01928D575E,EONET_8450,2024-06-25T19:00:00Z,Point,131.7576346437681,53.385886856365296,,
GEO_91E11A7F40,EONET_8451,2024-06-25T19:00:00Z,Point,25.56765262475885,-5.473029490258822,,
GEO_E6C9D8BC56,EONET_8467,2024-06-25T19:00:00Z,Point,118.47924967539751,55.67916309703513,,
GEO_4FEAD9F9EC,EONET_8502,2024-06-25T19:00:00Z,Point,115.21681404143771,54.150350246409786,,
GEO_B59E03EEEB,EONET_8511,2024-06-25T19:00:00Z,Point,125.19944724506361,55.64001503714294,,
GEO_FAE398C29D,EONET_8512,2024-06-25T19:00:00Z,Point,-121.42548053031156,59.68160663805208,,
GEO_8CD30E2081,EONET_8538,2024-06-25T19:00:00Z,Point,-121.33214953903452,59.65009719295304,,
GEO_39D5D2253B,EONET_8601,2024-06-25T19:00:00Z,Point,127.31798218503701,55.989322620328124,,
GEO_70315DE9D3,EONET_8633,2024-06-25T19:00:00Z,Point,119.74896138657834,59.4435683583049,,
GEO_CC2004C217,EONET_8351,2024-06-25T18:17:00Z,Point,-152.25445,63.029717,35971.0,acres
GEO_9C0455BD95,EONET_8360,2024-06-25T18:15:00Z,Point,-148.05695,65.32,22561.0,acres
GEO_E2CB7C010B,EONET_8691,2024-06-25T12:05:00Z,Point,-119.337929,36.715565,10616.0,acres
GEO_A90A77F9F9,EONET_8361,2024-06-25T02:22:00Z,Point,-148.629667,65.2015,24136.0,acres
GEO_A61DE3A429,EONET_8362,2024-06-25T01:37:00Z,Point,-148.507333,65.223833,26563.5,acres
GEO_8E4BCA620C,EONET_8225,2024-06-24T22:21:00Z,Point,-121.482631,39.418598,691.0,acres
GEO_1FAA7F8FE7,EONET_8260,2024-06-24T19:00:00Z,Point,-64.11572465175655,51.79184131660541,,
GEO_28C59074A6,EONET_8268,2024-06-24T19:00:00Z,Point,-57.12580244356508,-19.03758279602289,,
GEO_1F50DDB1A3,EONET_8269,2024-06-24T19:00:00Z,Point,-119.30346408860883,36.7498605824008,,
GEO_72ADF11B9F,EONET_8283,2024-06-24T19:00:00Z,Point,23.294076965461652,-3.733227237900466,,
GEO_114837F467,EONET_8284,2024-06-24T19:00:00Z,Point,23.46548876678258,-3.5856567728470115,,
GEO_BA43314D40,EONET_8285,2024-06-24T19:00:00Z,Point,21.9381289105053,-8.888498024362239,,
GEO_68778C179F,EONET_8286,2024-06-24T19:00:00Z,Point,18.49116800538968,-5.956921426144892,,
GEO_8FBAE65C10,EONET_8287,2024-06-24T19:00:00Z,Point,23.76623042176052,-3.397247809847313,,
GEO_210AE6F970,EONET_8302,2024-06-24T19:00:00Z,Point,27.170087926440246,-5.894757624581179,,
GEO_E7B6ECE4B4,EONET_8303,2024-06-24T19:00:00Z,Point,19.817733359690575,-8.072202039236274,,
GEO_36B82FEE4C,EONET_8304,2024-06-24T19:00:00Z,Point,-60.493590221334976,-15.938926203507142,,
GEO_AED835AB40,EONET_8305,2024-06-24T19:00:00Z,Point,23.47908443888224,-3.6204836622996273,,
GEO_E803F886E0,EONET_8323,2024-06-24T19:00:00Z,Point,23.13303969507488,-3.7266152363818006,,
GEO_E0CD6F4C82,EONET_8324,2024-06-24T19:00:00Z,Point,23.632914517306997,-3.877605014617591,,
GEO_4B66B52183,EONET_8325,2024-06-24T19:00:00Z,Point,23.624144260636903,-3.3451660392045466,,
GEO_4C68E966A1,EONET_8326,2024-06-24T19:00:00Z,Point,116.90975707784239,55.25121495792409,,
GEO_586688E76D,EONET_8341,2024-06-24T19:00:00Z,Point,120.79517273195447,59.38274178249019,,
GEO_9C3E14BECB,EONET_8342,2024-06-24T19:00:00Z,Point,124.48697050068037,55.86028173257491,,
GEO_A47F94BD68,EONET_8425,2024-06-24T19:00:00Z,Point,120.45135021956489,54.72211752781075,,
GEO_945C32C9C0,EONET_8426,2024-06-24T19:00:00Z,Point,120.00956050980069,59.51805070140191,,
GEO_03C1E3EF7B,EONET_8427,2024-06-24T19:00:00Z,Point,120.47286209292731,55.44046026443638,,
GEO_9C9E75F43F,EONET_8428,2024-06-24T19:00:00Z,Point,118.4513993560837,55.5493844600144,,
GEO_7FF6B3D999,EONET_8429,2024-06-24T19:00:00Z,Point,34.661994324469305,-2.3046103600292667,,
GEO_4B5E505308,EONET_8452,2024-06-24T19:00:00Z,Point,120.14650176524825,53.34539737464697,,
GEO_2122A389D9,EONET_8468,2024-06-24T19:00:00Z,Point,119.91658427573273,55.15805032347874,,
GEO_C180C819EC,EONET_8525,2024-06-24T19:00:00Z,Point,128.65712753055516,56.658305758644225,,
GEO_5133CFC2B5,EONET_8539,2024-06-24T19:00:00Z,Point,120.06557243704619,60.76911583358731,,
GEO_465D8EE70B,EONET_8540,2024-06-24T19:00:00Z,Point,117.08896442619454,55.9513475995028,,
GEO_855A7002D3,EONET_8541,2024-06-24T19:00:00Z,Point,119.5500508088867,53.05534548681651,,
GEO_F4915F7C6B,EONET_8602,2024-06-24T19:00:00Z,Point,126.40580712186485,55.87135317496562,,
GEO_FA0FF556D0,EONET_8603,2024-06-24T19:00:00Z,Point,128.64898109214354,56.73304837431162,,
GEO_CEDFCD295B,EONET_8634,2024-06-24T19:00:00Z,Point,119.63305707445996,59.66519441918694,,
GEO_FC18DBA669,EONET_8370,2024-06-24T18:34:00Z,Point,-119.337929,36.715565,3600.0,acres
GEO_78AAC04BB6,EONET_8236,2024-06-24T18:01:00Z,Point,-119.308956,36.79027,856.0,acres
GEO_28F0FBA8E1,EONET_8375,2024-06-24T01:50:00Z,Point,-155.7345,64.569667,28076.6,acres
GEO_1126C508CC,EONET_8902,2024-06-24T00:36:00Z,Point,-155.231,64.611667,537.6,acres
GEO_7B068659AC,EONET_8430,2024-06-23T19:00:00Z,Point,119.85275703723518,55.38304708188419,,
GEO_5B1108927E,EONET_8469,2024-06-23T19:00:00Z,Point,120.4976743503613,55.494215899101405,,
GEO_5F14B4EA06,EONET_8513,2024-06-23T19:00:00Z,Point,119.10393834047224,54.70763460804475,,
GEO_C8E50F5AD4,EONET_8514,2024-06-23T19:00:00Z,Point,119.41809624180483,54.7514598601305,,
GEO_7CBA50E3E6,EONET_8604,2024-06-23T19:00:00Z,Point,117.82195746105154,59.73251332431367,,
GEO_067D6C7825,EONET_8374,2024-06-23T15:37:00Z,Point,-157.246917,65.971233,5921.6,acres
GEO_B4BDBD4803,EONET_8383,2024-06-23T01:47:00Z,Point,-157.7455,66.704833,1301.2,acres
GEO_2C5039B005,EONET_8354,2024-06-23T01:19:00Z,Point,-157.788833,66.789833,1186.0,acres
GEO_422D6853A1,EONET_8482,2024-06-22T23:25:00Z,Point,-154.181667,63.56,1682.7,acres
GEO_734FF7D583,EONET_8229,2024-06-22T20:03:00Z,Point,-121.131392,45.126083,1024.0,acres
GEO_92FC7EB464,EONET_8373,2024-06-22T19:39:00Z,Point,-159.615,66.893333,1441.2,acres
GEO_D0E184591A,EONET_8270,2024-06-22T19:00:00Z,Point,129.9124134763707,53.296193956762664,,
GEO_06F6CEB01C,EONET_8271,2024-06-22T19:00:00Z,Point,128.52183588578012,53.24860504900902,,
GEO_53776BB803,EONET_8272,2024-06-22T19:00:00Z,Point,130.2993798205448,53.21036741343203,,
GEO_10C1C02B10,EONET_8273,2024-06-22T19:00:00Z,Point,133.51998928110925,-19.26757429971461,,
GEO_92A705DAAC,EONET_8327,2024-06-22T19:00:00Z,Point,121.17725951246081,54.582285902706566,,
GEO_4188C45E85,EONET_8343,2024-06-22T19:00:00Z,Point,127.29681131551807,53.950751755395245,,
GEO_ADDFDA6653,EONET_8344,2024-06-22T19:00:00Z,Point,23.83431309218347,-2.8787847332460657,,
GEO_BF88067B2A,EONET_8345,2024-06-22T19:00:00Z,Point,-113.90267240901203,59.386487046404696,,
GEO_CF47B2F335,EONET_8431,2024-06-22T19:00:00Z,Point,23.393456225560556,-2.2522110236191213,,
GEO_FD44CAE417,EONET_8432,2024-06-22T19:00:00Z,Point,121.81507846959039,55.01244391053558,,
GEO_33B9A6B022,EONET_8433,2024-06-22T19:00:00Z,Point,129.55814154669096,51.81135461711229,,
GEO_8221DBF8DF,EONET_8453,2024-06-22T19:00:00Z,Point,127.36489605071077,54.87786120878624,,
GEO_EE54D333AF,EONET_8470,2024-06-22T19:00:00Z,Point,120.41281873321748,53.99159790781088,,
GEO_5B6CB78319,EONET_8352,2024-06-22T18:03:00Z,Point,-152.407217,63.775,24423.0,acres
GEO_07AD4D2465,EONET_8371,2024-06-22T13:09:00Z,Point,-105.038717,38.089417,1310.0,acres
GEO_7A5878A7D9,EONET_8214,2024-06-21T23:28:00Z,Point,-160.0105,66.798833,23405.7,acres
GEO_B173AC3EED,EONET_8226,2024-06-21T22:48:00Z,Point,-156.646533,62.9479,1223.0,acres
GEO_56B0ACB2B1,EONET_8223,2024-06-21T21:42:00Z,Point,-147.5935,64.574117,23409.8,acres
GEO_604B8B2C84,EONET_8164,2024-06-21T19:00:00Z,Point,-57.2659958049615,-19.418036795163513,,
GEO_DC90542F2C,EONET_8165,2024-06-21T19:00:00Z,Point,-57.92698090925936,-20.96249847946566,,
GEO_3D492B1C6C,EONET_8187,2024-06-21T19:00:00Z,Point,-57.349130602539255,-19.183798299676774,,
GEO_C40DF681A0,EONET_8200,2024-06-21T19:00:00Z,Point,154.993251385669,65.2731709257247,,
GEO_8EAC271D6F,EONET_8261,2024-06-21T19:00:00Z,Point,147.9938368544699,66.55899655101831,,
GEO_921CB1E936,EONET_8262,2024-06-21T19:00:00Z,Point,-66.2056035463064,50.60987304955028,,
GEO_F1BF8F4371,EONET_8274,2024-06-21T19:00:00Z,Point,128.9108094305136,53.303182351674,,
GEO_0CAABCB318,EONET_8288,2024-06-21T19:00:00Z,Point,23.4375633321135,-3.814946303613218,,
GEO_655E6AC951,EONET_8289,2024-06-21T19:00:00Z,Point,23.502232552877775,-3.372539960783056,,
GEO_727FFF2242,EONET_8306,2024-06-21T19:00:00Z,Point,120.63115678962484,55.06974931279237,,
GEO_F5E6A9E77E,EONET_8307,2024-06-21T19:00:00Z,Point,23.709743223224724,-3.497437182739096,,
GEO_8FD49CE6A5,EONET_8308,2024-06-21T19:00:00Z,Point,23.771860391865065,-3.396107457756759,,
GEO_1EAA09BEAE,EONET_8328,2024-06-21T19:00:00Z,Point,22.001458998036497,-8.649685319683224,,
GEO_4DD004E2BB,EONET_8329,2024-06-21T19:00:00Z,Point,120.89622025105916,55.08714133728924,,
GEO_F29DC7DA2B,EONET_8434,2024-06-21T19:00:00Z,Point,120.84152498314887,55.772183493907,,
GEO_BC709940C1,EONET_8454,2024-06-21T19:00:00Z,Point,131.41158180829086,52.92784589438778,,
GEO_E0D94A7660,EONET_8503,2024-06-21T19:00:00Z,Point,128.6292867518276,56.34161388656306,,
GEO_A4047D9638,EONET_8235,2024-06-21T18:05:00Z,Point,-151.812367,63.259633,5905.4,acres
GEO_332AF1B262,EONET_8915,2024-06-20T19:48:00Z,Point,-123.0472222,42.1863889,1143.0,acres
GEO_AD688493BA,EONET_8166,2024-06-20T19:00:00Z,Point,158.27788885548992,65.08566356533524,,
GEO_2074279A03,EONET_8167,2024-06-20T19:00:00Z,Point,20.4045728927449,-8.63949059889511,,
GEO_22DE8C7723,EONET_8188,2024-06-20T19:00:00Z,Point,-56.22150582632299,-23.025452875384733,,
GEO_E2D7C30816,EONET_8189,2024-06-20T19:00:00Z,Point,-57.37673797520459,-19.560941842077217,,
GEO_E14D4115FD,EONET_8201,2024-06-20T19:00:00Z,Point,118.90120566973688,54.57710801255013,,
GEO_52AF5F1491,EONET_8202,2024-06-20T19:00:00Z,Point,146.00772206496612,67.1616109235857,,
GEO_FAD83F553E,EONET_8275,2024-06-20T19:00:00Z,Point,118.78873351729804,54.65811570767716,,
GEO_555AC4FD2F,EONET_8276,2024-06-20T19:00:00Z,Point,125.1275080988405,-18.56457715562435,,
GEO_70DA9143FA,EONET_8290,2024-06-20T19:00:00Z,Point,26.393032449984794,-5.02515057262717,,
GEO_DD3FE95D8E,EONET_8346,2024-06-20T19:00:00Z,Point,118.93422756761856,54.82142972591988,,
GEO_5AF73E3651,EONET_8347,2024-06-20T19:00:00Z,Point,121.76063630199627,56.29478386974246,,
GEO_AE4EA094C9,EONET_8471,2024-06-20T19:00:00Z,Point,116.8018345373732,55.6000064903345,,
GEO_A9CDDEF9DA,EONET_8472,2024-06-20T19:00:00Z,Point,120.63826115018868,60.11837905652259,,
GEO_7D95523E7D,EONET_8473,2024-06-20T19:00:00Z,Point,118.66208810881349,53.96699226740023,,
GEO_1D0186AAB2,EONET_8504,2024-06-20T19:00:00Z,Point,121.50908278957597,55.62371950851122,,
GEO_BA5100B78C,EONET_8241,2024-06-20T12:29:00Z,Point,-147.58945,65.845283,13806.7,acres
GEO_CE14DDF322,EONET_8364,2024-06-19T22:16:00Z,Point,-142.317533,65.490867,21516.3,acres
GEO_25F9564019,EONET_8157,2024-06-19T19:00:00Z,Point,20.119758949608926,-8.191226206335127,,
GEO_56754978BC,EONET_8168,2024-06-19T19:00:00Z,Point,158.9132200346393,67.64510201272032,,
GEO_085DFE78C1,EONET_8169,2024-06-19T19:00:00Z,Point,21.549042126505405,-8.376287079385097,,
GEO_F6961218D6,EONET_8170,2024-06-19T19:00:00Z,Point,119.11759005497997,55.062059425559966,,
GEO_AF912EE24C,EONET_8171,2024-06-19T19:00:00Z,Point,115.46825194024164,56.490232172007076,,
GEO_EDBDB19B38,EONET_8172,2024-06-19T19:00:00Z,Point,132.94303099969986,-11.878579980773123,,
GEO_E2E0FFD851,EONET_8190,2024-06-19T19:00:00Z,Point,161.29616766202298,67.27932140050396,,
GEO_7FEF88BAD3,EONET_8191,2024-06-19T19:00:00Z,Point,136.68283410243507,62.86108916873582,,
GEO_68F4AF4D17,EONET_8192,2024-06-19T19:00:00Z,Point,116.56245842849732,55.12996750463795,,
GEO_52489A6117,EONET_8193,2024-06-19T19:00:00Z,Point,-57.44591907861925,-20.626439063208384,,
GEO_0AE952B85A,EONET_8203,2024-06-19T19:00:00Z,Point,158.4035659422523,66.90117873901512,,
GEO_5638028555,EONET_8263,2024-06-19T19:00:00Z,Point,24.151360044682345,-3.200197917240775,,
GEO_2AA16A6D46,EONET_8264,2024-06-19T19:00:00Z,Point,119.29804284003144,54.982730443668025,,
GEO_60D2036416,EONET_8265,2024-06-19T19:00:00Z,Point,121.20773876063409,57.24779022680168,,
GEO_E780566616,EONET_8277,2024-06-19T19:00:00Z,Point,117.06392551170667,55.28048644433544,,
GEO_A69E21B32B,EONET_8291,2024-06-19T19:00:00Z,Point,23.306267925985388,-3.53341308730493,,
GEO_9959409BAE,EONET_8292,2024-06-19T19:00:00Z,Point,120.61499793678597,56.98242747943773,,
GEO_0BF83314DD,EONET_8330,2024-06-19T19:00:00Z,Point,23.668969008390025,-3.818843557151401,,
GEO_BAC57BE987,EONET_8348,2024-06-19T19:00:00Z,Point,23.611194320555565,-3.3414985713167615,,
GEO_4DCF7C0D96,EONET_8349,2024-06-19T19:00:00Z,Point,119.09483660038077,59.5039934998454,,
GEO_C5B6F8DAE8,EONET_8350,2024-06-19T19:00:00Z,Point,120.34857147199115,61.29853033037048,,
GEO_686117B47F,EONET_8435,2024-06-19T19:00:00Z,Point,23.22535667743992,-3.106235248543981,,
GEO_202D8A72F8,EONET_8240,2024-06-19T15:39:00Z,Point,-154.56365,61.386267,881.4,acres
GEO_63FEB58B53,EONET_8230,2024-06-19T12:19:00Z,Point,-141.079167,66.12945,50600.8,acres
GEO_ACE0AF8765,EONET_8254,2024-06-19T10:13:00Z,Point,-81.259722,27.579722,833.0,acres
GEO_A702778CDA,EONET_8147,2024-06-18T19:00:00Z,Point,148.24692708678575,66.50562396978965,,
GEO_E563FBA6BC,EONET_8173,2024-06-18T19:00:00Z,Point,132.42429929090477,-13.26977565296811,,
GEO_F45C734A93,EONET_8174,2024-06-18T19:00:00Z,Point,158.72781482284947,68.07691921719451,,
GEO_A593127522,EONET_8175,2024-06-18T19:00:00Z,Point,161.44811771571563,66.80037633935095,,
GEO_3CD1CD40D7,EONET_8194,2024-06-18T19:00:00Z,Point,140.37399689802027,70.13968193835066,,
GEO_C3A205FAAD,EONET_8195,2024-06-18T19:00:00Z,Point,147.9735919148552,66.3251919709742,,
GEO_9E801ABB86,EONET_8196,2024-06-18T19:00:00Z,Point,161.1522066717905,66.62983064262414,,
GEO_2A51A60A31,EONET_8197,2024-06-18T19:00:00Z,Point,132.52516386701282,-13.071141327799607,,
GEO_3CEA566BEA,EONET_8204,2024-06-18T19:00:00Z,Point,118.38909381549425,54.77994935440102,,
GEO_C6F2DD1501,EONET_8278,2024-06-18T19:00:00Z,Point,118.23687053623586,58.34364782673421,,
GEO_6BD445FBA3,EONET_8279,2024-06-18T19:00:00Z,Point,23.7181096980281,-3.609621669410874,,
GEO_170273AEE9,EONET_8293,2024-06-18T19:00:00Z,Point,23.869209413253678,-3.5367833570720246,,
GEO_992CF75C0C,EONET_8309,2024-06-18T19:00:00Z,Point,120.57224503789729,61.05415433293636,,
GEO_45B2097CD4,EONET_8310,2024-06-18T19:00:00Z,Point,119.98001772997878,59.103024256811395,,
GEO_8C4465C7E3,EONET_8331,2024-06-18T19:00:00Z,Point,23.75234301139655,-3.488057315681826,,
GEO_8101621EF2,EONET_8253,2024-06-18T16:24:00Z,Point,-103.424694,42.006451,6576.0,acres
GEO_BC624E4C3B,EONET_8213,2024-06-18T13:39:00Z,Point,-158.74,62.63,1912.4,acres
GEO_A862CA0784,EONET_8227,2024-06-18T12:13:00Z,Point,-158.28,62.59,1934.1,acres
GEO_97F1A90A14,EONET_8380,2024-06-18T03:59:00Z,Point,-157.4235,61.937117,7415.0,acres
GEO_88E5958640,EONET_8387,2024-06-18T03:54:00Z,Point,-157.591333,61.80745,4379.7,acres
GEO_A2BE77EAC4,EONET_8384,2024-06-18T03:42:00Z,Point,-157.902383,61.86055,823.4,acres
GEO_207B20BC7E,EONET_8372,2024-06-18T02:30:00Z,Point,-154.790333,63.468667,6091.9,acres
GEO_D6717E7C02,EONET_8376,2024-06-18T00:09:00Z,Point,-159.217667,61.849517,1159.0,acres
GEO_5FE9AECC94,EONET_8246,2024-06-17T23:15:00Z,Point,-156.31,61.55,640.0,acres
GEO_9867040866,EONET_8244,2024-06-17T21:50:00Z,Point,-159.7532,59.4431,644.2,acres
GEO_E9EC81271F,EONET_8221,2024-06-17T21:24:00Z,Point,-161.494,62.061167,555.5,acres
GEO_DCDD59F2C6,EONET_8356,2024-06-17T20:28:00Z,Point,-158.0076,61.6669,3318.41,acres
GEO_D74D93E3BB,EONET_8245,2024-06-17T20:24:00Z,Point,-159.059039,61.2202,1876.0,acres
GEO_55CDF38CEB,EONET_8148,2024-06-17T19:00:00Z,Point,129.760891149914,-15.621904848555948,,
GEO_4DA457E87D,EONET_8149,2024-06-17T19:00:00Z,Point,-105.64559906199449,33.27657379697286,,
GEO_89392786FB,EONET_8150,2024-06-17T19:00:00Z,Point,133.5260614346419,-13.043628596681506,,
GEO_2AD2375527,EONET_8151,2024-06-17T19:00:00Z,Point,-122.42967737380634,39.26009852148929,,
GEO_CC9D027317,EONET_8152,2024-06-17T19:00:00Z,Point,-57.17370557813702,-19.289342140903017,,
GEO_610DC50BAC,EONET_8158,2024-06-17T19:00:00Z,Point,25.93837186934699,-5.483407883842133,,
GEO_23C6E89F91,EONET_8159,2024-06-17T19:00:00Z,Point,133.48345853995323,-12.531122608190255,,
GEO_164DA05536,EONET_8176,2024-06-17T19:00:00Z,Point,132.12589324891877,-12.99248176334612,,
GEO_E5E463325F,EONET_8177,2024-06-17T19:00:00Z,Point,24.564823297642395,-3.3398128457860636,,
GEO_2B0C764966,EONET_8178,2024-06-17T19:00:00Z,Point,24.44278198149758,-3.5878300765150968,,
GEO_F8FA0A53B4,EONET_8179,2024-06-17T19:00:00Z,Point,23.398607490212864,-3.3760737617380507,,
GEO_827228B790,EONET_8198,2024-06-17T19:00:00Z,Point,154.8751690049775,67.78669348339186,,
GEO_4E0B033E4D,EONET_8199,2024-06-17T19:00:00Z,Point,117.156384576644,55.37493343467848,,
GEO_A8A007A719,EONET_8205,2024-06-17T19:00:00Z,Point,118.12026830409896,59.3206312976344,,
GEO_07960CD503,EONET_8266,2024-06-17T19:00:00Z,Point,23.801068548592344,-3.6999125115565206,,
GEO_9B79FD88E9,EONET_8267,2024-06-17T19:00:00Z,Point,134.09096182505658,60.09642754978722,,
GEO_1038F03AC9,EONET_8294,2024-06-17T19:00:00Z,Point,23.991147612715384,-3.235610843512533,,
GEO_6EFD90C003,EONET_8295,2024-06-17T19:00:00Z,Point,24.285591389120892,-3.023625690769941,,
GEO_8DF9ADD3DF,EONET_8296,2024-06-17T19:00:00Z,Point,23.751863615807252,-3.1648363028392614,,
GEO_BA3923C749,EONET_8311,2024-06-17T19:00:00Z,Point,23.417496585842695,-3.6498378131526383,,
GEO_5CFD2527E7,EONET_8312,2024-06-17T19:00:00Z,Point,23.310448021984435,-3.5323890912987506,,
GEO_5169487C95,EONET_8313,2024-06-17T19:00:00Z,Point,23.75133375993904,-3.2860033291387465,,
GEO_E6710FDAB8,EONET_8436,2024-06-17T19:00:00Z,Point,23.170851332567587,-3.2998199691050316,,
GEO_AEEF0802DF,EONET_8234,2024-06-17T17:32:00Z,Point,-105.70833,33.24295,7939.0,acres
GEO_96213D1418,EONET_8218,2024-06-17T16:40:00Z,Point,-122.338129,39.308886,19195.0,acres
GEO_B7F6D71D53,EONET_8233,2024-06-17T11:30:00Z,Point,-105.791419,33.343147,17569.0,acres
GEO_033070F7BF,EONET_8918,2024-06-17T10:54:00Z,Point,-76.3272222,34.8941667,545.0,acres
GEO_BCF1E17BFE,EONET_8228,2024-06-16T20:35:00Z,Point,-155.518,58.899167,4650.5,acres
GEO_3DA7707CAE,EONET_8139,2024-06-16T19:00:00Z,Point,-105.72193942407317,33.36714566463279,,
GEO_F21D1A7977,EONET_8155,2024-06-16T19:00:00Z,Point,157.9826588364988,65.7126495004195,,
GEO_756DBD61CC,EONET_8156,2024-06-16T19:00:00Z,Point,146.71738424130103,66.77270863830982,,
GEO_114DF4840F,EONET_8160,2024-06-16T19:00:00Z,Point,18.47351175871417,-7.421050231095639,,
GEO_3ECC6B7DF0,EONET_8161,2024-06-16T19:00:00Z,Point,131.8548805299909,-12.79456054460986,,
GEO_0E3349938A,EONET_8180,2024-06-16T19:00:00Z,Point,132.99665993798027,59.948255397135014,,
GEO_EBDA616C79,EONET_8181,2024-06-16T19:00:00Z,Point,150.03649574237724,67.70905100231123,,
GEO_EB0C67507F,EONET_8297,2024-06-16T19:00:00Z,Point,23.288364338413327,-3.148334769626071,,
GEO_9A3677964B,EONET_8238,2024-06-16T15:34:00Z,Point,-123.012253,38.705475,1207.0,acres
GEO_9E567D4C3C,EONET_8162,2024-06-15T19:00:00Z,Point,133.57410753730048,-12.709614536530445,,
GEO_56CCDD2649,EONET_8163,2024-06-15T19:00:00Z,Point,118.4396590811444,54.66212330033214,,
GEO_46DD6F7816,EONET_8182,2024-06-15T19:00:00Z,Point,23.409917982583444,-3.5668065626110232,,
GEO_EE8DCF1D88,EONET_8280,2024-06-15T19:00:00Z,Point,131.01929688331307,59.21789446093333,,
GEO_8E4EFC318A,EONET_8281,2024-06-15T19:00:00Z,Point,127.78985848129133,53.17933465144364,,
GEO_66B3087959,EONET_8298,2024-06-15T19:00:00Z,Point,23.70060668169016,-3.72257323448695,,
GEO_928FBA37C6,EONET_8231,2024-06-15T16:53:00Z,Point,-118.8776,34.80285,15563.0,acres
GEO_0473378CE6,EONET_8255,2024-06-15T16:25:00Z,Point,-120.16,46.43,8542.0,acres
GEO_D376AF6226,EONET_8140,2024-06-14T19:00:00Z,Point,156.6579489049529,64.51608237614225,,
GEO_19345A83E7,EONET_8206,2024-06-14T19:00:00Z,Point,133.8084295746232,-12.692855290768078,,
GEO_E2C0E309EB,EONET_8217,2024-06-14T17:07:00Z,Point,-109.1711,33.645649,4568.0,acres
GEO_8E693C0627,EONET_6681,2024-06-13T19:00:00Z,Point,-57.28393213498251,-17.671302478650173,,
GEO_02377C4D8A,EONET_6687,2024-06-13T19:00:00Z,Point,24.83401145650008,-20.02206700721789,,
GEO_DDD9074509,EONET_6695,2024-06-13T19:00:00Z,Point,132.08417267814752,-13.121198778578076,,
GEO_A6367E80E5,EONET_8141,2024-06-13T19:00:00Z,Point,134.13260040393624,60.04986605415172,,
GEO_F7260A623C,EONET_8153,2024-06-13T19:00:00Z,Point,149.44755942026507,66.34800010503768,,
GEO_B79355CEA6,EONET_8183,2024-06-13T19:00:00Z,Point,134.01157930735363,-12.750722951250086,,
GEO_21150A82F1,EONET_8184,2024-06-13T19:00:00Z,Point,137.03452360301566,66.0533143300944,,
GEO_F7AD1FA059,EONET_8249,2024-06-13T18:54:00Z,Point,-162.112667,67.915833,8533.5,acres
GEO_7A0607507D,EONET_8232,2024-06-13T18:28:00Z,Point,-112.472923,38.183525,5367.0,acres
GEO_3AD3A9E773,EONET_8250,2024-06-13T16:12:00Z,Point,-162.4155,67.781833,6082.6,acres
GEO_9D544E3687,EONET_6682,2024-06-12T19:00:00Z,Point,26.468053102960674,-14.774490930290243,,
GEO_F339064C8C,EONET_6683,2024-06-12T19:00:00Z,Point,137.3280985860007,-16.628472234184954,,
GEO_43E7B64ABB,EONET_6684,2024-06-12T19:00:00Z,Point,137.1618343375941,-16.660030796521053,,
GEO_57AFF27FFF,EONET_6688,2024-06-12T19:00:00Z,Point,131.4354712009206,59.16594147671801,,
GEO_840ACC387B,EONET_6689,2024-06-12T19:00:00Z,Point,132.1889824594143,-13.48843052157011,,
GEO_8B7851299B,EONET_8142,2024-06-12T19:00:00Z,Point,-60.32042337869555,-16.130845497248135,,
GEO_9F03D4A7C9,EONET_8185,2024-06-12T19:00:00Z,Point,23.75848167729023,-3.8754318948046156,,
GEO_19AD7433DA,EONET_8299,2024-06-12T19:00:00Z,Point,120.11955996794964,56.147023560029425,,
GEO_2C052CD39A,EONET_8251,2024-06-12T16:13:00Z,Point,-162.48,65.73,7639.1,acres
GEO_91B34BA955,EONET_6697,2024-06-12T11:12:00Z,Point,-105.668216,48.114224,0.5,acres
GEO_33C327F6F2,EONET_6699,2024-06-12T11:08:00Z,Point,-105.338766,48.131857,2.3,acres
GEO_B25DF00604,EONET_6700,2024-06-12T11:04:00Z,Point,-105.633388,48.0773,1.0,acres
GEO_055E096474,EONET_6701,2024-06-12T11:03:00Z,Point,-109.645068,47.196479,3.0,acres
GEO_80002A4AD6,EONET_6702,2024-06-12T10:55:00Z,Point,-105.665969,48.066644,2.1,acres
GEO_3EA8D835E5,EONET_6703,2024-06-12T10:52:00Z,Point,-105.17975,48.10491,0.02,acres
GEO_BD68151EF6,EONET_6704,2024-06-12T10:41:00Z,Point,-105.763867,46.215133,1.7,acres
GEO_EA16F60DEC,EONET_6715,2024-06-12T01:43:00Z,Point,-112.028999,34.457199,0.1,acres
GEO_14061C80D7,EONET_6716,2024-06-12T00:36:00Z,Point,-115.982966,48.596518,9.4,acres
GEO_AD9A559E31,EONET_6717,2024-06-12T00:14:00Z,Point,-118.925314,37.633773,0.1,acres
GEO_9604A2443E,EONET_6720,2024-06-11T23:50:00Z,Point,-115.62767,48.949077,0.1,acres
GEO_2944F084D7,EONET_6721,2024-06-11T23:30:00Z,Point,-119.688449,48.821597,1.0,acres
GEO_A883ACE8DC,EONET_6723,2024-06-11T23:29:00Z,Point,-105.90575,45.148167,5.75,acres
GEO_A51CBAC735,EONET_6725,2024-06-11T23:08:00Z,Point,-117.860452,48.408251,0.1,acres
GEO_AD3A74600B,EONET_6731,2024-06-11T21:35:00Z,Point,-121.914897,42.20675,0.37,acres
GEO_BE4FD0DB4C,EONET_6733,2024-06-11T20:51:00Z,Point,-115.82652,41.03323,0.1,acres
GEO_88CCE2ECD8,EONET_6734,2024-06-11T20:42:00Z,Point,-110.4532,42.26215,17.5,acres
GEO_ED5E0F4BCB,EONET_6736,2024-06-11T20:34:00Z,Point,-121.476282,43.652785,6.0,acres
GEO_A742C50DF6,EONET_6737,2024-06-11T20:31:00Z,Point,-108.913133,37.639667,0.1,acres
GEO_24A94B8E9B,EONET_6739,2024-06-11T20:20:00Z,Point,-146.561998,66.683013,0.1,acres
GEO_F9580DF55E,EONET_6740,2024-06-11T20:18:00Z,Point,-118.022489,46.302211,0.25,acres
GEO_BDB9603277,EONET_6743,2024-06-11T19:45:00Z,Point,-113.185101,37.674879,1.5,acres
GEO_1837DB04BE,EONET_6747,2024-06-11T19:17:00Z,Point,-147.656117,64.810283,0.1,acres
GEO_1479595B8B,EONET_6748,2024-06-11T19:13:00Z,Point,-123.5338685,43.32234447,0.01,acres
GEO_4DBE23A534,EONET_6678,2024-06-11T19:00:00Z,Point,112.13231659287177,36.031661543156666,,
GEO_2378C7508D,EONET_6690,2024-06-11T19:00:00Z,Point,128.66495544704927,53.27742275722371,,
GEO_453A2236DE,EONET_6691,2024-06-11T19:00:00Z,Point,136.2825117087701,62.769134900333306,,
GEO_FABC98B0AC,EONET_6692,2024-06-11T19:00:00Z,Point,-56.33117041317782,-19.780401642890286,,
GEO_2148E71CF6,EONET_6696,2024-06-11T19:00:00Z,Point,130.26648020718562,-14.282982474581985,,
GEO_6CDDF502E4,EONET_8143,2024-06-11T19:00:00Z,Point,22.948394283062314,-18.067359525469087,,
GEO_85AAAF53E9,EONET_6750,2024-06-11T18:57:00Z,Point,-114.369453,42.600086,38.0,acres
GEO_2A4C5C218A,EONET_6752,2024-06-11T18:51:00Z,Point,-123.5792797,42.26686509,0.01,acres
GEO_8839B03F23,EONET_6753,2024-06-11T18:49:00Z,Point,-119.267871,46.193834,10.0,acres
GEO_9E8256C5BA,EONET_6755,2024-06-11T18:49:00Z,Point,-122.6538,42.56046667,0.55,acres
GEO_349FE169F9,EONET_6756,2024-06-11T18:41:00Z,Point,-160.695648,66.928278,80.0,acres
GEO_2538D46DF4,EONET_6757,2024-06-11T18:40:00Z,Point,-121.183538,42.913761,0.25,acres
GEO_13285A948D,EONET_6764,2024-06-11T18:12:00Z,Point,-119.764023,39.625623,178.0,acres
GEO_A4D86DC532,EONET_6771,2024-06-11T17:40:00Z,Point,-117.487836,47.58265,75.0,acres
GEO_D238DBF63D,EONET_6779,2024-06-11T17:16:00Z,Point,-121.403826,39.390536,1.8,acres
GEO_FA0CC9D219,EONET_6780,2024-06-11T17:15:00Z,Point,-119.539277,37.783315,1.0,acres
GEO_1330F9C579,EONET_6783,2024-06-11T17:09:00Z,Point,-114.458227,42.602062,5.0,acres
GEO_7A371D16B2,EONET_6788,2024-06-11T16:16:00Z,Point,-120.132973,48.215485,0.1,acres
GEO_9CD2C961D6,EONET_6789,2024-06-11T16:14:00Z,Point,-117.055431,34.785296,350.0,acres
GEO_E4EF2DF3DD,EONET_6795,2024-06-11T15:47:00Z,Point,-119.227055,43.751269,1.0,acres
GEO_A3B54CA5DB,EONET_6798,2024-06-11T14:37:00Z,Point,-107.220193,37.253575,2.0,acres
GEO_38D7DD4690,EONET_6804,2024-06-11T13:29:00Z,Point,-122.7488833,42.41375,0.5,acres
GEO_ACFE2636ED,EONET_6813,2024-06-11T12:10:00Z,Point,-113.296123,40.47799,0.1,acres
GEO_BAE4C4EDAB,EONET_6816,2024-06-11T11:27:00Z,Point,-105.00292,45.21458,0.1,acres
GEO_1F774E220A,EONET_6817,2024-06-11T11:16:00Z,Point,-117.293534,47.649666,0.1,acres
GEO_4294746D41,EONET_6818,2024-06-11T10:43:00Z,Point,-98.256944,35.296944,0.1,acres
GEO_D5C00D670A,EONET_6820,2024-06-11T08:48:00Z,Point,-120.012476,47.275592,693.0,acres
GEO_789D6B609D,EONET_6835,2024-06-10T21:52:00Z,Point,-119.96652,37.79836,0.01,acres
GEO_39D566AFA4,EONET_6838,2024-06-10T20:53:00Z,Point,-121.476333,43.316,0.1,acres
GEO_E6B637F65E,EONET_6841,2024-06-10T20:46:00Z,Point,-122.531283,38.238583,0.5,acres
GEO_566E611F50,EONET_6842,2024-06-10T20:44:00Z,Point,-122.533917,38.240033,0.05,acres
GEO_004A572CEA,EONET_6844,2024-06-10T20:22:00Z,Point,-110.529833,33.986,1.0,acres
GEO_C99EE8C3E3,EONET_6845,2024-06-10T20:21:00Z,Point,-122.7138333,42.21833333,0.01,acres
GEO_811C537ED8,EONET_6849,2024-06-10T19:37:00Z,Point,-117.962179,35.223745,0.1,acres
GEO_BB7DE5099E,EONET_6850,2024-06-10T19:35:00Z,Point,-122.238293,38.045173,0.01,acres
GEO_4A7F678851,EONET_6666,2024-06-10T19:00:00Z,Point,-57.96180469872408,-19.98358757004916,,
GEO_3FB23E1E54,EONET_6673,2024-06-10T19:00:00Z,Point,25.048072842072497,-8.449158839527039,,
GEO_F487B1180B,EONET_6679,2024-06-10T19:00:00Z,Point,128.756296444836,-17.064177309559632,,
GEO_F62561F884,EONET_6685,2024-06-10T19:00:00Z,Point,130.11084389489514,-14.453578007520827,,
GEO_51B10F1D09,EONET_6686,2024-06-10T19:00:00Z,Point,128.92521909629454,53.328215689594266,,
GEO_CF69BBE3DD,EONET_6693,2024-06-10T19:00:00Z,Point,130.1599674966007,-14.388250095459364,,
GEO_4CAF4508D1,EONET_8154,2024-06-10T19:00:00Z,Point,24.211050380988084,-3.3985815757509625,,
GEO_7546590CFC,EONET_8186,2024-06-10T19:00:00Z,Point,133.13202920201394,59.91720308563306,,
GEO_64D1160AF6,EONET_6863,2024-06-10T18:22:00Z,Point,-111.893383,33.449053,0.1,acres
GEO_4A6026B069,EONET_6866,2024-06-10T18:01:00Z,Point,-121.358369,43.348265,2.3,acres
GEO_5F02839982,EONET_6874,2024-06-10T17:03:00Z,Point,-119.866325,43.592621,0.01,acres
GEO_AE3EEEBDFB,EONET_6875,2024-06-10T17:01:00Z,Point,-120.8387,42.2573,0.1,acres
GEO_083C4A37CC,EONET_6883,2024-06-10T15:47:00Z,Point,-89.28561,45.58691,0.01,acres
GEO_935E5B994D,EONET_6888,2024-06-10T15:15:00Z,Point,-118.2059,34.221009,0.1,acres
GEO_6AD074BBCD,EONET_6889,2024-06-10T15:15:00Z,Point,-111.946942,33.256332,0.1,acres
GEO_3118CBA32B,EONET_6894,2024-06-10T14:41:00Z,Point,-113.7994,35.3187,255.0,acres
GEO_B27C75F3E3,EONET_6902,2024-06-10T13:25:00Z,Point,-119.376299,36.719509,0.01,acres
GEO_E39299EFD0,EONET_6903,2024-06-10T13:22:00Z,Point,-123.390735,44.12105,0.46,acres
GEO_F7CA5634D5,EONET_6907,2024-06-10T12:38:00Z,Point,-122.38896,40.557538,0.01,acres
GEO_914760C4ED,EONET_6910,2024-06-10T12:06:00Z,Point,-115.768204,35.41111,0.01,acres
GEO_163FA57B98,EONET_6912,2024-06-10T11:12:00Z,Point,-80.843833,28.6035,1.0,acres
GEO_7D2172F7A7,EONET_6914,2024-06-10T09:24:00Z,Point,-106.7646,34.74559,0.5,acres
GEO_4397A64BA2,EONET_6925,2024-06-09T23:00:00Z,Point,-113.425844,35.53435,0.5,acres
GEO_FAA22771A1,EONET_6663,2024-06-09T19:00:00Z,Point,19.524549447533417,-6.321017773009712,,
GEO_406A599F91,EONET_6667,2024-06-09T19:00:00Z,Point,145.97078668581128,-19.151149710433955,,
GEO_BE1A74C035,EONET_6668,2024-06-09T19:00:00Z,Point,144.90579302774964,-16.609373940490848,,
GEO_2FEDFB1CEB,EONET_6669,2024-06-09T19:00:00Z,Point,21.72731383847351,-8.627310716730873,,
GEO_BBCE386A70,EONET_6670,2024-06-09T19:00:00Z,Point,27.01164841093055,-8.744141171555189,,
GEO_20D1053C7C,EONET_6680,2024-06-09T19:00:00Z,Point,-57.83145858799635,-20.9432944839143,,
GEO_D59E97FDDA,EONET_6694,2024-06-09T19:00:00Z,Point,126.96293200047403,-14.447093138560433,,
GEO_201C1D2DBE,EONET_8207,2024-06-09T19:00:00Z,Point,-58.41636873092998,-16.531067163196745,,
GEO_035C1F39CC,EONET_6954,2024-06-09T17:04:00Z,Point,-120.129216,43.996779,0.1,acres
GEO_7057F81EA0,EONET_6961,2024-06-09T16:25:00Z,Point,-84.356583,30.3757,0.1,acres
GEO_35FDD82678,EONET_6972,2024-06-09T13:40:00Z,Point,-111.574735,33.03132,1.5,acres
GEO_0E56F83137,EONET_6979,2024-06-09T11:35:00Z,Point,-80.607713,28.392218,1.0,acres
GEO_294F6D6AC6,EONET_6982,2024-06-09T10:04:00Z,Point,-111.952003,33.259701,0.1,acres
GEO_68820EFF59,EONET_7006,2024-06-08T21:59:00Z,Point,-109.749395,31.543698,0.1,acres
GEO_4EF5F12A33,EONET_7009,2024-06-08T21:25:00Z,Point,-119.450893,46.361331,3.5,acres
GEO_A7FA7CE514,EONET_7025,2024-06-08T19:12:00Z,Point,-142.17,66.15,15963.5,acres
GEO_DFBDEEF62B,EONET_6674,2024-06-08T19:00:00Z,Point,136.05409473202397,62.79173199039873,,
GEO_7A61F914B2,EONET_8144,2024-06-08T19:00:00Z,Point,143.418907645641,-17.218158897120496,,
GEO_B41D420950,EONET_7034,2024-06-08T17:30:00Z,Point,-147.107167,64.364833,153368.2,acres
GEO_35187EE5F1,EONET_7035,2024-06-08T17:28:00Z,Point,-120.530919,48.182553,33761.0,acres
GEO_C576CBA360,EONET_7041,2024-06-08T16:46:00Z,Point,-120.88991,39.402733,0.66,acres
GEO_4796F228ED,EONET_7044,2024-06-08T16:17:00Z,Point,-110.45,33.3071,0.1,acres
GEO_053D009ED2,EONET_7050,2024-06-08T15:32:00Z,Point,-110.522289,33.934414,446.0,acres
GEO_18866407FC,EONET_7051,2024-06-08T15:32:00Z,Point,-121.073112,39.464824,0.1,acres
GEO_EF0E012E36,EONET_7060,2024-06-08T14:02:00Z,Point,-112.257004,32.840302,23.0,acres
GEO_720EECC71D,EONET_7072,2024-06-08T10:42:00Z,Point,-111.128,32.576,0.1,acres
GEO_EC168200D8,EONET_7084,2024-06-07T22:49:00Z,Point,-122.520453,41.474683,11.11,acres
GEO_EEEEBA892C,EONET_7092,2024-06-07T21:25:00Z,Point,-109.296455,33.800217,50.0,acres
GEO_8223DCDFB0,EONET_7103,2024-06-07T20:11:00Z,Point,-108.143062,39.15743,3.25,acres
GEO_9875AF1FED,EONET_7111,2024-06-07T19:56:00Z,Point,-150.934167,65.308,0.5,acres
GEO_8F622BEA29,EONET_7115,2024-06-07T19:25:00Z,Point,-107.431325,33.887073,50.0,acres
GEO_8F1CD860BD,EONET_7116,2024-06-07T19:02:00Z,Point,-120.144499,39.41666,0.4,acres
GEO_D24CEE7ACB,EONET_6654,2024-06-07T19:00:00Z,Point,136.20582288974563,62.90873107616096,,
GEO_067A230082,EONET_6671,2024-06-07T19:00:00Z,Point,18.22438570474103,-6.834666712799098,,
GEO_0469D0E832,EONET_6675,2024-06-07T19:00:00Z,Point,22.804279480971644,-7.614658790039379,,
GEO_37A5501D19,EONET_7120,2024-06-07T18:34:00Z,Point,-119.514348,36.991558,53.0,acres
GEO_E4C07A589E,EONET_7134,2024-06-07T17:40:00Z,Point,-106.284159,35.121103,1.4,acres
GEO_7A80234D7B,EONET_7139,2024-06-07T17:05:00Z,Point,-120.512776,46.633627,10.0,acres
GEO_0CDB093DFA,EONET_7148,2024-06-07T16:07:00Z,Point,-117.315694,48.389221,0.1,acres
GEO_D1465E87E1,EONET_7152,2024-06-07T15:31:00Z,Point,-105.504598,42.781435,0.5,acres
GEO_28B8DB65AC,EONET_7162,2024-06-07T14:10:00Z,Point,-92.204,46.57187,0.01,acres
GEO_63ECB9FA6C,EONET_7163,2024-06-07T14:10:00Z,Point,-92.204,46.57187,0.01,acres
GEO_868D17FC7F,EONET_7164,2024-06-07T14:07:00Z,Point,-109.251867,33.926267,0.1,acres
GEO_E2223C8D45,EONET_7178,2024-06-07T12:01:00Z,Point,-96.669167,36.561111,1.0,acres
GEO_5A30B062E3,EONET_7181,2024-06-07T11:05:00Z,Point,-108.350258,41.631699,0.25,acres
GEO_16E6FA7186,EONET_7187,2024-06-07T10:08:00Z,Point,-91.78794,45.97121,0.05,acres
GEO_E4EEC23F5C,EONET_7195,2024-06-07T03:25:00Z,Point,-118.6884,34.57014,0.5,acres
GEO_41F2DA0572,EONET_7204,2024-06-06T21:19:00Z,Point,-117.631393,34.593929,0.1,acres
GEO_FEAFE03083,EONET_7216,2024-06-06T20:10:00Z,Point,-118.544794,35.754241,0.1,acres
GEO_D9DCCB7E60,EONET_7226,2024-06-06T19:03:00Z,Point,-117.289856,34.554691,5.0,acres
GEO_43AB3CB91B,EONET_6642,2024-06-06T19:00:00Z,Point,134.10774812831934,-12.083547147354954,,
GEO_B4AF450FA3,EONET_7230,2024-06-06T18:47:00Z,Point,-113.447,46.4214,0.1,acres
GEO_655AA3FE47,EONET_7235,2024-06-06T18:30:00Z,Point,-147.461867,65.476417,5.0,acres
GEO_4E3CE1DB36,EONET_7239,2024-06-06T17:44:00Z,Point,-105.221493,48.11298,0.04,acres
GEO_BA388B1739,EONET_7240,2024-06-06T17:42:00Z,Point,-105.606705,48.104646,1.0,acres
GEO_8B9F6FE632,EONET_7242,2024-06-06T17:40:00Z,Point,-105.240582,48.115867,0.04,acres
GEO_E490A33989,EONET_7243,2024-06-06T17:38:00Z,Point,-122.151912,38.449172,0.01,acres
GEO_BC9465F18A,EONET_7244,2024-06-06T17:38:00Z,Point,-105.199018,48.107816,0.01,acres
GEO_640074D001,EONET_7245,2024-06-06T17:34:00Z,Point,-105.242624,48.116269,0.05,acres
GEO_F406C414AF,EONET_7246,2024-06-06T17:33:00Z,Point,-105.19932,48.11563,0.01,acres
GEO_9A1EDAC575,EONET_7248,2024-06-06T17:28:00Z,Point,-105.636519,48.081875,0.1,acres
GEO_D19FA4408B,EONET_7249,2024-06-06T17:26:00Z,Point,-117.171494,34.57534,0.1,acres
GEO_212DD5072C,EONET_7255,2024-06-06T16:38:00Z,Point,-158.3,67.023,0.1,acres
GEO_EBE906BCC6,EONET_7260,2024-06-06T15:57:00Z,Point,-111.823145,35.192143,960.0,acres
GEO_3D1C3B08D8,EONET_7261,2024-06-06T15:40:00Z,Point,-123.2018333,42.42333333,0.25,acres
GEO_EAAEA5E2B4,EONET_7264,2024-06-06T15:18:00Z,Point,-117.3563,47.764888,0.1,acres
GEO_53481795D9,EONET_7272,2024-06-06T13:19:00Z,Point,-123.519343,42.4256503,0.45,acres
GEO_30B960996D,EONET_7275,2024-06-06T13:12:00Z,Point,-123.3718333,42.5715,0.01,acres
GEO_7B668CA15C,EONET_7277,2024-06-06T12:45:00Z,Point,-112.828367,47.61855,0.1,acres
GEO_2FE69428D0,EONET_7278,2024-06-06T12:36:00Z,Point,-105.660833,48.095278,1.25,acres
GEO_E2C29311E4,EONET_7279,2024-06-06T12:33:00Z,Point,-123.3584315,42.4878218,0.1,acres
GEO_AFDD699C62,EONET_7280,2024-06-06T11:58:00Z,Point,-122.9235,44.07816667,0.25,acres
GEO_D3DF65BB38,EONET_7293,2024-06-05T23:27:00Z,Point,-120.922042,38.102942,0.03,acres
GEO_8DA7935767,EONET_7313,2024-06-05T19:24:00Z,Point,-123.818001,41.883499,0.01,acres
GEO_495782BBC7,EONET_7315,2024-06-05T19:14:00Z,Point,-117.195115,33.315333,0.01,acres
GEO_1D37C652DF,EONET_6643,2024-06-05T19:00:00Z,Point,133.73476387483976,-13.848150833672523,,
GEO_93CB156D08,EONET_6644,2024-06-05T19:00:00Z,Point,134.12150373926113,-11.96769577790554,,
GEO_571A665DD8,EONET_6655,2024-06-05T19:00:00Z,Point,150.26053553971445,-22.49859268775955,,
GEO_BE72C538D2,EONET_8145,2024-06-05T19:00:00Z,Point,133.38388871959586,-13.788948021841678,,
GEO_CDF1F0E729,EONET_7333,2024-06-05T16:35:00Z,Point,-117.144729,44.197902,0.25,acres
GEO_DCA5B81793,EONET_7335,2024-06-05T15:54:00Z,Point,-118.793017,34.761333,5.0,acres
GEO_FB1C304E6A,EONET_7347,2024-06-05T14:07:00Z,Point,-122.9516,42.51338333,0.1,acres
GEO_C6292FF472,EONET_7359,2024-06-05T12:27:00Z,Point,-123.0326167,42.9962,1.5,acres
GEO_16531AF784,EONET_7362,2024-06-05T11:37:00Z,Point,-123.475833,42.558,0.88,acres
GEO_5525CE4C0A,EONET_7363,2024-06-05T11:17:00Z,Point,-92.2693,45.86374,0.32,acres
GEO_6CD85EA840,EONET_7366,2024-06-05T10:15:00Z,Point,-119.325112,36.9679,0.01,acres
GEO_70DC668612,EONET_7377,2024-06-04T22:35:00Z,Point,-113.022867,33.471529,8.0,acres
GEO_4678B78662,EONET_7390,2024-06-04T20:18:00Z,Point,-110.457244,33.297982,0.25,acres
GEO_C8AA7698A6,EONET_6645,2024-06-04T19:00:00Z,Point,-57.37297620876067,-18.814369531110685,,
GEO_A58EAE05EE,EONET_6664,2024-06-04T19:00:00Z,Point,143.61116708616163,-16.06831138557582,,
GEO_C617B3D0C5,EONET_6676,2024-06-04T19:00:00Z,Point,-57.84113994357956,-19.892361764432856,,
GEO_D633A36AC2,EONET_7411,2024-06-04T17:31:00Z,Point,-120.89552,39.309948,0.01,acres
GEO_9DBD4B6D03,EONET_7412,2024-06-04T17:27:00Z,Point,-90.1063,46.18035,0.01,acres
GEO_0DDCE00056,EONET_7415,2024-06-04T16:50:00Z,Point,-117.379791,34.440926,0.25,acres
GEO_480FBCC1B0,EONET_7421,2024-06-04T16:22:00Z,Point,-122.9785,42.32833333,0.25,acres
GEO_F51F93DB7A,EONET_7432,2024-06-04T13:35:00Z,Point,-118.671,34.5785,0.1,acres
GEO_62004FBBE6,EONET_7437,2024-06-04T12:45:00Z,Point,-118.7865,36.615667,0.1,acres
GEO_CBE08AE723,EONET_7440,2024-06-04T11:31:00Z,Point,-118.8125,36.032778,2.0,acres
GEO_4AB253B5AD,EONET_7448,2024-06-04T02:47:00Z,Point,-117.617327,33.924221,0.01,acres
GEO_881C896C5E,EONET_7461,2024-06-03T21:18:00Z,Point,-114.6737,33.7365,0.1,acres
GEO_6E3D1C5944,EONET_7470,2024-06-03T20:04:00Z,Point,-111.833233,35.2482,0.1,acres
GEO_3F649ED44E,EONET_6641,2024-06-03T19:00:00Z,Point,-57.75358205652401,-18.898720010358094,,
GEO_EBADBA2917,EONET_6646,2024-06-03T19:00:00Z,Point,144.6657452766051,-16.90141406977167,,
GEO_4BBD12C535,EONET_6647,2024-06-03T19:00:00Z,Point,136.27170574062526,-16.555345257617798,,
GEO_A4153EF81F,EONET_6648,2024-06-03T19:00:00Z,Point,127.44798146132302,53.676452208880654,,
GEO_256192C6D1,EONET_6656,2024-06-03T19:00:00Z,Point,120.95407164417949,55.2918153966244,,
GEO_493324D897,EONET_6657,2024-06-03T19:00:00Z,Point,144.70858120285877,-17.218098619466126,,
GEO_167966D372,EONET_6658,2024-06-03T19:00:00Z,Point,-57.52092101592915,-18.49604907313514,,
GEO_77A086704F,EONET_7491,2024-06-03T17:08:00Z,Point,-120.037399,47.313376,0.1,acres
GEO_A093DBF9A1,EONET_7493,2024-06-03T16:16:00Z,Point,-117.016208,34.480625,0.1,acres
GEO_67EE633E2A,EONET_7496,2024-06-03T16:04:00Z,Point,-91.554,45.83429,0.01,acres
GEO_77A6AD9D7C,EONET_7499,2024-06-03T15:49:00Z,Point,-91.2528,46.10346,0.01,acres
GEO_BA27DEDE04,EONET_7503,2024-06-03T13:55:00Z,Point,-103.013203,29.145136,0.25,acres
GEO_AACEA28C72,EONET_7507,2024-06-03T12:29:00Z,Point,-106.521083,45.615,0.3,acres
GEO_16F2338543,EONET_7511,2024-06-03T11:25:00Z,Point,-108.645233,46.030067,0.1,acres
GEO_30C197F064,EONET_7525,2024-06-03T00:02:00Z,Point,-118.254,34.91,190.0,acres
GEO_EBC35C06E0,EONET_6649,2024-06-02T19:00:00Z,Point,121.99204725299639,55.401798533886925,,
GEO_FF1EE41FAE,EONET_6659,2024-06-02T19:00:00Z,Point,-57.47065769111315,-18.683203631475283,,
GEO_ED06FF5B20,EONET_6660,2024-06-02T19:00:00Z,Point,119.37803475618749,54.68757331752868,,
GEO_4E7CC7B05E,EONET_6672,2024-06-02T19:00:00Z,Point,125.55888752268412,54.34565424174289,,
GEO_AB149CFB3E,EONET_6677,2024-06-02T19:00:00Z,Point,124.7179045041237,54.04540726221549,,
GEO_FA567846F8,EONET_7555,2024-06-02T16:59:00Z,Point,-109.946359,33.898037,1.0,acres
GEO_5E2A4D0C24,EONET_7557,2024-06-02T16:40:00Z,Point,-116.10882,33.67148,0.1,acres
GEO_E4C5CFA072,EONET_7576,2024-06-02T12:59:00Z,Point,-111.476,34.507,0.1,acres
GEO_963AF5E0A5,EONET_7583,2024-06-02T11:04:00Z,Point,-120.520712,46.730841,10.0,acres
GEO_E3E9E89B39,EONET_7584,2024-06-02T07:27:00Z,Point,-116.85771,34.901102,0.1,acres
GEO_49D6AC1184,EONET_7587,2024-06-02T06:20:00Z,Point,-110.788,33.8022,0.1,acres
GEO_62F6F47AEA,EONET_7603,2024-06-01T23:35:00Z,Point,-121.39124,45.6446,0.25,acres
GEO_D19C5CA007,EONET_7614,2024-06-01T21:03:00Z,Point,-108.257677,34.585419,2.0,acres
GEO_F7C721AD4A,EONET_7627,2024-06-01T19:08:00Z,Point,-112.28096,33.927694,0.01,acres
GEO_3CCA86280E,EONET_6650,2024-06-01T19:00:00Z,Point,126.75925037528762,56.448723974311015,,
GEO_B9F346CB9A,EONET_6661,2024-06-01T19:00:00Z,Point,131.02497789067206,59.06746040136188,,
GEO_656B8826BA,EONET_7641,2024-06-01T17:14:00Z,Point,-111.981389,32.908333,35.0,acres
GEO_90D44C68CA,EONET_7666,2024-06-01T14:04:00Z,Point,-116.853,32.587,0.1,acres
GEO_F9A426EB56,EONET_7668,2024-06-01T13:30:00Z,Point,-111.910004,34.536701,0.1,acres
GEO_51F1396163,EONET_7685,2024-06-01T02:27:00Z,Point,-163.753967,62.11119,17.3,acres
GEO_E9ADB46522,EONET_7693,2024-05-31T21:42:00Z,Point,-104.8922,38.8182,0.1,acres
GEO_35C05C3F0C,EONET_7696,2024-05-31T20:41:00Z,Point,-123.4691667,43.90805556,69.39,acres
GEO_BA9204AB33,EONET_7721,2024-05-31T15:06:00Z,Point,-88.44893,44.92746,0.41,acres
GEO_D7B73B18F7,EONET_7725,2024-05-31T13:13:00Z,Point,-90.67529,43.93207,0.01,acres
GEO_12FC632BD3,EONET_7729,2024-05-31T11:52:00Z,Point,-91.37752,46.5665,0.12,acres
GEO_8ED805D34F,EONET_7731,2024-05-31T08:09:00Z,Point,-81.838,29.188333,72.0,acres
GEO_173CCFEC37,EONET_7735,2024-05-30T22:04:00Z,Point,-118.827696,36.015667,0.1,acres
GEO_E9D1141BA3,EONET_7739,2024-05-30T21:27:00Z,Point,-120.484394,46.618872,45.0,acres
GEO_98A91C1909,EONET_7743,2024-05-30T20:01:00Z,Point,-110.61,33.3622,0.5,acres
GEO_52FC6B8839,EONET_6651,2024-05-30T19:00:00Z,Point,-108.82495967429617,28.233787554897102,,
GEO_527DEA95F4,EONET_6662,2024-05-30T19:00:00Z,Point,124.10128911457811,55.01249279881896,,
GEO_2591215CA4,EONET_6665,2024-05-30T19:00:00Z,Point,-57.18437845583988,-17.28776176771701,,
GEO_9FE9AE2AA3,EONET_7747,2024-05-30T18:21:00Z,Point,-80.205683,37.921192,1.0,acres
GEO_A0832D3D33,EONET_7750,2024-05-30T17:57:00Z,Point,-89.53214,44.09012,0.2,acres
GEO_3DCFF89BBE,EONET_7753,2024-05-30T17:25:00Z,Point,-80.89175,25.9258,30.0,acres
GEO_A82592F071,EONET_7755,2024-05-30T16:33:00Z,Point,-119.97038,37.07259,827.0,acres
GEO_473703AB4D,EONET_7756,2024-05-30T16:17:00Z,Point,-88.77384,45.13907,0.1,acres
GEO_8CCCE02826,EONET_7763,2024-05-30T15:09:00Z,Point,-119.884521,48.02657,0.1,acres
GEO_73BC008170,EONET_7780,2024-05-29T22:14:00Z,Point,-118.1877,44.578883,2.0,acres
GEO_9DE6BEDD40,EONET_6652,2024-05-28T19:00:00Z,Point,120.6966930486266,55.661517248377486,,
GEO_2EEF0AACFB,EONET_7824,2024-05-28T13:38:00Z,Point,-89.3302,45.8656,0.01,acres
GEO_CF8BA24BD3,EONET_7825,2024-05-28T13:35:00Z,Point,-89.3094,45.8867,0.01,acres
GEO_A2400535D5,EONET_7833,2024-05-28T11:06:00Z,Point,-91.93065,46.60237,0.46,acres
GEO_42C41F2EFD,EONET_7834,2024-05-28T11:03:00Z,Point,-91.93065,46.60237,0.44,acres
GEO_95473C8F8A,EONET_7835,2024-05-28T11:01:00Z,Point,-89.7897,46.1266,0.37,acres
GEO_B793DB6944,EONET_7837,2024-05-28T10:59:00Z,Point,-92.00624,46.06705,0.94,acres
GEO_245B3043F9,EONET_7838,2024-05-28T10:50:00Z,Point,-92.30564,45.96995,0.1,acres
GEO_1AD6EF4807,EONET_7839,2024-05-28T10:49:00Z,Point,-92.40662,45.87962,2.83,acres
GEO_9ED10FD73B,EONET_7840,2024-05-28T10:47:00Z,Point,-91.7251,46.2226,0.1,acres
GEO_1C409FB89C,EONET_6653,2024-05-27T19:00:00Z,Point,-60.61688015436355,-15.837595514842604,,
GEO_F20FF9861E,EONET_7882,2024-05-26T12:26:00Z,Point,-162.04,62.35,1890.3,acres
GEO_77AC264315,EONET_7886,2024-05-25T19:48:00Z,Point,-89.6386,45.4847,0.03,acres
GEO_3D99030086,EONET_7904,2024-05-24T16:48:00Z,Point,-109.390167,33.568,0.1,acres
GEO_EDB20C2673,EONET_7906,2024-05-24T14:15:00Z,Point,-89.2186,43.94386,0.01,acres
GEO_0C0091D50C,EONET_8696,2024-05-24T14:12:00Z,Point,-108.900717,47.625617,2626.6,acres
GEO_26AF3A9BD6,EONET_7908,2024-05-24T13:50:00Z,Point,-89.81415,45.93689,0.19,acres
GEO_9E988B4B2D,EONET_7909,2024-05-24T13:04:00Z,Point,-92.1713,45.96021,1.69,acres
GEO_CE76183F1C,EONET_6523,2024-05-24T00:00:00Z,Point,-25.55,-75.37,140.0,NM^2
GEO_5EE30A329E,EONET_6523,2024-12-13T00:00:00Z,Point,-28.6,-76.09,84.0,NM^2
GEO_130DA8A4C0,EONET_6523,2025-01-23T00:00:00Z,Point,-30.23,-76.37,84.0,NM^2
GEO_71E3277FC4,EONET_6523,2025-02-14T00:00:00Z,Point,-33.21,-76.88,84.0,NM^2
GEO_39453C2552,EONET_6523,2025-02-21T00:00:00Z,Point,-34.86,-77.38,84.0,NM^2
GEO_511349D6EC,EONET_6523,2025-04-04T00:00:00Z,Point,-38.7,-77.4,84.0,NM^2
GEO_400243A2DF,EONET_6523,2025-04-24T00:00:00Z,Point,-40.37,-76.79,84.0,NM^2
GEO_AA7DF45F6E,EONET_6523,2025-05-02T00:00:00Z,Point,-41.65,-77.15,84.0,NM^2
GEO_3EA3C11A72,EONET_6523,2025-05-22T00:00:00Z,Point,-42.16,-76.2,84.0,NM^2
GEO_ED958B7A6D,EONET_6523,2025-05-29T00:00:00Z,Point,-41.21,-75.59,84.0,NM^2
GEO_B161C7D942,EONET_6523,2025-06-05T00:00:00Z,Point,-40.74,-74.82,84.0,NM^2
GEO_843EDBFAB4,EONET_6523,2025-06-12T00:00:00Z,Point,-40.94,-74.12,84.0,NM^2
GEO_28799566A1,EONET_6523,2025-06-20T00:00:00Z,Point,-41.21,-73.63,84.0,NM^2
GEO_3CB41AC7BF,EONET_6523,2025-07-31T00:00:00Z,Point,-43.33,-73.76,84.0,NM^2
GEO_995DF9CA86,EONET_6523,2025-08-08T00:00:00Z,Point,-43.92,-73.29,84.0,NM^2
GEO_446343CECA,EONET_6523,2025-08-21T00:00:00Z,Point,-45.89,-72.6,84.0,NM^2
GEO_9648D7CFCE,EONET_6523,2025-08-28T00:00:00Z,Point,-45.93,-72.1,84.0,NM^2
GEO_F665872649,EONET_6523,2025-09-11T00:00:00Z,Point,-46.02,-71.05,84.0,NM^2
GEO_2F07884A9D,EONET_6523,2025-09-26T00:00:00Z,Point,-46.21,-70.53,84.0,NM^2
GEO_44A8470E89,EONET_6523,2025-10-16T00:00:00Z,Point,-48.39,-70.12,84.0,NM^2
GEO_11E7F81DF6,EONET_6523,2025-11-14T00:00:00Z,Point,-50.1,-70.05,84.0,NM^2
GEO_14DE6449C1,EONET_6523,2025-11-21T00:00:00Z,Point,-50.78,-69.41,84.0,NM^2
GEO_4B2E17E552,EONET_6523,2025-12-26T00:00:00Z,Point,-51.5,-69.85,84.0,NM^2
GEO_CA8E187628,EONET_6523,2026-01-09T00:00:00Z,Point,-52.2,-69.19,84.0,NM^2
GEO_E980F2AF62,EONET_6523,2026-02-06T00:00:00Z,Point,-51.87,-68.55,84.0,NM^2
GEO_3469444A2D,EONET_6523,2026-02-13T00:00:00Z,Point,-52.31,-68.11,84.0,NM^2
GEO_4091B62450,EONET_6523,2026-03-13T00:00:00Z,Point,-52.08,-67.48,84.0,NM^2
GEO_816849BE75,EONET_6523,2026-04-17T00:00:00Z,Point,-53.11,-67.13,84.0,NM^2
GEO_13BD91076B,EONET_6523,2026-04-30T00:00:00Z,Point,-53.18,-66.53,84.0,NM^2
GEO_FDB2B4C3F6,EONET_6523,2026-05-08T00:00:00Z,Point,-53.35,-65.97,84.0,NM^2
GEO_997D86D086,EONET_6523,2026-05-21T00:00:00Z,Point,-53.69,-65.1,84.0,NM^2
GEO_BFCE96CCA5,EONET_6523,2026-06-05T00:00:00Z,Point,-53.92,-64.46,84.0,NM^2
GEO_62D36F0CAD,EONET_6523,2026-06-12T00:00:00Z,Point,-53.03,-64.2,84.0,NM^2
GEO_635C536DBE,EONET_6523,2026-06-25T00:00:00Z,Point,-52.58,-63.77,84.0,NM^2
GEO_F9262828D4,EONET_7916,2024-05-23T18:02:00Z,Point,-110.666828,32.247434,0.1,acres
GEO_807805A597,EONET_6636,2024-05-22T19:00:00Z,Point,115.24246554767954,56.28980608913218,,
GEO_684BFE4263,EONET_7929,2024-05-22T15:38:00Z,Point,-109.37915,33.57065,10.4,acres
GEO_A1FDCD5DEB,EONET_7934,2024-05-22T10:37:00Z,Point,-111.077506,33.074101,968.0,acres
GEO_CA579BAC86,EONET_7936,2024-05-21T23:24:00Z,Point,-148.708183,63.919483,140.2,acres
GEO_EBEDD5636E,EONET_6637,2024-05-21T19:00:00Z,Point,116.22810877594469,54.44795607192798,,
GEO_7CD08AA131,EONET_8546,2024-05-21T16:33:00Z,Point,-120.31,41.2449,536.0,acres
GEO_16FD0483FA,EONET_8789,2024-05-21T09:39:00Z,Point,-92.819167,31.8225,2222.0,acres
GEO_4D22425393,EONET_7964,2024-05-20T13:30:00Z,Point,-89.41511,43.52037,0.1,acres
GEO_4A52E8838E,EONET_7968,2024-05-20T08:46:00Z,Point,-90.44669,44.08636,0.2,acres
GEO_D018453C6B,EONET_7969,2024-05-20T08:43:00Z,Point,-90.04768,44.0274,0.01,acres
GEO_741829B5D7,EONET_7976,2024-05-19T19:04:00Z,Point,-106.701333,36.286833,11500.0,acres
GEO_048CAF4FAD,EONET_7977,2024-05-19T16:26:00Z,Point,-89.646,45.17314,0.01,acres
GEO_778FB6F75C,EONET_7987,2024-05-18T17:54:00Z,Point,-112.58684,34.425859,0.25,acres
GEO_69BF18273C,EONET_7989,2024-05-18T14:40:00Z,Point,-89.21769,45.48661,0.03,acres
GEO_FAE4876A96,EONET_7992,2024-05-18T12:10:00Z,Point,-88.41506,45.12345,0.05,acres
GEO_12B3440681,EONET_7993,2024-05-18T12:00:00Z,Point,-89.43764,43.78998,0.01,acres
GEO_DF528B3FF2,EONET_8001,2024-05-17T16:55:00Z,Point,-89.56022,43.81151,0.2,acres
GEO_A5C76C2113,EONET_8004,2024-05-17T15:32:00Z,Point,-89.34412,43.83121,0.25,acres
GEO_6BF060312D,EONET_8014,2024-05-16T18:34:00Z,Point,-89.50894,43.72627,0.1,acres
GEO_7F62AD7BE0,EONET_8015,2024-05-16T17:19:00Z,Point,-89.0528,43.41412,3.7,acres
GEO_F3BC8AC5A0,EONET_8030,2024-05-15T16:38:00Z,Point,-111.80401,40.039861,0.1,acres
GEO_0B0F6A2840,EONET_8031,2024-05-15T15:50:00Z,Point,-91.63546,47.05187,0.1,acres
GEO_350BF989F9,EONET_8034,2024-05-15T14:32:00Z,Point,-89.3358,46.04036,0.15,acres
GEO_F3F0CDD67B,EONET_8036,2024-05-15T13:56:00Z,Point,-89.77166,46.24502,0.02,acres
GEO_079CF37C6F,EONET_8042,2024-05-14T18:56:00Z,Point,-108.341806,37.560778,5699.0,acres
GEO_53572730B6,EONET_8044,2024-05-14T15:47:00Z,Point,-89.43543,45.89794,0.35,acres
GEO_C8475FF6AD,EONET_8045,2024-05-14T14:14:00Z,Point,-89.49581,45.79809,1.94,acres
GEO_C9D7947544,EONET_8693,2024-05-14T08:32:00Z,Point,-96.516667,46.457778,1948.0,acres
GEO_5118E3E09B,EONET_8051,2024-05-13T19:58:00Z,Point,-109.8,32.896,700.0,acres
GEO_0917D94767,EONET_8052,2024-05-13T19:44:00Z,Point,-91.48288,45.93973,0.78,acres
GEO_CE1D443B37,EONET_8055,2024-05-13T16:40:00Z,Point,-90.28418,45.38623,5.5,acres
GEO_4B98F365C2,EONET_8060,2024-05-13T13:56:00Z,Point,-90.82506,46.87233,0.01,acres
GEO_E98CA341ED,EONET_8064,2024-05-13T11:11:00Z,Point,-91.18655,45.41304,0.4,acres
GEO_90C4E242C0,EONET_8070,2024-05-12T17:09:00Z,Point,-93.924566,47.072972,1.0,acres
GEO_01A716701B,EONET_8071,2024-05-12T16:35:00Z,Point,-92.253171,47.503823,0.1,acres
GEO_D804226644,EONET_8073,2024-05-12T16:08:00Z,Point,-92.89346,47.453577,5.0,acres
GEO_91BA360A76,EONET_8074,2024-05-12T15:59:00Z,Point,-92.543592,47.593117,0.5,acres
GEO_6137E732D4,EONET_8075,2024-05-12T15:51:00Z,Point,-91.06855,46.023333,1.4,acres
GEO_27E883308F,EONET_8697,2024-05-12T15:26:00Z,Point,-108.4065,34.0901,950.0,acres
GEO_CBA23902CA,EONET_8076,2024-05-12T15:25:00Z,Point,-92.957726,47.414131,0.1,acres
GEO_910D84D68D,EONET_8094,2024-05-09T19:45:00Z,Point,-119.767456,35.278698,0.01,acres
GEO_AACB571C09,EONET_8097,2024-05-08T21:14:00Z,Point,-156.73,64.7,0.5,acres
GEO_162BC355DC,EONET_9215,2024-05-08T18:53:00Z,Point,-106.04545,36.684717,2692.0,acres
GEO_56EF26D051,EONET_8550,2024-05-06T20:09:00Z,Point,-112.271667,32.996667,2795.0,acres
GEO_429D8FA257,EONET_8120,2024-05-05T11:50:00Z,Point,-103.736997,47.633879,0.1,acres
GEO_01160E2F3F,EONET_8121,2024-05-04T20:26:00Z,Point,-141.66544,59.969476,226.5,acres
GEO_AEBDBC70F2,EONET_8698,2024-05-03T12:26:00Z,Point,-91.299483,46.652033,956.0,acres
GEO_ED44033B66,EONET_8135,2024-05-01T16:07:00Z,Point,-112.051642,32.901733,0.01,acres
GEO_8C14A2398D,EONET_8409,2024-04-24T11:37:00Z,Point,-74.80866,39.73991,510.0,acres
GEO_DBACD4D5F6,EONET_8788,2024-04-23T12:19:00Z,Point,-92.6282,31.0266,605.0,acres
GEO_1363F81985,EONET_9226,2024-04-23T11:02:00Z,Point,-106.414217,36.486283,899.0,acres
GEO_2E1ABE717A,EONET_8551,2024-04-20T23:42:00Z,Point,-121.445567,43.045373,6340.0,acres
GEO_2E1AF7FC26,EONET_6510,2024-04-19T00:00:00Z,Point,-20.02,-75.52,,
GEO_4844320850,EONET_6510,2024-12-13T00:00:00Z,Point,-53.96,-71.34,105.0,NM^2
GEO_D8441EC8BA,EONET_6510,2025-01-10T00:00:00Z,Point,-55.73,-70.63,105.0,NM^2
GEO_39C0579EA6,EONET_6510,2025-02-14T00:00:00Z,Point,-57.47,-70.73,105.0,NM^2
GEO_7F4EAC347A,EONET_6510,2025-03-27T00:00:00Z,Point,-57.93,-70.13,105.0,NM^2
GEO_B3FC03C2D1,EONET_6510,2025-04-24T00:00:00Z,Point,-58.36,-69.66,105.0,NM^2
GEO_830C58D1E7,EONET_6510,2025-07-04T00:00:00Z,Point,-58.53,-69.18,105.0,NM^2
GEO_65EE44C6BE,EONET_6510,2025-07-31T00:00:00Z,Point,-58.31,-68.5,105.0,NM^2
GEO_981553087F,EONET_6510,2025-08-21T00:00:00Z,Point,-58.42,-67.9,105.0,NM^2
GEO_3FFE67E043,EONET_6510,2025-09-18T00:00:00Z,Point,-58.3,-67.39,105.0,NM^2
GEO_C71FA85653,EONET_6510,2025-10-16T00:00:00Z,Point,-58.34,-66.61,105.0,NM^2
GEO_402779F4F8,EONET_6510,2025-11-14T00:00:00Z,Point,-58.17,-66.14,105.0,NM^2
GEO_996F1D63D3,EONET_6510,2026-04-17T00:00:00Z,Point,-58.13,-65.63,105.0,NM^2
GEO_E091890F29,EONET_6510,2026-04-30T00:00:00Z,Point,-57.72,-65.21,105.0,NM^2
GEO_B35C446BA6,EONET_6510,2026-05-21T00:00:00Z,Point,-56.29,-64.84,105.0,NM^2
GEO_5152A2C03C,EONET_6510,2026-06-12T00:00:00Z,Point,-54.73,-64.32,105.0,NM^2
GEO_19F3865791,EONET_6510,2026-06-25T00:00:00Z,Point,-54.21,-63.63,45.0,NM^2
GEO_3AF0E2C4C7,EONET_8785,2024-04-18T15:54:00Z,Point,-115.5997,44.08256,893.0,acres
GEO_1A6478AA32,EONET_8677,2024-04-17T11:35:00Z,Point,-94.283295,31.044331,935.0,acres
GEO_871F59597F,EONET_8680,2024-04-16T09:17:00Z,Point,-95.1174,30.5248,1705.0,acres
GEO_84804EF51A,EONET_8787,2024-04-15T09:59:00Z,Point,-92.843167,32.005333,2609.0,acres
GEO_08CE164DE6,EONET_8695,2024-04-10T14:30:00Z,Point,-111.124845,40.618401,2615.0,acres
GEO_6B50305DFF,EONET_8398,2024-04-07T10:49:00Z,Point,-98.565278,47.859167,1365.3,acres
GEO_C89B8427DB,EONET_8908,2024-04-05T08:45:00Z,Point,-81.194,33.828997,505.0,acres
GEO_D4DFDCC8B1,EONET_8786,2024-04-04T10:28:00Z,Point,-92.783856,32.951069,993.0,acres
GEO_CD05BB14CC,EONET_8219,2024-03-28T17:04:00Z,Point,-85.89,33.527833,902.0,acres
GEO_0D527DB0E6,EONET_8488,2024-03-22T19:12:00Z,Point,-78.508967,38.726383,832.0,acres
GEO_0B8D21BB58,EONET_8489,2024-03-22T19:11:00Z,Point,-78.937222,38.759444,2368.0,acres
GEO_00597867FC,EONET_8558,2024-03-22T16:56:00Z,Point,-78.9148,39.9111,2950.0,acres
GEO_E8FD3A55D8,EONET_8490,2024-03-21T15:36:00Z,Point,-78.58038,39.06605,6223.0,acres
GEO_D26B3E48A8,EONET_8416,2024-03-21T14:34:00Z,Point,-79.082641,38.917969,500.0,acres
GEO_4E62D71A8F,EONET_8404,2024-03-21T14:06:00Z,Point,-79.074498,38.788318,600.0,acres
GEO_1E6C7DFB2D,EONET_8563,2024-03-20T21:35:00Z,Point,-83.92115,36.52673333,1467.0,acres
GEO_4CA4A44D93,EONET_8487,2024-03-20T17:21:00Z,Point,-78.548783,38.42,6399.0,acres
GEO_54FAA36901,EONET_8692,2024-03-06T15:48:00Z,Point,-116.97623,44.52173,1250.0,acres
GEO_A74403EF62,EONET_6608,2024-02-28T21:34:00Z,Point,-89.0933,31.143333,754.0,acres
GEO_6499F758B2,EONET_6598,2024-02-26T17:05:00Z,Point,-101.484489,35.825155,3000.0,acres
GEO_471525DD20,EONET_6597,2024-02-26T16:38:00Z,Point,-100.57133,41.48738,69810.0,acres
GEO_ACFB19A6DD,EONET_6594,2024-02-26T13:32:00Z,Point,-101.729965,35.632396,4012.0,acres
GEO_3BA9C396A2,EONET_6585,2024-02-20T01:02:00Z,Point,-89.31971,34.78923,520.0,acres
GEO_90A526076D,EONET_6474,2024-01-11T00:00:00Z,Point,21.01,-69.83,168.0,NM^2
GEO_E20B8DBA4D,EONET_6474,2024-01-18T00:00:00Z,Point,18.24,-69.29,168.0,NM^2
GEO_0A70F236F1,EONET_6474,2024-02-02T00:00:00Z,Point,16.63,-69.53,168.0,NM^2
GEO_2448A0B892,EONET_6474,2024-03-01T00:00:00Z,Point,12.63,-69.36,168.0,NM^2
GEO_776135E5A9,EONET_6474,2024-03-07T00:00:00Z,Point,11.39,-69.55,168.0,NM^2
GEO_3E10E75323,EONET_6474,2024-03-15T00:00:00Z,Point,6.81,-69.77,168.0,NM^2
GEO_35D606FA27,EONET_6474,2024-03-22T00:00:00Z,Point,12.63,-69.36,168.0,NM^2
GEO_270E6A96A0,EONET_6474,2024-03-29T00:00:00Z,Point,2.31,-69.95,168.0,NM^2
GEO_CFF7A9B90A,EONET_6474,2024-04-05T00:00:00Z,Point,-1.79,-69.69,168.0,NM^2
GEO_CB9D48E05B,EONET_6474,2024-04-12T00:00:00Z,Point,-5.22,-70.01,168.0,NM^2
GEO_78A3C87C50,EONET_6474,2024-12-13T00:00:00Z,Point,-27.82,-74.57,168.0,NM^2
GEO_D4B3F05C9E,EONET_6474,2025-04-04T00:00:00Z,Point,-30.73,-74.62,168.0,NM^2
GEO_8178E839F1,EONET_6474,2025-04-24T00:00:00Z,Point,-31.03,-74.14,168.0,NM^2
GEO_7E0256B9CF,EONET_6474,2025-05-29T00:00:00Z,Point,-32.13,-73.51,168.0,NM^2
GEO_D8E515B1BD,EONET_6474,2025-06-05T00:00:00Z,Point,-31.99,-72.73,168.0,NM^2
GEO_5EC33E9917,EONET_6474,2025-06-12T00:00:00Z,Point,-32.52,-71.97,168.0,NM^2
GEO_E9ADF0E713,EONET_6474,2025-07-18T00:00:00Z,Point,-34.34,-71.89,168.0,NM^2
GEO_3E4DD6B2C2,EONET_6474,2025-07-31T00:00:00Z,Point,-35.4,-72.29,168.0,NM^2
GEO_90A87EB809,EONET_6474,2025-08-14T00:00:00Z,Point,-37.49,-71.87,168.0,NM^2
GEO_F725DA6D94,EONET_6474,2025-08-21T00:00:00Z,Point,-38.79,-71.3,168.0,NM^2
GEO_E6AD12ADFF,EONET_6474,2025-08-28T00:00:00Z,Point,-39.24,-70.51,168.0,NM^2
GEO_1E8F73AF28,EONET_6474,2025-09-11T00:00:00Z,Point,-40.02,-69.3,168.0,NM^2
GEO_FD8DF890CC,EONET_6474,2025-09-26T00:00:00Z,Point,-40.24,-68.69,168.0,NM^2
GEO_3C0A5E332D,EONET_6474,2025-10-16T00:00:00Z,Point,-41.71,-68.54,168.0,NM^2
GEO_173C1E158B,EONET_6474,2025-11-14T00:00:00Z,Point,-43.35,-68.51,168.0,NM^2
GEO_EACB879B05,EONET_6474,2025-11-28T00:00:00Z,Point,-44.78,-68.23,168.0,NM^2
GEO_95219EEE93,EONET_6474,2026-01-02T00:00:00Z,Point,-46.42,-68.28,168.0,NM^2
GEO_C8C7FD9AAA,EONET_6474,2026-01-09T00:00:00Z,Point,-46.79,-67.73,168.0,NM^2
GEO_BC68549D40,EONET_6474,2026-01-23T00:00:00Z,Point,-47.25,-67.15,168.0,NM^2
GEO_403AB75F0B,EONET_6474,2026-02-13T00:00:00Z,Point,-47.97,-66.37,168.0,NM^2
GEO_8389FD6101,EONET_6474,2026-03-13T00:00:00Z,Point,-48.19,-65.87,168.0,NM^2
GEO_952CE48D24,EONET_6474,2026-04-03T00:00:00Z,Point,-48.55,-65.34,168.0,NM^2
GEO_865E7BDABB,EONET_6474,2026-05-08T00:00:00Z,Point,-48.79,-64.33,168.0,NM^2
GEO_0A12EE698A,EONET_6474,2026-05-21T00:00:00Z,Point,-48.32,-63.43,168.0,NM^2
GEO_006F311958,EONET_6474,2026-05-29T00:00:00Z,Point,-48.63,-62.86,168.0,NM^2
GEO_9236B9F11D,EONET_6474,2026-06-12T00:00:00Z,Point,-47.65,-62.51,168.0,NM^2
GEO_5053168260,EONET_6470,2023-12-28T00:00:00Z,Point,122.775,-8.542,,
GEO_1EBE9B8AF2,EONET_9224,2023-12-12T10:20:00Z,Point,-106.738281,37.811634,842.0,acres
GEO_73EE909FB5,EONET_6462,2023-12-03T00:00:00Z,Point,100.474,-0.38,,
GEO_E7B8D5B158,EONET_6452,2023-11-07T00:00:00Z,Point,127.8783,1.6992,,
GEO_D2D9736913,EONET_8585,2023-10-26T17:21:00Z,Point,-109.485626,33.666175,3300.0,acres
GEO_1E7DA91157,EONET_6448,2023-10-20T00:00:00Z,Point,82.12,-67.18,88.0,NM^2
GEO_7C7919C959,EONET_8782,2023-09-11T15:41:00Z,Point,-119.9105,38.224967,837.0,acres
GEO_CE6D7C8E2F,EONET_6423,2023-09-08T00:00:00Z,Point,17.14,-69.38,340.0,NM^2
GEO_CF83A8242C,EONET_6423,2023-09-15T00:00:00Z,Point,14.37,-69.23,340.0,NM^2
GEO_D0A423F0E0,EONET_6423,2023-09-22T00:00:00Z,Point,13.16,-69.37,340.0,NM^2
GEO_DDBB4CCD95,EONET_6423,2023-09-30T00:00:00Z,Point,11.84,-69.58,340.0,NM^2
GEO_6F26899826,EONET_6423,2023-10-26T00:00:00Z,Point,10.18,-69.71,340.0,NM^2
GEO_D44B92DC6E,EONET_6423,2023-11-09T00:00:00Z,Point,7.25,-69.67,340.0,NM^2
GEO_1911367BD2,EONET_6423,2023-11-24T00:00:00Z,Point,5.51,-69.66,340.0,NM^2
GEO_16BE276E54,EONET_6423,2023-12-08T00:00:00Z,Point,1.4,-69.58,340.0,NM^2
GEO_ED5586BB64,EONET_6423,2023-12-15T00:00:00Z,Point,-0.74,-69.4,340.0,NM^2
GEO_3FE9BCDB98,EONET_6423,2023-12-21T00:00:00Z,Point,-1.94,-69.6,340.0,NM^2
GEO_7AC054A23B,EONET_6423,2023-12-28T00:00:00Z,Point,-3.64,-69.85,340.0,NM^2
GEO_9C47BEAF4C,EONET_6423,2024-01-04T00:00:00Z,Point,-5.14,-70.07,340.0,NM^2
GEO_4E56018188,EONET_6423,2024-01-18T00:00:00Z,Point,-8.04,-70.06,340.0,NM^2
GEO_C7CA0190B4,EONET_6423,2024-02-02T00:00:00Z,Point,-10.27,-70.56,340.0,NM^2
GEO_14316F14C4,EONET_6423,2024-02-16T00:00:00Z,Point,-12.94,-71.06,340.0,NM^2
GEO_023B4D64F6,EONET_6423,2024-02-23T00:00:00Z,Point,-14.77,-71.49,340.0,NM^2
GEO_884A4C97D7,EONET_6423,2024-03-01T00:00:00Z,Point,-17.62,-72.18,340.0,NM^2
GEO_2CFE88A058,EONET_6423,2024-03-07T00:00:00Z,Point,-19.7,-72.57,340.0,NM^2
GEO_21DC5B67BE,EONET_6423,2024-03-15T00:00:00Z,Point,-21.86,-73.22,340.0,NM^2
GEO_E72747E0E5,EONET_6423,2024-03-22T00:00:00Z,Point,-17.62,-72.18,340.0,NM^2
GEO_C721A280CA,EONET_6423,2024-03-29T00:00:00Z,Point,-26.96,-74.24,340.0,NM^2
GEO_94CF93703A,EONET_6423,2024-12-13T00:00:00Z,Point,-55.49,-70.58,340.0,NM^2
GEO_8F60EF11E0,EONET_6423,2025-01-10T00:00:00Z,Point,-56.26,-70.2,340.0,NM^2
GEO_CF14753875,EONET_6423,2025-03-21T00:00:00Z,Point,-57.35,-69.78,340.0,NM^2
GEO_EE59F0D9CB,EONET_6423,2025-04-11T00:00:00Z,Point,-57.06,-69.34,340.0,NM^2
GEO_B2F415068F,EONET_6423,2025-07-04T00:00:00Z,Point,-57.32,-68.89,340.0,NM^2
GEO_08B2D4B6A0,EONET_6423,2025-07-31T00:00:00Z,Point,-57.11,-68.35,340.0,NM^2
GEO_77EF09D195,EONET_6423,2025-08-21T00:00:00Z,Point,-57.17,-67.73,340.0,NM^2
GEO_91C814673A,EONET_6423,2025-09-11T00:00:00Z,Point,-57.35,-67.2,340.0,NM^2
GEO_427AAC31EE,EONET_6423,2025-10-09T00:00:00Z,Point,-57.21,-66.59,340.0,NM^2
GEO_3B03235CC8,EONET_6423,2025-10-23T00:00:00Z,Point,-57.22,-66.08,340.0,NM^2
GEO_983A6F1F1B,EONET_6423,2025-11-14T00:00:00Z,Point,-57.08,-65.54,340.0,NM^2
GEO_8E088E0C01,EONET_6423,2026-04-17T00:00:00Z,Point,-57.7,-65.12,340.0,NM^2
GEO_056E1B55E9,EONET_6423,2026-05-08T00:00:00Z,Point,-57.31,-64.7,340.0,NM^2
GEO_5CF5747BA0,EONET_6423,2026-06-18T00:00:00Z,Point,-55.79,-64.24,340.0,NM^2
GEO_35ECF9CB77,EONET_6424,2023-09-08T00:00:00Z,Point,18.3,-69.64,252.0,NM^2
GEO_386AF05E85,EONET_6424,2023-09-15T00:00:00Z,Point,16.6,-69.45,252.0,NM^2
GEO_39476146EE,EONET_6424,2023-09-30T00:00:00Z,Point,13.66,-69.3,252.0,NM^2
GEO_CA51352466,EONET_6424,2023-10-26T00:00:00Z,Point,12.22,-69.47,252.0,NM^2
GEO_94632C403D,EONET_6424,2023-12-08T00:00:00Z,Point,9.8,-69.61,252.0,NM^2
GEO_84F6580F05,EONET_6424,2023-12-15T00:00:00Z,Point,8.01,-69.68,252.0,NM^2
GEO_EFA4D16381,EONET_6424,2023-12-28T00:00:00Z,Point,4.38,-69.94,252.0,NM^2
GEO_B01E9EECB4,EONET_6424,2024-01-04T00:00:00Z,Point,1.94,-69.84,252.0,NM^2
GEO_882EC7DFD3,EONET_6424,2024-01-18T00:00:00Z,Point,-2.03,-69.22,252.0,NM^2
GEO_00F127F33D,EONET_6424,2024-02-08T00:00:00Z,Point,-3.15,-69.6,252.0,NM^2
GEO_759BC82AD6,EONET_6424,2024-02-23T00:00:00Z,Point,-4.61,-70.16,252.0,NM^2
GEO_A7DD730CC5,EONET_6424,2024-03-01T00:00:00Z,Point,-7.49,-70.29,252.0,NM^2
GEO_3A4B3DC6C8,EONET_6424,2024-03-07T00:00:00Z,Point,-9.33,-70.4,252.0,NM^2
GEO_57C359B74E,EONET_6424,2024-03-22T00:00:00Z,Point,-7.49,-70.29,252.0,NM^2
GEO_343133DBA6,EONET_6424,2024-03-29T00:00:00Z,Point,-12.77,-71.07,252.0,NM^2
GEO_54EACAFB62,EONET_6424,2024-04-05T00:00:00Z,Point,-15.11,-71.47,252.0,NM^2
GEO_6955B4FECD,EONET_6424,2024-04-12T00:00:00Z,Point,-16.64,-72.06,252.0,NM^2
GEO_9D580DB948,EONET_6424,2024-12-13T00:00:00Z,Point,-37.79,-76.49,252.0,NM^2
GEO_6D47958242,EONET_6424,2025-01-10T00:00:00Z,Point,-39.23,-76.86,252.0,NM^2
GEO_619A8657B9,EONET_6424,2025-02-06T00:00:00Z,Point,-40.28,-77.29,252.0,NM^2
GEO_428FAD107A,EONET_6424,2025-03-27T00:00:00Z,Point,-42.75,-76.97,252.0,NM^2
GEO_515CD1BC1C,EONET_6424,2025-04-11T00:00:00Z,Point,-44.03,-76.53,252.0,NM^2
GEO_098715ED3E,EONET_6424,2025-05-16T00:00:00Z,Point,-42.8,-76.04,252.0,NM^2
GEO_10FF866484,EONET_6424,2025-05-29T00:00:00Z,Point,-41.99,-75.11,252.0,NM^2
GEO_079EC64A8C,EONET_6424,2025-06-05T00:00:00Z,Point,-41.96,-74.43,252.0,NM^2
GEO_7ECD809E9A,EONET_6424,2025-06-12T00:00:00Z,Point,-42.53,-73.98,252.0,NM^2
GEO_BD402DBA20,EONET_6424,2025-07-11T00:00:00Z,Point,-42.2,-73.47,252.0,NM^2
GEO_4D01490FC1,EONET_6424,2025-08-08T00:00:00Z,Point,-44.43,-73.12,252.0,NM^2
GEO_A3EBA5040A,EONET_6424,2025-08-21T00:00:00Z,Point,-46.09,-72.41,252.0,NM^2
GEO_93799E9518,EONET_6424,2025-08-28T00:00:00Z,Point,-46.13,-71.89,252.0,NM^2
GEO_C8F701A639,EONET_6424,2025-09-11T00:00:00Z,Point,-46.21,-70.86,252.0,NM^2
GEO_05C3EA0FF9,EONET_6424,2025-09-26T00:00:00Z,Point,-46.34,-70.3,252.0,NM^2
GEO_4D2E598D28,EONET_6424,2025-10-16T00:00:00Z,Point,-48.35,-69.88,252.0,NM^2
GEO_45C42AEFBD,EONET_6424,2025-11-14T00:00:00Z,Point,-49.85,-69.86,252.0,NM^2
GEO_73710C632F,EONET_6424,2025-11-21T00:00:00Z,Point,-50.48,-69.25,252.0,NM^2
GEO_0612F03387,EONET_6424,2025-12-26T00:00:00Z,Point,-51.23,-69.65,252.0,NM^2
GEO_19BDDA3CBE,EONET_6424,2026-01-09T00:00:00Z,Point,-51.92,-69.03,252.0,NM^2
GEO_AD83F8EE12,EONET_6424,2026-02-06T00:00:00Z,Point,-51.83,-68.41,252.0,NM^2
GEO_E8BF6F58EF,EONET_6424,2026-02-13T00:00:00Z,Point,-52.32,-67.97,252.0,NM^2
GEO_2B99795A82,EONET_6424,2026-03-20T00:00:00Z,Point,-52.33,-67.38,252.0,NM^2
GEO_6BB8BD9906,EONET_6424,2026-04-24T00:00:00Z,Point,-53.44,-66.98,252.0,NM^2
GEO_8DB444DD27,EONET_6424,2026-05-08T00:00:00Z,Point,-53.63,-66.06,252.0,NM^2
GEO_EBE591113B,EONET_6424,2026-05-21T00:00:00Z,Point,-53.98,-65.16,252.0,NM^2
GEO_BAED51D844,EONET_6424,2026-06-05T00:00:00Z,Point,-54.0,-64.14,252.0,NM^2
GEO_6BD29FEDBF,EONET_6424,2026-06-12T00:00:00Z,Point,-52.45,-63.74,252.0,NM^2
GEO_8B5674C055,EONET_6424,2026-06-25T00:00:00Z,Point,-52.27,-63.09,252.0,NM^2
GEO_497DE0CCC9,EONET_8408,2023-09-04T15:10:00Z,Point,-74.313143,39.916896,831.0,acres
GEO_333450B52E,EONET_8583,2023-08-25T14:47:00Z,Point,-122.735481,43.429829,1940.0,acres
GEO_E9AB4B4788,EONET_8407,2023-08-21T15:30:00Z,Point,-74.825621,39.786767,1500.0,acres
GEO_17559E86AE,EONET_8573,2023-08-18T14:20:00Z,Point,-123.788333,41.788333,2678.0,acres
GEO_4D15018D85,EONET_8574,2023-08-17T19:25:00Z,Point,-123.674,41.735,599.0,acres
GEO_971EC6263D,EONET_8579,2023-08-17T14:40:00Z,Point,-123.96,41.9797,1090.0,acres
GEO_DAF5524903,EONET_8576,2023-08-17T14:39:00Z,Point,-124.267,41.934667,1997.21,acres
GEO_B0CAB169D5,EONET_8884,2023-08-17T13:03:00Z,Point,-123.6308333,41.37,50198.04,acres
GEO_35C6ED3E23,EONET_8575,2023-08-16T09:27:00Z,Point,-123.91522,41.788334,1590.0,acres
GEO_703580D7AE,EONET_8577,2023-08-15T22:05:00Z,Point,-123.724444,41.527778,9751.13,acres
GEO_4A7523F874,EONET_8582,2023-08-15T22:05:00Z,Point,-123.692767,41.432883,4269.99,acres
GEO_3FF2E1AC96,EONET_8578,2023-08-15T21:33:00Z,Point,-123.8995,41.9485,7071.0,acres
GEO_2148A5624F,EONET_8572,2023-08-15T18:41:00Z,Point,-123.695,40.6953,1055.0,acres
GEO_9CA8A6768D,EONET_8580,2023-08-15T12:55:00Z,Point,-123.951946,41.938613,550.0,acres
GEO_1CE6F39E06,EONET_8567,2023-08-05T17:59:00Z,Point,-106.804971,36.122497,2198.0,acres
GEO_CEBB631809,EONET_6369,2023-06-06T00:00:00Z,Point,127.63,1.488,,
GEO_3C6A7E0545,EONET_8565,2023-03-15T10:00:00Z,Point,-83.15196667,35.82263333,657.0,acres
GEO_4943C9A570,EONET_6320,2023-01-27T00:00:00Z,Point,-27.16,-75.66,700.0,NM^2
GEO_957A65C41B,EONET_6320,2023-02-24T00:00:00Z,Point,-28.83,-76.01,700.0,NM^2
GEO_701488B066,EONET_6320,2023-03-10T00:00:00Z,Point,-30.79,-76.37,700.0,NM^2
GEO_AFAB4512F7,EONET_6320,2023-03-31T00:00:00Z,Point,-33.68,-76.8,700.0,NM^2
GEO_8C397AE74D,EONET_6320,2023-04-07T00:00:00Z,Point,-34.92,-77.18,700.0,NM^2
GEO_83074467AF,EONET_6320,2023-04-28T00:00:00Z,Point,-36.06,-77.59,700.0,NM^2
GEO_3D9496D2C6,EONET_6320,2023-05-26T00:00:00Z,Point,-38.53,-77.69,700.0,NM^2
GEO_ABF3B349CD,EONET_6320,2023-06-15T00:00:00Z,Point,-40.51,-77.54,700.0,NM^2
GEO_B5EFB6784E,EONET_6320,2023-07-14T00:00:00Z,Point,-42.95,-77.38,700.0,NM^2
GEO_859FB5F9C3,EONET_6320,2023-07-28T00:00:00Z,Point,-39.22,-77.69,700.0,NM^2
GEO_E9C84C9D62,EONET_6320,2023-08-04T00:00:00Z,Point,-44.49,-77.08,700.0,NM^2
GEO_29D52435B4,EONET_6320,2023-09-22T00:00:00Z,Point,-45.63,-76.69,700.0,NM^2
GEO_153AC159AE,EONET_6320,2023-10-26T00:00:00Z,Point,-48.51,-76.47,700.0,NM^2
GEO_1F7C86D7BD,EONET_6320,2024-03-07T00:00:00Z,Point,-47.68,-75.98,700.0,NM^2
GEO_3F203F5A59,EONET_6320,2024-12-13T00:00:00Z,Point,-57.72,-69.42,700.0,NM^2
GEO_43F4C530F4,EONET_6320,2025-02-21T00:00:00Z,Point,-58.91,-69.67,700.0,NM^2
GEO_3DC8B05AA3,EONET_6320,2025-03-13T00:00:00Z,Point,-58.84,-69.19,700.0,NM^2
GEO_B41B1A9864,EONET_6320,2025-04-04T00:00:00Z,Point,-58.84,-68.7,700.0,NM^2
GEO_CA783CADD9,EONET_6320,2025-05-22T00:00:00Z,Point,-58.15,-68.31,700.0,NM^2
GEO_C7C96FBCCE,EONET_6320,2025-07-18T00:00:00Z,Point,-58.19,-67.72,700.0,NM^2
GEO_43F4B77BD2,EONET_6320,2025-08-08T00:00:00Z,Point,-58.02,-67.14,700.0,NM^2
GEO_30F1005B1D,EONET_6320,2025-09-04T00:00:00Z,Point,-58.34,-66.69,700.0,NM^2
GEO_0CC60481A0,EONET_6320,2025-10-09T00:00:00Z,Point,-58.33,-65.8,700.0,NM^2
GEO_FE57E83A07,EONET_6320,2025-11-14T00:00:00Z,Point,-57.93,-65.3,700.0,NM^2
GEO_3DFFBAC2CD,EONET_6320,2026-01-09T00:00:00Z,Point,-58.32,-64.87,700.0,NM^2
GEO_624BF7359D,EONET_6320,2026-04-03T00:00:00Z,Point,-57.15,-64.82,700.0,NM^2
GEO_0223DADAA3,EONET_6320,2026-04-30T00:00:00Z,Point,-55.34,-64.4,700.0,NM^2
GEO_D97BF6AF9B,EONET_6320,2026-05-21T00:00:00Z,Point,-54.54,-63.9,700.0,NM^2
GEO_973E76778D,EONET_6320,2026-05-29T00:00:00Z,Point,-53.69,-63.61,700.0,NM^2
GEO_813CA455B6,EONET_6320,2026-06-18T00:00:00Z,Point,-53.58,-63.0,700.0,NM^2
GEO_1A19E24321,EONET_6320,2026-06-25T00:00:00Z,Point,-54.2,-62.4,700.0,NM^2
GEO_5E2EE7D9F7,EONET_6288,2022-10-21T00:00:00Z,Point,70.68,-68.36,90.0,NM^2
GEO_CBF7FD4BFC,EONET_6288,2022-11-11T00:00:00Z,Point,70.97,-67.87,90.0,NM^2
GEO_FA2ED456F4,EONET_6288,2022-12-16T00:00:00Z,Point,71.07,-67.25,90.0,NM^2
GEO_6EB434B00B,EONET_6288,2023-01-06T00:00:00Z,Point,70.03,-66.78,90.0,NM^2
GEO_938ED252B9,EONET_6288,2023-01-20T00:00:00Z,Point,68.02,-67.02,90.0,NM^2
GEO_A55E9EC93A,EONET_6288,2023-02-03T00:00:00Z,Point,66.44,-66.69,90.0,NM^2
GEO_B4A0499127,EONET_6288,2023-03-10T00:00:00Z,Point,64.91,-66.73,90.0,NM^2
GEO_529C3BB3B3,EONET_6288,2023-04-14T00:00:00Z,Point,61.47,-66.79,90.0,NM^2
GEO_F65678B18D,EONET_6288,2023-04-21T00:00:00Z,Point,59.41,-66.63,90.0,NM^2
GEO_436E9D023A,EONET_6288,2023-04-28T00:00:00Z,Point,57.37,-65.95,90.0,NM^2
GEO_856FFCA3F6,EONET_6288,2023-05-05T00:00:00Z,Point,55.56,-65.65,90.0,NM^2
GEO_C2BD18A167,EONET_6288,2023-12-08T00:00:00Z,Point,53.8,-65.41,90.0,NM^2
GEO_26208B21DF,EONET_6288,2024-02-02T00:00:00Z,Point,52.63,-65.21,90.0,NM^2
GEO_B2713D5BAF,EONET_6288,2024-02-23T00:00:00Z,Point,51.95,-64.71,90.0,NM^2
GEO_18E44292A4,EONET_6288,2024-03-15T00:00:00Z,Point,50.88,-64.61,90.0,NM^2
GEO_D78E0B3A05,EONET_6288,2024-03-29T00:00:00Z,Point,50.49,-65.03,90.0,NM^2
GEO_68CFFF04B7,EONET_6288,2024-12-13T00:00:00Z,Point,-2.1,-69.95,54.0,NM^2
GEO_75DA719FB5,EONET_6288,2024-12-26T00:00:00Z,Point,-4.13,-70.05,54.0,NM^2
GEO_3B893D030F,EONET_6288,2025-01-31T00:00:00Z,Point,-6.05,-70.14,54.0,NM^2
GEO_5DDBC5BE9D,EONET_6288,2025-02-06T00:00:00Z,Point,-7.56,-70.37,54.0,NM^2
GEO_B957122F25,EONET_6288,2025-02-14T00:00:00Z,Point,-8.92,-70.41,54.0,NM^2
GEO_B36D6B2536,EONET_6288,2025-02-21T00:00:00Z,Point,-9.94,-70.73,54.0,NM^2
GEO_9C157B66E6,EONET_6288,2025-04-18T00:00:00Z,Point,-12.58,-71.18,54.0,NM^2
GEO_851D99B60D,EONET_6288,2025-04-24T00:00:00Z,Point,-16.28,-71.88,54.0,NM^2
GEO_F1FD980B25,EONET_6288,2025-05-02T00:00:00Z,Point,-20.64,-73.06,54.0,NM^2
GEO_6692F19811,EONET_6288,2025-05-09T00:00:00Z,Point,-15.13,-71.95,54.0,NM^2
GEO_F8AD59FC0C,EONET_6288,2025-05-16T00:00:00Z,Point,-27.02,-74.01,54.0,NM^2
GEO_D7990F26EA,EONET_6288,2025-05-29T00:00:00Z,Point,-28.57,-72.77,54.0,NM^2
GEO_41A1EE568A,EONET_6288,2025-06-12T00:00:00Z,Point,-28.37,-71.38,54.0,NM^2
GEO_EB80CC81B2,EONET_6288,2025-07-31T00:00:00Z,Point,-29.29,-71.86,54.0,NM^2
GEO_87959C4443,EONET_6288,2025-08-14T00:00:00Z,Point,-30.55,-71.56,54.0,NM^2
GEO_433B116D93,EONET_6288,2025-08-21T00:00:00Z,Point,-32.4,-71.17,54.0,NM^2
GEO_E5AE7D307E,EONET_6288,2025-08-28T00:00:00Z,Point,-33.47,-70.84,54.0,NM^2
GEO_DB9E929E69,EONET_6288,2025-09-11T00:00:00Z,Point,-34.14,-69.74,54.0,NM^2
GEO_AA791FB880,EONET_6288,2025-09-18T00:00:00Z,Point,-33.22,-69.25,54.0,NM^2
GEO_1CF1EEECDF,EONET_6288,2025-10-09T00:00:00Z,Point,-33.3,-68.6,54.0,NM^2
GEO_48CF617C0F,EONET_6288,2025-10-16T00:00:00Z,Point,-34.27,-68.9,54.0,NM^2
GEO_B096F2C05F,EONET_6288,2025-10-31T00:00:00Z,Point,-34.42,-68.41,54.0,NM^2
GEO_71B340F09F,EONET_6288,2025-11-07T00:00:00Z,Point,-35.47,-68.83,54.0,NM^2
GEO_90CB0D5067,EONET_6288,2025-11-21T00:00:00Z,Point,-37.95,-69.03,54.0,NM^2
GEO_B02D23CF8B,EONET_6288,2025-12-05T00:00:00Z,Point,-39.6,-68.65,54.0,NM^2
GEO_0261BDD040,EONET_6288,2026-01-02T00:00:00Z,Point,-41.1,-68.86,54.0,NM^2
GEO_B5C57D3A8C,EONET_6288,2026-01-09T00:00:00Z,Point,-42.29,-68.35,54.0,NM^2
GEO_22704D8DBF,EONET_6288,2026-01-23T00:00:00Z,Point,-43.21,-67.73,54.0,NM^2
GEO_DE3AAC67A6,EONET_6288,2026-02-13T00:00:00Z,Point,-44.33,-67.13,54.0,NM^2
GEO_211B358A63,EONET_6288,2026-02-26T00:00:00Z,Point,-45.65,-66.8,54.0,NM^2
GEO_9181B6EF08,EONET_6288,2026-03-26T00:00:00Z,Point,-46.3,-66.25,54.0,NM^2
GEO_C7C670458F,EONET_6288,2026-04-10T00:00:00Z,Point,-47.66,-66.36,54.0,NM^2
GEO_0D2DE0620F,EONET_6288,2026-04-30T00:00:00Z,Point,-46.48,-66.16,54.0,NM^2
GEO_EA6F5510E4,EONET_6288,2026-05-08T00:00:00Z,Point,-47.34,-65.5,54.0,NM^2
GEO_3931769260,EONET_6288,2026-05-21T00:00:00Z,Point,-47.22,-64.74,54.0,NM^2
GEO_944E8B3219,EONET_6288,2026-05-29T00:00:00Z,Point,-46.87,-64.24,54.0,NM^2
GEO_4BD7365E1D,EONET_6288,2026-06-05T00:00:00Z,Point,-45.99,-63.86,54.0,NM^2
GEO_05B62D42D9,EONET_6288,2026-06-12T00:00:00Z,Point,-44.2,-63.51,54.0,NM^2
GEO_EB0E44A4BF,EONET_6288,2026-06-25T00:00:00Z,Point,-43.03,-62.46,54.0,NM^2
GEO_9E7C73766F,EONET_6175,2022-08-07T00:00:00Z,Point,15.213,38.789,,
GEO_548A22FDE7,EONET_6104,2022-06-27T00:00:00Z,Point,130.657,31.593,,
GEO_B53F884663,EONET_8569,2022-06-10T18:12:00Z,Point,-109.3973,33.63276,3704.0,acres
GEO_BF707A25F4,EONET_6051,2022-04-29T00:00:00Z,Point,99.61,-65.68,120.0,NM^2
GEO_F5813271F0,EONET_6051,2023-02-03T00:00:00Z,Point,99.15,-65.16,105.0,NM^2
GEO_F2C9D5C0EB,EONET_6051,2023-08-11T00:00:00Z,Point,98.37,-64.78,120.0,NM^2
GEO_2C0EAF92EB,EONET_6051,2025-04-24T00:00:00Z,Point,97.94,-64.27,120.0,NM^2
GEO_401F27ED7C,EONET_6051,2025-05-02T00:00:00Z,Point,95.86,-64.34,120.0,NM^2
GEO_F4923E4B10,EONET_6051,2025-05-09T00:00:00Z,Point,92.92,-65.05,120.0,NM^2
GEO_07F936C0B6,EONET_6051,2025-05-22T00:00:00Z,Point,90.81,-65.46,120.0,NM^2
GEO_B74965FFE4,EONET_6051,2025-05-29T00:00:00Z,Point,89.37,-65.8,120.0,NM^2
GEO_EFC8B98815,EONET_6051,2025-06-05T00:00:00Z,Point,85.51,-65.96,120.0,NM^2
GEO_C4EC356CFB,EONET_6051,2025-06-20T00:00:00Z,Point,84.07,-66.28,120.0,NM^2
GEO_4E2AC4EC14,EONET_6051,2025-07-11T00:00:00Z,Point,83.06,-66.03,120.0,NM^2
GEO_5671FA9F1C,EONET_6051,2025-07-31T00:00:00Z,Point,81.85,-65.8,120.0,NM^2
GEO_FC51088A52,EONET_6051,2025-09-04T00:00:00Z,Point,80.3,-66.17,120.0,NM^2
GEO_FC8DC9173E,EONET_6051,2025-10-09T00:00:00Z,Point,77.76,-66.56,120.0,NM^2
GEO_15E5C65A7A,EONET_6051,2025-10-16T00:00:00Z,Point,77.22,-67.03,120.0,NM^2
GEO_ABB97D81BC,EONET_6051,2025-11-21T00:00:00Z,Point,77.49,-67.7,120.0,NM^2
GEO_EDD83FE61D,EONET_6051,2026-03-20T00:00:00Z,Point,77.23,-68.31,32.0,NM^2
GEO_7C1D25EAAB,EONET_6051,2026-04-10T00:00:00Z,Point,75.08,-69.16,32.0,NM^2
GEO_9825EA70F9,EONET_6051,2026-04-24T00:00:00Z,Point,74.24,-68.81,32.0,NM^2
GEO_30AA2FDDFC,EONET_6051,2026-04-30T00:00:00Z,Point,72.81,-68.52,32.0,NM^2
GEO_CFD4530F73,EONET_6051,2026-05-15T00:00:00Z,Point,71.07,-67.48,32.0,NM^2
GEO_BA28380220,EONET_6051,2026-05-21T00:00:00Z,Point,70.55,-67.01,32.0,NM^2
GEO_25A2D2B97A,EONET_6051,2026-06-25T00:00:00Z,Point,64.84,-66.81,24.0,NM^2
GEO_DCDA7624E9,EONET_5359,2021-05-28T00:00:00Z,Point,-57.04,-75.57,112.0,NM^2
GEO_5A90C51859,EONET_5359,2021-06-11T00:00:00Z,Point,-56.38,-74.98,112.0,NM^2
GEO_5F58747259,EONET_5359,2021-07-02T00:00:00Z,Point,-56.65,-74.41,112.0,NM^2
GEO_0E93E85677,EONET_5359,2021-07-23T00:00:00Z,Point,-57.29,-73.85,112.0,NM^2
GEO_257DE4D9BA,EONET_5359,2021-08-20T00:00:00Z,Point,-58.29,-72.87,112.0,NM^2
GEO_BA7523EDB4,EONET_5359,2021-09-17T00:00:00Z,Point,-59.3,-72.03,112.0,NM^2
GEO_F016FCA892,EONET_5359,2021-10-15T00:00:00Z,Point,-59.61,-71.14,112.0,NM^2
GEO_34A34561D4,EONET_5359,2021-11-12T00:00:00Z,Point,-59.88,-70.66,112.0,NM^2
GEO_768D864898,EONET_5359,2022-02-04T00:00:00Z,Point,-60.06,-69.93,112.0,NM^2
GEO_3DDE3164DD,EONET_5359,2022-03-25T00:00:00Z,Point,-59.89,-69.42,112.0,NM^2
GEO_6C3626C89E,EONET_5359,2022-05-13T00:00:00Z,Point,-60.03,-68.97,112.0,NM^2
GEO_F7538BC345,EONET_5359,2022-06-03T00:00:00Z,Point,-59.62,-68.41,112.0,NM^2
GEO_F8C31B72DD,EONET_5359,2022-07-08T00:00:00Z,Point,-59.56,-67.76,112.0,NM^2
GEO_327F34EA22,EONET_5359,2022-07-29T00:00:00Z,Point,-59.0,-67.18,112.0,NM^2
GEO_72FF1625F9,EONET_5359,2022-08-26T00:00:00Z,Point,-59.15,-66.72,112.0,NM^2
GEO_74859C42CA,EONET_5359,2022-11-04T00:00:00Z,Point,-59.83,-66.27,112.0,NM^2
GEO_98B8E61F6E,EONET_5359,2023-02-03T00:00:00Z,Point,-58.61,-66.41,112.0,NM^2
GEO_578B4710B5,EONET_5359,2023-04-14T00:00:00Z,Point,-59.75,-66.08,112.0,NM^2
GEO_1395A2766F,EONET_5359,2023-05-12T00:00:00Z,Point,-60.2,-65.64,112.0,NM^2
GEO_3BD3ED58A9,EONET_5359,2023-11-24T00:00:00Z,Point,-58.92,-65.38,112.0,NM^2
GEO_C765A389DE,EONET_5359,2023-12-08T00:00:00Z,Point,-57.76,-65.18,112.0,NM^2
GEO_C0271FCD13,EONET_5359,2024-01-11T00:00:00Z,Point,-56.67,-65.1,112.0,NM^2
GEO_70EC12E6DB,EONET_5359,2024-12-13T00:00:00Z,Point,-56.07,-64.1,112.0,NM^2
GEO_9FBAF16C8F,EONET_5359,2024-12-26T00:00:00Z,Point,-55.23,-64.42,112.0,NM^2
GEO_5798C75E66,EONET_5359,2025-01-10T00:00:00Z,Point,-54.02,-63.88,112.0,NM^2
GEO_63932EF0FF,EONET_5359,2025-01-23T00:00:00Z,Point,-52.84,-63.79,112.0,NM^2
GEO_6DECEEA07E,EONET_5359,2025-02-21T00:00:00Z,Point,-51.88,-63.45,112.0,NM^2
GEO_D52346FB19,EONET_5359,2025-03-06T00:00:00Z,Point,-52.19,-62.97,112.0,NM^2
GEO_3F226356C4,EONET_5359,2025-03-21T00:00:00Z,Point,-53.29,-62.3,112.0,NM^2
GEO_56BD015E61,EONET_5359,2025-04-04T00:00:00Z,Point,-52.11,-61.86,112.0,NM^2
GEO_324469DE33,EONET_5359,2025-04-11T00:00:00Z,Point,-50.95,-61.48,112.0,NM^2
GEO_458F04B128,EONET_5359,2025-04-18T00:00:00Z,Point,-49.8,-61.09,112.0,NM^2
GEO_362E8B6EE0,EONET_5359,2025-05-09T00:00:00Z,Point,-48.45,-60.99,112.0,NM^2
GEO_DA406EE061,EONET_5359,2025-06-12T00:00:00Z,Point,-49.0,-60.59,112.0,NM^2
GEO_4FFFFAE910,EONET_5359,2025-07-31T00:00:00Z,Point,-47.81,-60.05,112.0,NM^2
GEO_4E456ACC72,EONET_5359,2025-09-26T00:00:00Z,Point,-44.61,-60.08,112.0,NM^2
GEO_4BA9A9093C,EONET_5359,2025-10-16T00:00:00Z,Point,-43.29,-60.17,112.0,NM^2
GEO_BA1B820578,EONET_5359,2025-10-31T00:00:00Z,Point,-42.33,-60.45,112.0,NM^2
GEO_5F7471E197,EONET_5359,2025-11-07T00:00:00Z,Point,-40.58,-60.59,112.0,NM^2
GEO_58A17CD9FA,EONET_5359,2025-11-14T00:00:00Z,Point,-38.87,-60.37,112.0,NM^2
GEO_D75E645DD2,EONET_5359,2025-11-21T00:00:00Z,Point,-38.56,-59.78,112.0,NM^2
GEO_D0BFAD2CB1,EONET_5359,2025-12-05T00:00:00Z,Point,-38.71,-59.12,112.0,NM^2
GEO_F1BEFE2906,EONET_5359,2025-12-12T00:00:00Z,Point,-37.46,-59.43,112.0,NM^2
GEO_A4DF726BF9,EONET_5359,2026-01-02T00:00:00Z,Point,-37.33,-60.2,112.0,NM^2
GEO_1F2A76A1E5,EONET_5359,2026-01-16T00:00:00Z,Point,-38.05,-60.53,112.0,NM^2
GEO_0FE47E36C6,EONET_5359,2026-01-30T00:00:00Z,Point,-38.1,-59.79,112.0,NM^2
GEO_B8462AD3D3,EONET_5359,2026-03-06T00:00:00Z,Point,-37.2,-59.26,112.0,NM^2
GEO_EB12E0E767,EONET_5359,2026-03-20T00:00:00Z,Point,-36.32,-59.0,112.0,NM^2
GEO_602400DAA4,EONET_5359,2026-04-10T00:00:00Z,Point,-36.33,-59.5,112.0,NM^2
GEO_FDB3324B5B,EONET_5359,2026-04-24T00:00:00Z,Point,-36.19,-58.65,112.0,NM^2
GEO_6B3F31809F,EONET_5359,2026-05-08T00:00:00Z,Point,-36.61,-57.99,112.0,NM^2
GEO_7FACA6FDE8,EONET_5359,2026-05-15T00:00:00Z,Point,-34.17,-58.57,112.0,NM^2
GEO_0CE493D6B4,EONET_5359,2026-05-21T00:00:00Z,Point,-34.19,-57.65,112.0,NM^2
GEO_C87094736F,EONET_5359,2026-05-29T00:00:00Z,Point,-32.5,-56.27,112.0,NM^2
GEO_B93018EB2B,EONET_5359,2026-06-05T00:00:00Z,Point,-32.58,-55.63,112.0,NM^2
GEO_052BE32808,EONET_5359,2026-06-12T00:00:00Z,Point,-32.6,-54.25,112.0,NM^2
GEO_584460F6BC,EONET_5202,2021-01-07T00:00:00Z,Point,110.446,-7.54,,
GEO_8F036CD354,EONET_4624,2020-03-18T00:00:00Z,Point,-91.552,14.757,,
GEO_CBF2653F94,EONET_4561,2020-01-18T00:00:00Z,Point,112.922,-8.108,,
GEO_DE61C72DAA,EONET_4269,2019-07-10T00:00:00Z,Point,-77.65,-0.07,,
GEO_E883C94BCC,EONET_4156,2019-03-26T09:19:10Z,Point,-78.341,-2.005,,
GEO_5B595D662D,EONET_4133,2019-03-13T00:00:00Z,Point,113.9,-65.47,,
GEO_0DE7087451,EONET_4133,2020-07-03T00:00:00Z,Point,109.47,-65.3,80.0,NM^2
GEO_A1DA51F624,EONET_4133,2020-07-10T00:00:00Z,Point,108.25,-64.93,80.0,NM^2
GEO_DBF796DB5F,EONET_4133,2020-07-17T00:00:00Z,Point,105.93,-64.95,80.0,NM^2
GEO_2BC1AE61D6,EONET_4133,2020-07-31T00:00:00Z,Point,102.16,-64.65,80.0,NM^2
GEO_EFE4AE883C,EONET_4133,2020-08-14T00:00:00Z,Point,100.94,-64.95,80.0,NM^2
GEO_EB3EBAB585,EONET_4133,2020-12-04T00:00:00Z,Point,99.79,-64.74,80.0,NM^2
GEO_58A54D2BF7,EONET_4133,2021-02-19T00:00:00Z,Point,98.0,-64.33,76.0,NM^2
GEO_5FAA9EACB7,EONET_4133,2021-02-26T00:00:00Z,Point,96.02,-64.38,76.0,NM^2
GEO_8352A9A06A,EONET_4133,2021-03-05T00:00:00Z,Point,94.09,-64.77,76.0,NM^2
GEO_12F827811B,EONET_4133,2021-03-19T00:00:00Z,Point,94.61,-65.3,76.0,NM^2
GEO_26C0B23509,EONET_4133,2021-04-02T00:00:00Z,Point,93.5,-65.96,76.0,NM^2
GEO_922F5BE680,EONET_4133,2021-04-09T00:00:00Z,Point,90.98,-66.25,76.0,NM^2
GEO_6948D6D0D3,EONET_4133,2021-04-16T00:00:00Z,Point,89.54,-66.6,76.0,NM^2
GEO_273883393D,EONET_4133,2023-03-24T00:00:00Z,Point,88.26,-66.37,76.0,NM^2
GEO_0561B1043A,EONET_4133,2023-04-21T00:00:00Z,Point,85.85,-65.85,76.0,NM^2
GEO_700AFB914E,EONET_4133,2023-04-28T00:00:00Z,Point,84.3,-66.12,76.0,NM^2
GEO_C565946AA7,EONET_4133,2023-06-02T00:00:00Z,Point,82.7,-65.91,76.0,NM^2
GEO_D5FDF1157E,EONET_4133,2023-10-20T00:00:00Z,Point,81.64,-65.77,80.0,NM^2
GEO_5763DBAC3A,EONET_4133,2024-02-02T00:00:00Z,Point,80.29,-66.01,80.0,NM^2
GEO_55683587F8,EONET_4133,2024-03-01T00:00:00Z,Point,78.96,-66.48,80.0,NM^2
GEO_BEC7A072AB,EONET_4133,2024-03-15T00:00:00Z,Point,77.42,-66.88,80.0,NM^2
GEO_FE82348D52,EONET_4133,2024-03-22T00:00:00Z,Point,78.96,-66.48,80.0,NM^2
GEO_444AD9FCD7,EONET_4133,2024-03-29T00:00:00Z,Point,77.68,-67.23,80.0,NM^2
GEO_D2613FD075,EONET_4133,2025-06-27T00:00:00Z,Point,77.58,-68.28,80.0,NM^2
GEO_478175661C,EONET_4133,2025-07-04T00:00:00Z,Point,75.79,-68.61,80.0,NM^2
GEO_F396F70870,EONET_4133,2025-07-18T00:00:00Z,Point,74.04,-68.57,80.0,NM^2
GEO_32B0FD1AEC,EONET_4133,2025-07-24T00:00:00Z,Point,72.75,-68.04,80.0,NM^2
GEO_A5BA8E097C,EONET_4133,2025-07-31T00:00:00Z,Point,71.19,-68.03,80.0,NM^2
GEO_BB79FDC9A8,EONET_4133,2025-08-08T00:00:00Z,Point,70.92,-67.25,80.0,NM^2
GEO_0D9E2B0859,EONET_4133,2025-08-14T00:00:00Z,Point,69.06,-66.97,80.0,NM^2
GEO_3326B43A24,EONET_4133,2025-08-21T00:00:00Z,Point,67.66,-66.98,80.0,NM^2
GEO_3FD520FB4D,EONET_4133,2025-08-28T00:00:00Z,Point,65.4,-66.91,80.0,NM^2
GEO_B4A62A83D5,EONET_4133,2025-11-07T00:00:00Z,Point,62.79,-66.57,40.0,NM^2
GEO_0FF9159232,EONET_4133,2025-11-14T00:00:00Z,Point,61.17,-66.49,40.0,NM^2
GEO_5357C7C81E,EONET_4133,2025-11-21T00:00:00Z,Point,59.84,-66.53,40.0,NM^2
GEO_7FDD2E9769,EONET_4133,2025-11-28T00:00:00Z,Point,57.65,-66.02,40.0,NM^2
GEO_0053DA2515,EONET_4133,2025-12-05T00:00:00Z,Point,56.52,-65.76,40.0,NM^2
GEO_97D4F95749,EONET_4133,2025-12-18T00:00:00Z,Point,54.33,-65.64,40.0,NM^2
GEO_931407B646,EONET_4133,2026-02-13T00:00:00Z,Point,52.96,-65.51,40.0,NM^2
GEO_7F01B6871F,EONET_4133,2026-02-26T00:00:00Z,Point,50.29,-66.11,40.0,NM^2
GEO_C707798081,EONET_4133,2026-03-13T00:00:00Z,Point,48.31,-66.38,40.0,NM^2
GEO_6EE50F2D3F,EONET_4133,2026-03-20T00:00:00Z,Point,47.55,-66.77,40.0,NM^2
GEO_4B16399141,EONET_4134,2019-03-13T00:00:00Z,Point,96.02,-64.84,,
GEO_AFDD8E3267,EONET_4136,2019-03-13T00:00:00Z,Point,96.3,-64.78,,
GEO_28298143AD,EONET_4137,2019-03-13T00:00:00Z,Point,96.52,-64.69,,
GEO_95328D8B8C,EONET_4143,2019-03-13T00:00:00Z,Point,74.65,-69.43,,
GEO_EF01D7C1B3,EONET_4122,2019-03-12T00:00:00Z,Point,41.71,-67.97,,
GEO_CF8AC1FD89,EONET_4089,2019-02-11T00:00:00Z,Point,147.83,-68.13,,
GEO_9FACAE60F8,EONET_4089,2026-03-13T00:00:00Z,Point,147.04,-67.76,368.0,NM^2
GEO_0519BBCD72,EONET_2871,2016-02-01T00:00:00Z,Point,81.633,-67.0,,
GEO_C65D23F063,EONET_2871,2017-12-01T00:00:00Z,Point,81.76,-67.08,,
GEO_2DA8A37938,EONET_2870,2016-01-31T00:00:00Z,Point,81.9167,-66.7,,
GEO_82FE46DD5F,EONET_2736,2011-08-30T00:00:00Z,Point,-108.5265,-74.2006,,
GEO_64F28F5893,EONET_2736,2022-02-18T00:00:00Z,Point,-109.44,-73.82,912.0,NM^2
GEO_1FE165953A,EONET_2736,2023-01-27T00:00:00Z,Point,-108.78,-73.39,912.0,NM^2
GEO_66C39BFD17,EONET_2736,2023-02-17T00:00:00Z,Point,-108.24,-72.76,912.0,NM^2
GEO_A9CED50849,EONET_2736,2023-03-10T00:00:00Z,Point,-108.85,-72.33,912.0,NM^2
GEO_01D23CD87D,EONET_2736,2023-04-21T00:00:00Z,Point,-111.09,-72.2,912.0,NM^2
GEO_1D5A51A18E,EONET_2736,2023-05-19T00:00:00Z,Point,-113.27,-72.1,912.0,NM^2
GEO_B65D60855D,EONET_2736,2023-06-30T00:00:00Z,Point,-115.09,-72.02,1056.0,NM^2
GEO_FD50753C34,EONET_2736,2023-07-28T00:00:00Z,Point,-113.47,-72.13,912.0,NM^2
GEO_271CE7D8B5,EONET_2736,2023-08-18T00:00:00Z,Point,-112.4,-71.72,1056.0,NM^2
GEO_C63216F442,EONET_2736,2023-12-08T00:00:00Z,Point,-114.38,-71.47,1056.0,NM^2
GEO_E7F1BADB14,EONET_2736,2024-01-04T00:00:00Z,Point,-116.41,-71.5,1056.0,NM^2
GEO_AC7C7C4DEE,EONET_2736,2024-02-16T00:00:00Z,Point,-117.78,-71.81,1056.0,NM^2
GEO_5ED9A368FE,EONET_2736,2024-03-29T00:00:00Z,Point,-119.18,-72.15,1056.0,NM^2
GEO_DDE5D3E1FD,EONET_2736,2024-12-13T00:00:00Z,Point,-143.26,-74.32,858.0,NM^2
GEO_A7CA6AE7A7,EONET_2736,2024-12-20T00:00:00Z,Point,-145.28,-74.54,858.0,NM^2
GEO_EB73F62D7C,EONET_2736,2025-01-02T00:00:00Z,Point,-147.2,-74.93,858.0,NM^2
GEO_D78A2B3A3E,EONET_2736,2025-01-23T00:00:00Z,Point,-149.39,-75.29,858.0,NM^2
GEO_022B9FF9BA,EONET_2736,2025-01-31T00:00:00Z,Point,-151.53,-75.62,858.0,NM^2
GEO_92897E3696,EONET_2736,2025-02-14T00:00:00Z,Point,-153.91,-75.86,858.0,NM^2
GEO_E85ACF70FA,EONET_2736,2025-03-06T00:00:00Z,Point,-155.77,-76.31,858.0,NM^2
GEO_9F1FEF3EB4,EONET_2736,2025-03-27T00:00:00Z,Point,-158.09,-76.29,858.0,NM^2
GEO_F3D756B4A8,EONET_2736,2025-04-11T00:00:00Z,Point,-160.03,-76.16,858.0,NM^2
GEO_848B8FE540,EONET_2736,2025-05-09T00:00:00Z,Point,-161.95,-75.8,858.0,NM^2
GEO_6756E3178C,EONET_2736,2025-05-22T00:00:00Z,Point,-162.46,-75.3,858.0,NM^2
GEO_412A973E33,EONET_2736,2025-06-05T00:00:00Z,Point,-165.18,-75.08,858.0,NM^2
GEO_3E4B42F870,EONET_2736,2025-06-20T00:00:00Z,Point,-167.15,-74.62,858.0,NM^2
GEO_2747B85D0E,EONET_2736,2025-07-04T00:00:00Z,Point,-168.96,-74.24,858.0,NM^2
GEO_7605E988E7,EONET_2736,2025-07-31T00:00:00Z,Point,-169.91,-73.66,725.0,NM^2
GEO_43907263E3,EONET_2736,2025-08-21T00:00:00Z,Point,-170.36,-72.85,725.0,NM^2
GEO_B11E6A62D5,EONET_2736,2025-09-04T00:00:00Z,Point,-171.01,-72.31,725.0,NM^2
GEO_C41ED9975D,EONET_2736,2025-09-11T00:00:00Z,Point,-172.53,-72.15,725.0,NM^2
GEO_E75945719E,EONET_2736,2025-09-26T00:00:00Z,Point,-173.47,-71.69,725.0,NM^2
GEO_3DA94C1169,EONET_2736,2025-10-09T00:00:00Z,Point,-174.64,-71.1,725.0,NM^2
GEO_E8FDD5CCE5,EONET_2736,2025-10-16T00:00:00Z,Point,-175.65,-70.78,725.0,NM^2
GEO_51AAF26B4D,EONET_2736,2025-10-31T00:00:00Z,Point,-177.22,-70.62,725.0,NM^2
GEO_94D83ADCB0,EONET_2736,2025-11-28T00:00:00Z,Point,-178.57,-70.25,725.0,NM^2
GEO_B4A76E67D1,EONET_2736,2026-03-26T00:00:00Z,Point,-178.6,-70.7,725.0,NM^2
GEO_C078459384,EONET_2736,2026-05-08T00:00:00Z,Point,-179.72,-70.31,725.0,NM^2
GEO_1E89E37A28,EONET_2736,2026-05-15T00:00:00Z,Point,178.75,-70.08,725.0,NM^2
GEO_AF230ACE2B,EONET_2736,2026-05-29T00:00:00Z,Point,177.27,-69.7,725.0,NM^2
GEO_4C54797B9B,EONET_2736,2026-06-12T00:00:00Z,Point,175.86,-69.97,725.0,NM^2
GEO_972AA515BB,EONET_2736,2026-06-18T00:00:00Z,Point,174.59,-69.77,725.0,NM^2
GEO_1668D0A334,EONET_2876,2011-08-30T00:00:00Z,Point,146.7084,-67.6323,,
GEO_DD07326D66,EONET_2876,2012-09-30T00:00:00Z,Point,146.3216,-67.1938,,
GEO_71BBD75BA0,EONET_2876,2015-01-08T00:00:00Z,Point,145.4999,-66.8472,,
GEO_84AC954EF2,EONET_2876,2015-02-06T00:00:00Z,Point,144.2684,-66.6613,,
GEO_DE8952215D,EONET_2876,2015-02-18T00:00:00Z,Point,143.1912,-66.5038,,
GEO_101558898F,EONET_2876,2017-12-01T00:00:00Z,Point,143.36,-66.25,,
GEO_0861F15D79,EONET_2878,2011-08-30T00:00:00Z,Point,143.3638,-66.366,,
GEO_3CD9ACC539,EONET_2878,2013-04-08T00:00:00Z,Point,142.6649,-66.7354,,
GEO_3C390DBF1F,EONET_2878,2018-01-12T00:00:00Z,Point,143.39,-66.37,,
GEO_D0B7DA8FB8,EONET_2997,2011-08-30T00:00:00Z,Point,96.18,-64.9955,,
GEO_CB3C18D874,EONET_980,2002-01-04T00:00:00Z,Point,-90.88,14.473,,
