event_id,source_id,source_title
EONET_20822,NATICE,https://usicecenter.gov/pub/Iceberg_Tabular.csv
EONET_20671,JTWC,https://www.metoc.navy.mil/jtwc/products/wp0826.tcw
EONET_20606,JTWC,https://www.metoc.navy.mil/jtwc/products/wp0726.tcw
EONET_20558,IRWIN,https://irwin.doi.gov/observer/incidents/5c3a9dc4-43ad-4b51-9110-554a2267d827
EONET_20565,IRWIN,https://irwin.doi.gov/observer/incidents/8d86b276-309e-484d-844e-2f2f6419be72
EONET_20560,IRWIN,https://irwin.doi.gov/observer/incidents/860ef78f-f819-411e-b109-ce167510fc50
EONET_20562,IRWIN,https://irwin.doi.gov/observer/incidents/b109ff45-8c62-4301-aef9-77acc3736ac4
EONET_20559,IRWIN,https://irwin.doi.gov/observer/incidents/7c9d552d-eb84-4cb3-8976-5873efb213a5
EONET_20561,IRWIN,https://irwin.doi.gov/observer/incidents/10c567ab-d92d-40ca-a142-d6a6f36c7865
EONET_20567,IRWIN,https://irwin.doi.gov/observer/incidents/68b107c6-f3de-4663-b19f-5e5de9243ace
EONET_20569,IRWIN,https://irwin.doi.gov/observer/incidents/d2a2e720-cb4f-4f98-a6c6-3417fa0ad791
EONET_20570,IRWIN,https://irwin.doi.gov/observer/incidents/2a3db5ce-77d5-4236-9b66-4e227dd2a974
EONET_20564,IRWIN,https://irwin.doi.gov/observer/incidents/03f662a5-8682-4222-802b-db472aa03c6a
EONET_20566,IRWIN,https://irwin.doi.gov/observer/incidents/132c618c-7786-4fbc-852a-23493bf028f9
EONET_20710,SIVolcano,https://volcano.si.edu/volcano.cfm?vn=357070
EONET_20520,IRWIN,https://irwin.doi.gov/observer/incidents/4938d3ea-e3f3-4275-bbdb-d6cd0251c8e2
EONET_20523,IRWIN,https://irwin.doi.gov/observer/incidents/c61d92b4-87be-470d-ae01-0835c4bbfa08
EONET_20516,IRWIN,https://irwin.doi.gov/observer/incidents/508c8cf0-37e0-4de8-8135-3ecd306c7386
EONET_20513,IRWIN,https://irwin.doi.gov/observer/incidents/6e1a283f-4803-4eb5-8b92-ad3f2431cc30
EONET_20571,IRWIN,https://irwin.doi.gov/observer/incidents/40432b79-397f-4c30-8667-2dce4a76a6fe
EONET_20517,IRWIN,https://irwin.doi.gov/observer/incidents/2bf2fcd4-a94b-4bc9-a0c2-32da863eeb9b
EONET_20519,IRWIN,https://irwin.doi.gov/observer/incidents/8a228972-3098-42ab-9d28-5e402cd514bf
EONET_20518,IRWIN,https://irwin.doi.gov/observer/incidents/6cdddfc2-32e2-4ed0-8e24-401809af71a3
EONET_20522,IRWIN,https://irwin.doi.gov/observer/incidents/2b964609-cd9a-49ca-9cfd-7f619752086e
EONET_20524,IRWIN,https://irwin.doi.gov/observer/incidents/c12a7126-d9c6-4bf7-be0f-2b05fe17d037
EONET_20446,IRWIN,https://irwin.doi.gov/observer/incidents/f066e958-c756-47ce-bfc2-434cea024aec
EONET_20442,IRWIN,https://irwin.doi.gov/observer/incidents/979b5387-72fa-480b-bd4f-cde2c4fe9ed3
EONET_20521,IRWIN,https://irwin.doi.gov/observer/incidents/389ca949-636f-434b-b4be-25dd2d36fad6
EONET_20447,IRWIN,https://irwin.doi.gov/observer/incidents/512a4063-032a-45bb-8320-a330d8e02edf
EONET_20444,IRWIN,https://irwin.doi.gov/observer/incidents/e295504e-c30f-4258-a0f8-5ada4100b3cf
EONET_20443,IRWIN,https://irwin.doi.gov/observer/incidents/b6995205-eebc-4dae-ba37-4d10ca04a0dd
EONET_20387,IRWIN,https://irwin.doi.gov/observer/incidents/6f3a4603-8a05-428a-b65c-16b6e2d33ab3
EONET_20448,IRWIN,https://irwin.doi.gov/observer/incidents/4a32a7fc-9973-4e74-9a22-1319091ef683
EONET_20388,IRWIN,https://irwin.doi.gov/observer/incidents/7c1335d1-37d1-436f-9f42-05f089f964b5
EONET_20389,IRWIN,https://irwin.doi.gov/observer/incidents/61b0da7b-ab05-43d3-a817-7087246a7765
EONET_20385,IRWIN,https://irwin.doi.gov/observer/incidents/b8f6d725-b08f-43a6-a286-4fa1e4686926
EONET_20386,IRWIN,https://irwin.doi.gov/observer/incidents/c798dd94-3c60-41ad-912b-157b8e4f5d90
EONET_20391,IRWIN,https://irwin.doi.gov/observer/incidents/48e1a724-9dc5-44cf-918c-cf541b1cd180
EONET_20441,IRWIN,https://irwin.doi.gov/observer/incidents/a8745041-570a-46a2-a359-bb3eb960f82f
EONET_20287,IRWIN,https://irwin.doi.gov/observer/incidents/24e697c7-e671-47f2-9ec9-4c76a15af8be
EONET_20286,IRWIN,https://irwin.doi.gov/observer/incidents/d11f3073-cd5d-4c79-bd04-94b39d094049
EONET_20409,SIVolcano,https://volcano.si.edu/volcano.cfm?vn=344040
EONET_20392,SIVolcano,https://volcano.si.edu/volcano.cfm?vn=290111
EONET_20290,IRWIN,https://irwin.doi.gov/observer/incidents/2a7c3979-fc28-4d09-b15f-1cdc98be57e1
EONET_20395,EO,https://science.nasa.gov/earth/earth-observatory/new-eruption-in-the-bismarck-sea/
EONET_20395,SIVolcano,https://volcano.si.edu/volcano.cfm?vn=250030
EONET_20301,IRWIN,https://irwin.doi.gov/observer/incidents/083f5cbb-4d42-4371-acfc-c39bc4e2a545
EONET_20254,IRWIN,https://irwin.doi.gov/observer/incidents/ed35c822-3212-4d00-af01-d65afe675168
EONET_20252,IRWIN,https://irwin.doi.gov/observer/incidents/fda49146-327e-4651-835c-75b7f568a941
EONET_20257,IRWIN,https://irwin.doi.gov/observer/incidents/00055252-6610-421f-aa91-24bda42481bc
EONET_20250,IRWIN,https://irwin.doi.gov/observer/incidents/6b1c6eb1-30f7-4613-9c58-4801dc8fd822
EONET_20258,IRWIN,https://irwin.doi.gov/observer/incidents/80bc9926-a857-4a29-beaa-1fac54720463
EONET_20259,IRWIN,https://irwin.doi.gov/observer/incidents/29b8daf8-f1fc-462d-9b1f-dfe897a65f69
EONET_20253,IRWIN,https://irwin.doi.gov/observer/incidents/63870bd1-8655-43b9-b5e7-9566f1fbec82
EONET_20263,IRWIN,https://irwin.doi.gov/observer/incidents/886edffc-e672-45db-aee1-631d4326f3e5
EONET_20249,IRWIN,https://irwin.doi.gov/observer/incidents/09e8c44f-679e-4e3a-9c34-334266a0595c
EONET_20260,IRWIN,https://irwin.doi.gov/observer/incidents/79662f7e-8c61-42ed-83ef-137d631e54c9
EONET_20262,IRWIN,https://irwin.doi.gov/observer/incidents/5dea170e-b7ea-40a2-a21f-4c4ebe0e28b6
EONET_20256,IRWIN,https://irwin.doi.gov/observer/incidents/626355b6-3088-4310-aa72-ec6546672e34
EONET_20264,IRWIN,https://irwin.doi.gov/observer/incidents/660f8e64-f1eb-41ab-aa04-7e11f89fdc6c
EONET_20261,IRWIN,https://irwin.doi.gov/observer/incidents/e7cb92a2-60e4-4c15-bffd-9ae0a5523b56
EONET_20230,IRWIN,https://irwin.doi.gov/observer/incidents/0aa79001-67d5-4ffb-aa44-82feeb972f29
EONET_20229,IRWIN,https://irwin.doi.gov/observer/incidents/29128400-a817-4d78-a1a7-3a5bb5b597fd
EONET_20231,IRWIN,https://irwin.doi.gov/observer/incidents/7dafe704-220a-4c5e-a9e6-d883cb9a7c35
EONET_20236,IRWIN,https://irwin.doi.gov/observer/incidents/66bfa6ae-29e9-4cde-b0e0-27aa4ec8cee0
EONET_20232,IRWIN,https://irwin.doi.gov/observer/incidents/fe13eac3-abc4-49be-87bf-1cc7b095ec74
EONET_20238,IRWIN,https://irwin.doi.gov/observer/incidents/86678603-6464-406f-bd21-065bbb15a368
EONET_20234,IRWIN,https://irwin.doi.gov/observer/incidents/5fa51a06-a7d8-4926-84cb-c4a1f2bbb6a8
EONET_20233,IRWIN,https://irwin.doi.gov/observer/incidents/a7c6f956-f17f-4a90-9fe7-011addde290c
EONET_20289,IRWIN,https://irwin.doi.gov/observer/incidents/3c911c5e-4cb7-4ca1-9905-6acf4b529813
EONET_20241,IRWIN,https://irwin.doi.gov/observer/incidents/5eb5f2f6-8d24-41e3-a185-60f921e3fad4
EONET_20240,IRWIN,https://irwin.doi.gov/observer/incidents/44e802a8-6362-4483-911b-0e60f6a2824c
EONET_20242,IRWIN,https://irwin.doi.gov/observer/incidents/fa5d7760-1c86-47cc-a58b-469caf22ed53
EONET_20153,IRWIN,https://irwin.doi.gov/observer/incidents/9b17d10e-20c4-4177-9b18-236dfae9d57d
EONET_20157,IRWIN,https://irwin.doi.gov/observer/incidents/a4eb258a-f5d1-46c3-9560-8fbc8042d9c3
EONET_20159,IRWIN,https://irwin.doi.gov/observer/incidents/91c7775a-98f7-45b3-a8c1-3433796360ca
EONET_20239,IRWIN,https://irwin.doi.gov/observer/incidents/d271309e-154d-4b76-83e4-71e83869b4b6
EONET_20172,IRWIN,https://irwin.doi.gov/observer/incidents/971f49d7-75c2-43c7-9db0-05c7d006565c
EONET_20152,IRWIN,https://irwin.doi.gov/observer/incidents/fcccb1cd-f00f-484f-beeb-43874cb5fd86
EONET_20167,IRWIN,https://irwin.doi.gov/observer/incidents/474cb867-2af9-4bab-828f-a1ec34db0425
EONET_20151,IRWIN,https://irwin.doi.gov/observer/incidents/928cddcb-c14e-4b63-85f7-774058e51acb
EONET_20194,IRWIN,https://irwin.doi.gov/observer/incidents/b251045d-a6d9-416d-a1a8-c832ddf89cf5
EONET_20411,SIVolcano,https://volcano.si.edu/volcano.cfm?vn=282060
EONET_20163,IRWIN,https://irwin.doi.gov/observer/incidents/6122eacf-706c-45a8-91b4-4f9eccf25098
EONET_20161,IRWIN,https://irwin.doi.gov/observer/incidents/ec401d4a-7195-4dff-9b6e-c72f2e15594e
EONET_20183,IRWIN,https://irwin.doi.gov/observer/incidents/257458bd-c716-4ba4-b76b-5f0ae3cacf51
EONET_20165,IRWIN,https://irwin.doi.gov/observer/incidents/e27ccb2e-b913-4916-a414-3bfe748138c7
EONET_20197,IRWIN,https://irwin.doi.gov/observer/incidents/3188e40e-94b5-4173-b061-4f32aba3ea05
EONET_20410,SIVolcano,https://volcano.si.edu/volcano.cfm?vn=300250
EONET_20170,IRWIN,https://irwin.doi.gov/observer/incidents/071159fa-329d-469c-afa8-f24935ddfaa5
EONET_20169,IRWIN,https://irwin.doi.gov/observer/incidents/08840e8b-f884-4cd8-8a63-9fdac27ad726
EONET_20164,IRWIN,https://irwin.doi.gov/observer/incidents/21470b85-a0a9-4dc0-bfb4-6723802bff2e
EONET_20171,IRWIN,https://irwin.doi.gov/observer/incidents/7be00d9c-ee6d-4100-88fd-f6e95203f0c9
EONET_20150,IRWIN,https://irwin.doi.gov/observer/incidents/c0ca08f2-e210-4fdf-a312-420a581ece3a
EONET_20178,IRWIN,https://irwin.doi.gov/observer/incidents/9910c36a-8258-4892-836e-30f7c76aea9d
EONET_20220,NATICE,https://usicecenter.gov/pub/Iceberg_Tabular.csv
EONET_20221,NATICE,https://usicecenter.gov/pub/Iceberg_Tabular.csv
EONET_20187,IRWIN,https://irwin.doi.gov/observer/incidents/bc32a0d5-e4e8-4553-b174-837c26c6e1ff
EONET_20166,IRWIN,https://irwin.doi.gov/observer/incidents/96284682-5c28-4886-b9ea-d5db03e2a243
EONET_20155,IRWIN,https://irwin.doi.gov/observer/incidents/c2dcb1c7-e144-4031-9c3b-0d9d3438ab58
EONET_20186,IRWIN,https://irwin.doi.gov/observer/incidents/df424a1d-f6d6-4095-8786-dd329a7fb229
EONET_20098,IRWIN,https://irwin.doi.gov/observer/incidents/c283aec9-aab3-4720-addc-47bb6a433a32
EONET_20204,IRWIN,https://irwin.doi.gov/observer/incidents/a026bf75-f984-41cf-b2ea-7b9037ca667f
EONET_20206,IRWIN,https://irwin.doi.gov/observer/incidents/e91c33ef-bfa1-4a69-971e-3c8c4a4689e0
EONET_20156,IRWIN,https://irwin.doi.gov/observer/incidents/cee6fe44-48eb-42fa-b351-5f3d8dfe5a2f
EONET_20095,IRWIN,https://irwin.doi.gov/observer/incidents/67b9dde7-df9f-4ade-84b2-d397e8662e48
EONET_20189,IRWIN,https://irwin.doi.gov/observer/incidents/01aac875-e26e-49e4-9db0-80b5965a7b9f
EONET_20094,IRWIN,https://irwin.doi.gov/observer/incidents/5be7b8cc-2c09-4f31-bf3b-5f1d26d5adcd
EONET_20177,IRWIN,https://irwin.doi.gov/observer/incidents/1c840397-b333-46fc-9191-1cdbb82ce4f8
EONET_20096,IRWIN,https://irwin.doi.gov/observer/incidents/fd427073-88d5-4cfa-95a1-7be3d3e5e00f
EONET_20255,IRWIN,https://irwin.doi.gov/observer/incidents/17eaee3d-9c58-48b9-911b-f2c02fbd6683
EONET_20099,IRWIN,https://irwin.doi.gov/observer/incidents/0332cd8c-1d43-41e1-b8c4-3b0992de3e13
EONET_20205,IRWIN,https://irwin.doi.gov/observer/incidents/5dede778-5db5-49ef-a34b-eb557a98d845
EONET_20061,IRWIN,https://irwin.doi.gov/observer/incidents/9d3d3cda-00ae-4b33-b930-ad5d3e3655a2
EONET_20062,IRWIN,https://irwin.doi.gov/observer/incidents/b9437e3b-3fd9-40b6-81fc-4e75379d437e
EONET_20064,IRWIN,https://irwin.doi.gov/observer/incidents/1c9b2dc8-a084-4c5c-bb41-7bcf6dcb5ca6
EONET_20101,IRWIN,https://irwin.doi.gov/observer/incidents/6474f1cf-405c-4433-a8c7-b9d03f2e8d0a
EONET_20063,IRWIN,https://irwin.doi.gov/observer/incidents/f5e7f8f0-35f3-4f65-b2df-1ca92a70ffb7
EONET_20066,IRWIN,https://irwin.doi.gov/observer/incidents/5a2ac593-0c74-40d1-bade-d6c08afc935b
EONET_20069,IRWIN,https://irwin.doi.gov/observer/incidents/6b54ea91-4f1c-40d2-ab89-11f826491e96
EONET_20237,IRWIN,https://irwin.doi.gov/observer/incidents/f5aa687e-315b-43bf-bffe-93a1c411eb56
EONET_20413,SIVolcano,https://volcano.si.edu/volcano.cfm?vn=252010
EONET_20002,IRWIN,https://irwin.doi.gov/observer/incidents/5985829d-31de-4a80-a836-25907b851057
EONET_20065,IRWIN,https://irwin.doi.gov/observer/incidents/64eabb0f-3ea8-47f3-bc7f-19750df7e579
EONET_20009,IRWIN,https://irwin.doi.gov/observer/incidents/fd9b23b1-c272-4ceb-bcd6-0a8c164fc494
EONET_20003,IRWIN,https://irwin.doi.gov/observer/incidents/097653ff-b190-4eb3-971e-7b71d921f7d1
EONET_20004,IRWIN,https://irwin.doi.gov/observer/incidents/1dc93c75-a78a-434d-aaff-a7390edcd658
EONET_20012,IRWIN,https://irwin.doi.gov/observer/incidents/64a978d8-3745-49c0-8f56-d03f0f761cfa
EONET_19972,IRWIN,https://irwin.doi.gov/observer/incidents/88fea450-6e74-4ef9-9f56-6c704dc8c0e4
EONET_19970,IRWIN,https://irwin.doi.gov/observer/incidents/173682c4-e3ba-4a88-ba04-f45d399bbf0f
EONET_20248,IRWIN,https://irwin.doi.gov/observer/incidents/804c72d5-7d4f-46a5-b78e-bf0415d4f256
EONET_19973,IRWIN,https://irwin.doi.gov/observer/incidents/02fcb0b7-d653-47f7-8e76-364b1912d022
EONET_19971,IRWIN,https://irwin.doi.gov/observer/incidents/653e5c17-7b51-41fe-9039-732fd66fa38a
EONET_19974,IRWIN,https://irwin.doi.gov/observer/incidents/6e4f42df-6466-47b0-bcb6-9b37a461256a
EONET_20184,IRWIN,https://irwin.doi.gov/observer/incidents/6b6da824-4d18-4dc5-8b09-a8f981ef5b7a
EONET_19977,IRWIN,https://irwin.doi.gov/observer/incidents/d2cb5d0c-bb83-4ca3-9629-cb8c70661ea6
EONET_20008,IRWIN,https://irwin.doi.gov/observer/incidents/e11d1e14-5865-4b40-ab1c-08dc85edaed1
EONET_20013,IRWIN,https://irwin.doi.gov/observer/incidents/385f4abe-aaea-4bbc-9771-0727e0bf1ba9
EONET_19934,IRWIN,https://irwin.doi.gov/observer/incidents/7c8c6e08-d4be-4ca4-ad5b-1f23ec6373b3
EONET_19978,IRWIN,https://irwin.doi.gov/observer/incidents/5d105883-26fe-4f9d-84ef-2ba39798bfe7
EONET_19941,IRWIN,https://irwin.doi.gov/observer/incidents/b7ddf397-5498-4cc6-a149-4025df6250dd
EONET_20265,IRWIN,https://irwin.doi.gov/observer/incidents/c6673dba-73bc-43fb-bb73-29c2c833b4a1
EONET_19976,IRWIN,https://irwin.doi.gov/observer/incidents/bba3b43d-3d80-4352-8eab-82bee0264614
EONET_19942,IRWIN,https://irwin.doi.gov/observer/incidents/e1d74cce-a01c-495c-bc7c-88480c4babd2
EONET_19940,IRWIN,https://irwin.doi.gov/observer/incidents/92a5fa4c-e9ae-4372-9e1b-2f7732b1c785
EONET_19939,IRWIN,https://irwin.doi.gov/observer/incidents/91d433f7-b2e5-41db-9e27-f15733e84abe
EONET_19937,IRWIN,https://irwin.doi.gov/observer/incidents/23403af4-c827-4f95-a8e5-6d92ae5bbd4e
EONET_20103,SIVolcano,https://volcano.si.edu/volcano.cfm?vn=345020
EONET_20100,IRWIN,https://irwin.doi.gov/observer/incidents/138ea80b-7f5a-4865-bc8b-382d9900bc11
EONET_19913,IRWIN,https://irwin.doi.gov/observer/incidents/275d0bba-4a8f-49c1-abee-e1144049a864
EONET_19914,IRWIN,https://irwin.doi.gov/observer/incidents/fedb11e4-62fc-4b12-bd5d-76ef132016a1
EONET_20102,SIVolcano,https://volcano.si.edu/volcano.cfm?vn=344100
EONET_19916,IRWIN,https://irwin.doi.gov/observer/incidents/bc3b25e1-0812-447e-83f4-ba3098b7fc7d
EONET_20188,IRWIN,https://irwin.doi.gov/observer/incidents/772f6afd-5dc5-48db-8e5f-3661666d0fe5
EONET_20203,IRWIN,https://irwin.doi.gov/observer/incidents/29732cda-5206-4934-80de-c0ace5cf8bea
EONET_20068,IRWIN,https://irwin.doi.gov/observer/incidents/fdae5b58-1327-4455-a95b-71a4e9982672
EONET_20067,IRWIN,https://irwin.doi.gov/observer/incidents/8fc9e38c-d7e1-4637-8598-d00ef56e97ca
EONET_20010,IRWIN,https://irwin.doi.gov/observer/incidents/7383655c-450a-4c1a-aef7-4d6afd03d9bd
EONET_19910,IRWIN,https://irwin.doi.gov/observer/incidents/d4d324cc-6208-4ef4-a24c-1fcd8ff79664
EONET_19917,IRWIN,https://irwin.doi.gov/observer/incidents/77139d6f-95f2-491f-9f5b-e31b5bb6bfa0
EONET_19912,IRWIN,https://irwin.doi.gov/observer/incidents/1aaa512e-0a5e-4a95-953d-66456f117428
EONET_19919,IRWIN,https://irwin.doi.gov/observer/incidents/12cf24be-df1d-400a-b0aa-dc353d7fcf28
EONET_19840,IRWIN,https://irwin.doi.gov/observer/incidents/58be4c5c-51cd-4eed-b8c7-795a983a2f92
EONET_20011,IRWIN,https://irwin.doi.gov/observer/incidents/6f9ff006-40e3-4082-aaea-2beb215fe03f
EONET_19839,IRWIN,https://irwin.doi.gov/observer/incidents/174bf2a2-2640-4a6d-8ce9-617b06722f3a
EONET_19832,IRWIN,https://irwin.doi.gov/observer/incidents/20ef7ca5-f292-4380-a1b0-60de11bc0e27
EONET_19911,IRWIN,https://irwin.doi.gov/observer/incidents/13da4635-e1f7-4973-9ce5-d9d032108126
EONET_19843,IRWIN,https://irwin.doi.gov/observer/incidents/d7d9e922-c1c9-4b70-8115-91f454eba1f7
EONET_19844,IRWIN,https://irwin.doi.gov/observer/incidents/9d66108d-c1b4-4a28-90e4-da9ffec90b34
EONET_19841,IRWIN,https://irwin.doi.gov/observer/incidents/da2ba63f-024d-4596-aced-b434ad067b6f
EONET_19838,IRWIN,https://irwin.doi.gov/observer/incidents/27f08278-cfd2-4404-b308-dc1946dc2b7f
EONET_19834,IRWIN,https://irwin.doi.gov/observer/incidents/3ea9c9f6-9ab8-40c4-b8ac-a1401caa8e12
EONET_19845,IRWIN,https://irwin.doi.gov/observer/incidents/0fddd5f5-f3a9-41eb-a90b-d9cf0815dee0
EONET_19850,IRWIN,https://irwin.doi.gov/observer/incidents/db17dcdc-2a73-42e4-a678-dd4d3906b21e
EONET_19835,IRWIN,https://irwin.doi.gov/observer/incidents/948e45d6-5b16-43f8-97c7-2302196b2a7c
EONET_19854,IRWIN,https://irwin.doi.gov/observer/incidents/97322628-5aa3-4483-910d-4c25cd70f6f3
EONET_19836,IRWIN,https://irwin.doi.gov/observer/incidents/e661b58d-8606-4923-b174-9df22ce58d9b
EONET_19908,IRWIN,https://irwin.doi.gov/observer/incidents/36bd8a5a-bfce-4593-9cb5-93ded1504e67
EONET_19831,IRWIN,https://irwin.doi.gov/observer/incidents/1735c06d-a621-4f37-9cac-86e7aaea0c48
EONET_20005,IRWIN,https://irwin.doi.gov/observer/incidents/66fd590e-18c1-4b52-bf97-d1d18adc6fba
EONET_19846,IRWIN,https://irwin.doi.gov/observer/incidents/fb2f4268-3773-4647-a411-44d9d08f51d1
EONET_19852,IRWIN,https://irwin.doi.gov/observer/incidents/93f35056-75ee-4909-91d1-9298c5298579
EONET_19833,IRWIN,https://irwin.doi.gov/observer/incidents/8c865688-a4fe-42bc-846e-6a8680192bcf
EONET_19849,IRWIN,https://irwin.doi.gov/observer/incidents/62ac67f7-b80f-4703-be0f-30a7661d0592
EONET_19858,IRWIN,https://irwin.doi.gov/observer/incidents/ee2606ac-4ed9-4793-bad7-ee3cac39b3eb
EONET_19851,IRWIN,https://irwin.doi.gov/observer/incidents/8f42d6ce-fb6f-4dba-aae4-97094ba0260c
EONET_19853,IRWIN,https://irwin.doi.gov/observer/incidents/e8064bb6-fe21-4b02-978a-583b0e546215
EONET_19792,IRWIN,https://irwin.doi.gov/observer/incidents/f8e1919c-1492-4a3b-afb8-e14cbf8c95f6
EONET_19797,IRWIN,https://irwin.doi.gov/observer/incidents/796628ce-7fec-43ff-bc4d-b39b42a388e8
EONET_19799,IRWIN,https://irwin.doi.gov/observer/incidents/da3d02b0-fefa-4f84-9be7-dc52f5928140
EONET_19857,IRWIN,https://irwin.doi.gov/observer/incidents/bf3e192e-96cb-49f2-b8a4-3051cad25327
EONET_19856,IRWIN,https://irwin.doi.gov/observer/incidents/3ac5852e-ae82-429b-b2e7-7390dde2f853
EONET_19793,IRWIN,https://irwin.doi.gov/observer/incidents/c62c2af2-b5f3-4666-9516-6b9b1305c9f1
EONET_19801,IRWIN,https://irwin.doi.gov/observer/incidents/8811ee73-c19f-4031-ab1e-6f106a3e180e
EONET_19796,IRWIN,https://irwin.doi.gov/observer/incidents/69061ba5-2f46-4e08-b442-d7900fc38ed5
EONET_19837,IRWIN,https://irwin.doi.gov/observer/incidents/67737a34-0734-4379-adb5-2e4c65ec1042
EONET_19795,IRWIN,https://irwin.doi.gov/observer/incidents/51db8133-a4e3-463c-9e36-9df8ae408511
EONET_19805,IRWIN,https://irwin.doi.gov/observer/incidents/c155e8ca-4019-40ea-906a-5515292029dd
EONET_19806,IRWIN,https://irwin.doi.gov/observer/incidents/eccdff74-7a3e-4242-b01e-4fa2e626ed0a
EONET_19802,IRWIN,https://irwin.doi.gov/observer/incidents/267f6c93-74ca-41bc-b2fe-6bd5de4e6191
EONET_19800,IRWIN,https://irwin.doi.gov/observer/incidents/4e46b265-d0e9-4ecb-9ea0-aa18fa661be5
EONET_19807,IRWIN,https://irwin.doi.gov/observer/incidents/ce50c9fe-f65d-4b22-bbfb-48c0c1810b77
EONET_19804,IRWIN,https://irwin.doi.gov/observer/incidents/3ec32ca8-5fc8-48c8-abd8-f283369633c9
EONET_19714,IRWIN,https://irwin.doi.gov/observer/incidents/6d653984-f232-4db9-9793-b54e552b4b75
EONET_19717,IRWIN,https://irwin.doi.gov/observer/incidents/f76078cc-9ec3-4434-a0c2-b5f906bd9499
EONET_19715,IRWIN,https://irwin.doi.gov/observer/incidents/c86bf330-4361-4598-8d8f-11c6eb3efc83
EONET_19718,IRWIN,https://irwin.doi.gov/observer/incidents/c9a1b818-c5b5-4230-b2fc-2c3ef5b0e136
EONET_19725,IRWIN,https://irwin.doi.gov/observer/incidents/40d1e36e-e994-4742-98de-52881ba443a9
EONET_19724,IRWIN,https://irwin.doi.gov/observer/incidents/5a9d13ab-b9ba-4b0b-ac58-2a2a3e3ca0f4
EONET_19726,IRWIN,https://irwin.doi.gov/observer/incidents/56ccb5c4-1f58-4daa-b5b0-9f2b5c00e07f
EONET_19558,IRWIN,https://irwin.doi.gov/observer/incidents/c2664a2a-3464-4719-ba12-2ab8224829a4
EONET_19721,IRWIN,https://irwin.doi.gov/observer/incidents/1d6012c3-7f6b-42bc-8a4d-ee267a09668b
EONET_19719,IRWIN,https://irwin.doi.gov/observer/incidents/6e574609-161c-4cfc-a6cb-807dac01cc60
EONET_19935,IRWIN,https://irwin.doi.gov/observer/incidents/c9afc13e-7dab-4401-aee8-6d0c6504c5bf
EONET_19909,IRWIN,https://irwin.doi.gov/observer/incidents/0e6a7a06-16b3-4f52-85c3-fbb29451bedd
EONET_19560,IRWIN,https://irwin.doi.gov/observer/incidents/fc4eb198-f12d-406d-af81-c9ff84ca571d
EONET_19563,IRWIN,https://irwin.doi.gov/observer/incidents/43214931-eb9e-4fd1-9dcc-2ebc887a4fb7
EONET_19720,IRWIN,https://irwin.doi.gov/observer/incidents/b3436c7f-e9df-4bdc-b501-5db3d4b2cceb
EONET_19555,IRWIN,https://irwin.doi.gov/observer/incidents/66cfaace-3c03-4ce7-8df6-4fd6f7a5bb2c
EONET_19565,IRWIN,https://irwin.doi.gov/observer/incidents/e90b358d-2ae6-48b9-af2b-934aad5c9285
EONET_19566,IRWIN,https://irwin.doi.gov/observer/incidents/e86222f1-ac6d-4417-9377-1b4893ab454c
EONET_19557,IRWIN,https://irwin.doi.gov/observer/incidents/42f677e6-96e2-4ad1-b985-6e109ad92a39
EONET_19571,IRWIN,https://irwin.doi.gov/observer/incidents/2b425189-57e9-4271-a9ad-c0ae71714913
EONET_19561,IRWIN,https://irwin.doi.gov/observer/incidents/ecf97dc7-65a9-4a29-b498-46f02b6780d3
EONET_19564,IRWIN,https://irwin.doi.gov/observer/incidents/337be860-0fc1-41c5-b329-0b4c97191f19
EONET_19573,IRWIN,https://irwin.doi.gov/observer/incidents/aca7cd58-128a-4791-a973-ef65821b14c5
EONET_19569,IRWIN,https://irwin.doi.gov/observer/incidents/8d6e378d-f39b-4790-ae5f-4b50daf31531
EONET_19570,IRWIN,https://irwin.doi.gov/observer/incidents/4ca0b192-0e31-4b44-a79d-fe3aae320436
EONET_19568,IRWIN,https://irwin.doi.gov/observer/incidents/8398b153-a366-44b3-88e9-685c2ad67690
EONET_19583,IRWIN,https://irwin.doi.gov/observer/incidents/d3bcc163-7a99-4a8e-96df-0283c7f71f60
EONET_19577,IRWIN,https://irwin.doi.gov/observer/incidents/e9bd382c-71f9-4f49-8762-06d4b3dda438
EONET_19581,IRWIN,https://irwin.doi.gov/observer/incidents/9613ad67-1af8-4d5c-a4b2-03a44e8dbaa1
EONET_19584,IRWIN,https://irwin.doi.gov/observer/incidents/6c6c4646-a7e4-48ae-94e0-bc86dd38ea23
EONET_19405,IRWIN,https://irwin.doi.gov/observer/incidents/7ea528d0-7612-459c-8a32-ac987787da9a
EONET_19412,IRWIN,https://irwin.doi.gov/observer/incidents/14990f0f-f455-4852-8fd1-d86e37e57a0b
EONET_19414,IRWIN,https://irwin.doi.gov/observer/incidents/172267d2-ea93-4f50-bb9f-c32f064d3a12
EONET_19585,IRWIN,https://irwin.doi.gov/observer/incidents/1532f530-336a-4375-af21-ea4850f0a6ee
EONET_19855,IRWIN,https://irwin.doi.gov/observer/incidents/56d6d99f-f358-4c39-9a2a-64be7246ab2c
EONET_19579,IRWIN,https://irwin.doi.gov/observer/incidents/6bef811a-2ce8-4c87-89ad-13b46dbef370
EONET_19415,IRWIN,https://irwin.doi.gov/observer/incidents/0ff0c0a6-d452-4081-8834-564d4e44bbf7
EONET_19416,IRWIN,https://irwin.doi.gov/observer/incidents/b01f7587-5715-4b5d-b578-c48287013498
EONET_19586,IRWIN,https://irwin.doi.gov/observer/incidents/99af8ed9-31ea-4a1e-9e2d-6528624437c8
EONET_19406,IRWIN,https://irwin.doi.gov/observer/incidents/ba810a34-88ae-4274-b599-ab13bb8ba4c7
EONET_19418,IRWIN,https://irwin.doi.gov/observer/incidents/5a228b60-6d40-45f5-bc93-9dde330daf9b
EONET_19403,IRWIN,https://irwin.doi.gov/observer/incidents/97d273d3-5305-4a2a-845c-3de734f13ec3
EONET_19588,IRWIN,https://irwin.doi.gov/observer/incidents/17b6f9be-8b32-4bfe-9e90-430e8df453c4
EONET_19590,IRWIN,https://irwin.doi.gov/observer/incidents/0ecdcd96-9ee4-4c5f-8be3-423e285bece2
EONET_19580,IRWIN,https://irwin.doi.gov/observer/incidents/9c1e4216-b07a-495d-9c35-7dba1764a2b0
EONET_19404,IRWIN,https://irwin.doi.gov/observer/incidents/31354662-6701-4ed4-a9c8-a3a239e82416
EONET_19410,IRWIN,https://irwin.doi.gov/observer/incidents/dd9bfaf4-60f8-41a6-bef5-a34147b23602
EONET_19419,IRWIN,https://irwin.doi.gov/observer/incidents/12ce320d-486d-43a2-8ecb-0bbd3a0dcedb
EONET_19424,IRWIN,https://irwin.doi.gov/observer/incidents/41d168e5-d39d-40b7-ad92-0db544461c31
EONET_19420,IRWIN,https://irwin.doi.gov/observer/incidents/2b5fa2c5-8665-4986-8da6-103a1698e6ad
EONET_19438,IRWIN,https://irwin.doi.gov/observer/incidents/b39e4708-80c7-49c1-898e-f2dc10541e4e
EONET_19426,IRWIN,https://irwin.doi.gov/observer/incidents/cfedaff7-86b7-487e-936f-42a044c851c5
EONET_19427,IRWIN,https://irwin.doi.gov/observer/incidents/1923122d-e4e9-40d9-9c5c-eefa878a7e23
EONET_19429,IRWIN,https://irwin.doi.gov/observer/incidents/87343a73-6111-4f82-bb38-86d5760a5ae2
EONET_19938,IRWIN,https://irwin.doi.gov/observer/incidents/eafb05eb-f2e9-4d3c-91cd-61649263cde7
EONET_19434,IRWIN,https://irwin.doi.gov/observer/incidents/b7867c6d-52b0-4e7e-8b80-5a9299f0880f
EONET_19437,IRWIN,https://irwin.doi.gov/observer/incidents/6775e31c-801e-40c9-b98b-2a328754836c
EONET_19421,IRWIN,https://irwin.doi.gov/observer/incidents/16543acc-42c0-4303-9cf7-f3aacf55fbff
EONET_19436,IRWIN,https://irwin.doi.gov/observer/incidents/4af8f443-513e-4fb3-aca7-eeb39ed59900
EONET_19435,IRWIN,https://irwin.doi.gov/observer/incidents/c46d1d16-5cab-44d9-81b4-f3716b8daafb
EONET_19430,IRWIN,https://irwin.doi.gov/observer/incidents/03d938d6-0bb8-4197-b40f-4af298e6cdaf
EONET_19433,IRWIN,https://irwin.doi.gov/observer/incidents/08b6c294-2b04-42ea-a355-9506146eda6f
EONET_19423,IRWIN,https://irwin.doi.gov/observer/incidents/27bcc4f5-eb06-4593-af66-fd1e64a1b4f6
EONET_19431,IRWIN,https://irwin.doi.gov/observer/incidents/7dd99468-1d85-481e-b3c9-ebf99d6c715e
EONET_19428,IRWIN,https://irwin.doi.gov/observer/incidents/62101d41-e831-4915-9f4a-0bc3d6ab3465
EONET_19918,IRWIN,https://irwin.doi.gov/observer/incidents/c7633fee-2910-423d-8c63-5d396189d7ef
EONET_19409,IRWIN,https://irwin.doi.gov/observer/incidents/da9ab206-bceb-4037-b9d9-f05f686dd1eb
EONET_19422,IRWIN,https://irwin.doi.gov/observer/incidents/3ea0c9bb-e0a3-4105-86eb-30163ca74c03
EONET_19448,IRWIN,https://irwin.doi.gov/observer/incidents/4519dde8-2f6e-41c2-8eb2-ec4cf5814175
EONET_19449,IRWIN,https://irwin.doi.gov/observer/incidents/76b1d748-d5cb-451a-a3d3-61652296cfba
EONET_19450,IRWIN,https://irwin.doi.gov/observer/incidents/a192d49a-b8e1-4e6c-865e-cc7b5bcbaeee
EONET_19444,IRWIN,https://irwin.doi.gov/observer/incidents/6f0629b5-f0fb-4395-adb8-2304fa9e8422
EONET_19446,IRWIN,https://irwin.doi.gov/observer/incidents/6df7a689-7cd9-4f15-b213-4849030853ae
EONET_19447,IRWIN,https://irwin.doi.gov/observer/incidents/1d974c7a-4435-4f52-a80d-4dff80f013db
EONET_19458,IRWIN,https://irwin.doi.gov/observer/incidents/94a1dc46-c1d1-443b-a71f-9d092788f5f7
EONET_19443,IRWIN,https://irwin.doi.gov/observer/incidents/0b24cad2-f6df-4e5e-8b36-51094ea834c6
EONET_19452,IRWIN,https://irwin.doi.gov/observer/incidents/0bd6eb74-39ea-4497-b7e5-0943452dae8c
EONET_19445,IRWIN,https://irwin.doi.gov/observer/incidents/ba417a67-f02c-43b7-9c01-2e8b1f9de1d4
EONET_19455,IRWIN,https://irwin.doi.gov/observer/incidents/dc842ef3-2c80-41d0-9b0c-7f5eee6f04d5
EONET_19454,IRWIN,https://irwin.doi.gov/observer/incidents/e82ecb9d-e9e6-4aaf-9c9a-3ee087dabf86
EONET_19459,IRWIN,https://irwin.doi.gov/observer/incidents/4cc2d993-6349-48ac-abb4-35c08bccd962
EONET_19456,IRWIN,https://irwin.doi.gov/observer/incidents/5c12de24-b7ba-4215-bb30-62a8f111b552
EONET_19451,IRWIN,https://irwin.doi.gov/observer/incidents/92ef4394-5f49-42be-9817-c6c74038af02
EONET_19413,IRWIN,https://irwin.doi.gov/observer/incidents/320af3da-d8bd-41f8-baa6-d181295f951e
EONET_19460,IRWIN,https://irwin.doi.gov/observer/incidents/be8890d9-22b5-440a-bc08-93637d1ebfd2
EONET_19572,IRWIN,https://irwin.doi.gov/observer/incidents/cc4b6ff6-8a0c-49f4-aa59-ecf84453a099
EONET_19589,IRWIN,https://irwin.doi.gov/observer/incidents/9f5efc05-98ab-4fb3-b8b9-28987d2b4c4e
EONET_19453,IRWIN,https://irwin.doi.gov/observer/incidents/98a2c027-5b9f-42ee-b418-351e1571ed08
EONET_19408,IRWIN,https://irwin.doi.gov/observer/incidents/2d2bcde2-a09c-4e7f-8b7c-54ff456b3787
EONET_19407,IRWIN,https://irwin.doi.gov/observer/incidents/83574ba6-8088-40a5-bb16-0b087c162fa4
EONET_19462,IRWIN,https://irwin.doi.gov/observer/incidents/05f08150-8ca7-49c8-98ba-a82794bc12e9
EONET_19461,IRWIN,https://irwin.doi.gov/observer/incidents/0f001e11-3100-4d55-98c6-1eb6d0095c2a
EONET_19349,IRWIN,https://irwin.doi.gov/observer/incidents/ff17cff2-d2e0-4018-ba83-eb07bf8dfed4
EONET_19351,IRWIN,https://irwin.doi.gov/observer/incidents/3b24e574-716f-468a-b4bf-197115c6d1a6
EONET_19425,IRWIN,https://irwin.doi.gov/observer/incidents/5689ad11-5d8e-40b2-a8e1-c72a774fd1d7
EONET_19587,IRWIN,https://irwin.doi.gov/observer/incidents/fffde435-2227-4dc9-86a6-6dc83c36781b
EONET_19356,IRWIN,https://irwin.doi.gov/observer/incidents/67218c37-9708-4394-962c-8144da431ef6
EONET_19350,IRWIN,https://irwin.doi.gov/observer/incidents/02dda2d4-0297-4969-bdf6-e9972cd17e8f
EONET_19355,IRWIN,https://irwin.doi.gov/observer/incidents/19b4b6f0-8552-4158-a7c5-6a251ea97ad9
EONET_19357,IRWIN,https://irwin.doi.gov/observer/incidents/31943ee8-e277-4442-84b1-e356fe46021c
EONET_19848,IRWIN,https://irwin.doi.gov/observer/incidents/423af1c5-0ebe-4588-9ace-f22de2afcb26
EONET_19352,IRWIN,https://irwin.doi.gov/observer/incidents/4bb8e472-163c-4448-8dfc-c364d2708507
EONET_19203,IRWIN,https://irwin.doi.gov/observer/incidents/eabb9fb3-1d6f-4c28-bd48-f0046d869592
EONET_19204,IRWIN,https://irwin.doi.gov/observer/incidents/9c7899c5-36e0-4c21-8a50-b171e1c431a3
EONET_19847,IRWIN,https://irwin.doi.gov/observer/incidents/f7f9fd8a-0eb7-45ba-86fc-11dac9a3dce9
EONET_19208,IRWIN,https://irwin.doi.gov/observer/incidents/d8c5a10e-0de4-4795-93dc-b97ec766c59c
EONET_19842,IRWIN,https://irwin.doi.gov/observer/incidents/ef058bac-99ab-4ef4-ad5b-dce5bb9f446b
EONET_19229,IRWIN,https://irwin.doi.gov/observer/incidents/ffb9c705-43cf-4cda-b434-ad3686d67bd2
EONET_19232,IRWIN,https://irwin.doi.gov/observer/incidents/55c2f199-463d-47fc-bba6-f8ab2107bd27
EONET_19224,IRWIN,https://irwin.doi.gov/observer/incidents/97c6516f-cf52-4457-8f36-5fd2ed7f2a77
EONET_19225,IRWIN,https://irwin.doi.gov/observer/incidents/58292964-874d-49aa-9900-a36026bbfbab
EONET_19194,IRWIN,https://irwin.doi.gov/observer/incidents/1d6a6a30-6d99-4b3f-a965-327ee1170335
EONET_19803,IRWIN,https://irwin.doi.gov/observer/incidents/c079732c-cfda-4285-af2b-939c5cf91b2f
EONET_19239,IRWIN,https://irwin.doi.gov/observer/incidents/e8e6a8c1-f317-48bd-a4b6-79845724fea5
EONET_19237,IRWIN,https://irwin.doi.gov/observer/incidents/f2947198-024f-46e3-ab3a-31eae8a6feba
EONET_19233,IRWIN,https://irwin.doi.gov/observer/incidents/11760271-830c-4380-aa58-a9c33014d390
EONET_19234,IRWIN,https://irwin.doi.gov/observer/incidents/5a004288-8ebb-4da7-a6df-b713dd31edbf
EONET_19238,IRWIN,https://irwin.doi.gov/observer/incidents/8be53546-d519-4707-9556-d81d521e1de7
EONET_19212,IRWIN,https://irwin.doi.gov/observer/incidents/10a40bdc-ac3a-4b29-9b1e-cce993171507
EONET_19236,IRWIN,https://irwin.doi.gov/observer/incidents/1f651ec9-f3b2-435a-999b-3f0a22056914
EONET_19205,IRWIN,https://irwin.doi.gov/observer/incidents/a324de6a-f451-4567-84d1-24f0d400eea5
EONET_19207,IRWIN,https://irwin.doi.gov/observer/incidents/ccee7de1-a005-4a9f-956c-4d4719f1a169
EONET_19439,IRWIN,https://irwin.doi.gov/observer/incidents/24a32fb6-95b3-4ccc-a7f7-ffe0f52d4091
EONET_19235,IRWIN,https://irwin.doi.gov/observer/incidents/3ebea163-5252-4a97-9b8c-938eacb86fd6
EONET_19245,IRWIN,https://irwin.doi.gov/observer/incidents/b94bc6d6-f93c-4f8a-899c-ef80d272f2d8
EONET_19213,IRWIN,https://irwin.doi.gov/observer/incidents/f0c2dbf3-ddf8-4dad-98c2-c04e1b834549
EONET_19241,IRWIN,https://irwin.doi.gov/observer/incidents/169120c7-14fb-4f73-bd08-6beb5cb105ed
EONET_19247,IRWIN,https://irwin.doi.gov/observer/incidents/ccd101e4-5618-4189-ad94-94a3de631f1d
EONET_19246,IRWIN,https://irwin.doi.gov/observer/incidents/2a758ebe-62d5-4b29-9358-cfc355459dd5
EONET_19242,IRWIN,https://irwin.doi.gov/observer/incidents/3d7820bd-5c2c-4e4e-8e77-61d306e698cb
EONET_19249,IRWIN,https://irwin.doi.gov/observer/incidents/ee734c3d-0490-4d94-89c4-603997953ad6
EONET_19243,IRWIN,https://irwin.doi.gov/observer/incidents/7684d304-e218-43f8-9fad-bb320da069f9
EONET_19226,IRWIN,https://irwin.doi.gov/observer/incidents/2352b367-42be-4185-9f4c-f78327e71c87
EONET_19252,IRWIN,https://irwin.doi.gov/observer/incidents/d7fb3383-8957-4f65-ad2b-6a49057dae9e
EONET_18975,IRWIN,https://irwin.doi.gov/observer/incidents/71af63bd-2474-4459-9992-de83e1205af0
EONET_19240,IRWIN,https://irwin.doi.gov/observer/incidents/0c9f3cd5-26a1-4f41-bcc3-bb17c1936a3c
EONET_18971,IRWIN,https://irwin.doi.gov/observer/incidents/eeb94be8-6448-4694-90bb-c0ab3efd0299
EONET_18979,IRWIN,https://irwin.doi.gov/observer/incidents/9fa37875-9fc6-41d9-bbc1-0a1791ce603f
EONET_18984,IRWIN,https://irwin.doi.gov/observer/incidents/8eb206c6-b775-46c9-8c21-3d9f96051dc5
EONET_19250,IRWIN,https://irwin.doi.gov/observer/incidents/a68c69a3-3748-4ff8-a484-7d012f77618b
EONET_19716,IRWIN,https://irwin.doi.gov/observer/incidents/4f261887-aab5-4499-8286-096e7a68faed
EONET_18982,IRWIN,https://irwin.doi.gov/observer/incidents/983c6e5c-4983-4dc7-8c68-34efe9eeae11
EONET_18989,IRWIN,https://irwin.doi.gov/observer/incidents/2a069a3d-0256-4dea-a392-86e1a6f6cb03
EONET_18973,IRWIN,https://irwin.doi.gov/observer/incidents/804a9c2a-1e20-47ae-9d9d-6ac936357e38
EONET_18995,IRWIN,https://irwin.doi.gov/observer/incidents/b825bcbc-bca5-4704-8eb4-0a25617fde39
EONET_18987,IRWIN,https://irwin.doi.gov/observer/incidents/ce63fc84-6a10-407a-91d7-e358784f94d0
EONET_18988,IRWIN,https://irwin.doi.gov/observer/incidents/a6acd8ba-2835-4f1a-847c-c8fcbcab11c0
EONET_18994,IRWIN,https://irwin.doi.gov/observer/incidents/3b139bad-1b7e-408a-8da9-2660a0302167
EONET_19248,IRWIN,https://irwin.doi.gov/observer/incidents/4ee10ba2-b975-4f71-8b5d-42f151dbc477
EONET_18993,IRWIN,https://irwin.doi.gov/observer/incidents/f703d2fe-2bd3-427d-87c7-4c8c6048ab62
EONET_19195,IRWIN,https://irwin.doi.gov/observer/incidents/6431baa3-7773-4684-96ac-4673d113d6ae
EONET_18986,IRWIN,https://irwin.doi.gov/observer/incidents/6e33fe3c-2ccd-4988-8bb2-7196790055b9
EONET_18992,IRWIN,https://irwin.doi.gov/observer/incidents/0ffb03bd-ba9b-4160-9d3f-98680ac263c4
EONET_18990,IRWIN,https://irwin.doi.gov/observer/incidents/f67ae00a-5010-4d25-a4cf-64520a01a1c0
EONET_19214,IRWIN,https://irwin.doi.gov/observer/incidents/a6ce167e-503d-4160-81bd-bfb1654b6dcb
EONET_19006,IRWIN,https://irwin.doi.gov/observer/incidents/8331ced1-b536-49ee-b8ea-0d122737739f
EONET_19005,IRWIN,https://irwin.doi.gov/observer/incidents/7cb1d2e1-f12d-479e-bba3-fa1afeb48bd8
EONET_18996,IRWIN,https://irwin.doi.gov/observer/incidents/b224f7f4-791b-4fd3-a920-36df18ed86fd
EONET_18998,IRWIN,https://irwin.doi.gov/observer/incidents/13b21e81-bb7b-4ac4-b5cc-484feb72473b
EONET_19003,IRWIN,https://irwin.doi.gov/observer/incidents/dc65a44f-d305-4682-80b7-08df7334157f
EONET_18999,IRWIN,https://irwin.doi.gov/observer/incidents/ac8e7f8b-2566-494b-9ba3-a285bf945106
EONET_19002,IRWIN,https://irwin.doi.gov/observer/incidents/43e9a84d-897d-4699-b6cf-49941b868c9a
EONET_19244,IRWIN,https://irwin.doi.gov/observer/incidents/5fc42dd9-431f-413e-90bf-1f05e5ca1573
EONET_19576,IRWIN,https://irwin.doi.gov/observer/incidents/7b7fba43-e2c6-4653-b8b4-71daf806653a
EONET_18991,IRWIN,https://irwin.doi.gov/observer/incidents/89fc97e4-d806-4489-a78f-fcb49bd1e6c2
EONET_19007,IRWIN,https://irwin.doi.gov/observer/incidents/ddfaef03-997d-4a53-87df-b46931ccac8f
EONET_19227,IRWIN,https://irwin.doi.gov/observer/incidents/ba6c0d57-8c32-4188-9f67-dca5603e3a7b
EONET_19582,IRWIN,https://irwin.doi.gov/observer/incidents/b513e4be-fe4c-45bf-a1b7-4a7c04bac5b3
EONET_19457,IRWIN,https://irwin.doi.gov/observer/incidents/1a5f1d53-253d-4f48-8232-7382e19546da
EONET_19441,IRWIN,https://irwin.doi.gov/observer/incidents/02d7532e-2d7a-4a2f-abc8-2c75914198ba
EONET_19008,IRWIN,https://irwin.doi.gov/observer/incidents/1a6f547c-a03a-4afe-b69d-04304242d520
EONET_19012,IRWIN,https://irwin.doi.gov/observer/incidents/f717e707-303f-43ca-9134-ac4afd882fd2
EONET_18985,IRWIN,https://irwin.doi.gov/observer/incidents/99a923b4-4276-4159-9a71-c114578c56f3
EONET_19014,IRWIN,https://irwin.doi.gov/observer/incidents/57e87589-7cca-4bcd-a90d-159f30926bed
EONET_18981,IRWIN,https://irwin.doi.gov/observer/incidents/1b021a0e-da72-4037-a648-76e2ff17dab6
EONET_19011,IRWIN,https://irwin.doi.gov/observer/incidents/01a4e42b-49bd-49dd-b6ec-b95d68a52bbb
EONET_19010,IRWIN,https://irwin.doi.gov/observer/incidents/cd140a91-3671-41cc-86f2-5aab566e2fdf
EONET_19013,IRWIN,https://irwin.doi.gov/observer/incidents/49b9f645-8abe-4e8d-8517-11a92486e361
EONET_19004,IRWIN,https://irwin.doi.gov/observer/incidents/2522c42a-1a0b-48b5-a7ca-c6df5378503c
EONET_19215,IRWIN,https://irwin.doi.gov/observer/incidents/9f53e05d-9171-4392-a7ce-0a0cb0b0cac0
EONET_18750,IRWIN,https://irwin.doi.gov/observer/incidents/2d583508-119d-4828-844a-b1345db64218
EONET_18972,IRWIN,https://irwin.doi.gov/observer/incidents/0c4ce7fa-3345-4930-b8f3-2f9caddd2c67
EONET_18758,IRWIN,https://irwin.doi.gov/observer/incidents/f9fa6510-902b-4b01-9a83-65eff4979f75
EONET_18768,IRWIN,https://irwin.doi.gov/observer/incidents/fd2d44ae-130b-4ad0-b561-b836beb29ea3
EONET_18772,IRWIN,https://irwin.doi.gov/observer/incidents/b745dd4e-d302-4d00-8143-f081567e8ee9
EONET_19440,IRWIN,https://irwin.doi.gov/observer/incidents/c582fb33-fd56-4f77-8347-b20a6f871078
EONET_19723,IRWIN,https://irwin.doi.gov/observer/incidents/aa8812fd-3c95-4f6c-b28c-2edf0eeb0706
EONET_19009,IRWIN,https://irwin.doi.gov/observer/incidents/9ef8e00a-09bd-49ff-86b2-cf170d52e070
EONET_18780,IRWIN,https://irwin.doi.gov/observer/incidents/c02401ff-2987-45b1-b3b5-a90fc2178fe9
EONET_18781,IRWIN,https://irwin.doi.gov/observer/incidents/c0c743be-cc5d-4870-bc90-40fc8b97adfe
EONET_18763,IRWIN,https://irwin.doi.gov/observer/incidents/bfa096f2-67b0-4511-a7e6-c2fcb248bd8d
EONET_18786,IRWIN,https://irwin.doi.gov/observer/incidents/a75a31a2-22a6-45f2-8dde-468f796ca656
EONET_18760,IRWIN,https://irwin.doi.gov/observer/incidents/273e22b4-7ba6-4653-98aa-1dcc6c5e1cf8
EONET_18767,IRWIN,https://irwin.doi.gov/observer/incidents/4d6ff411-2816-4dd7-afed-afbd5833d24d
EONET_18757,IRWIN,https://irwin.doi.gov/observer/incidents/e5fecf50-3bd7-427b-b23e-db440d39625d
EONET_18779,IRWIN,https://irwin.doi.gov/observer/incidents/0ff7338c-189c-4823-abf2-c6de9c895d54
EONET_19727,IRWIN,https://irwin.doi.gov/observer/incidents/0e0d8c89-a148-4a5e-ab58-f9575809a2a8
EONET_18788,IRWIN,https://irwin.doi.gov/observer/incidents/2cb0aaa7-bde2-4a43-82f6-a192846b6070
EONET_18789,IRWIN,https://irwin.doi.gov/observer/incidents/d71f339a-f926-472c-a46b-20db6081e5e1
EONET_18790,IRWIN,https://irwin.doi.gov/observer/incidents/25ec8d09-ede3-42af-81ad-e25f0bc11d75
EONET_19196,IRWIN,https://irwin.doi.gov/observer/incidents/7d9f3bdd-4e48-4dd1-878a-07c24d57a909
EONET_19360,IRWIN,https://irwin.doi.gov/observer/incidents/1a3030e3-a60d-43a5-9fa9-94905c7a0e71
EONET_18769,IRWIN,https://irwin.doi.gov/observer/incidents/25fc271c-f8cd-46de-a2dd-99712b0080a9
EONET_18756,IRWIN,https://irwin.doi.gov/observer/incidents/4deea87f-b218-4b30-9ea6-d00301650c7d
EONET_19216,IRWIN,https://irwin.doi.gov/observer/incidents/12c85441-c8f1-4e38-a933-d1bac7ef4a41
EONET_18771,IRWIN,https://irwin.doi.gov/observer/incidents/01ea3195-d3fb-4090-92a4-d0a0ed8ac2d6
EONET_18751,IRWIN,https://irwin.doi.gov/observer/incidents/471f4471-5d65-477e-812a-190931d11d35
EONET_18752,IRWIN,https://irwin.doi.gov/observer/incidents/88bdfdaf-c798-406d-a17f-c804c208e8c6
EONET_19217,IRWIN,https://irwin.doi.gov/observer/incidents/e9314a60-f52f-457a-a08b-fff0b353b5a8
EONET_18785,IRWIN,https://irwin.doi.gov/observer/incidents/8c0b5f0c-c598-4037-8161-30684ea8732b
EONET_18797,IRWIN,https://irwin.doi.gov/observer/incidents/88849798-0445-4702-adee-fefb3342c183
EONET_18787,IRWIN,https://irwin.doi.gov/observer/incidents/cfb63978-5841-4db9-965a-8236d368e254
EONET_18791,IRWIN,https://irwin.doi.gov/observer/incidents/544e4112-b6f2-4e92-b9de-37d8b9202461
EONET_18798,IRWIN,https://irwin.doi.gov/observer/incidents/a8adb003-af17-467a-9b12-f0a4b8472a1c
EONET_18770,IRWIN,https://irwin.doi.gov/observer/incidents/3ea29676-51f2-4fc7-a411-a27f5bfd12c2
EONET_18778,IRWIN,https://irwin.doi.gov/observer/incidents/2bf89b3a-13f6-4d42-ac28-5fc49cc363bd
EONET_18793,IRWIN,https://irwin.doi.gov/observer/incidents/875f6b72-2a99-4f8c-9807-346aff142fea
EONET_19218,IRWIN,https://irwin.doi.gov/observer/incidents/077f4bbb-3b86-4d2e-8b7f-feea9b002bd7
EONET_18766,IRWIN,https://irwin.doi.gov/observer/incidents/9c41679e-6837-4699-b108-2a4df8d119f9
EONET_18799,IRWIN,https://irwin.doi.gov/observer/incidents/63820c49-a4ac-4875-8d70-7fe829e105b1
EONET_18801,IRWIN,https://irwin.doi.gov/observer/incidents/888a98b8-605b-4382-a37f-c4b10e07ef47
EONET_18774,IRWIN,https://irwin.doi.gov/observer/incidents/c6fef576-12d6-4160-961a-005e8d1094a7
EONET_18782,IRWIN,https://irwin.doi.gov/observer/incidents/4578390a-8e6a-4e51-8a15-67e1b8ef6411
EONET_18802,IRWIN,https://irwin.doi.gov/observer/incidents/aeb4ccd3-465f-47f3-9343-4747b569331a
EONET_18748,IRWIN,https://irwin.doi.gov/observer/incidents/a30f695e-b37e-4e44-8532-aaf57e1b12df
EONET_18810,IRWIN,https://irwin.doi.gov/observer/incidents/df63bbb8-c6a6-448e-b103-3071d04bd4b9
EONET_18796,IRWIN,https://irwin.doi.gov/observer/incidents/f4c1f0e5-fcd0-4237-ab44-52f7162c6d53
EONET_19197,IRWIN,https://irwin.doi.gov/observer/incidents/42042b0d-cc38-47bd-b9ac-9bd8f08a8ed0
EONET_18800,IRWIN,https://irwin.doi.gov/observer/incidents/5a134065-1071-4fb4-840a-0511e1107e74
EONET_19220,IRWIN,https://irwin.doi.gov/observer/incidents/178204cb-eb82-47e7-b94e-acb4e2ef0341
EONET_19219,IRWIN,https://irwin.doi.gov/observer/incidents/5d0ad47a-2b79-4305-ad65-32b2a0ca9dbb
EONET_18807,IRWIN,https://irwin.doi.gov/observer/incidents/5aea1f66-a9ea-4394-97da-9878efdf8626
EONET_18803,IRWIN,https://irwin.doi.gov/observer/incidents/cdca66e2-2f1a-43a1-b645-4b170ee333ae
EONET_18794,IRWIN,https://irwin.doi.gov/observer/incidents/d952db0b-f662-40dd-8247-548955c7bb44
EONET_18820,IRWIN,https://irwin.doi.gov/observer/incidents/72730037-b39c-419c-b96e-2403136ffbba
EONET_18811,IRWIN,https://irwin.doi.gov/observer/incidents/2a6e5b16-b320-4418-899b-c408f82f90fa
EONET_18777,IRWIN,https://irwin.doi.gov/observer/incidents/ec502a24-4504-461e-abf9-434111c3d7f5
EONET_19000,IRWIN,https://irwin.doi.gov/observer/incidents/f7cab987-641b-41fd-97d8-12f9540cdb42
EONET_18823,IRWIN,https://irwin.doi.gov/observer/incidents/43899f83-6475-409c-be2e-bba6c4da5da7
EONET_18812,IRWIN,https://irwin.doi.gov/observer/incidents/e9646514-deb5-4ae9-9295-082ee1b23d8f
EONET_18776,IRWIN,https://irwin.doi.gov/observer/incidents/7a26982b-66ab-40b7-9f5d-e76de514cadf
EONET_18808,IRWIN,https://irwin.doi.gov/observer/incidents/2521d802-29be-4795-8ff5-b3510d90c41d
EONET_18822,IRWIN,https://irwin.doi.gov/observer/incidents/9680b279-471a-4e27-b0a4-54f913ef3d5c
EONET_18824,IRWIN,https://irwin.doi.gov/observer/incidents/79a2ba6f-131f-456c-8db4-1be8bb987378
EONET_18817,IRWIN,https://irwin.doi.gov/observer/incidents/af36c643-d293-4225-aaf0-f30be42c9a72
EONET_18821,IRWIN,https://irwin.doi.gov/observer/incidents/68284b5f-1d97-4442-865a-8531a5895a6b
EONET_18816,IRWIN,https://irwin.doi.gov/observer/incidents/792c964d-5897-412c-9ce2-a9590ff58613
EONET_18814,IRWIN,https://irwin.doi.gov/observer/incidents/e2f8ed7b-2502-457e-add6-316f76d729e7
EONET_18815,IRWIN,https://irwin.doi.gov/observer/incidents/b1a76efb-c002-4007-9a7f-c8761b992614
EONET_19370,IRWIN,https://irwin.doi.gov/observer/incidents/22b3d332-1604-4a7b-933c-29f63d41cfe4
EONET_19371,IRWIN,https://irwin.doi.gov/observer/incidents/1bc3cbbe-0d19-4889-8e2d-5fa8952a59d8
EONET_19198,IRWIN,https://irwin.doi.gov/observer/incidents/d82b75c9-67b8-4c0d-9911-c7087c32299a
EONET_18997,IRWIN,https://irwin.doi.gov/observer/incidents/bbd6e062-0f55-4e01-abb8-b5a9228ac898
EONET_19221,IRWIN,https://irwin.doi.gov/observer/incidents/ac4a9624-c708-4d55-a07a-51bfb77b7a4c
EONET_18813,IRWIN,https://irwin.doi.gov/observer/incidents/09470e56-9d0e-4b82-a9c0-0445a65e15b0
EONET_18842,IRWIN,https://irwin.doi.gov/observer/incidents/0f233a32-0d14-43c3-8690-6eaea4132cfd
EONET_18753,IRWIN,https://irwin.doi.gov/observer/incidents/ac523a39-8411-4f7d-8f4d-fcefa14e931d
EONET_19222,IRWIN,https://irwin.doi.gov/observer/incidents/f9d785c1-0b9f-4e83-a807-402e626259e0
EONET_18828,IRWIN,https://irwin.doi.gov/observer/incidents/a232f12f-a18b-498e-8afc-b8241a903018
EONET_18841,IRWIN,https://irwin.doi.gov/observer/incidents/fd9f2696-93b0-455c-8372-be872df848d6
EONET_18838,IRWIN,https://irwin.doi.gov/observer/incidents/fd62c39a-4f29-44c3-a952-5bc7227b3c43
EONET_18826,IRWIN,https://irwin.doi.gov/observer/incidents/c16befab-4034-4a61-afb3-d43e92ac4b57
EONET_18829,IRWIN,https://irwin.doi.gov/observer/incidents/b280175d-efab-4d67-99d4-8efe479b0566
EONET_18830,IRWIN,https://irwin.doi.gov/observer/incidents/d45b35fb-7c2c-43f9-a162-6620178ffea7
EONET_18836,IRWIN,https://irwin.doi.gov/observer/incidents/5ce81970-ff9f-4980-a049-65ce23f1acca
EONET_18849,IRWIN,https://irwin.doi.gov/observer/incidents/25525392-5eb3-4233-92f8-21d6cda4fc16
EONET_19575,IRWIN,https://irwin.doi.gov/observer/incidents/fd346b01-a61c-4101-93d1-c06a19975fd7
EONET_18832,IRWIN,https://irwin.doi.gov/observer/incidents/0c915146-ebb9-40ce-a0ca-2a74c5cb4419
EONET_19574,IRWIN,https://irwin.doi.gov/observer/incidents/2a75c61c-e35a-4962-bbec-1828847ecc1a
EONET_18831,IRWIN,https://irwin.doi.gov/observer/incidents/090e3138-1327-4248-8fa7-0a3e6e7bfab3
EONET_18835,IRWIN,https://irwin.doi.gov/observer/incidents/9d973c30-6697-4857-91b0-007c4d588b2a
EONET_18840,IRWIN,https://irwin.doi.gov/observer/incidents/d40ed964-7a67-4669-816a-168848b01014
EONET_18834,IRWIN,https://irwin.doi.gov/observer/incidents/77194e12-8a29-4b32-a0d9-42b6e24149f9
EONET_18837,IRWIN,https://irwin.doi.gov/observer/incidents/f300bd86-8eba-4ea7-89a7-74dd4d35a315
EONET_18818,IRWIN,https://irwin.doi.gov/observer/incidents/195be084-0d0f-4836-885e-76d37b147e80
EONET_18833,IRWIN,https://irwin.doi.gov/observer/incidents/bcf67c20-1b6b-490f-909f-f2174a50df12
EONET_18848,IRWIN,https://irwin.doi.gov/observer/incidents/2f4d8f6d-f38a-47fb-b4e4-fa449b276a7a
EONET_19358,IRWIN,https://irwin.doi.gov/observer/incidents/53220f17-9790-47e8-834e-f7b552dc5877
EONET_18765,IRWIN,https://irwin.doi.gov/observer/incidents/d4a494aa-6d79-4cd3-b368-871618fd8ea4
EONET_19223,IRWIN,https://irwin.doi.gov/observer/incidents/88e03d35-eb0b-4b31-80fd-d2e031ba8cd7
EONET_18754,IRWIN,https://irwin.doi.gov/observer/incidents/bbcc3ae1-9964-46a0-a7fe-2d2d65f47ff3
EONET_18845,IRWIN,https://irwin.doi.gov/observer/incidents/3824d20f-c8b4-48ef-9658-f4c56864f236
EONET_18847,IRWIN,https://irwin.doi.gov/observer/incidents/a767e76d-63b5-487b-a7d2-060e76742450
EONET_18854,IRWIN,https://irwin.doi.gov/observer/incidents/29ef352f-9d65-409c-b976-d72a1cc95a10
EONET_18855,IRWIN,https://irwin.doi.gov/observer/incidents/7b00a136-fac3-4c86-9930-12452024a01c
EONET_18868,IRWIN,https://irwin.doi.gov/observer/incidents/00cb5791-a645-4dd8-8325-638e5ac6cf06
EONET_18867,IRWIN,https://irwin.doi.gov/observer/incidents/e2deb891-43f4-4105-b059-b85aabf4704c
EONET_18851,IRWIN,https://irwin.doi.gov/observer/incidents/d8087772-95df-4520-ae7a-18d9861d8339
EONET_18865,IRWIN,https://irwin.doi.gov/observer/incidents/d82ff940-e230-465a-8fde-abb8b19b8901
EONET_18871,IRWIN,https://irwin.doi.gov/observer/incidents/72aa18ba-6134-4f32-9cd1-f41c474a6436
EONET_18872,IRWIN,https://irwin.doi.gov/observer/incidents/c53b0777-e2bd-4f28-a026-497189c42009
EONET_18866,IRWIN,https://irwin.doi.gov/observer/incidents/e67e920f-8bd0-4a79-8729-349f294563ab
EONET_18853,IRWIN,https://irwin.doi.gov/observer/incidents/d07fc04b-8c68-410a-9e1a-ab555cb96a97
EONET_18857,IRWIN,https://irwin.doi.gov/observer/incidents/c0dc359d-6767-4a49-81ca-dcef2894fca9
EONET_18860,IRWIN,https://irwin.doi.gov/observer/incidents/0c364eb7-472a-4535-acac-a87dfef72d48
EONET_18858,IRWIN,https://irwin.doi.gov/observer/incidents/cc7c76e1-ecf6-4616-8591-40dbd56624b5
EONET_18783,IRWIN,https://irwin.doi.gov/observer/incidents/6be06064-b547-4493-9f12-2bdb3277e604
EONET_18870,IRWIN,https://irwin.doi.gov/observer/incidents/ec615101-963e-40bc-ab5c-8c72415b2f9c
EONET_18850,IRWIN,https://irwin.doi.gov/observer/incidents/2bc72a43-f880-4b87-a343-228432510b5f
EONET_18869,IRWIN,https://irwin.doi.gov/observer/incidents/1043b64f-c592-4bdf-8c5d-5f4d73f13f9e
EONET_18862,IRWIN,https://irwin.doi.gov/observer/incidents/c4f57811-f8a9-4c1f-b29e-eeaebb148fdb
EONET_18863,IRWIN,https://irwin.doi.gov/observer/incidents/6f270f46-0651-4e09-ba9f-531eb5d178eb
EONET_18859,IRWIN,https://irwin.doi.gov/observer/incidents/997336f7-8b1e-4b19-9159-55f2b381f9d1
EONET_18852,IRWIN,https://irwin.doi.gov/observer/incidents/cd72cda6-e2ea-47f1-94aa-513bac026c46
EONET_18861,IRWIN,https://irwin.doi.gov/observer/incidents/7fdbd54d-85ff-4381-b210-156d959d8f0c
EONET_18856,IRWIN,https://irwin.doi.gov/observer/incidents/57cca2a1-d8f7-4300-a15f-9a9211d07196
EONET_18755,IRWIN,https://irwin.doi.gov/observer/incidents/0fb9d6eb-944c-4c4b-b2cd-ed91173ae143
EONET_18879,IRWIN,https://irwin.doi.gov/observer/incidents/00b8ba45-12de-47a1-b4b9-22b9d8159cf2
EONET_18806,IRWIN,https://irwin.doi.gov/observer/incidents/5afd94ed-c91b-4433-99c7-b0f865d00916
EONET_18876,IRWIN,https://irwin.doi.gov/observer/incidents/ceff0b8f-9acf-47e2-ba1f-3f132f8b8b80
EONET_18878,IRWIN,https://irwin.doi.gov/observer/incidents/91717f6b-faf1-4c3a-8cce-340582d99b59
EONET_18846,IRWIN,https://irwin.doi.gov/observer/incidents/5d7310df-4757-4fe5-846e-f7d4e4d7b765
EONET_18875,IRWIN,https://irwin.doi.gov/observer/incidents/9842c82c-ca98-4d2e-adf5-0a723954671c
EONET_18874,IRWIN,https://irwin.doi.gov/observer/incidents/e13cc44b-d49d-40d9-b624-e269bc133bc6
EONET_18825,IRWIN,https://irwin.doi.gov/observer/incidents/44b84164-8004-419c-9276-046f290a8726
EONET_18843,IRWIN,https://irwin.doi.gov/observer/incidents/1420f342-3679-430b-9461-9694a8e43654
EONET_18844,IRWIN,https://irwin.doi.gov/observer/incidents/84269f73-ac7c-4cf6-a652-50248540897e
EONET_18647,IRWIN,https://irwin.doi.gov/observer/incidents/2b680013-d1e2-4422-8956-959f935e18b8
EONET_18652,IRWIN,https://irwin.doi.gov/observer/incidents/2c5ffe2f-8b12-444e-bcde-4f3fb69648cb
EONET_18653,IRWIN,https://irwin.doi.gov/observer/incidents/6ee98b2e-1b5f-4a97-831a-48aefe6bd98c
EONET_18649,IRWIN,https://irwin.doi.gov/observer/incidents/5c28ff53-6117-4769-827c-65d53f1bd8e6
EONET_18645,IRWIN,https://irwin.doi.gov/observer/incidents/173d13ee-f725-4d89-9ba8-ffe7e6dfe3e8
EONET_18650,IRWIN,https://irwin.doi.gov/observer/incidents/afe47713-26ed-4d60-acc2-36f5293f6170
EONET_18762,IRWIN,https://irwin.doi.gov/observer/incidents/a71c047e-f254-4a04-8854-d5da35956595
EONET_18655,IRWIN,https://irwin.doi.gov/observer/incidents/15e47852-8aff-44db-b976-21d0a19f6be9
EONET_18864,IRWIN,https://irwin.doi.gov/observer/incidents/400f4e5d-62f8-40e9-b0be-84a531b9945e
EONET_18656,IRWIN,https://irwin.doi.gov/observer/incidents/b91fb1aa-ccb3-4796-bf51-82f60d78090e
EONET_18667,IRWIN,https://irwin.doi.gov/observer/incidents/9b8306c3-92cd-4126-9708-6cd5284b2e51
EONET_18664,IRWIN,https://irwin.doi.gov/observer/incidents/c9cf706a-2fa4-4f01-b8c1-ef7266ac4a2b
EONET_18666,IRWIN,https://irwin.doi.gov/observer/incidents/db126027-8a0c-4339-b5f1-89b6e122e3ff
EONET_18669,IRWIN,https://irwin.doi.gov/observer/incidents/ae30759c-9ac3-4711-b349-e9fbf3a565fe
EONET_18805,IRWIN,https://irwin.doi.gov/observer/incidents/3f3515ee-0f61-4272-bb3d-bf994c70c40f
EONET_18670,IRWIN,https://irwin.doi.gov/observer/incidents/e4090cee-43d2-46cc-b1cc-a1191f97ba3d
EONET_18676,IRWIN,https://irwin.doi.gov/observer/incidents/571c5bdb-0167-431a-ac1b-487353061763
EONET_18672,IRWIN,https://irwin.doi.gov/observer/incidents/44445b51-4eab-4068-9489-68c65e12b369
EONET_18668,IRWIN,https://irwin.doi.gov/observer/incidents/0a73a8ec-205c-4244-8ae7-71289772a7af
EONET_18675,IRWIN,https://irwin.doi.gov/observer/incidents/7b7af6fb-1df2-4892-a985-5b097b4ed518
EONET_19192,IRWIN,https://irwin.doi.gov/observer/incidents/3babd508-7b8a-4a95-b578-650a65b6f890
EONET_18773,IRWIN,https://irwin.doi.gov/observer/incidents/ce7baeae-fdd7-48c7-adbc-c47e9b0c8349
EONET_18678,IRWIN,https://irwin.doi.gov/observer/incidents/adf03bca-b9ad-40ca-9d67-f3707843fb73
EONET_18677,IRWIN,https://irwin.doi.gov/observer/incidents/cacd475c-8d4c-4957-9f07-a4e8b8564735
EONET_18679,IRWIN,https://irwin.doi.gov/observer/incidents/94e414de-c5a4-445e-99c4-1ab42610248e
EONET_18657,IRWIN,https://irwin.doi.gov/observer/incidents/45ad39dc-281e-4094-a31f-08dba65710dc
EONET_18663,IRWIN,https://irwin.doi.gov/observer/incidents/0e274b7d-68f8-4b8d-b2de-39f06fb5cfd8
EONET_18692,IRWIN,https://irwin.doi.gov/observer/incidents/f0f92b2f-469c-4f19-bc3f-1c71c3496c9a
EONET_18688,IRWIN,https://irwin.doi.gov/observer/incidents/236b6d25-3fdf-4ccb-9bd0-4135cd6a1cb3
EONET_18687,IRWIN,https://irwin.doi.gov/observer/incidents/2f1e1739-0212-4202-990c-a9685e289879
EONET_18690,IRWIN,https://irwin.doi.gov/observer/incidents/132abcfb-a58e-432a-b7aa-d9d91d145a03
EONET_18654,IRWIN,https://irwin.doi.gov/observer/incidents/3de0062d-b07c-4545-9e47-709846d3caf9
EONET_18683,IRWIN,https://irwin.doi.gov/observer/incidents/7c095d00-162a-4052-bfd2-f03a4764738e
EONET_18682,IRWIN,https://irwin.doi.gov/observer/incidents/c6f201ac-09bb-403f-b7d3-19c5d359e87b
EONET_19372,IRWIN,https://irwin.doi.gov/observer/incidents/32333b55-a0b1-4c39-acab-2eae2ea7c199
EONET_18680,IRWIN,https://irwin.doi.gov/observer/incidents/7f006868-d047-4d13-83f1-635c9e8cc321
EONET_18685,IRWIN,https://irwin.doi.gov/observer/incidents/b89bb343-738b-4278-9ab9-44d0658f3544
EONET_18693,IRWIN,https://irwin.doi.gov/observer/incidents/2803ad65-536b-4999-b196-1a5803ab855c
EONET_18662,IRWIN,https://irwin.doi.gov/observer/incidents/008f7a99-94b7-4a94-a400-043b469dd025
EONET_18681,IRWIN,https://irwin.doi.gov/observer/incidents/40bb8297-8bde-4461-a92f-098fe12bf0e3
EONET_19193,IRWIN,https://irwin.doi.gov/observer/incidents/9457a563-f15b-4b22-817c-662265f25b00
EONET_19199,IRWIN,https://irwin.doi.gov/observer/incidents/3b701e0c-0fe7-4a44-8f5f-9b4368ac6efb
EONET_18691,IRWIN,https://irwin.doi.gov/observer/incidents/3e8babf2-f2b9-4811-a925-b5ad56e33348
EONET_18651,IRWIN,https://irwin.doi.gov/observer/incidents/7ab6021d-6fc2-420f-bfc5-43752f86749f
EONET_18658,IRWIN,https://irwin.doi.gov/observer/incidents/c3cdbb61-f1e2-4318-844a-e307fd3ba049
EONET_18671,IRWIN,https://irwin.doi.gov/observer/incidents/d635ddda-6ba8-4c00-9d6f-6ac09d16e884
EONET_18694,IRWIN,https://irwin.doi.gov/observer/incidents/b6d2a75c-b58b-499b-b5a1-989588214ff6
EONET_19211,IRWIN,https://irwin.doi.gov/observer/incidents/e7fda878-21f7-427a-99a3-e6217241d0f0
EONET_19200,IRWIN,https://irwin.doi.gov/observer/incidents/fb559e97-5c14-475f-ba59-73fc6b470a25
EONET_19373,IRWIN,https://irwin.doi.gov/observer/incidents/349f8f19-5a10-4044-8282-46a64f885ed4
EONET_18526,IRWIN,https://irwin.doi.gov/observer/incidents/c66d3cc6-9707-4610-b3b3-eb1181f1f435
EONET_18531,IRWIN,https://irwin.doi.gov/observer/incidents/2698b499-7d82-4704-9a1b-3b609ebc40d9
EONET_19210,IRWIN,https://irwin.doi.gov/observer/incidents/1cae1fd7-2080-4811-a38d-f6f4ef169267
EONET_19374,IRWIN,https://irwin.doi.gov/observer/incidents/2527f176-086a-4825-9eb3-f989a04fe2a5
EONET_18659,IRWIN,https://irwin.doi.gov/observer/incidents/0da356d4-ebac-4728-b70c-a0de5fbfd0e5
EONET_18527,IRWIN,https://irwin.doi.gov/observer/incidents/2fcf90ce-414d-4906-ba2f-0d91b234f934
EONET_18696,IRWIN,https://irwin.doi.gov/observer/incidents/4cb0c896-e0d3-4a08-8d2b-4c5d49432c02
EONET_18532,IRWIN,https://irwin.doi.gov/observer/incidents/e08030e9-0ce3-4654-a783-d21cb77b1e80
EONET_18665,IRWIN,https://irwin.doi.gov/observer/incidents/529bfadb-6471-4669-8cf3-287213c4f85e
EONET_18536,IRWIN,https://irwin.doi.gov/observer/incidents/9cf5de0e-242e-48cd-9e62-67f1f5076de8
EONET_18540,IRWIN,https://irwin.doi.gov/observer/incidents/9a9506bd-ed8c-4a82-9e44-b53e6163245b
EONET_18546,IRWIN,https://irwin.doi.gov/observer/incidents/c21fb46b-2aed-47f2-b87e-0e2f64183de3
EONET_18542,IRWIN,https://irwin.doi.gov/observer/incidents/ed8fab57-2007-48b6-809c-c6279340e3b7
EONET_18544,IRWIN,https://irwin.doi.gov/observer/incidents/066678bd-edeb-4697-9c62-6ceb0299654f
EONET_18528,IRWIN,https://irwin.doi.gov/observer/incidents/71680eb3-7921-4fad-8666-bf6a6715af5f
EONET_18554,IRWIN,https://irwin.doi.gov/observer/incidents/a8868621-8f81-41e5-b9b5-c66bfbabc7c8
EONET_18552,IRWIN,https://irwin.doi.gov/observer/incidents/2170702a-ae3a-48ec-96ce-a82249221b2e
EONET_18550,IRWIN,https://irwin.doi.gov/observer/incidents/1024c404-b7e2-46e1-8592-3b1ec2db2618
EONET_18551,IRWIN,https://irwin.doi.gov/observer/incidents/b7d33fe1-f50a-4f68-9a79-8df36f1852a4
EONET_18558,IRWIN,https://irwin.doi.gov/observer/incidents/98486785-64a8-4cfd-91f0-1017935bd48f
EONET_19230,IRWIN,https://irwin.doi.gov/observer/incidents/da973d71-725c-4431-a8cd-51f6869e4428
EONET_18560,IRWIN,https://irwin.doi.gov/observer/incidents/764c042b-a04a-4f74-82f5-77bddee9885d
EONET_18547,IRWIN,https://irwin.doi.gov/observer/incidents/6d1117b2-f1e9-429b-a95d-ea6f711b3434
EONET_18839,IRWIN,https://irwin.doi.gov/observer/incidents/b2539fce-c607-404a-832d-8c2accad98f9
EONET_18557,IRWIN,https://irwin.doi.gov/observer/incidents/5ee0a9eb-bfb4-4688-9748-639fe78bad0b
EONET_18553,IRWIN,https://irwin.doi.gov/observer/incidents/c24681d3-1e62-4191-9906-e1a7835dcaf6
EONET_19209,IRWIN,https://irwin.doi.gov/observer/incidents/ce18bcdf-87fe-43bc-ab90-d529410dc066
EONET_18530,IRWIN,https://irwin.doi.gov/observer/incidents/a6548103-4d47-4d23-a6c0-1aae81740bbf
EONET_18697,IRWIN,https://irwin.doi.gov/observer/incidents/6a924887-883e-4f5f-9911-7cac95c4e89c
EONET_18561,IRWIN,https://irwin.doi.gov/observer/incidents/69931613-8f88-4250-91f2-83f784f0a54b
EONET_18563,IRWIN,https://irwin.doi.gov/observer/incidents/c03c8125-22d3-4df1-ac2f-b305d78529a1
EONET_19201,IRWIN,https://irwin.doi.gov/observer/incidents/764fd24a-6fc8-4923-9c66-53eb145618d3
EONET_18537,IRWIN,https://irwin.doi.gov/observer/incidents/7fe28121-a753-404c-8367-570ffebe870c
EONET_18535,IRWIN,https://irwin.doi.gov/observer/incidents/5f3e07dd-e615-4fee-b678-e72340e8bbc2
EONET_18648,IRWIN,https://irwin.doi.gov/observer/incidents/f41bbadb-d9e3-427f-9e23-7592a8cdce17
EONET_18573,IRWIN,https://irwin.doi.gov/observer/incidents/d663af61-310c-4df4-ac80-f767ac0fe580
EONET_18571,IRWIN,https://irwin.doi.gov/observer/incidents/532cefef-e3ab-4626-bfcd-37c0e207cfbe
EONET_18562,IRWIN,https://irwin.doi.gov/observer/incidents/6491e257-c79f-4205-a6df-3b2888302064
EONET_18570,IRWIN,https://irwin.doi.gov/observer/incidents/104bb88c-0cf8-41dd-93f9-e47f9ee84c34
EONET_18974,IRWIN,https://irwin.doi.gov/observer/incidents/cb911110-09a0-406e-a861-606c4bb67174
EONET_18549,IRWIN,https://irwin.doi.gov/observer/incidents/00c03088-77a1-46ce-928c-06a745fd7058
EONET_18978,IRWIN,https://irwin.doi.gov/observer/incidents/6a95e233-ffda-4f2b-aa8c-8f26ffcacca1
EONET_18569,IRWIN,https://irwin.doi.gov/observer/incidents/0442f4bb-6c89-4982-b03e-272be164bc49
EONET_18556,IRWIN,https://irwin.doi.gov/observer/incidents/bb9c840d-9f25-492c-b8c3-a18c081b6bc4
EONET_18565,IRWIN,https://irwin.doi.gov/observer/incidents/45c854a2-0876-4c78-906d-938e1e0a9b27
EONET_18575,IRWIN,https://irwin.doi.gov/observer/incidents/99cda8b7-81fe-4dc2-8a05-dd053e60cd51
EONET_18583,IRWIN,https://irwin.doi.gov/observer/incidents/5a11b52a-4a8f-4949-bb62-b3b8fbb0214f
EONET_18555,IRWIN,https://irwin.doi.gov/observer/incidents/efc89c7f-0442-4778-9265-bb12b298ac29
EONET_18533,IRWIN,https://irwin.doi.gov/observer/incidents/5f800db7-5919-4936-add1-ef645fa187a0
EONET_18577,IRWIN,https://irwin.doi.gov/observer/incidents/0d2395bc-e6c6-4c94-b4c0-c07f4b7d91d4
EONET_18578,IRWIN,https://irwin.doi.gov/observer/incidents/79b89356-9309-4768-ac65-172daa52082a
EONET_18574,IRWIN,https://irwin.doi.gov/observer/incidents/dbfed365-fa4f-4b43-a3ca-a354d383eb50
EONET_18580,IRWIN,https://irwin.doi.gov/observer/incidents/ad026f7e-51d4-4104-a2be-639f98847a41
EONET_18579,IRWIN,https://irwin.doi.gov/observer/incidents/280df3af-14c3-4463-9ca6-a587abe443bc
EONET_18581,IRWIN,https://irwin.doi.gov/observer/incidents/c99b9d4a-4577-4668-9abf-7ed3c7122bbc
EONET_18582,IRWIN,https://irwin.doi.gov/observer/incidents/efb21a6a-9c1c-46c1-99c0-3a20c2cd3e5f
EONET_18977,IRWIN,https://irwin.doi.gov/observer/incidents/d89d1e28-b96f-480f-9f83-620963ef286b
EONET_18576,IRWIN,https://irwin.doi.gov/observer/incidents/0416ee3c-0b6b-42fc-9421-6be67bbe4343
EONET_18566,IRWIN,https://irwin.doi.gov/observer/incidents/efc58b45-3a31-49ae-b42f-88cafe54f209
EONET_18564,IRWIN,https://irwin.doi.gov/observer/incidents/8e7036ce-1bcc-4ecd-877f-63e06fd51f61
EONET_18586,IRWIN,https://irwin.doi.gov/observer/incidents/4ce5f061-d1e5-49a0-970e-682703e8752d
EONET_18309,IRWIN,https://irwin.doi.gov/observer/incidents/ff5167a7-a46e-4c63-ab46-7816a95525f8
EONET_18534,IRWIN,https://irwin.doi.gov/observer/incidents/1bfb8daa-473e-4c5d-bc04-002c46bf1794
EONET_18591,IRWIN,https://irwin.doi.gov/observer/incidents/48d371e7-c840-4f9c-88e0-7e99380626a1
EONET_18308,IRWIN,https://irwin.doi.gov/observer/incidents/2fc5266d-eb4d-4dcf-b53d-c7a0165da19e
EONET_18873,IRWIN,https://irwin.doi.gov/observer/incidents/f36d1208-957d-4d51-828f-8182248b4edc
EONET_18976,IRWIN,https://irwin.doi.gov/observer/incidents/c24ffd78-8cdc-4c0b-8734-2859ead17695
EONET_18587,IRWIN,https://irwin.doi.gov/observer/incidents/e8f01660-d1ad-4911-a1eb-914b23bfa7ea
EONET_18588,IRWIN,https://irwin.doi.gov/observer/incidents/c984f9c6-04ec-442e-9847-e0cef9fba872
EONET_18317,IRWIN,https://irwin.doi.gov/observer/incidents/ca3fadd4-cea3-4c3b-84cd-6ee8d990668c
EONET_18311,IRWIN,https://irwin.doi.gov/observer/incidents/576b16d9-b46d-4e5e-a480-4a2f010a390e
EONET_18318,IRWIN,https://irwin.doi.gov/observer/incidents/cc0bbaea-0f94-4ac4-bf23-d3306fef7505
EONET_18314,IRWIN,https://irwin.doi.gov/observer/incidents/210ac734-8fbc-460b-b8ee-3e84e4892bc8
EONET_18590,IRWIN,https://irwin.doi.gov/observer/incidents/d10ea4c3-4c7d-4da4-b1ed-b137c0e69f5f
EONET_18313,IRWIN,https://irwin.doi.gov/observer/incidents/a2e2b764-ac95-44dd-8eca-a9d84f040ebe
EONET_18323,IRWIN,https://irwin.doi.gov/observer/incidents/48d993b6-27a0-4ed4-88c3-28679e2c9de6
EONET_18315,IRWIN,https://irwin.doi.gov/observer/incidents/ccf202c0-b2a3-42b5-bc5d-b0b4bd95f8dc
EONET_18312,IRWIN,https://irwin.doi.gov/observer/incidents/6705e174-8de7-4797-a45e-0a3715ad1c27
EONET_18326,IRWIN,https://irwin.doi.gov/observer/incidents/42ea24c3-f02c-4089-b97e-0175f1fed2c3
EONET_18320,IRWIN,https://irwin.doi.gov/observer/incidents/ac833ec5-54b1-4be8-9fbb-e155fa09ed4c
EONET_18324,IRWIN,https://irwin.doi.gov/observer/incidents/9cca1a5b-66b1-4cc5-bb27-4dbf57a4952c
EONET_18328,IRWIN,https://irwin.doi.gov/observer/incidents/c3f04edd-f9de-433a-9326-b800552455f8
EONET_18325,IRWIN,https://irwin.doi.gov/observer/incidents/96167d9b-cc2a-423d-bfb8-ef8e686fbaaf
EONET_18332,IRWIN,https://irwin.doi.gov/observer/incidents/922e5760-1ff4-4da5-8b97-516e9d08664a
EONET_18331,IRWIN,https://irwin.doi.gov/observer/incidents/a60dacf7-de27-46dd-9994-93a23299ceae
EONET_18327,IRWIN,https://irwin.doi.gov/observer/incidents/1c866891-2e7e-4652-a97f-1b7162d2193f
EONET_18333,IRWIN,https://irwin.doi.gov/observer/incidents/5d7b4527-ca6f-42f0-a3be-ba6d91f9abb1
EONET_18316,IRWIN,https://irwin.doi.gov/observer/incidents/8a9aa93a-194d-4653-9fbe-6606a32cc500
EONET_18329,IRWIN,https://irwin.doi.gov/observer/incidents/8cc83a05-954d-4e61-9f9a-2d7c35df7098
EONET_18334,IRWIN,https://irwin.doi.gov/observer/incidents/9ecf0987-1e61-452c-bde9-2c958196c73b
EONET_18336,IRWIN,https://irwin.doi.gov/observer/incidents/939c8615-3547-4d4b-9ede-7f589b560de8
EONET_18338,IRWIN,https://irwin.doi.gov/observer/incidents/20e10c7b-67fd-431d-953d-c540558e8488
EONET_18346,IRWIN,https://irwin.doi.gov/observer/incidents/c388204b-ac0f-403a-9b6c-cd4145fa4ae2
EONET_18347,IRWIN,https://irwin.doi.gov/observer/incidents/37d6e4a0-0a80-457c-8319-9604ac76e060
EONET_18345,IRWIN,https://irwin.doi.gov/observer/incidents/44f05626-b9b4-4fb6-a59e-f8b087a4ab1e
EONET_18337,IRWIN,https://irwin.doi.gov/observer/incidents/1167eb51-6b94-463f-87a4-d28fc2644115
EONET_18341,IRWIN,https://irwin.doi.gov/observer/incidents/d4d169c8-e471-4277-9fba-c53afe27a32f
EONET_18340,IRWIN,https://irwin.doi.gov/observer/incidents/e26488c2-49be-4b76-b6ca-b617a4248f36
EONET_18339,IRWIN,https://irwin.doi.gov/observer/incidents/ca85ca95-2720-4013-8049-7915162222de
EONET_18343,IRWIN,https://irwin.doi.gov/observer/incidents/30b2a420-caaf-4c71-ab29-c694c8f2cc92
EONET_18342,IRWIN,https://irwin.doi.gov/observer/incidents/67c38a5c-dfaa-4535-85ff-211055931440
EONET_18335,IRWIN,https://irwin.doi.gov/observer/incidents/a900e422-fb8d-4b39-a015-8dc3eca61951
EONET_18349,IRWIN,https://irwin.doi.gov/observer/incidents/c77ddc48-b144-4ad0-8766-1ff5626cca3b
EONET_18350,IRWIN,https://irwin.doi.gov/observer/incidents/e6c87b44-a536-46d9-adc7-fc18dcbc8d88
EONET_18351,IRWIN,https://irwin.doi.gov/observer/incidents/a4967730-7266-4eb8-ada0-0a4efb78f606
EONET_18352,IRWIN,https://irwin.doi.gov/observer/incidents/9643988a-a387-4682-abfd-2e90e916f081
EONET_18353,IRWIN,https://irwin.doi.gov/observer/incidents/a977c6b1-0b58-4c4d-92c1-22692cf00909
EONET_18354,IRWIN,https://irwin.doi.gov/observer/incidents/4fc96604-0ed2-4e67-bd30-038dc0b8cf20
EONET_18355,IRWIN,https://irwin.doi.gov/observer/incidents/9bb771c6-2151-48a0-bc88-85f5e9596749
EONET_18344,IRWIN,https://irwin.doi.gov/observer/incidents/9a130b2c-c959-4344-862a-ab98a88085a5
EONET_18310,IRWIN,https://irwin.doi.gov/observer/incidents/834e2187-f377-4a7a-8782-2de682647c38
EONET_18572,IRWIN,https://irwin.doi.gov/observer/incidents/073de098-8fc4-4a73-822e-2635d604fc4e
EONET_18364,IRWIN,https://irwin.doi.gov/observer/incidents/c7766041-153a-4d57-9dda-652b0d377519
EONET_18358,IRWIN,https://irwin.doi.gov/observer/incidents/87a9cd11-a9c2-4f27-aefe-6ddef996ef18
EONET_18154,IRWIN,https://irwin.doi.gov/observer/incidents/b2490ce2-4e62-4e7a-bd33-fac98a8da835
EONET_18357,IRWIN,https://irwin.doi.gov/observer/incidents/33567c51-281d-4736-9c06-606aa9e8426c
EONET_18365,IRWIN,https://irwin.doi.gov/observer/incidents/1764c651-8589-43ec-92f9-0130ceeb8ad6
EONET_18367,IRWIN,https://irwin.doi.gov/observer/incidents/befa1c6c-185b-4b2e-91f3-09a439ab6ce0
EONET_18361,IRWIN,https://irwin.doi.gov/observer/incidents/76abd19b-d2a2-4c64-aaad-4b484a2ed4b2
EONET_18363,IRWIN,https://irwin.doi.gov/observer/incidents/29f27e34-d04e-4e76-8438-ad5d799c686a
EONET_18360,IRWIN,https://irwin.doi.gov/observer/incidents/5ff54a74-8982-4be8-9c56-117a859ec7f8
EONET_18149,IRWIN,https://irwin.doi.gov/observer/incidents/e78a99c7-fa11-4aee-b02b-08a3a74d9860
EONET_18356,IRWIN,https://irwin.doi.gov/observer/incidents/bd034395-7d2d-46cb-b4da-fa84b19c1595
EONET_18362,IRWIN,https://irwin.doi.gov/observer/incidents/a809ffc1-7dd8-42fa-8ee3-14c1f4399a80
EONET_18366,IRWIN,https://irwin.doi.gov/observer/incidents/d9dd2e76-c09a-498c-b6f7-8e46646898cc
EONET_18145,IRWIN,https://irwin.doi.gov/observer/incidents/62f49341-8aa5-4fa0-94a8-bce4f0d22d52
EONET_18151,IRWIN,https://irwin.doi.gov/observer/incidents/2a018699-9326-4c41-a1c3-5f1a5f07a519
EONET_18155,IRWIN,https://irwin.doi.gov/observer/incidents/07bf4614-3cd5-46ca-8f6a-7b97eb3022d0
EONET_18359,IRWIN,https://irwin.doi.gov/observer/incidents/64e4a04c-7275-4182-ba0c-f53de1d9e10a
EONET_18175,IRWIN,https://irwin.doi.gov/observer/incidents/d454bf89-6852-473c-8299-06283d06301b
EONET_18162,IRWIN,https://irwin.doi.gov/observer/incidents/62a15f43-9064-4d0f-99f4-1dc8ab9b3e99
EONET_18348,IRWIN,https://irwin.doi.gov/observer/incidents/713f9d79-f83e-45ba-aa79-d55bd93bd7ff
EONET_18158,IRWIN,https://irwin.doi.gov/observer/incidents/a215f544-b978-4802-bcb6-73bf776317c6
EONET_18176,IRWIN,https://irwin.doi.gov/observer/incidents/a6bd1c53-5a6e-4d70-8468-d03e0a97150f
EONET_18156,IRWIN,https://irwin.doi.gov/observer/incidents/81a6af96-9302-4ba7-bc0b-4f39fc349e68
EONET_18322,IRWIN,https://irwin.doi.gov/observer/incidents/20739f07-012b-41c5-ab0b-616bb3609113
EONET_18321,IRWIN,https://irwin.doi.gov/observer/incidents/b538e38d-5f27-4023-978c-1f3ab3c7b4f1
EONET_18160,IRWIN,https://irwin.doi.gov/observer/incidents/dc888872-7a48-45e4-bef2-ae9b03b3c177
EONET_18169,IRWIN,https://irwin.doi.gov/observer/incidents/fefbd0ba-f17e-4e30-b4d8-a4645a5425af
EONET_18163,IRWIN,https://irwin.doi.gov/observer/incidents/70d73811-f5e2-4e28-aed8-7366a049d7d0
EONET_18164,IRWIN,https://irwin.doi.gov/observer/incidents/c145b4bf-31e9-4561-ac38-8f206f1bde76
EONET_18165,IRWIN,https://irwin.doi.gov/observer/incidents/536e04f4-1e03-44a2-9523-cf35c8f9cf24
EONET_18179,IRWIN,https://irwin.doi.gov/observer/incidents/59196f63-09ea-4bde-af21-b5a1293f7bc8
EONET_18166,IRWIN,https://irwin.doi.gov/observer/incidents/67b63c2c-cde7-4144-8736-8c17fce99f4e
EONET_18168,IRWIN,https://irwin.doi.gov/observer/incidents/0c99e7fc-619f-4c91-b7e6-5cf9161ec461
EONET_18171,IRWIN,https://irwin.doi.gov/observer/incidents/48a0d274-229a-428a-98ee-6ad162b5745d
EONET_18172,IRWIN,https://irwin.doi.gov/observer/incidents/de9c81a1-d8bd-40d0-8b40-d7c5d59fbf33
EONET_18178,IRWIN,https://irwin.doi.gov/observer/incidents/9f899fca-1296-4b37-a168-3662e4c7f39f
EONET_18170,IRWIN,https://irwin.doi.gov/observer/incidents/3f197254-f392-428e-93f8-2b5d8e8215a0
EONET_18161,IRWIN,https://irwin.doi.gov/observer/incidents/5cd5da4f-e543-4e90-a3c8-e9bc2551fb35
EONET_18147,IRWIN,https://irwin.doi.gov/observer/incidents/24bb3a9e-08a3-440d-8546-1c60d85ba6f6
EONET_18157,IRWIN,https://irwin.doi.gov/observer/incidents/45da5c5c-23f5-4161-8562-421ad73a7b4b
EONET_18153,IRWIN,https://irwin.doi.gov/observer/incidents/401163c4-fa20-48d7-9a22-1914a7160b63
EONET_18146,IRWIN,https://irwin.doi.gov/observer/incidents/8432b888-2a01-4825-8eb6-c74589de24fc
EONET_18182,IRWIN,https://irwin.doi.gov/observer/incidents/c216cf3d-31e4-45b9-b15a-86ed6130e26d
EONET_18177,IRWIN,https://irwin.doi.gov/observer/incidents/1c6d0db1-2dc9-46f5-a32e-baa537524585
EONET_18181,IRWIN,https://irwin.doi.gov/observer/incidents/4170dcb8-102a-4ced-9d09-f33c86be5de4
EONET_18187,IRWIN,https://irwin.doi.gov/observer/incidents/1325b624-bc1f-46e2-8d4a-eeccecb50aad
EONET_18174,IRWIN,https://irwin.doi.gov/observer/incidents/380b6c6e-5edf-4668-9d4c-2f9536cf2dd9
EONET_18180,IRWIN,https://irwin.doi.gov/observer/incidents/fb76b32d-6e70-4ec3-a622-c9f45ed90265
EONET_18186,IRWIN,https://irwin.doi.gov/observer/incidents/ae6a5759-d3b8-46ef-a0a1-2d4bf775f315
EONET_18183,IRWIN,https://irwin.doi.gov/observer/incidents/ba4203db-4437-42be-a7ab-ecdb158ae25c
EONET_18173,IRWIN,https://irwin.doi.gov/observer/incidents/77b5abd0-1e7a-4f14-8a42-4b4547de99e3
EONET_18167,IRWIN,https://irwin.doi.gov/observer/incidents/9a0c11ab-23d9-4ee7-81c1-af98f8479494
EONET_18584,IRWIN,https://irwin.doi.gov/observer/incidents/73023dba-17ad-493a-b8c3-b0c83eb170e8
EONET_18085,IRWIN,https://irwin.doi.gov/observer/incidents/7cd64562-f846-4c57-ae33-fc6887dd9515
EONET_18084,IRWIN,https://irwin.doi.gov/observer/incidents/323401da-2261-4aa5-80ac-4222b65f4cec
EONET_18070,IRWIN,https://irwin.doi.gov/observer/incidents/294b6ec2-bf95-4f79-ba67-6e0e82f0bb9b
EONET_18087,IRWIN,https://irwin.doi.gov/observer/incidents/62dc4ca2-921d-43ad-8790-a53a2ebe3e50
EONET_18188,IRWIN,https://irwin.doi.gov/observer/incidents/4d08977c-b9ad-491a-9696-1d22a71202b4
EONET_18081,IRWIN,https://irwin.doi.gov/observer/incidents/d24c6718-b2b6-4a46-a938-5ddf397ce929
EONET_18078,IRWIN,https://irwin.doi.gov/observer/incidents/817c2582-9bf3-4e37-a83f-8aea800eea62
EONET_18076,IRWIN,https://irwin.doi.gov/observer/incidents/40a11ba3-45b7-402d-9ed2-28d58ea7e2b7
EONET_18083,IRWIN,https://irwin.doi.gov/observer/incidents/f5337398-7441-461b-b01f-92c8aeaf7f6d
EONET_18074,IRWIN,https://irwin.doi.gov/observer/incidents/709898e9-ca19-42d8-8885-9977a7d49496
EONET_18069,IRWIN,https://irwin.doi.gov/observer/incidents/c765308b-9a9c-49ec-ab26-4f14e998957c
EONET_18075,IRWIN,https://irwin.doi.gov/observer/incidents/fc20447d-3da9-4d3c-948a-f9092d220365
EONET_18695,IRWIN,https://irwin.doi.gov/observer/incidents/ecf4cef7-ecdb-47b4-bf26-34acacdd6b5e
EONET_18152,IRWIN,https://irwin.doi.gov/observer/incidents/7c8acbf8-0ea7-4e30-ae2c-7a3250827401
EONET_18072,IRWIN,https://irwin.doi.gov/observer/incidents/352e8c17-a003-458a-89fa-2e5b8fd7693e
EONET_18101,IRWIN,https://irwin.doi.gov/observer/incidents/27cb9c62-6852-4265-ab9d-963097eb36d0
EONET_18089,IRWIN,https://irwin.doi.gov/observer/incidents/89929a35-e34b-446a-be09-195169278f13
EONET_18088,IRWIN,https://irwin.doi.gov/observer/incidents/87d100d0-186d-438c-8f5e-684c5a41d6a7
EONET_18091,IRWIN,https://irwin.doi.gov/observer/incidents/d17f5f89-4768-43af-a40d-6c9bc295ba49
EONET_18090,IRWIN,https://irwin.doi.gov/observer/incidents/c005bc91-5d3f-4b31-8cb4-3cd6c0bc9f17
EONET_18094,IRWIN,https://irwin.doi.gov/observer/incidents/3133d8c9-fb3c-4c62-8d69-55b03f86fd16
EONET_18092,IRWIN,https://irwin.doi.gov/observer/incidents/800f7317-4bd0-4c72-b072-7d2da3ede384
EONET_18103,IRWIN,https://irwin.doi.gov/observer/incidents/83be8be6-3995-424c-89f2-63db0ea4df5d
EONET_18104,IRWIN,https://irwin.doi.gov/observer/incidents/c15a92be-b165-46ea-a1d8-d734e27e79ed
EONET_18098,IRWIN,https://irwin.doi.gov/observer/incidents/7b7de21f-3943-4e9b-aaa3-9218c4d99828
EONET_18102,IRWIN,https://irwin.doi.gov/observer/incidents/937c9f1c-e655-4dcd-8cf7-a72e695fc053
EONET_18106,IRWIN,https://irwin.doi.gov/observer/incidents/e1fa0845-811b-492e-861f-6536833885db
EONET_18109,IRWIN,https://irwin.doi.gov/observer/incidents/443b4363-be0e-4d36-a4a1-2800e49fbb09
EONET_18108,IRWIN,https://irwin.doi.gov/observer/incidents/e4f95e6b-c87b-4c0e-a153-61d6d008efbf
EONET_18099,IRWIN,https://irwin.doi.gov/observer/incidents/a2e364f1-f43f-4433-b6bf-fa22bd15b630
EONET_18097,IRWIN,https://irwin.doi.gov/observer/incidents/10ef021c-da08-48a1-a945-1b958d8d2db2
EONET_18113,IRWIN,https://irwin.doi.gov/observer/incidents/e845ae9e-ed4d-443c-a10c-70a52c374a98
EONET_18112,IRWIN,https://irwin.doi.gov/observer/incidents/c00b0312-fc35-44aa-8756-3ee279db3d37
EONET_18568,IRWIN,https://irwin.doi.gov/observer/incidents/b68dd313-5f7d-4be6-a8f9-d963225e89fa
EONET_18111,IRWIN,https://irwin.doi.gov/observer/incidents/04a1790a-c40c-4b4a-a9dd-839d1e6264c5
EONET_18118,IRWIN,https://irwin.doi.gov/observer/incidents/fa86301d-4e67-4c57-b7de-d812de48be97
EONET_18117,IRWIN,https://irwin.doi.gov/observer/incidents/e3b3b9bb-11d9-4038-8da2-288e03a1ab49
EONET_18116,IRWIN,https://irwin.doi.gov/observer/incidents/aa33e41f-5367-44b5-901d-e1a70fd0bf13
EONET_18115,IRWIN,https://irwin.doi.gov/observer/incidents/17294cc8-9601-4f29-b562-ee273484cb7d
EONET_18120,IRWIN,https://irwin.doi.gov/observer/incidents/ecb6b0c7-190d-4cee-b085-2026f357dc83
EONET_18110,IRWIN,https://irwin.doi.gov/observer/incidents/4af1644f-5e70-413a-9b77-26f40026c313
EONET_18119,IRWIN,https://irwin.doi.gov/observer/incidents/db112951-7dad-4603-a8c7-f95a3880430c
EONET_18114,IRWIN,https://irwin.doi.gov/observer/incidents/251f676b-1bfd-481e-b7df-78de0bc2df05
EONET_18073,IRWIN,https://irwin.doi.gov/observer/incidents/192a4d38-ef87-42e7-8932-f310751fd422
EONET_18071,IRWIN,https://irwin.doi.gov/observer/incidents/612fb7dd-d680-41b1-bde2-ad2128c7bc8c
EONET_18082,IRWIN,https://irwin.doi.gov/observer/incidents/ddc74ac6-6741-45b0-931b-32238cb2a2f9
EONET_18100,IRWIN,https://irwin.doi.gov/observer/incidents/90ae2fc9-16a5-4f91-a67a-57a434d1ab86
EONET_18123,IRWIN,https://irwin.doi.gov/observer/incidents/d9f62dfe-0307-4358-a82c-46f582742310
EONET_18567,IRWIN,https://irwin.doi.gov/observer/incidents/ef0b6c16-d172-427c-9387-c2dfe9a7809b
EONET_18124,IRWIN,https://irwin.doi.gov/observer/incidents/a1a61a16-454f-40b5-b940-e69918ab7d9c
EONET_17974,IRWIN,https://irwin.doi.gov/observer/incidents/6e87a9f2-401a-42fd-b315-5faa1da369e2
EONET_18539,IRWIN,https://irwin.doi.gov/observer/incidents/3b6be600-4f88-4401-aa16-4b9e5bdaa88a
EONET_18093,IRWIN,https://irwin.doi.gov/observer/incidents/c24bfd5b-38ac-4310-aad0-390a8cabeb94
EONET_18525,IRWIN,https://irwin.doi.gov/observer/incidents/f36c4db4-ba01-4ce6-a2ab-7099787243d8
EONET_18121,IRWIN,https://irwin.doi.gov/observer/incidents/0cf24b38-1454-456a-a8c3-1f3f07a29246
EONET_18589,IRWIN,https://irwin.doi.gov/observer/incidents/7df0c093-beb9-4260-a1e9-f0027b23cbb7
EONET_18086,IRWIN,https://irwin.doi.gov/observer/incidents/2a0edaf7-cadc-469f-93b9-fa353513a0ca
EONET_17985,IRWIN,https://irwin.doi.gov/observer/incidents/c244f3f6-78fb-4213-a5bf-56020c3a97a3
EONET_17983,IRWIN,https://irwin.doi.gov/observer/incidents/2dea5f59-b1bb-4bba-ab6c-0d4889914b4c
EONET_17981,IRWIN,https://irwin.doi.gov/observer/incidents/c2c0766d-c924-405c-a08b-81a80784ea4d
EONET_17993,IRWIN,https://irwin.doi.gov/observer/incidents/8de159b0-aae3-492e-8fe7-38758e4a79b5
EONET_17975,IRWIN,https://irwin.doi.gov/observer/incidents/23c6ae42-65ff-4e04-8990-8b7c595c0faa
EONET_17992,IRWIN,https://irwin.doi.gov/observer/incidents/ec08f100-9fce-4fb7-b92a-df831d397f75
EONET_17979,IRWIN,https://irwin.doi.gov/observer/incidents/a9a0f80e-6afd-4f5f-b79e-1e9fd60ece85
EONET_17999,IRWIN,https://irwin.doi.gov/observer/incidents/b9e2e756-d7a0-40f0-b56f-f4991cdc170c
EONET_17976,IRWIN,https://irwin.doi.gov/observer/incidents/eb1a7767-9182-4a59-b2b7-89873efdd037
EONET_17990,IRWIN,https://irwin.doi.gov/observer/incidents/9fe044b2-ff65-4216-b182-bbf3048e079a
EONET_18184,IRWIN,https://irwin.doi.gov/observer/incidents/deca7ae0-1031-4018-9a84-792cbc95119d
EONET_17995,IRWIN,https://irwin.doi.gov/observer/incidents/908782ea-da3b-46eb-807f-8fca6e1d82bf
EONET_17994,IRWIN,https://irwin.doi.gov/observer/incidents/41203ff0-fce5-491f-b4c2-97ffce46687c
EONET_17977,IRWIN,https://irwin.doi.gov/observer/incidents/1c728601-d49c-400c-8ac0-5fd72fe84d58
EONET_18096,IRWIN,https://irwin.doi.gov/observer/incidents/3f5e914e-25db-4232-b87f-a71806823634
EONET_18319,IRWIN,https://irwin.doi.gov/observer/incidents/f7f7d096-f050-4d89-9ae9-cc3f770181e4
EONET_18548,IRWIN,https://irwin.doi.gov/observer/incidents/a886bf49-e4a3-4ea7-a672-ca1580d86b4d
EONET_17991,IRWIN,https://irwin.doi.gov/observer/incidents/50e08622-8bba-4b31-8f83-54fcad0a640b
EONET_17998,IRWIN,https://irwin.doi.gov/observer/incidents/f2dfc2de-a148-49db-bd7d-10b0ced141e3
EONET_18122,IRWIN,https://irwin.doi.gov/observer/incidents/5b7a6bc3-9360-44ac-80da-a5c743bbced1
EONET_18001,IRWIN,https://irwin.doi.gov/observer/incidents/ff260155-5376-4ecf-9691-a75c5a2e664f
EONET_18000,IRWIN,https://irwin.doi.gov/observer/incidents/c73f45d9-032b-422c-9414-1c7e736df84d
EONET_17988,IRWIN,https://irwin.doi.gov/observer/incidents/4f17206c-8886-405c-bcee-513ebb49eb34
EONET_17978,IRWIN,https://irwin.doi.gov/observer/incidents/6fb05bbc-8b6c-4439-839b-96d5d59915d5
EONET_17987,IRWIN,https://irwin.doi.gov/observer/incidents/ea5ad7ae-44d8-4496-b332-e271bb023df7
EONET_18002,IRWIN,https://irwin.doi.gov/observer/incidents/e67cc414-09dc-4069-83ff-8101893455cd
EONET_17986,IRWIN,https://irwin.doi.gov/observer/incidents/00841f4d-71dc-400b-b237-a8c71d47d040
EONET_17980,IRWIN,https://irwin.doi.gov/observer/incidents/bf435d89-5f9c-49a1-8996-1e55684f1d3e
EONET_18004,IRWIN,https://irwin.doi.gov/observer/incidents/4f8c6f46-aafa-4f55-9ac5-feba459b4541
EONET_17989,IRWIN,https://irwin.doi.gov/observer/incidents/22417eb2-8828-46a3-9d59-ccdb3bc07b51
EONET_18008,IRWIN,https://irwin.doi.gov/observer/incidents/ac36c1c5-0455-4097-99e4-b20b6f0c28d5
EONET_18003,IRWIN,https://irwin.doi.gov/observer/incidents/14dd954c-9470-44f7-bdb1-e0a18b975126
EONET_17984,IRWIN,https://irwin.doi.gov/observer/incidents/c7718f41-ce42-4836-b377-8c419bd25feb
EONET_18006,IRWIN,https://irwin.doi.gov/observer/incidents/f394517e-7b46-4de2-bef7-91bdd85dea0f
EONET_18005,IRWIN,https://irwin.doi.gov/observer/incidents/1621ec54-0adf-46b2-9d16-91f415e76b44
EONET_18007,IRWIN,https://irwin.doi.gov/observer/incidents/37a8f8dc-119b-4ed0-87da-a37f2dd53f41
EONET_17893,IRWIN,https://irwin.doi.gov/observer/incidents/39dadcee-a1e5-4e05-849e-90821d8ef592
EONET_17894,IRWIN,https://irwin.doi.gov/observer/incidents/33bd09b7-06c2-401e-ac34-3a83a9b1acc1
EONET_17895,IRWIN,https://irwin.doi.gov/observer/incidents/42b84164-cc25-4faa-8429-88a33ba2f326
EONET_17896,IRWIN,https://irwin.doi.gov/observer/incidents/8e1b67db-a585-49d8-a815-1576af82b54d
EONET_17897,IRWIN,https://irwin.doi.gov/observer/incidents/6057797a-212c-437c-830d-94bc50c04890
EONET_17898,IRWIN,https://irwin.doi.gov/observer/incidents/6cd400e5-5a63-4528-926e-914116eb7651
EONET_18018,IRWIN,https://irwin.doi.gov/observer/incidents/83403e2b-d979-48c5-8f0b-3cae6c449c10
EONET_17901,IRWIN,https://irwin.doi.gov/observer/incidents/0078e9dc-64ff-4dfa-ae35-7fc9774d1608
EONET_17907,IRWIN,https://irwin.doi.gov/observer/incidents/a0ba1bb7-7609-4b26-a86d-2b58b6b0133a
EONET_17903,IRWIN,https://irwin.doi.gov/observer/incidents/2939ed58-328d-468e-994d-2d9675230662
EONET_17902,IRWIN,https://irwin.doi.gov/observer/incidents/75eaf8fc-f8a8-4be5-8459-6d6ec9df30ec
EONET_18017,IRWIN,https://irwin.doi.gov/observer/incidents/f4722fb1-ff97-4032-a67e-50598fe4e21c
EONET_17904,IRWIN,https://irwin.doi.gov/observer/incidents/3b4b523f-3e83-4f18-9024-3c69f2d40078
EONET_17900,IRWIN,https://irwin.doi.gov/observer/incidents/c133a8db-03ad-48e2-9ffc-ebdd93c5babc
EONET_18592,NATICE,https://usicecenter.gov/pub/Iceberg_Tabular.csv
EONET_17908,IRWIN,https://irwin.doi.gov/observer/incidents/c492f341-098d-47e2-a8f5-7053538f44cd
EONET_17899,IRWIN,https://irwin.doi.gov/observer/incidents/53aa9071-f4d2-46ad-835c-370e30479992
EONET_17841,IRWIN,https://irwin.doi.gov/observer/incidents/46081a4f-7fe0-483b-8c65-76984a0011e9
EONET_17842,IRWIN,https://irwin.doi.gov/observer/incidents/5407cb5b-d2cf-4c19-affd-210cefee267e
EONET_17910,IRWIN,https://irwin.doi.gov/observer/incidents/89d5ccd7-3c62-4f71-85cd-3c06e12fa4b6
EONET_17844,IRWIN,https://irwin.doi.gov/observer/incidents/0d3c9ef0-3065-4336-bc44-8c2e8a566575
EONET_17909,IRWIN,https://irwin.doi.gov/observer/incidents/72e4702d-1e9f-49e6-afa5-2ef7bd5d001f
EONET_17911,IRWIN,https://irwin.doi.gov/observer/incidents/0253550d-f908-4c3a-95fe-39c318d83a25
EONET_17915,IRWIN,https://irwin.doi.gov/observer/incidents/62a20509-cb04-478b-b663-74f787fd38d2
EONET_17917,IRWIN,https://irwin.doi.gov/observer/incidents/9a844918-a376-4f8d-b285-080e64374254
EONET_17914,IRWIN,https://irwin.doi.gov/observer/incidents/8570fcaf-fb22-431a-9c1c-970ca29a75ec
EONET_17846,IRWIN,https://irwin.doi.gov/observer/incidents/c098a8aa-bac5-4b94-b0c6-4f2386f828b0
EONET_17916,IRWIN,https://irwin.doi.gov/observer/incidents/f64a023f-a220-4bef-9e5f-398227615b57
EONET_17913,IRWIN,https://irwin.doi.gov/observer/incidents/37a9548e-04fc-4e01-a923-781b94cd8716
EONET_17853,IRWIN,https://irwin.doi.gov/observer/incidents/0d22ddf3-4c36-44f0-a95e-caa01ce378d3
EONET_17850,IRWIN,https://irwin.doi.gov/observer/incidents/6f8043f9-8533-4870-9f15-d0c10ba6c27f
EONET_17855,IRWIN,https://irwin.doi.gov/observer/incidents/825b224e-e179-44a7-95ea-5729abd842b3
EONET_17851,IRWIN,https://irwin.doi.gov/observer/incidents/8b789518-3f05-4119-89ce-cdfaadfeb99b
EONET_18016,IRWIN,https://irwin.doi.gov/observer/incidents/3359da43-cb63-4333-adde-03bcf7bde623
EONET_17858,IRWIN,https://irwin.doi.gov/observer/incidents/bf5dfa22-9d03-455b-aa98-acc7eb376e18
EONET_17857,IRWIN,https://irwin.doi.gov/observer/incidents/6057fb96-bf2c-4dab-9218-976339489732
EONET_17852,IRWIN,https://irwin.doi.gov/observer/incidents/cedb0154-720f-40ab-ab9f-196e5b45b2bd
EONET_17847,IRWIN,https://irwin.doi.gov/observer/incidents/67a6d790-b654-4543-a344-2b2c9d4095e3
EONET_17848,IRWIN,https://irwin.doi.gov/observer/incidents/cbbc700d-28f9-4bc7-a334-efc5abb36e1e
EONET_17854,IRWIN,https://irwin.doi.gov/observer/incidents/93713110-0a45-4153-b7c7-00ed3042db13
EONET_17856,IRWIN,https://irwin.doi.gov/observer/incidents/84c91bca-67a2-4db6-aba0-b862ce2a88c7
EONET_17892,IRWIN,https://irwin.doi.gov/observer/incidents/529d9df9-78b3-4d62-b51d-cf2f58412d5e
EONET_17863,IRWIN,https://irwin.doi.gov/observer/incidents/ca24a0ec-dc7b-4297-b260-2cc6cc02f2cc
EONET_18185,IRWIN,https://irwin.doi.gov/observer/incidents/aba3344a-4f75-47a0-affe-7ba0531834e0
EONET_17840,IRWIN,https://irwin.doi.gov/observer/incidents/3488d37e-547b-415d-a04a-507b215e4e66
EONET_17862,IRWIN,https://irwin.doi.gov/observer/incidents/e8e2b7da-eeac-417e-b184-6fbe9bc1adfd
EONET_17912,IRWIN,https://irwin.doi.gov/observer/incidents/79c3da13-da9f-4df6-984b-604653fe05d9
EONET_17859,IRWIN,https://irwin.doi.gov/observer/incidents/5df49ef0-cb60-4d2d-8f66-6235e0ff7d77
EONET_17860,IRWIN,https://irwin.doi.gov/observer/incidents/47766475-2624-4239-82a4-af564259f2ae
EONET_17861,IRWIN,https://irwin.doi.gov/observer/incidents/25a0501f-4187-40d0-b83f-ab7ef2faba39
EONET_17775,IRWIN,https://irwin.doi.gov/observer/incidents/5cc287ad-c8b6-473c-b5fc-7677d560cae0
EONET_17765,IRWIN,https://irwin.doi.gov/observer/incidents/aa496164-5cf4-4add-babc-243790b2800e
EONET_17776,IRWIN,https://irwin.doi.gov/observer/incidents/fca99290-0365-4efe-a7d1-bc032a2d6741
EONET_17771,IRWIN,https://irwin.doi.gov/observer/incidents/2dfe31b1-aafe-48cb-8077-1c27abc94e0b
EONET_17773,IRWIN,https://irwin.doi.gov/observer/incidents/20f52bbd-d4b3-4e58-a797-e711cf5248f2
EONET_17769,IRWIN,https://irwin.doi.gov/observer/incidents/4eb10067-f74a-41f7-b3eb-636ced98327d
EONET_17777,IRWIN,https://irwin.doi.gov/observer/incidents/112aae62-9c63-460f-b13e-de64d710ee18
EONET_17783,IRWIN,https://irwin.doi.gov/observer/incidents/83642eec-a8a1-413c-86d9-64be539056d0
EONET_17779,IRWIN,https://irwin.doi.gov/observer/incidents/90070f9f-a23d-4438-8a7e-798121660a31
EONET_17905,IRWIN,https://irwin.doi.gov/observer/incidents/dc00671b-5e36-4ee9-9b42-cc215f663e11
EONET_17780,IRWIN,https://irwin.doi.gov/observer/incidents/64e4dd84-6803-431d-833b-c0453f71752d
EONET_17782,IRWIN,https://irwin.doi.gov/observer/incidents/1b9233e2-3617-43d7-8a03-b35020f2cfea
EONET_17781,IRWIN,https://irwin.doi.gov/observer/incidents/755d7353-4180-4519-8ac0-2323c1def271
EONET_17774,IRWIN,https://irwin.doi.gov/observer/incidents/c16fc313-e32c-43d1-94b0-a1de52955174
EONET_17764,IRWIN,https://irwin.doi.gov/observer/incidents/c42044b9-9c50-4d18-ada0-d7c08616423c
EONET_17763,IRWIN,https://irwin.doi.gov/observer/incidents/b9da8106-2b51-4aaa-99ec-605d5ff17607
EONET_17784,IRWIN,https://irwin.doi.gov/observer/incidents/524533ed-0e03-45a3-b3c7-f0e42ff06561
EONET_17778,IRWIN,https://irwin.doi.gov/observer/incidents/aa23e5f9-81ff-4da4-9365-eebaf83bf50e
EONET_17768,IRWIN,https://irwin.doi.gov/observer/incidents/92268d9b-6974-4941-b1f6-871dab5bf945
EONET_17785,IRWIN,https://irwin.doi.gov/observer/incidents/58d02567-4942-45ef-ab08-2271a69e5622
EONET_17790,IRWIN,https://irwin.doi.gov/observer/incidents/08d755d9-266f-4278-9acd-c89d1b223a0c
EONET_17793,IRWIN,https://irwin.doi.gov/observer/incidents/be8f0bdf-8df7-4ba8-8309-2b1f984fa329
EONET_17796,IRWIN,https://irwin.doi.gov/observer/incidents/eba69acd-3d68-40c9-bb1e-1af9163ebba5
EONET_17786,IRWIN,https://irwin.doi.gov/observer/incidents/6322c2c3-bf06-43cd-a1b1-557c1997cdde
EONET_17791,IRWIN,https://irwin.doi.gov/observer/incidents/403961df-b5ef-42e7-9b47-3f18348739ea
EONET_18015,IRWIN,https://irwin.doi.gov/observer/incidents/610f0108-38f4-4e37-86d8-92aa0f5d68e1
EONET_17792,IRWIN,https://irwin.doi.gov/observer/incidents/9c9dd253-8132-4c12-92ef-67649a974d25
EONET_17794,IRWIN,https://irwin.doi.gov/observer/incidents/c22c9254-b3c3-4619-9182-e76222b15737
EONET_17814,IRWIN,https://irwin.doi.gov/observer/incidents/2b9933f9-733d-4576-bb22-ece4e181ed2b
EONET_17789,IRWIN,https://irwin.doi.gov/observer/incidents/196524bc-8cbf-49e4-ab52-e8ae61760536
EONET_17803,IRWIN,https://irwin.doi.gov/observer/incidents/68ef4ef3-5b2f-472e-8732-2d4da172cc4a
EONET_17795,IRWIN,https://irwin.doi.gov/observer/incidents/883a6935-facf-4c00-850f-c479fcee273f
EONET_17797,IRWIN,https://irwin.doi.gov/observer/incidents/3ca229d7-6a30-44d1-98f6-37379f58c51b
EONET_17810,IRWIN,https://irwin.doi.gov/observer/incidents/3f14f027-b1cd-4fd0-9c55-34f2d53cf299
EONET_17812,IRWIN,https://irwin.doi.gov/observer/incidents/555db2f6-0722-4242-924d-5aaf16953efd
EONET_17802,IRWIN,https://irwin.doi.gov/observer/incidents/bb9c7f28-5aca-42ee-9557-1ff5ee4e0f95
EONET_17799,IRWIN,https://irwin.doi.gov/observer/incidents/33961d89-9d86-4a3d-8550-de86009c687d
EONET_17811,IRWIN,https://irwin.doi.gov/observer/incidents/bf7520ef-f282-483c-a654-bc4cee91a8e8
EONET_17813,IRWIN,https://irwin.doi.gov/observer/incidents/70c5bf54-f056-4a39-a4e0-c1934af91b66
EONET_17806,IRWIN,https://irwin.doi.gov/observer/incidents/114e5ca7-1edf-4c8b-95aa-d65cb198f786
EONET_18014,IRWIN,https://irwin.doi.gov/observer/incidents/3c855d23-edda-44f1-851e-dedf7b7c5456
EONET_17804,IRWIN,https://irwin.doi.gov/observer/incidents/468bf4be-7e82-4cbc-8eb1-d389b6beac31
EONET_18012,IRWIN,https://irwin.doi.gov/observer/incidents/11b3d711-3bbd-4e98-9f3a-220961cc1053
EONET_18013,IRWIN,https://irwin.doi.gov/observer/incidents/f9826a7a-2708-4685-b295-eeb528a1082d
EONET_17772,IRWIN,https://irwin.doi.gov/observer/incidents/820cb558-5727-4731-9148-c26aac16cba0
EONET_17788,IRWIN,https://irwin.doi.gov/observer/incidents/40587df1-29bf-4ed6-92a8-a3933e203105
EONET_17787,IRWIN,https://irwin.doi.gov/observer/incidents/fdfe701f-5b97-41e2-ade1-dd73bbeec678
EONET_17808,IRWIN,https://irwin.doi.gov/observer/incidents/e429f26f-7378-493b-8f2e-98d2f9d6372b
EONET_17801,IRWIN,https://irwin.doi.gov/observer/incidents/4871fc8d-3453-411f-ac82-7518d2a79ab3
EONET_17711,IRWIN,https://irwin.doi.gov/observer/incidents/20d222a4-26e5-4440-b30f-da9a97511073
EONET_17800,IRWIN,https://irwin.doi.gov/observer/incidents/ed987d2a-f882-42f8-9efc-7fc5845913a9
EONET_17712,IRWIN,https://irwin.doi.gov/observer/incidents/82e148ea-6760-4d25-9683-7f02d0543c13
EONET_17798,IRWIN,https://irwin.doi.gov/observer/incidents/9d846053-1aa9-40bc-b2c4-5089cd609678
EONET_17845,IRWIN,https://irwin.doi.gov/observer/incidents/e6db8c76-6b62-4cc9-8475-49408a9daa07
EONET_18011,IRWIN,https://irwin.doi.gov/observer/incidents/faeacc48-9096-4928-9631-dc102a162e2d
EONET_17717,IRWIN,https://irwin.doi.gov/observer/incidents/87ceaf02-d700-4480-8bf7-ba6f5c2dd38a
EONET_17718,IRWIN,https://irwin.doi.gov/observer/incidents/3525af6b-d678-4921-8179-ee50e0b6a7f2
EONET_17716,IRWIN,https://irwin.doi.gov/observer/incidents/0f0a1d73-7dfe-4113-852f-67a03354b66a
EONET_17719,IRWIN,https://irwin.doi.gov/observer/incidents/45ad4b4f-7796-4243-aeeb-6f4e57688a47
EONET_17809,IRWIN,https://irwin.doi.gov/observer/incidents/9cc6884a-4fdb-4029-9f6f-09aca922beb4
EONET_17720,IRWIN,https://irwin.doi.gov/observer/incidents/d8de2499-d432-4db0-a89f-da0d638508b1
EONET_17805,IRWIN,https://irwin.doi.gov/observer/incidents/c87914a7-7124-4926-a99d-eb726bef4a06
EONET_17724,IRWIN,https://irwin.doi.gov/observer/incidents/1c89da63-a1e9-42b5-be83-9a4d49cfa6cd
EONET_17725,IRWIN,https://irwin.doi.gov/observer/incidents/c9dd9caa-2058-4387-bd91-9c70ed5e7282
EONET_17662,IRWIN,https://irwin.doi.gov/observer/incidents/68e02cb2-1283-4fb3-bf72-200d6debccbb
EONET_17728,IRWIN,https://irwin.doi.gov/observer/incidents/1e50ca58-7a4e-4d3c-9d80-2b6da8913b43
EONET_18010,IRWIN,https://irwin.doi.gov/observer/incidents/3a3e5faf-f59b-4170-a132-156f854d12f4
EONET_17664,IRWIN,https://irwin.doi.gov/observer/incidents/001a6dac-601f-4743-ab4e-82df07edc9f2
EONET_17721,IRWIN,https://irwin.doi.gov/observer/incidents/3748121d-05de-4e44-870b-b0a00348986f
EONET_17723,IRWIN,https://irwin.doi.gov/observer/incidents/95ff7244-d4a3-43a4-825e-aeb1365f9a8d
EONET_17722,IRWIN,https://irwin.doi.gov/observer/incidents/5516b20c-511e-4121-bcdf-1c142ba90351
EONET_17660,IRWIN,https://irwin.doi.gov/observer/incidents/5c675fb6-3b53-4669-9162-bcfd28a14cb7
EONET_17726,IRWIN,https://irwin.doi.gov/observer/incidents/b986874c-cb0d-4847-89dc-5f472ef0d54b
EONET_17659,IRWIN,https://irwin.doi.gov/observer/incidents/d27ff4c8-f58f-4009-a292-30e7069be207
EONET_17727,IRWIN,https://irwin.doi.gov/observer/incidents/7257c582-23d2-413e-919e-7d46a917f844
EONET_17667,IRWIN,https://irwin.doi.gov/observer/incidents/813c5764-ab43-4352-ad98-74c1b4ab52e6
EONET_17666,IRWIN,https://irwin.doi.gov/observer/incidents/449f3014-e404-4fff-a056-0455ff571e69
EONET_17668,IRWIN,https://irwin.doi.gov/observer/incidents/ba6eef49-6938-47b5-b06d-11a02afce52f
EONET_17670,IRWIN,https://irwin.doi.gov/observer/incidents/ac582fd8-ea0d-410f-b7c0-b4d5216da38d
EONET_17663,IRWIN,https://irwin.doi.gov/observer/incidents/279b9790-183e-47d9-bc52-43aede480e3d
EONET_17665,IRWIN,https://irwin.doi.gov/observer/incidents/e04ed839-784e-4684-97a9-cc1853c38d9d
EONET_18009,IRWIN,https://irwin.doi.gov/observer/incidents/626c2dc2-e721-4a8c-b2a6-bd38f7e7a990
EONET_17672,IRWIN,https://irwin.doi.gov/observer/incidents/b11f1846-0c3a-4eb7-a8f6-6f188f1878eb
EONET_17675,IRWIN,https://irwin.doi.gov/observer/incidents/43b712ff-8eff-4198-b928-46e8fbf69f7c
EONET_17673,IRWIN,https://irwin.doi.gov/observer/incidents/34572478-e191-46ad-b29e-c312267e36ee
EONET_17669,IRWIN,https://irwin.doi.gov/observer/incidents/87c0db97-725c-467e-bbb6-3784b3f28759
EONET_17586,IRWIN,https://irwin.doi.gov/observer/incidents/5dd53b40-3336-4412-98a4-0f704a89a9f9
EONET_17585,IRWIN,https://irwin.doi.gov/observer/incidents/edecd30c-a91f-40cd-bfd2-b85e58cbc591
EONET_17715,IRWIN,https://irwin.doi.gov/observer/incidents/750f7234-3c63-4ad0-9bd8-997e616913e2
EONET_17588,IRWIN,https://irwin.doi.gov/observer/incidents/8e469c89-b8dc-4c4d-aac1-e67d6ec1ac81
EONET_17589,IRWIN,https://irwin.doi.gov/observer/incidents/cbb57631-7da1-4e37-bede-e4c5d9b44fcb
EONET_17587,IRWIN,https://irwin.doi.gov/observer/incidents/a5e10f23-9159-43ec-a386-0b679356b992
EONET_17590,IRWIN,https://irwin.doi.gov/observer/incidents/40e3fc42-9925-4c8c-80d8-86261754e7a4
EONET_17679,IRWIN,https://irwin.doi.gov/observer/incidents/d3f8a907-2ea0-479d-a382-c8ac16996a75
EONET_17674,IRWIN,https://irwin.doi.gov/observer/incidents/f3817347-7334-4f66-8581-ac69e0914209
EONET_17593,IRWIN,https://irwin.doi.gov/observer/incidents/889ee85a-3417-4aec-9abd-8e3e5b116ad4
EONET_17594,IRWIN,https://irwin.doi.gov/observer/incidents/8686cf2c-6f16-48e1-9a0b-67efefeca27b
EONET_17680,IRWIN,https://irwin.doi.gov/observer/incidents/5bd629b2-eb3a-481d-90e2-036528888f9a
EONET_17678,IRWIN,https://irwin.doi.gov/observer/incidents/db9cfdaa-2e75-4597-a21e-afeffae33811
EONET_17592,IRWIN,https://irwin.doi.gov/observer/incidents/8436645c-be2b-428d-b50f-a344f94ba94a
EONET_17676,IRWIN,https://irwin.doi.gov/observer/incidents/e3f45d27-04b7-4117-a68c-b9e9fe300f8b
EONET_17677,IRWIN,https://irwin.doi.gov/observer/incidents/8de85c3e-3ce6-45b1-84d2-96053555ce80
EONET_17906,IRWIN,https://irwin.doi.gov/observer/incidents/e6dfc7d7-4d3b-433c-b776-a286185384f9
EONET_17453,IRWIN,https://irwin.doi.gov/observer/incidents/5b75ae4d-68dc-4b93-9d8f-cf8befdfcdb6
EONET_17454,IRWIN,https://irwin.doi.gov/observer/incidents/67ef0367-bcc6-4feb-bf85-b97d1dc9d6f6
EONET_17455,IRWIN,https://irwin.doi.gov/observer/incidents/b1aa95bd-045f-4045-8b42-7c8e15dc3a77
EONET_17452,IRWIN,https://irwin.doi.gov/observer/incidents/feb87463-d914-4e47-9768-dbce5910ecb4
EONET_17457,IRWIN,https://irwin.doi.gov/observer/incidents/c39e59e4-71e7-4d56-a78e-09bafe6c2522
EONET_17459,IRWIN,https://irwin.doi.gov/observer/incidents/54b40047-d2c9-4631-a249-794c5223822b
EONET_17463,IRWIN,https://irwin.doi.gov/observer/incidents/4e948e9c-0765-4d23-a659-19f554eca9f4
EONET_17464,IRWIN,https://irwin.doi.gov/observer/incidents/9e8e24dc-8e07-4e0e-bbca-2087f218082f
EONET_17465,IRWIN,https://irwin.doi.gov/observer/incidents/fabdfb65-de9e-4189-9521-f5ed9cfc6072
EONET_17467,IRWIN,https://irwin.doi.gov/observer/incidents/60c58e03-a208-402a-8404-1e37ffac288b
EONET_17466,IRWIN,https://irwin.doi.gov/observer/incidents/8b31352c-49f2-4dac-bbb1-8519605e0dab
EONET_17450,IRWIN,https://irwin.doi.gov/observer/incidents/4babcd10-4261-4a56-ad0f-89a1d5e6d4b3
EONET_17661,IRWIN,https://irwin.doi.gov/observer/incidents/1285125a-7ee6-44fa-8504-c378741c63d9
EONET_17317,IRWIN,https://irwin.doi.gov/observer/incidents/83de4ce1-0696-4fd6-8bbb-c37c84081516
EONET_17318,IRWIN,https://irwin.doi.gov/observer/incidents/8de25a7c-241a-4d62-8174-f4b0c76ded9c
EONET_17807,IRWIN,https://irwin.doi.gov/observer/incidents/279a5f24-a0a4-4766-9401-afd5ea3fc35c
EONET_17469,IRWIN,https://irwin.doi.gov/observer/incidents/0c248afe-acef-4f15-b000-6299008eca77
EONET_17319,IRWIN,https://irwin.doi.gov/observer/incidents/2c1fcf49-f119-4ac8-b482-d1db34c918d2
EONET_17320,IRWIN,https://irwin.doi.gov/observer/incidents/730dfac8-5cea-41ae-a936-47e2043bf7cc
EONET_17316,IRWIN,https://irwin.doi.gov/observer/incidents/f0bd31f9-4cb4-4aec-95b0-54a1c42c6184
EONET_17321,IRWIN,https://irwin.doi.gov/observer/incidents/7e8ee9b9-6145-4487-bdb9-6f70530e374b
EONET_17462,IRWIN,https://irwin.doi.gov/observer/incidents/e8ee0f03-5cb4-44da-b436-4f33774530fb
EONET_17322,IRWIN,https://irwin.doi.gov/observer/incidents/2cee0291-aef2-4959-8f6c-112fa0e7eb30
EONET_17323,IRWIN,https://irwin.doi.gov/observer/incidents/5c81ef3d-a8b7-4d10-9d78-d9f70f2fd514
EONET_17324,IRWIN,https://irwin.doi.gov/observer/incidents/2420aafb-7341-4660-b2a8-0b1c275d9271
EONET_17468,IRWIN,https://irwin.doi.gov/observer/incidents/c979d96d-3bd4-497d-924c-63eb9a9e2998
EONET_17451,IRWIN,https://irwin.doi.gov/observer/incidents/80a96f1b-2a49-4f63-81bc-44f86298f9bb
EONET_17327,IRWIN,https://irwin.doi.gov/observer/incidents/2986a69c-44f2-4af9-997c-77e29839b1ad
EONET_17328,IRWIN,https://irwin.doi.gov/observer/incidents/63a243a2-0653-4664-bded-c2e605d3de45
EONET_17326,IRWIN,https://irwin.doi.gov/observer/incidents/3280e087-8c01-4624-8967-7018e6565d69
EONET_17333,IRWIN,https://irwin.doi.gov/observer/incidents/89d37d77-6046-40f3-9913-a93ead4cba0d
EONET_17329,IRWIN,https://irwin.doi.gov/observer/incidents/1e33ee90-0c4c-4ddd-94fd-91b7d5f59765
EONET_17330,IRWIN,https://irwin.doi.gov/observer/incidents/fa027f3d-3719-438b-94e7-dcb23acc5860
EONET_17334,IRWIN,https://irwin.doi.gov/observer/incidents/c7529b87-9c5f-4d92-aa68-fec9305222e1
EONET_17332,IRWIN,https://irwin.doi.gov/observer/incidents/8eeb2236-4e38-489a-a030-f36071eb5adb
EONET_17331,IRWIN,https://irwin.doi.gov/observer/incidents/337debb8-7604-4f75-84c1-630e46a8f91b
EONET_17227,IRWIN,https://irwin.doi.gov/observer/incidents/712dad26-404a-4037-851b-353cd0f60793
EONET_17223,IRWIN,https://irwin.doi.gov/observer/incidents/48528ec4-5fd9-4531-9af3-a76be2678b05
EONET_17224,IRWIN,https://irwin.doi.gov/observer/incidents/aca26324-905f-4350-b154-beae10513bae
EONET_17231,IRWIN,https://irwin.doi.gov/observer/incidents/c2518abd-f299-4e1a-bdf3-73ec027c2bbd
EONET_17228,IRWIN,https://irwin.doi.gov/observer/incidents/c0c1e923-0aae-4387-b5ba-f70ebc49c7fa
EONET_17232,IRWIN,https://irwin.doi.gov/observer/incidents/51acbfd6-4558-4cdf-b19b-ee25134bd873
EONET_17230,IRWIN,https://irwin.doi.gov/observer/incidents/67d9b1a0-28f7-483a-824f-e471568eed01
EONET_17233,IRWIN,https://irwin.doi.gov/observer/incidents/72f889ec-3746-4919-97cf-5cd9a048721a
EONET_17461,IRWIN,https://irwin.doi.gov/observer/incidents/50aa3730-ab84-48cf-8190-f3224b585c9b
EONET_17458,IRWIN,https://irwin.doi.gov/observer/incidents/841e2992-2676-44be-81d8-624e289d1757
EONET_17237,IRWIN,https://irwin.doi.gov/observer/incidents/2296508c-887e-4ba4-93bc-73d080362a57
EONET_17591,IRWIN,https://irwin.doi.gov/observer/incidents/69d53944-3b3d-4df6-a031-e184358bc103
EONET_17236,IRWIN,https://irwin.doi.gov/observer/incidents/b34a810b-d53f-40fa-90e7-815de6fd1bbb
EONET_17235,IRWIN,https://irwin.doi.gov/observer/incidents/2d821f3e-bc43-42cd-9f76-83001db07f61
EONET_17239,IRWIN,https://irwin.doi.gov/observer/incidents/097b6541-9399-4415-a674-0decc3ee94f3
EONET_17101,IRWIN,https://irwin.doi.gov/observer/incidents/d901a0af-b701-4729-9685-01f22e575e26
EONET_17238,IRWIN,https://irwin.doi.gov/observer/incidents/d60e5fae-8b3c-4731-abbe-1da6aa2da4d2
EONET_17240,IRWIN,https://irwin.doi.gov/observer/incidents/903b8f08-589b-4593-9d31-a710081c4a90
EONET_17226,IRWIN,https://irwin.doi.gov/observer/incidents/6eb9f19f-8fec-4a75-9e23-76e46db72726
EONET_17225,IRWIN,https://irwin.doi.gov/observer/incidents/f0d2dcca-0f15-445d-afe8-0d0a0fa75bfd
EONET_17103,IRWIN,https://irwin.doi.gov/observer/incidents/9c27c423-ab52-4541-a712-585af3751aa3
EONET_17104,IRWIN,https://irwin.doi.gov/observer/incidents/85e2d32a-e890-4570-8122-0a2794048d80
EONET_17460,IRWIN,https://irwin.doi.gov/observer/incidents/f4e9c48b-f550-4c97-8f6b-1863c66caba5
EONET_17241,IRWIN,https://irwin.doi.gov/observer/incidents/c89e86b2-67a5-4ae6-9313-1cc5ad50eeeb
EONET_17102,IRWIN,https://irwin.doi.gov/observer/incidents/9eca397d-ca0b-4f54-9e32-f2bf313e75f8
EONET_17106,IRWIN,https://irwin.doi.gov/observer/incidents/126e90a1-0cdc-4d71-96a2-c005a563e888
EONET_17105,IRWIN,https://irwin.doi.gov/observer/incidents/bcdc917e-c3da-4864-894a-6e3ab295c1f8
EONET_17234,IRWIN,https://irwin.doi.gov/observer/incidents/75d9ec75-7ec1-421e-b993-c6c2e40d1feb
EONET_16976,IRWIN,https://irwin.doi.gov/observer/incidents/4393a164-d6f5-4c5b-842b-986916058383
EONET_17165,EO,https://science.nasa.gov/earth/earth-observatory/eruption-at-mayon/
EONET_17165,SIVolcano,https://volcano.si.edu/volcano.cfm?vn=273030
EONET_17584,IRWIN,https://irwin.doi.gov/observer/incidents/3cffe4ab-b513-41d8-8b28-c0acf4116481
EONET_17229,IRWIN,https://irwin.doi.gov/observer/incidents/b34c79c1-85a4-4dbe-a73b-56b68af605eb
EONET_16811,IRWIN,https://irwin.doi.gov/observer/incidents/8bf47127-7d41-460a-bbe5-d96ddab0cd9b
EONET_16812,IRWIN,https://irwin.doi.gov/observer/incidents/88f45644-caf2-4ff1-a640-eb5f2e380cef
EONET_16815,IRWIN,https://irwin.doi.gov/observer/incidents/82154696-e548-4d42-b240-06a8b5aa95fe
EONET_16816,IRWIN,https://irwin.doi.gov/observer/incidents/38f244bc-a1e9-407d-84a8-f473b68ca8e3
EONET_16817,IRWIN,https://irwin.doi.gov/observer/incidents/5cc8572d-9b28-4e45-a5bb-99a3a2575b7f
EONET_17166,SIVolcano,https://volcano.si.edu/volcano.cfm?vn=354006
EONET_16718,IRWIN,https://irwin.doi.gov/observer/incidents/e1ad637f-6723-4f32-8d3a-689bb90a4850
EONET_16614,IRWIN,https://irwin.doi.gov/observer/incidents/9e5ca387-8a35-48c9-ac66-efd0ea9203b0
EONET_16613,IRWIN,https://irwin.doi.gov/observer/incidents/bcd81a6b-c82e-404d-86d4-b9ad45cd37dd
EONET_16717,IRWIN,https://irwin.doi.gov/observer/incidents/d46f7f06-bbf2-44a0-a27e-157c2ce460b3
EONET_16517,IRWIN,https://irwin.doi.gov/observer/incidents/36bf5e21-134c-4543-9cea-b379e6bc1c6c
EONET_16518,IRWIN,https://irwin.doi.gov/observer/incidents/3c182aca-b92b-4b39-85be-ac8382c0bec8
EONET_16813,IRWIN,https://irwin.doi.gov/observer/incidents/80bced9a-f4e0-41b8-bf45-1d1a7bd88e58
EONET_16519,IRWIN,https://irwin.doi.gov/observer/incidents/358c6e78-82af-438f-9d9d-32bf895fc7ab
EONET_16520,IRWIN,https://irwin.doi.gov/observer/incidents/0b3bcf66-5b22-485b-bf94-752fb42add7a
EONET_16404,IRWIN,https://irwin.doi.gov/observer/incidents/6fa2952d-ef68-478e-b97e-bc3e45a866b5
EONET_16405,IRWIN,https://irwin.doi.gov/observer/incidents/ecd965da-3ccd-4a55-b7c0-95b763d11d61
EONET_16406,IRWIN,https://irwin.doi.gov/observer/incidents/784bad36-ab8b-412f-a173-7d6a5a84088b
EONET_16300,IRWIN,https://irwin.doi.gov/observer/incidents/5104c261-c20d-4f98-9075-dea48dded603
EONET_16298,IRWIN,https://irwin.doi.gov/observer/incidents/60dc5be0-5b6a-42e4-92d5-f455238bad07
EONET_16299,IRWIN,https://irwin.doi.gov/observer/incidents/5a7c223c-10f4-4184-81e3-382aa92aef23
EONET_16303,IRWIN,https://irwin.doi.gov/observer/incidents/bf234461-aa98-4fe3-80e6-3a02d597b72e
EONET_16407,IRWIN,https://irwin.doi.gov/observer/incidents/6b1dbff0-1cb0-4059-9fda-90b502b70bd7
EONET_16301,IRWIN,https://irwin.doi.gov/observer/incidents/b24125d0-5877-4644-89df-d1c9b9cecf52
EONET_16304,IRWIN,https://irwin.doi.gov/observer/incidents/452b2d3a-355d-496b-b714-a7b7cf2127cb
EONET_16302,IRWIN,https://irwin.doi.gov/observer/incidents/baf2beaa-b380-446b-ba7c-75ab48316d87
EONET_16259,IRWIN,https://irwin.doi.gov/observer/incidents/94988e37-a6bc-415a-9acf-ee4e65264c09
EONET_16260,IRWIN,https://irwin.doi.gov/observer/incidents/c86a2dac-91b8-421d-b16b-fb8f7138d8e7
EONET_16262,IRWIN,https://irwin.doi.gov/observer/incidents/2f327ebe-c134-41db-bcc2-30e543cff4c9
EONET_16264,IRWIN,https://irwin.doi.gov/observer/incidents/e4ade81a-4db6-40d3-825a-256a5e63689a
EONET_16258,IRWIN,https://irwin.doi.gov/observer/incidents/096ecf62-bfad-414e-a52e-82557b882805
EONET_16203,SIVolcano,https://volcano.si.edu/volcano.cfm?vn=257030
EONET_16265,IRWIN,https://irwin.doi.gov/observer/incidents/59505b42-17c5-4a4a-8567-c068e013bcfb
EONET_16202,SIVolcano,https://volcano.si.edu/volcano.cfm?vn=351060
EONET_16263,IRWIN,https://irwin.doi.gov/observer/incidents/ad128565-ce07-4800-80f8-79ba17407b86
EONET_15984,IRWIN,https://irwin.doi.gov/observer/incidents/1b0e93a9-eaf0-4493-8bc5-99ae681ecb85
EONET_15987,IRWIN,https://irwin.doi.gov/observer/incidents/7bbc82b2-50c2-4da2-9470-1dc625c85bd3
EONET_16261,IRWIN,https://irwin.doi.gov/observer/incidents/d7876904-bd19-4e44-91fb-02d899625c9f
EONET_15986,IRWIN,https://irwin.doi.gov/observer/incidents/40112ed4-3f7b-4f18-ae53-7ca9cf1db43f
EONET_15983,IRWIN,https://irwin.doi.gov/observer/incidents/aa22960f-2a0b-43c0-b227-bbefcd7ed1ce
EONET_15985,IRWIN,https://irwin.doi.gov/observer/incidents/78ce0fd4-b6d3-430e-a5d3-a5ff0654b91d
EONET_15895,IRWIN,https://irwin.doi.gov/observer/incidents/60346a5a-75f5-4072-8b19-859df8d95465
EONET_15893,IRWIN,https://irwin.doi.gov/observer/incidents/a4e57f3d-b22f-48e3-bfa7-c37eb7f45ffa
EONET_15894,IRWIN,https://irwin.doi.gov/observer/incidents/51cb1146-9b1a-4902-977a-7d67ebe4e02b
EONET_15896,IRWIN,https://irwin.doi.gov/observer/incidents/678c76df-8df2-49d2-a08b-2f2310b1aa9c
EONET_15876,IRWIN,https://irwin.doi.gov/observer/incidents/7e32c591-5117-4395-88ff-486da74fe416
EONET_15877,IRWIN,https://irwin.doi.gov/observer/incidents/3ec3de66-ed95-459e-8cf1-f17a2bb9e30a
EONET_15879,IRWIN,https://irwin.doi.gov/observer/incidents/973c75c0-5a01-468e-9188-05b63aa6e202
EONET_15880,IRWIN,https://irwin.doi.gov/observer/incidents/4525ecfd-c7ff-4b2d-ba58-a985ba3eca34
EONET_15882,IRWIN,https://irwin.doi.gov/observer/incidents/0ab1e82a-fbba-494a-b316-7455a04e23a0
EONET_15878,IRWIN,https://irwin.doi.gov/observer/incidents/fb1e7641-9da2-4a07-bebf-fc64bb0a5d3e
EONET_15864,IRWIN,https://irwin.doi.gov/observer/incidents/f24c7430-bd12-49f7-b305-9e5c4804e3e7
EONET_15867,IRWIN,https://irwin.doi.gov/observer/incidents/98456a34-ae64-4bb4-83b5-1f5b488269ab
EONET_15865,IRWIN,https://irwin.doi.gov/observer/incidents/df0ba5af-1af6-4bbd-ba6a-121006978699
EONET_15863,IRWIN,https://irwin.doi.gov/observer/incidents/8d4678da-e39c-4480-af3f-5a6ce0457379
EONET_15874,IRWIN,https://irwin.doi.gov/observer/incidents/1d5bcfcf-29fe-4bbd-bf2e-12f742b47579
EONET_15873,IRWIN,https://irwin.doi.gov/observer/incidents/5c24475f-6a8d-42d7-87b3-8c086456eb48
EONET_15869,IRWIN,https://irwin.doi.gov/observer/incidents/809f13e0-a7b6-47de-a4d7-704451029f4e
EONET_15857,IRWIN,https://irwin.doi.gov/observer/incidents/71f20479-93f0-4d83-86d5-2059d4875949
EONET_15856,IRWIN,https://irwin.doi.gov/observer/incidents/0362d20c-542c-4ad6-9ade-151f5e615098
EONET_15870,IRWIN,https://irwin.doi.gov/observer/incidents/5c5f33d8-64d6-4ec2-a4ff-4158d0fbf487
EONET_15852,NATICE,https://usicecenter.gov/pub/Iceberg_Tabular.csv
EONET_15871,IRWIN,https://irwin.doi.gov/observer/incidents/8ec7112c-0aa3-4b34-a63a-36b47c4e1ec6
EONET_15843,IRWIN,https://irwin.doi.gov/observer/incidents/07aa17c0-6030-4a36-a734-456fa472b5d2
EONET_15872,IRWIN,https://irwin.doi.gov/observer/incidents/df0a95d4-b9bf-4bde-a2f1-89189cfbde9f
EONET_15866,IRWIN,https://irwin.doi.gov/observer/incidents/ad8559d8-8490-418e-a4d6-d31d7b38e00b
EONET_15831,IRWIN,https://irwin.doi.gov/observer/incidents/c6e57de6-f9f7-4ae7-be0f-41530065349a
EONET_15842,IRWIN,https://irwin.doi.gov/observer/incidents/412d6dd6-66db-48a9-8b8b-7c17b65fb1cc
EONET_15846,IRWIN,https://irwin.doi.gov/observer/incidents/2ea0019e-afb6-4a85-aa28-095cac1cf337
EONET_15833,IRWIN,https://irwin.doi.gov/observer/incidents/353da052-c0e5-454d-83a8-00ec611e38bd
EONET_15820,IRWIN,https://irwin.doi.gov/observer/incidents/6cb161ec-f0e9-462f-9055-198174161fba
EONET_15881,IRWIN,https://irwin.doi.gov/observer/incidents/344eae90-b2af-4d50-8c2f-c30f50483db1
EONET_15807,IRWIN,https://irwin.doi.gov/observer/incidents/3797347a-52f0-4dd9-9537-0f699e97be44
EONET_15832,IRWIN,https://irwin.doi.gov/observer/incidents/1c0a65ba-2e20-418e-8869-bdb7c24404c4
EONET_15845,IRWIN,https://irwin.doi.gov/observer/incidents/a7808d44-79dd-4e40-af30-f89f7c085b7a
EONET_15844,IRWIN,https://irwin.doi.gov/observer/incidents/bd5304db-2e51-4b06-8860-9ff6befe9e99
EONET_15787,IRWIN,https://irwin.doi.gov/observer/incidents/c44f7bde-b5b0-4940-a897-7617cf370976
EONET_15786,IRWIN,https://irwin.doi.gov/observer/incidents/08957217-8a75-4864-8c4c-5b7787d17cbe
EONET_15785,IRWIN,https://irwin.doi.gov/observer/incidents/a1505664-3612-4861-a990-c16446e1d90a
EONET_15680,IRWIN,https://irwin.doi.gov/observer/incidents/5e5a2a7c-b198-4ae5-a5b9-f32769083f72
EONET_15626,IRWIN,https://irwin.doi.gov/observer/incidents/fb56397d-287d-4a2a-900b-22c34e4f88d5
EONET_15789,IRWIN,https://irwin.doi.gov/observer/incidents/bdb9e5c4-0cb4-4666-aacb-3b3ce8d38105
EONET_15818,IRWIN,https://irwin.doi.gov/observer/incidents/206e6902-e33a-4692-bfeb-0943272d1cdd
EONET_15577,IRWIN,https://irwin.doi.gov/observer/incidents/0e7df435-5150-4ff7-99d5-e96a77d4910a
EONET_15682,IRWIN,https://irwin.doi.gov/observer/incidents/cd96cd76-5b41-4edf-9073-26efe55427d5
EONET_15579,IRWIN,https://irwin.doi.gov/observer/incidents/ae92a1c1-f9ea-4185-b076-409335234fe1
EONET_15580,IRWIN,https://irwin.doi.gov/observer/incidents/0fa1213d-3957-4b06-8140-8fe1e6d8edec
EONET_15520,IRWIN,https://irwin.doi.gov/observer/incidents/11c23073-022a-40c1-b5f9-02be6a6b63e2
EONET_15521,IRWIN,https://irwin.doi.gov/observer/incidents/9210b59e-bf90-4077-a408-96710ebc4f5e
EONET_15519,IRWIN,https://irwin.doi.gov/observer/incidents/42c3159f-ba82-4e8f-bf11-840ba2264f97
EONET_15518,IRWIN,https://irwin.doi.gov/observer/incidents/c0a7db6d-5cbb-4807-b575-bae4858afad7
EONET_15523,IRWIN,https://irwin.doi.gov/observer/incidents/04907d66-e8db-46ad-b0d3-2cba8112fc60
EONET_15627,IRWIN,https://irwin.doi.gov/observer/incidents/ef4fa156-0af9-4992-8c2a-a9fde2b4d9b4
EONET_15432,IRWIN,https://irwin.doi.gov/observer/incidents/6a4274e1-9032-464c-a52a-de10fb213597
EONET_15435,IRWIN,https://irwin.doi.gov/observer/incidents/2a4440a5-9a6c-4ea6-94f6-2563c086f288
EONET_15437,IRWIN,https://irwin.doi.gov/observer/incidents/fba8a097-04ec-4dcc-bbf2-aa8fd604c16a
EONET_15811,SIVolcano,https://volcano.si.edu/volcano.cfm?vn=272020
EONET_15434,IRWIN,https://irwin.doi.gov/observer/incidents/cb13e98f-3142-433c-ad82-c515570a5057
EONET_15439,IRWIN,https://irwin.doi.gov/observer/incidents/ab3335dd-1e31-4d9d-933e-2fc4b32366eb
EONET_15431,IRWIN,https://irwin.doi.gov/observer/incidents/8f6d9663-8e0f-4c84-818c-9481971e997c
EONET_15576,IRWIN,https://irwin.doi.gov/observer/incidents/a1269d6e-8911-41f0-95cd-edf0416e43fe
EONET_15380,IRWIN,https://irwin.doi.gov/observer/incidents/58dd085b-1bdc-4f41-9322-f6d1fc773c2e
EONET_15385,IRWIN,https://irwin.doi.gov/observer/incidents/02479d31-871d-4045-9f0d-440dc2424a07
EONET_15387,IRWIN,https://irwin.doi.gov/observer/incidents/e9223ead-64bd-494f-a182-89943d3365a4
EONET_15382,IRWIN,https://irwin.doi.gov/observer/incidents/be891e8a-2950-44ec-9a93-ddf3ebeaa6f3
EONET_15381,IRWIN,https://irwin.doi.gov/observer/incidents/cafba52b-5518-4b51-858b-8a1ee089a3ff
EONET_15522,IRWIN,https://irwin.doi.gov/observer/incidents/ad3b97c8-8521-4872-964c-aae489b87481
EONET_15388,IRWIN,https://irwin.doi.gov/observer/incidents/850543d7-f7fe-450a-a0a3-605e37cad462
EONET_15384,IRWIN,https://irwin.doi.gov/observer/incidents/3b33f5ef-80db-4760-a91b-bf7c325dfe8f
EONET_15282,IRWIN,https://irwin.doi.gov/observer/incidents/cfeaebe0-c957-4747-865b-80fcf778c032
EONET_15433,IRWIN,https://irwin.doi.gov/observer/incidents/4de8001e-f267-4e74-a2e4-f04b7d19be81
EONET_15301,IRWIN,https://irwin.doi.gov/observer/incidents/82fd84c2-8959-45b3-9c97-6f32529b7b82
EONET_15284,IRWIN,https://irwin.doi.gov/observer/incidents/28f644d1-4403-4056-b10b-1dea33a4a3ef
EONET_15290,IRWIN,https://irwin.doi.gov/observer/incidents/e13cbf1b-109f-4c0d-9c56-6b5e78dd74a9
EONET_15297,IRWIN,https://irwin.doi.gov/observer/incidents/c4a97c39-16d0-4633-aae8-fe02b31fd2c0
EONET_15283,IRWIN,https://irwin.doi.gov/observer/incidents/2f4a0528-068a-4b14-a6a7-96a011f11b81
EONET_15285,IRWIN,https://irwin.doi.gov/observer/incidents/a32f652d-3cee-4438-ada3-71d766edb4fc
EONET_15288,IRWIN,https://irwin.doi.gov/observer/incidents/0579673b-411f-4264-9413-ce8649d4a15d
EONET_15289,IRWIN,https://irwin.doi.gov/observer/incidents/8aa404c0-7a0b-46aa-8302-65e9e8eec88b
EONET_15286,IRWIN,https://irwin.doi.gov/observer/incidents/5812ffdb-0436-4127-94fd-3c3209343f88
EONET_15287,IRWIN,https://irwin.doi.gov/observer/incidents/25f10a79-8b92-48d6-8ccd-66ae61fb5c04
EONET_15279,IRWIN,https://irwin.doi.gov/observer/incidents/7f4a1474-6439-44f3-8f0d-083dcfd33639
EONET_15386,IRWIN,https://irwin.doi.gov/observer/incidents/a41da5f5-d488-4fde-8812-497b8c9007d6
EONET_15296,IRWIN,https://irwin.doi.gov/observer/incidents/569fb7bd-ba9b-4706-9d42-f05c7c6ac148
EONET_15298,IRWIN,https://irwin.doi.gov/observer/incidents/7e5cea2f-8ca7-4ecd-b1f7-0432ac0312ec
EONET_15383,IRWIN,https://irwin.doi.gov/observer/incidents/348293dc-93bf-4330-a563-5a9b0ebeda94
EONET_15294,IRWIN,https://irwin.doi.gov/observer/incidents/f288f554-2a4a-433d-a008-7ab6e4391a0a
EONET_15299,IRWIN,https://irwin.doi.gov/observer/incidents/6b62bd16-6651-441c-b8cc-a647588aadb4
EONET_15295,IRWIN,https://irwin.doi.gov/observer/incidents/b4db0900-9b38-46aa-b281-0e1609183977
EONET_15436,IRWIN,https://irwin.doi.gov/observer/incidents/35c56174-7746-4d76-9ed3-5f26549e41a6
EONET_15151,IRWIN,https://irwin.doi.gov/observer/incidents/a6d14000-e2ce-426f-9f40-ab4d19301665
EONET_15291,IRWIN,https://irwin.doi.gov/observer/incidents/c22382e8-9642-4fb2-a160-bc27fc170f4d
EONET_15292,IRWIN,https://irwin.doi.gov/observer/incidents/9091d65a-706b-4c0a-87de-2cd9e1ab64e1
EONET_15293,IRWIN,https://irwin.doi.gov/observer/incidents/00362b0f-1ac2-40fa-9466-828dd44161b9
EONET_15145,IRWIN,https://irwin.doi.gov/observer/incidents/9e570b61-3058-4038-89a0-df7b11d6b18f
EONET_15149,IRWIN,https://irwin.doi.gov/observer/incidents/4aa73f84-4523-41c6-815b-8d4a684c9f7e
EONET_15152,IRWIN,https://irwin.doi.gov/observer/incidents/07cb15f2-288f-4395-b4db-775899600f5a
EONET_15148,IRWIN,https://irwin.doi.gov/observer/incidents/4a222597-f21c-470e-8af1-85d775bc3a07
EONET_15156,IRWIN,https://irwin.doi.gov/observer/incidents/9416200b-30e7-4e6e-947a-71262712526b
EONET_15154,IRWIN,https://irwin.doi.gov/observer/incidents/a18ffbff-978a-44a5-a889-8b9f82803b3e
EONET_15085,IRWIN,https://irwin.doi.gov/observer/incidents/76638f5b-d96e-4d76-8c62-88a1732aeed3
EONET_15146,IRWIN,https://irwin.doi.gov/observer/incidents/94e2ac2e-ba77-4eab-9191-600f756b3cc4
EONET_15147,IRWIN,https://irwin.doi.gov/observer/incidents/b43338ca-f257-44e2-81cd-49da3477698d
EONET_15091,IRWIN,https://irwin.doi.gov/observer/incidents/9225af23-3564-4d78-8793-8ca1144a81ad
EONET_15092,IRWIN,https://irwin.doi.gov/observer/incidents/96cb500a-ce24-4c95-a3e2-ee33e5c9cd83
EONET_15280,IRWIN,https://irwin.doi.gov/observer/incidents/3522ce50-48f4-496d-bd4d-1e8a4924b230
EONET_15094,IRWIN,https://irwin.doi.gov/observer/incidents/8a15dfbb-f3cb-4799-9072-b415a32094d5
EONET_15096,IRWIN,https://irwin.doi.gov/observer/incidents/ce0af009-a954-48f2-8ca1-0877e30cd2d7
EONET_15087,IRWIN,https://irwin.doi.gov/observer/incidents/0140f0b6-2f32-4651-9008-e5ae2c38f547
EONET_15144,IRWIN,https://irwin.doi.gov/observer/incidents/85e4dc0c-193d-40fe-b4d5-9e467f180b44
EONET_15281,IRWIN,https://irwin.doi.gov/observer/incidents/34a25173-1ba0-49ec-b85d-282711799acc
EONET_15330,EO,https://science.nasa.gov/earth/earth-observatory/krasheninnikova-remains-restless/
EONET_15330,SIVolcano,https://volcano.si.edu/volcano.cfm?vn=300190
EONET_15046,IRWIN,https://irwin.doi.gov/observer/incidents/fec40db1-6d0e-4c1f-9ac1-f1f5551022a7
EONET_15086,IRWIN,https://irwin.doi.gov/observer/incidents/241e2b4c-ab2c-42e6-a901-396e1dbc974b
EONET_15058,IRWIN,https://irwin.doi.gov/observer/incidents/afbc6681-91fd-4873-99b3-be6c09aeacbe
EONET_15050,IRWIN,https://irwin.doi.gov/observer/incidents/5d65edfe-090d-4131-a4e5-060a6f8ebf53
EONET_15045,IRWIN,https://irwin.doi.gov/observer/incidents/68b988a1-c190-4f0c-9bea-a658d389d167
EONET_15057,IRWIN,https://irwin.doi.gov/observer/incidents/6e1d552a-9a39-4035-8299-8474af7fd17b
EONET_15389,IRWIN,https://irwin.doi.gov/observer/incidents/82425c68-2894-494f-ab8f-40608c10497f
EONET_15056,IRWIN,https://irwin.doi.gov/observer/incidents/3bbd7b84-75dd-492d-aacd-78dc3c955870
EONET_15052,IRWIN,https://irwin.doi.gov/observer/incidents/6b49f156-aa48-475d-91c3-915222c8b2a2
EONET_15059,IRWIN,https://irwin.doi.gov/observer/incidents/bf1324cc-348d-40cc-b20f-506919144028
EONET_15048,IRWIN,https://irwin.doi.gov/observer/incidents/1593e323-46c2-45e9-bbdd-4d4de507060d
EONET_15088,IRWIN,https://irwin.doi.gov/observer/incidents/077a3303-d2cc-4fc6-8546-9ca385e60cd0
EONET_15051,IRWIN,https://irwin.doi.gov/observer/incidents/2b333622-3b80-44e0-bd0e-11191c1c7219
EONET_15049,IRWIN,https://irwin.doi.gov/observer/incidents/d7cd7f3f-c6e1-48ef-babe-e88a868a4f68
EONET_15053,IRWIN,https://irwin.doi.gov/observer/incidents/e0ef9813-2a18-43e3-a27b-6f9f3cbba4d3
EONET_15150,IRWIN,https://irwin.doi.gov/observer/incidents/3d689765-3bcd-4fa1-9c68-b4312fe7039c
EONET_15095,IRWIN,https://irwin.doi.gov/observer/incidents/651df94d-5a39-41a4-a50e-55ec385d6679
EONET_15089,IRWIN,https://irwin.doi.gov/observer/incidents/32280e4d-167c-4c99-87aa-6639976426ea
EONET_14954,IRWIN,https://irwin.doi.gov/observer/incidents/e8401f28-dfd6-4353-ba1d-aa3468abfe08
EONET_15055,IRWIN,https://irwin.doi.gov/observer/incidents/d2a66b91-21ea-4c6e-9b99-052a8c7f8fba
EONET_15153,IRWIN,https://irwin.doi.gov/observer/incidents/1b084ab9-ef57-4c87-ac9a-c0c72adc3be6
EONET_14960,IRWIN,https://irwin.doi.gov/observer/incidents/a849e373-67cd-4cd6-bf70-4e4e59de05f3
EONET_14956,IRWIN,https://irwin.doi.gov/observer/incidents/5019b9d9-3318-48a8-9c31-4a9b76c4a0fb
EONET_14955,IRWIN,https://irwin.doi.gov/observer/incidents/0a9cefa9-7e5c-4cbd-8c6f-c098028bf6c7
EONET_15093,IRWIN,https://irwin.doi.gov/observer/incidents/98009aee-acf6-4f73-89e4-5c9f274eaa62
EONET_15155,IRWIN,https://irwin.doi.gov/observer/incidents/d4963bdc-6f6d-406a-bfa9-732495bf19df
EONET_14962,IRWIN,https://irwin.doi.gov/observer/incidents/ee926697-8bec-456e-9aee-2a7233d67498
EONET_14961,IRWIN,https://irwin.doi.gov/observer/incidents/f087062f-69a7-4e07-ad19-cb6165533bc3
EONET_14959,IRWIN,https://irwin.doi.gov/observer/incidents/be5c36e2-2dfc-4043-ab8f-5f6a31c9412c
EONET_14897,IRWIN,https://irwin.doi.gov/observer/incidents/416391d7-21ce-48c9-8879-e8d186074d4c
EONET_14958,IRWIN,https://irwin.doi.gov/observer/incidents/42cc0318-c208-412f-a5a5-bd1054afd86f
EONET_14957,IRWIN,https://irwin.doi.gov/observer/incidents/decfebd0-9208-4f0b-bb12-818f57440763
EONET_14953,IRWIN,https://irwin.doi.gov/observer/incidents/8c6286cc-8a82-4abe-a1e8-5c9f08980141
EONET_14893,IRWIN,https://irwin.doi.gov/observer/incidents/01d7bd75-20ae-4ae2-bc62-bea5563d88c4
EONET_14894,IRWIN,https://irwin.doi.gov/observer/incidents/717cada0-744d-4c25-b1fd-46604d13cdd3
EONET_14895,IRWIN,https://irwin.doi.gov/observer/incidents/a3ba9f0a-424a-43f3-9ddd-6c37b411ca7c
EONET_14890,IRWIN,https://irwin.doi.gov/observer/incidents/c06b998a-8403-4e25-a610-e16d5724b613
EONET_14899,IRWIN,https://irwin.doi.gov/observer/incidents/29b33b22-87b3-478c-b4cc-e1916551c503
EONET_14900,IRWIN,https://irwin.doi.gov/observer/incidents/f848ff75-2114-461d-81e5-7ec5f133d516
EONET_14901,IRWIN,https://irwin.doi.gov/observer/incidents/b7371534-4a3f-4d61-b272-5e872f5f4fb0
EONET_14902,IRWIN,https://irwin.doi.gov/observer/incidents/9afdf241-e1b5-4a79-89cf-8f195e210818
EONET_14904,IRWIN,https://irwin.doi.gov/observer/incidents/3758ddee-a5fe-49f0-ac60-dee0043ebf5b
EONET_14815,IRWIN,https://irwin.doi.gov/observer/incidents/dd42e58e-6784-4004-81bd-d22d8cad7f77
EONET_14896,IRWIN,https://irwin.doi.gov/observer/incidents/821f8646-a801-49c0-9056-e17985dd0c4c
EONET_14816,IRWIN,https://irwin.doi.gov/observer/incidents/ca758718-8299-4602-86d8-497ff2851376
EONET_14903,IRWIN,https://irwin.doi.gov/observer/incidents/aea5c74e-a493-4859-875d-05c3c75394e6
EONET_14818,IRWIN,https://irwin.doi.gov/observer/incidents/b6de2558-2b26-4525-bf01-db0ebe04e268
EONET_14817,IRWIN,https://irwin.doi.gov/observer/incidents/46c83ad3-0bff-4153-b5ff-7e185fce2c10
EONET_14811,IRWIN,https://irwin.doi.gov/observer/incidents/6fe4744f-a06a-4740-879c-5c4cf97244b6
EONET_15054,IRWIN,https://irwin.doi.gov/observer/incidents/369db452-22a8-45a4-8590-fa698a2eaf12
EONET_14905,IRWIN,https://irwin.doi.gov/observer/incidents/d74e37a7-82f0-4ad8-91a0-1462888fa913
EONET_14898,IRWIN,https://irwin.doi.gov/observer/incidents/cb11241e-f2cf-4ba6-a119-1ba30674902e
EONET_14891,IRWIN,https://irwin.doi.gov/observer/incidents/0705493d-1363-4c80-a810-efbd32f602f0
EONET_14813,IRWIN,https://irwin.doi.gov/observer/incidents/907eb352-3309-4fd1-9f40-de58a010c585
EONET_14820,IRWIN,https://irwin.doi.gov/observer/incidents/391dd1ba-3533-45de-83de-508556aff9bf
EONET_14819,IRWIN,https://irwin.doi.gov/observer/incidents/cfcc6e21-b7c3-4772-9b32-c2a9d3843c6d
EONET_14814,IRWIN,https://irwin.doi.gov/observer/incidents/c789d5a8-ef9e-4c06-81df-a2fa5375e948
EONET_14824,IRWIN,https://irwin.doi.gov/observer/incidents/80155cd2-c73b-4c24-9384-5808ed8a57e8
EONET_14821,IRWIN,https://irwin.doi.gov/observer/incidents/2eccf630-a921-4584-be81-9f0385fa2c1b
EONET_14823,IRWIN,https://irwin.doi.gov/observer/incidents/bdc1258e-096f-437c-994b-69cb7868b223
EONET_14825,IRWIN,https://irwin.doi.gov/observer/incidents/b1deee53-b696-439e-ae61-f6200e85271e
EONET_14771,IRWIN,https://irwin.doi.gov/observer/incidents/a1656e50-f5a0-42b6-af50-35f690d6d662
EONET_14769,IRWIN,https://irwin.doi.gov/observer/incidents/38014d72-07b2-41af-9bdd-0dd71f489006
EONET_14770,IRWIN,https://irwin.doi.gov/observer/incidents/66be6702-3f5f-463c-b0e8-6d8bea38eec4
EONET_14772,IRWIN,https://irwin.doi.gov/observer/incidents/c1f04f31-0056-4b63-a04d-34f9e59e0368
EONET_14773,IRWIN,https://irwin.doi.gov/observer/incidents/871e71c9-2b2d-412c-b748-8b7faad6115b
EONET_14724,IRWIN,https://irwin.doi.gov/observer/incidents/4bd17dad-bb94-47a0-9387-23e55b455d50
EONET_14768,IRWIN,https://irwin.doi.gov/observer/incidents/2c96b4d7-cb78-438c-bf5b-9ff3a2acf5ce
EONET_14729,IRWIN,https://irwin.doi.gov/observer/incidents/04ae1c47-9bec-471c-998a-bafeea19256b
EONET_14722,IRWIN,https://irwin.doi.gov/observer/incidents/37317992-17ad-469f-8e36-5bc2d678740f
EONET_14727,IRWIN,https://irwin.doi.gov/observer/incidents/1f997c00-d892-432a-bbe6-b3e9498273ad
EONET_14775,IRWIN,https://irwin.doi.gov/observer/incidents/af3fed53-0df9-4f84-833b-218f12fe1c7e
EONET_14822,IRWIN,https://irwin.doi.gov/observer/incidents/e8250fa7-aa64-41e2-8f07-3e75af684ade
EONET_14774,IRWIN,https://irwin.doi.gov/observer/incidents/c18ac880-0030-4146-8110-3e5001475e73
EONET_14650,IRWIN,https://irwin.doi.gov/observer/
EONET_14661,IRWIN,https://irwin.doi.gov/observer/
EONET_14655,IRWIN,https://irwin.doi.gov/observer/
EONET_14654,IRWIN,https://irwin.doi.gov/observer/
EONET_14660,IRWIN,https://irwin.doi.gov/observer/
EONET_14653,IRWIN,https://irwin.doi.gov/observer/
EONET_14659,IRWIN,https://irwin.doi.gov/observer/
EONET_14664,IRWIN,https://irwin.doi.gov/observer/
EONET_14662,IRWIN,https://irwin.doi.gov/observer/
EONET_14651,IRWIN,https://irwin.doi.gov/observer/
EONET_14669,IRWIN,https://irwin.doi.gov/observer/
EONET_14658,IRWIN,https://irwin.doi.gov/observer/
EONET_14721,IRWIN,https://irwin.doi.gov/observer/incidents/08a6358f-8301-4093-9988-e265c8f6f0a9
EONET_14667,IRWIN,https://irwin.doi.gov/observer/
EONET_14652,IRWIN,https://irwin.doi.gov/observer/
EONET_14720,IRWIN,https://irwin.doi.gov/observer/incidents/ff270cfc-cadf-4402-b633-49db89cb1403
EONET_14666,IRWIN,https://irwin.doi.gov/observer/
EONET_14663,IRWIN,https://irwin.doi.gov/observer/
EONET_14656,IRWIN,https://irwin.doi.gov/observer/
EONET_14657,IRWIN,https://irwin.doi.gov/observer/
EONET_14545,IRWIN,https://irwin.doi.gov/observer/
EONET_14540,IRWIN,https://irwin.doi.gov/observer/
EONET_14548,IRWIN,https://irwin.doi.gov/observer/
EONET_14543,IRWIN,https://irwin.doi.gov/observer/
EONET_14725,IRWIN,https://irwin.doi.gov/observer/incidents/5dc2c671-7a9d-4318-a2d5-c7e769688f07
EONET_14812,IRWIN,https://irwin.doi.gov/observer/incidents/e2466fb4-fa89-42ad-a764-e47b129b591a
EONET_14547,IRWIN,https://irwin.doi.gov/observer/
EONET_14542,IRWIN,https://irwin.doi.gov/observer/
EONET_14541,IRWIN,https://irwin.doi.gov/observer/
EONET_14665,IRWIN,https://irwin.doi.gov/observer/
EONET_14549,IRWIN,https://irwin.doi.gov/observer/
EONET_14544,IRWIN,https://irwin.doi.gov/observer/
EONET_14550,IRWIN,https://irwin.doi.gov/observer/
EONET_14551,IRWIN,https://irwin.doi.gov/observer/
EONET_14726,IRWIN,https://irwin.doi.gov/observer/incidents/2dcc2948-1162-48f8-b41a-fea15e40fdaf
EONET_14552,IRWIN,https://irwin.doi.gov/observer/
EONET_14498,IRWIN,https://irwin.doi.gov/observer/
EONET_14502,IRWIN,https://irwin.doi.gov/observer/
EONET_14499,IRWIN,https://irwin.doi.gov/observer/
EONET_14500,IRWIN,https://irwin.doi.gov/observer/
EONET_14501,IRWIN,https://irwin.doi.gov/observer/
EONET_14503,IRWIN,https://irwin.doi.gov/observer/
EONET_14459,IRWIN,https://irwin.doi.gov/observer/
EONET_14460,IRWIN,https://irwin.doi.gov/observer/
EONET_14430,IRWIN,https://irwin.doi.gov/observer/
EONET_14728,IRWIN,https://irwin.doi.gov/observer/incidents/d0316e89-aab5-4473-98c8-f97029ebe357
EONET_14433,IRWIN,https://irwin.doi.gov/observer/
EONET_14436,IRWIN,https://irwin.doi.gov/observer/
EONET_14439,IRWIN,https://irwin.doi.gov/observer/
EONET_14432,IRWIN,https://irwin.doi.gov/observer/
EONET_14434,IRWIN,https://irwin.doi.gov/observer/
EONET_14372,IRWIN,https://irwin.doi.gov/observer/
EONET_14374,IRWIN,https://irwin.doi.gov/observer/
EONET_14380,IRWIN,https://irwin.doi.gov/observer/
EONET_14382,IRWIN,https://irwin.doi.gov/observer/
EONET_14381,IRWIN,https://irwin.doi.gov/observer/
EONET_14379,IRWIN,https://irwin.doi.gov/observer/
EONET_14373,IRWIN,https://irwin.doi.gov/observer/
EONET_14730,IRWIN,https://irwin.doi.gov/observer/incidents/5b985e91-adad-42eb-91bd-fdbfa80734a8
EONET_14384,IRWIN,https://irwin.doi.gov/observer/
EONET_14375,IRWIN,https://irwin.doi.gov/observer/
EONET_14378,IRWIN,https://irwin.doi.gov/observer/
EONET_14385,IRWIN,https://irwin.doi.gov/observer/
EONET_14723,IRWIN,https://irwin.doi.gov/observer/incidents/6a769761-3d73-4806-be60-d0058ec38d59
EONET_14383,IRWIN,https://irwin.doi.gov/observer/
EONET_14377,IRWIN,https://irwin.doi.gov/observer/
EONET_14310,IRWIN,https://irwin.doi.gov/observer/
EONET_14316,IRWIN,https://irwin.doi.gov/observer/
EONET_14312,IRWIN,https://irwin.doi.gov/observer/
EONET_14309,IRWIN,https://irwin.doi.gov/observer/
EONET_14332,IRWIN,https://irwin.doi.gov/observer/
EONET_14336,IRWIN,https://irwin.doi.gov/observer/
EONET_14284,NATICE,https://usicecenter.gov/pub/Iceberg_Tabular.csv
EONET_14327,IRWIN,https://irwin.doi.gov/observer/
EONET_14334,IRWIN,https://irwin.doi.gov/observer/
EONET_14325,IRWIN,https://irwin.doi.gov/observer/
EONET_14319,IRWIN,https://irwin.doi.gov/observer/
EONET_14305,IRWIN,https://irwin.doi.gov/observer/
EONET_14329,IRWIN,https://irwin.doi.gov/observer/
EONET_14323,IRWIN,https://irwin.doi.gov/observer/
EONET_14376,IRWIN,https://irwin.doi.gov/observer/
EONET_14321,IRWIN,https://irwin.doi.gov/observer/
EONET_14324,IRWIN,https://irwin.doi.gov/observer/
EONET_14318,IRWIN,https://irwin.doi.gov/observer/
EONET_14337,IRWIN,https://irwin.doi.gov/observer/
EONET_14313,IRWIN,https://irwin.doi.gov/observer/
EONET_14328,IRWIN,https://irwin.doi.gov/observer/
EONET_14335,IRWIN,https://irwin.doi.gov/observer/
EONET_14315,IRWIN,https://irwin.doi.gov/observer/
EONET_14307,IRWIN,https://irwin.doi.gov/observer/
EONET_14330,IRWIN,https://irwin.doi.gov/observer/
EONET_14308,IRWIN,https://irwin.doi.gov/observer/
EONET_14338,IRWIN,https://irwin.doi.gov/observer/
EONET_14326,IRWIN,https://irwin.doi.gov/observer/
EONET_14311,IRWIN,https://irwin.doi.gov/observer/
EONET_14317,IRWIN,https://irwin.doi.gov/observer/
EONET_14306,IRWIN,https://irwin.doi.gov/observer/
EONET_14331,IRWIN,https://irwin.doi.gov/observer/
EONET_14198,IRWIN,https://irwin.doi.gov/observer/
EONET_14200,IRWIN,https://irwin.doi.gov/observer/
EONET_14215,IRWIN,https://irwin.doi.gov/observer/
EONET_14322,IRWIN,https://irwin.doi.gov/observer/
EONET_14320,IRWIN,https://irwin.doi.gov/observer/
EONET_14209,IRWIN,https://irwin.doi.gov/observer/
EONET_14199,IRWIN,https://irwin.doi.gov/observer/
EONET_14218,IRWIN,https://irwin.doi.gov/observer/
EONET_14196,IRWIN,https://irwin.doi.gov/observer/
EONET_14197,IRWIN,https://irwin.doi.gov/observer/
EONET_14670,IRWIN,https://irwin.doi.gov/observer/
EONET_14207,IRWIN,https://irwin.doi.gov/observer/
EONET_14202,IRWIN,https://irwin.doi.gov/observer/
EONET_14204,IRWIN,https://irwin.doi.gov/observer/
EONET_14203,IRWIN,https://irwin.doi.gov/observer/
EONET_14210,IRWIN,https://irwin.doi.gov/observer/
EONET_14205,IRWIN,https://irwin.doi.gov/observer/
EONET_14227,IRWIN,https://irwin.doi.gov/observer/
EONET_14211,IRWIN,https://irwin.doi.gov/observer/
EONET_14223,IRWIN,https://irwin.doi.gov/observer/
EONET_14201,IRWIN,https://irwin.doi.gov/observer/
EONET_14219,IRWIN,https://irwin.doi.gov/observer/
EONET_14225,IRWIN,https://irwin.doi.gov/observer/
EONET_14208,IRWIN,https://irwin.doi.gov/observer/
EONET_14255,IRWIN,https://irwin.doi.gov/observer/
EONET_14212,IRWIN,https://irwin.doi.gov/observer/
EONET_14206,IRWIN,https://irwin.doi.gov/observer/
EONET_14226,IRWIN,https://irwin.doi.gov/observer/
EONET_14228,IRWIN,https://irwin.doi.gov/observer/
EONET_14213,IRWIN,https://irwin.doi.gov/observer/
EONET_14214,IRWIN,https://irwin.doi.gov/observer/
EONET_14130,IRWIN,https://irwin.doi.gov/observer/
EONET_14129,IRWIN,https://irwin.doi.gov/observer/
EONET_14131,IRWIN,https://irwin.doi.gov/observer/
EONET_14132,IRWIN,https://irwin.doi.gov/observer/
EONET_14060,IRWIN,https://irwin.doi.gov/observer/
EONET_14082,IRWIN,https://irwin.doi.gov/observer/
EONET_14081,IRWIN,https://irwin.doi.gov/observer/
EONET_14085,IRWIN,https://irwin.doi.gov/observer/
EONET_14086,IRWIN,https://irwin.doi.gov/observer/
EONET_14087,IRWIN,https://irwin.doi.gov/observer/
EONET_14072,IRWIN,https://irwin.doi.gov/observer/
EONET_14098,IRWIN,https://irwin.doi.gov/observer/
EONET_14099,IRWIN,https://irwin.doi.gov/observer/
EONET_14095,IRWIN,https://irwin.doi.gov/observer/
EONET_14096,IRWIN,https://irwin.doi.gov/observer/
EONET_14062,IRWIN,https://irwin.doi.gov/observer/
EONET_14083,IRWIN,https://irwin.doi.gov/observer/
EONET_14100,IRWIN,https://irwin.doi.gov/observer/
EONET_14101,IRWIN,https://irwin.doi.gov/observer/
EONET_14070,IRWIN,https://irwin.doi.gov/observer/
EONET_14090,IRWIN,https://irwin.doi.gov/observer/
EONET_14071,IRWIN,https://irwin.doi.gov/observer/
EONET_14102,IRWIN,https://irwin.doi.gov/observer/
EONET_14061,IRWIN,https://irwin.doi.gov/observer/
EONET_14063,IRWIN,https://irwin.doi.gov/observer/
EONET_14064,IRWIN,https://irwin.doi.gov/observer/
EONET_14092,IRWIN,https://irwin.doi.gov/observer/
EONET_14077,IRWIN,https://irwin.doi.gov/observer/
EONET_14093,IRWIN,https://irwin.doi.gov/observer/
EONET_14089,IRWIN,https://irwin.doi.gov/observer/
EONET_14088,IRWIN,https://irwin.doi.gov/observer/
EONET_14067,IRWIN,https://irwin.doi.gov/observer/
EONET_14103,IRWIN,https://irwin.doi.gov/observer/
EONET_14073,IRWIN,https://irwin.doi.gov/observer/
EONET_14069,IRWIN,https://irwin.doi.gov/observer/
EONET_14091,IRWIN,https://irwin.doi.gov/observer/
EONET_14075,IRWIN,https://irwin.doi.gov/observer/
EONET_14065,IRWIN,https://irwin.doi.gov/observer/
EONET_14079,IRWIN,https://irwin.doi.gov/observer/
EONET_14084,IRWIN,https://irwin.doi.gov/observer/
EONET_14094,IRWIN,https://irwin.doi.gov/observer/
EONET_14074,IRWIN,https://irwin.doi.gov/observer/
EONET_14104,IRWIN,https://irwin.doi.gov/observer/
EONET_14057,IRWIN,https://irwin.doi.gov/observer/
EONET_14066,IRWIN,https://irwin.doi.gov/observer/
EONET_14080,IRWIN,https://irwin.doi.gov/observer/
EONET_14058,IRWIN,https://irwin.doi.gov/observer/
EONET_14105,IRWIN,https://irwin.doi.gov/observer/
EONET_14097,IRWIN,https://irwin.doi.gov/observer/
EONET_14078,IRWIN,https://irwin.doi.gov/observer/
EONET_14106,IRWIN,https://irwin.doi.gov/observer/
EONET_14059,IRWIN,https://irwin.doi.gov/observer/
EONET_13975,IRWIN,https://irwin.doi.gov/observer/
EONET_14068,IRWIN,https://irwin.doi.gov/observer/
EONET_13973,IRWIN,https://irwin.doi.gov/observer/
EONET_14254,IRWIN,https://irwin.doi.gov/observer/
EONET_13970,IRWIN,https://irwin.doi.gov/observer/
EONET_13974,IRWIN,https://irwin.doi.gov/observer/
EONET_13988,IRWIN,https://irwin.doi.gov/observer/
EONET_13997,IRWIN,https://irwin.doi.gov/observer/
EONET_13992,IRWIN,https://irwin.doi.gov/observer/
EONET_13980,IRWIN,https://irwin.doi.gov/observer/
EONET_13998,IRWIN,https://irwin.doi.gov/observer/
EONET_13972,IRWIN,https://irwin.doi.gov/observer/
EONET_13991,IRWIN,https://irwin.doi.gov/observer/
EONET_13993,IRWIN,https://irwin.doi.gov/observer/
EONET_13983,IRWIN,https://irwin.doi.gov/observer/
EONET_13995,IRWIN,https://irwin.doi.gov/observer/
EONET_13969,IRWIN,https://irwin.doi.gov/observer/
EONET_13996,IRWIN,https://irwin.doi.gov/observer/
EONET_13990,IRWIN,https://irwin.doi.gov/observer/
EONET_13989,IRWIN,https://irwin.doi.gov/observer/
EONET_13979,IRWIN,https://irwin.doi.gov/observer/
EONET_14005,IRWIN,https://irwin.doi.gov/observer/
EONET_14003,IRWIN,https://irwin.doi.gov/observer/
EONET_14009,IRWIN,https://irwin.doi.gov/observer/
EONET_14010,IRWIN,https://irwin.doi.gov/observer/
EONET_13976,IRWIN,https://irwin.doi.gov/observer/
EONET_14011,IRWIN,https://irwin.doi.gov/observer/
EONET_14007,IRWIN,https://irwin.doi.gov/observer/
EONET_14008,IRWIN,https://irwin.doi.gov/observer/
EONET_14001,IRWIN,https://irwin.doi.gov/observer/
EONET_13981,IRWIN,https://irwin.doi.gov/observer/
EONET_13985,IRWIN,https://irwin.doi.gov/observer/
EONET_13978,IRWIN,https://irwin.doi.gov/observer/
EONET_14012,IRWIN,https://irwin.doi.gov/observer/
EONET_14000,IRWIN,https://irwin.doi.gov/observer/
EONET_13982,IRWIN,https://irwin.doi.gov/observer/
EONET_13986,IRWIN,https://irwin.doi.gov/observer/
EONET_14006,IRWIN,https://irwin.doi.gov/observer/
EONET_13999,IRWIN,https://irwin.doi.gov/observer/
EONET_13971,IRWIN,https://irwin.doi.gov/observer/
EONET_14004,IRWIN,https://irwin.doi.gov/observer/
EONET_13987,IRWIN,https://irwin.doi.gov/observer/
EONET_14014,IRWIN,https://irwin.doi.gov/observer/
EONET_13977,IRWIN,https://irwin.doi.gov/observer/
EONET_13867,IRWIN,https://irwin.doi.gov/observer/
EONET_13869,IRWIN,https://irwin.doi.gov/observer/
EONET_13868,IRWIN,https://irwin.doi.gov/observer/
EONET_13866,IRWIN,https://irwin.doi.gov/observer/
EONET_13872,IRWIN,https://irwin.doi.gov/observer/
EONET_13781,IRWIN,https://irwin.doi.gov/observer/
EONET_13792,IRWIN,https://irwin.doi.gov/observer/
EONET_13784,IRWIN,https://irwin.doi.gov/observer/
EONET_13785,IRWIN,https://irwin.doi.gov/observer/
EONET_13794,IRWIN,https://irwin.doi.gov/observer/
EONET_13788,IRWIN,https://irwin.doi.gov/observer/
EONET_13789,IRWIN,https://irwin.doi.gov/observer/
EONET_13786,IRWIN,https://irwin.doi.gov/observer/
EONET_13791,IRWIN,https://irwin.doi.gov/observer/
EONET_13790,IRWIN,https://irwin.doi.gov/observer/
EONET_13795,IRWIN,https://irwin.doi.gov/observer/
EONET_13796,IRWIN,https://irwin.doi.gov/observer/
EONET_13797,IRWIN,https://irwin.doi.gov/observer/
EONET_13798,IRWIN,https://irwin.doi.gov/observer/
EONET_13799,IRWIN,https://irwin.doi.gov/observer/
EONET_13782,IRWIN,https://irwin.doi.gov/observer/
EONET_13783,IRWIN,https://irwin.doi.gov/observer/
EONET_13793,IRWIN,https://irwin.doi.gov/observer/
EONET_13800,IRWIN,https://irwin.doi.gov/observer/
EONET_13656,IRWIN,https://irwin.doi.gov/observer/
EONET_13657,IRWIN,https://irwin.doi.gov/observer/
EONET_13658,IRWIN,https://irwin.doi.gov/observer/
EONET_13654,IRWIN,https://irwin.doi.gov/observer/
EONET_13659,IRWIN,https://irwin.doi.gov/observer/
EONET_13653,IRWIN,https://irwin.doi.gov/observer/
EONET_13663,IRWIN,https://irwin.doi.gov/observer/
EONET_13661,IRWIN,https://irwin.doi.gov/observer/
EONET_13664,IRWIN,https://irwin.doi.gov/observer/
EONET_13652,IRWIN,https://irwin.doi.gov/observer/
EONET_13666,IRWIN,https://irwin.doi.gov/observer/
EONET_13660,IRWIN,https://irwin.doi.gov/observer/
EONET_13665,IRWIN,https://irwin.doi.gov/observer/
EONET_13655,IRWIN,https://irwin.doi.gov/observer/
EONET_13511,IRWIN,https://irwin.doi.gov/observer/
EONET_13513,IRWIN,https://irwin.doi.gov/observer/
EONET_13514,IRWIN,https://irwin.doi.gov/observer/
EONET_13515,IRWIN,https://irwin.doi.gov/observer/
EONET_13510,IRWIN,https://irwin.doi.gov/observer/
EONET_13521,IRWIN,https://irwin.doi.gov/observer/
EONET_13522,IRWIN,https://irwin.doi.gov/observer/
EONET_13518,IRWIN,https://irwin.doi.gov/observer/
EONET_13517,IRWIN,https://irwin.doi.gov/observer/
EONET_13512,IRWIN,https://irwin.doi.gov/observer/
EONET_13519,IRWIN,https://irwin.doi.gov/observer/
EONET_13520,IRWIN,https://irwin.doi.gov/observer/
EONET_13505,IRWIN,https://irwin.doi.gov/observer/
EONET_13523,IRWIN,https://irwin.doi.gov/observer/
EONET_13509,IRWIN,https://irwin.doi.gov/observer/
EONET_13404,IRWIN,https://irwin.doi.gov/observer/
EONET_13524,IRWIN,https://irwin.doi.gov/observer/
EONET_13507,IRWIN,https://irwin.doi.gov/observer/
EONET_13516,IRWIN,https://irwin.doi.gov/observer/
EONET_13416,IRWIN,https://irwin.doi.gov/observer/
EONET_13420,IRWIN,https://irwin.doi.gov/observer/
EONET_13418,IRWIN,https://irwin.doi.gov/observer/
EONET_13424,IRWIN,https://irwin.doi.gov/observer/
EONET_13422,IRWIN,https://irwin.doi.gov/observer/
EONET_13426,IRWIN,https://irwin.doi.gov/observer/
EONET_13425,IRWIN,https://irwin.doi.gov/observer/
EONET_13414,IRWIN,https://irwin.doi.gov/observer/
EONET_13410,IRWIN,https://irwin.doi.gov/observer/
EONET_13430,IRWIN,https://irwin.doi.gov/observer/
EONET_13508,IRWIN,https://irwin.doi.gov/observer/
EONET_13408,IRWIN,https://irwin.doi.gov/observer/
EONET_13403,IRWIN,https://irwin.doi.gov/observer/
EONET_13429,IRWIN,https://irwin.doi.gov/observer/
EONET_13432,IRWIN,https://irwin.doi.gov/observer/
EONET_13370,GDACS,https://www.gdacs.org/report.aspx?eventtype=WF&eventid=1023712
EONET_13409,IRWIN,https://irwin.doi.gov/observer/
EONET_13434,IRWIN,https://irwin.doi.gov/observer/
EONET_13439,IRWIN,https://irwin.doi.gov/observer/
EONET_13506,IRWIN,https://irwin.doi.gov/observer/
EONET_13428,IRWIN,https://irwin.doi.gov/observer/
EONET_13436,IRWIN,https://irwin.doi.gov/observer/
EONET_13419,IRWIN,https://irwin.doi.gov/observer/
EONET_13441,IRWIN,https://irwin.doi.gov/observer/
EONET_13364,IRWIN,https://irwin.doi.gov/observer/
EONET_13407,IRWIN,https://irwin.doi.gov/observer/
EONET_13354,GDACS,https://www.gdacs.org/report.aspx?eventtype=WF&eventid=1023700
EONET_13358,GDACS,https://www.gdacs.org/report.aspx?eventtype=WF&eventid=1023704
EONET_13359,GDACS,https://www.gdacs.org/report.aspx?eventtype=WF&eventid=1023706
EONET_13360,GDACS,https://www.gdacs.org/report.aspx?eventtype=WF&eventid=1023707
EONET_13365,GDACS,https://www.gdacs.org/report.aspx?eventtype=WF&eventid=1023710
EONET_13435,IRWIN,https://irwin.doi.gov/observer/
EONET_13445,IRWIN,https://irwin.doi.gov/observer/
EONET_13417,IRWIN,https://irwin.doi.gov/observer/
EONET_13351,GDACS,https://www.gdacs.org/report.aspx?eventtype=WF&eventid=1023698
EONET_13437,IRWIN,https://irwin.doi.gov/observer/
EONET_13361,GDACS,https://www.gdacs.org/report.aspx?eventtype=WF&eventid=1023708
EONET_13346,GDACS,https://www.gdacs.org/report.aspx?eventtype=WF&eventid=1023695
EONET_13355,GDACS,https://www.gdacs.org/report.aspx?eventtype=WF&eventid=1023701
EONET_13371,GDACS,https://www.gdacs.org/report.aspx?eventtype=WF&eventid=1023713
EONET_13440,IRWIN,https://irwin.doi.gov/observer/
EONET_13433,IRWIN,https://irwin.doi.gov/observer/
EONET_13362,GDACS,https://www.gdacs.org/report.aspx?eventtype=WF&eventid=1023709
EONET_13363,GDACS,https://www.gdacs.org/report.aspx?eventtype=WF&eventid=1023705
EONET_13232,IRWIN,https://irwin.doi.gov/observer/
EONET_13233,IRWIN,https://irwin.doi.gov/observer/
EONET_13347,GDACS,https://www.gdacs.org/report.aspx?eventtype=WF&eventid=1023696
EONET_13352,GDACS,https://www.gdacs.org/report.aspx?eventtype=WF&eventid=1023699
EONET_13356,GDACS,https://www.gdacs.org/report.aspx?eventtype=WF&eventid=1023702
EONET_13366,GDACS,https://www.gdacs.org/report.aspx?eventtype=WF&eventid=1023711
EONET_13413,IRWIN,https://irwin.doi.gov/observer/
EONET_13244,IRWIN,https://irwin.doi.gov/observer/
EONET_13238,IRWIN,https://irwin.doi.gov/observer/
EONET_13230,IRWIN,https://irwin.doi.gov/observer/
EONET_13245,IRWIN,https://irwin.doi.gov/observer/
EONET_13239,IRWIN,https://irwin.doi.gov/observer/
EONET_13251,IRWIN,https://irwin.doi.gov/observer/
EONET_13246,IRWIN,https://irwin.doi.gov/observer/
EONET_13234,IRWIN,https://irwin.doi.gov/observer/
EONET_13250,IRWIN,https://irwin.doi.gov/observer/
EONET_13259,IRWIN,https://irwin.doi.gov/observer/
EONET_13260,IRWIN,https://irwin.doi.gov/observer/
EONET_13256,IRWIN,https://irwin.doi.gov/observer/
EONET_13254,IRWIN,https://irwin.doi.gov/observer/
EONET_13252,IRWIN,https://irwin.doi.gov/observer/
EONET_13253,IRWIN,https://irwin.doi.gov/observer/
EONET_13257,IRWIN,https://irwin.doi.gov/observer/
EONET_13258,IRWIN,https://irwin.doi.gov/observer/
EONET_13444,IRWIN,https://irwin.doi.gov/observer/
EONET_13265,IRWIN,https://irwin.doi.gov/observer/
EONET_13255,IRWIN,https://irwin.doi.gov/observer/
EONET_13266,IRWIN,https://irwin.doi.gov/observer/
EONET_13261,IRWIN,https://irwin.doi.gov/observer/
EONET_13224,GDACS,https://www.gdacs.org/report.aspx?eventtype=WF&eventid=1023684
EONET_13225,GDACS,https://www.gdacs.org/report.aspx?eventtype=WF&eventid=1023685
EONET_13229,IRWIN,https://irwin.doi.gov/observer/
EONET_13241,IRWIN,https://irwin.doi.gov/observer/
EONET_13274,IRWIN,https://irwin.doi.gov/observer/
EONET_13271,IRWIN,https://irwin.doi.gov/observer/
EONET_13423,IRWIN,https://irwin.doi.gov/observer/
EONET_13242,IRWIN,https://irwin.doi.gov/observer/
EONET_13264,IRWIN,https://irwin.doi.gov/observer/
EONET_13267,IRWIN,https://irwin.doi.gov/observer/
EONET_13270,IRWIN,https://irwin.doi.gov/observer/
EONET_13273,IRWIN,https://irwin.doi.gov/observer/
EONET_13235,IRWIN,https://irwin.doi.gov/observer/
EONET_13236,IRWIN,https://irwin.doi.gov/observer/
EONET_13335,GDACS,https://www.gdacs.org/report.aspx?eventtype=WF&eventid=1023690
EONET_13353,GDACS,https://www.gdacs.org/report.aspx?eventtype=WF&eventid=1023697
EONET_13357,GDACS,https://www.gdacs.org/report.aspx?eventtype=WF&eventid=1023703
EONET_13269,IRWIN,https://irwin.doi.gov/observer/
EONET_13284,IRWIN,https://irwin.doi.gov/observer/
EONET_13231,IRWIN,https://irwin.doi.gov/observer/
EONET_13249,IRWIN,https://irwin.doi.gov/observer/
EONET_13443,IRWIN,https://irwin.doi.gov/observer/
EONET_13288,IRWIN,https://irwin.doi.gov/observer/
EONET_13247,IRWIN,https://irwin.doi.gov/observer/
EONET_13285,IRWIN,https://irwin.doi.gov/observer/
EONET_13278,IRWIN,https://irwin.doi.gov/observer/
EONET_13287,IRWIN,https://irwin.doi.gov/observer/
EONET_13279,IRWIN,https://irwin.doi.gov/observer/
EONET_13281,IRWIN,https://irwin.doi.gov/observer/
EONET_13282,IRWIN,https://irwin.doi.gov/observer/
EONET_13268,IRWIN,https://irwin.doi.gov/observer/
EONET_13280,IRWIN,https://irwin.doi.gov/observer/
EONET_13276,IRWIN,https://irwin.doi.gov/observer/
EONET_13275,IRWIN,https://irwin.doi.gov/observer/
EONET_13283,IRWIN,https://irwin.doi.gov/observer/
EONET_13286,IRWIN,https://irwin.doi.gov/observer/
EONET_13237,IRWIN,https://irwin.doi.gov/observer/
EONET_13240,IRWIN,https://irwin.doi.gov/observer/
EONET_13212,GDACS,https://www.gdacs.org/report.aspx?eventtype=WF&eventid=1023674
EONET_13220,GDACS,https://www.gdacs.org/report.aspx?eventtype=WF&eventid=1023680
EONET_13227,GDACS,https://www.gdacs.org/report.aspx?eventtype=WF&eventid=1023687
EONET_13333,GDACS,https://www.gdacs.org/report.aspx?eventtype=WF&eventid=1023688
EONET_13336,GDACS,https://www.gdacs.org/report.aspx?eventtype=WF&eventid=1023691
EONET_13293,IRWIN,https://irwin.doi.gov/observer/
EONET_13295,IRWIN,https://irwin.doi.gov/observer/
EONET_13298,IRWIN,https://irwin.doi.gov/observer/
EONET_13297,IRWIN,https://irwin.doi.gov/observer/
EONET_13294,IRWIN,https://irwin.doi.gov/observer/
EONET_13296,IRWIN,https://irwin.doi.gov/observer/
EONET_13208,GDACS,https://www.gdacs.org/report.aspx?eventtype=WF&eventid=1023669
EONET_13213,GDACS,https://www.gdacs.org/report.aspx?eventtype=WF&eventid=1023675
EONET_13222,GDACS,https://www.gdacs.org/report.aspx?eventtype=WF&eventid=1023682
EONET_13303,IRWIN,https://irwin.doi.gov/observer/
EONET_13228,IRWIN,https://irwin.doi.gov/observer/
EONET_13415,IRWIN,https://irwin.doi.gov/observer/
EONET_13299,IRWIN,https://irwin.doi.gov/observer/
EONET_13438,IRWIN,https://irwin.doi.gov/observer/
EONET_13307,IRWIN,https://irwin.doi.gov/observer/
EONET_13262,IRWIN,https://irwin.doi.gov/observer/
EONET_13300,IRWIN,https://irwin.doi.gov/observer/
EONET_13301,IRWIN,https://irwin.doi.gov/observer/
EONET_13311,IRWIN,https://irwin.doi.gov/observer/
EONET_13308,IRWIN,https://irwin.doi.gov/observer/
EONET_13292,IRWIN,https://irwin.doi.gov/observer/
EONET_13302,IRWIN,https://irwin.doi.gov/observer/
EONET_13304,IRWIN,https://irwin.doi.gov/observer/
EONET_13305,IRWIN,https://irwin.doi.gov/observer/
EONET_13309,IRWIN,https://irwin.doi.gov/observer/
EONET_13310,IRWIN,https://irwin.doi.gov/observer/
EONET_13314,IRWIN,https://irwin.doi.gov/observer/
EONET_13209,GDACS,https://www.gdacs.org/report.aspx?eventtype=WF&eventid=1023670
EONET_13214,GDACS,https://www.gdacs.org/report.aspx?eventtype=WF&eventid=1023676
EONET_13221,GDACS,https://www.gdacs.org/report.aspx?eventtype=WF&eventid=1023681
EONET_13223,GDACS,https://www.gdacs.org/report.aspx?eventtype=WF&eventid=1023683
EONET_13337,GDACS,https://www.gdacs.org/report.aspx?eventtype=WF&eventid=1023692
EONET_13338,GDACS,https://www.gdacs.org/report.aspx?eventtype=WF&eventid=1023693
EONET_13272,IRWIN,https://irwin.doi.gov/observer/
EONET_13325,IRWIN,https://irwin.doi.gov/observer/
EONET_13321,IRWIN,https://irwin.doi.gov/observer/
EONET_13313,IRWIN,https://irwin.doi.gov/observer/
EONET_13277,IRWIN,https://irwin.doi.gov/observer/
EONET_13315,IRWIN,https://irwin.doi.gov/observer/
EONET_13312,IRWIN,https://irwin.doi.gov/observer/
EONET_13320,IRWIN,https://irwin.doi.gov/observer/
EONET_13323,IRWIN,https://irwin.doi.gov/observer/
EONET_13319,IRWIN,https://irwin.doi.gov/observer/
EONET_13318,IRWIN,https://irwin.doi.gov/observer/
EONET_13324,IRWIN,https://irwin.doi.gov/observer/
EONET_13316,IRWIN,https://irwin.doi.gov/observer/
EONET_13317,IRWIN,https://irwin.doi.gov/observer/
EONET_13306,IRWIN,https://irwin.doi.gov/observer/
EONET_13342,SIVolcano,https://volcano.si.edu/volcano.cfm?vn=341090
EONET_13243,IRWIN,https://irwin.doi.gov/observer/
EONET_13215,GDACS,https://www.gdacs.org/report.aspx?eventtype=WF&eventid=1023672
EONET_13216,GDACS,https://www.gdacs.org/report.aspx?eventtype=WF&eventid=1023677
EONET_13217,GDACS,https://www.gdacs.org/report.aspx?eventtype=WF&eventid=1023678
EONET_13334,GDACS,https://www.gdacs.org/report.aspx?eventtype=WF&eventid=1023689
EONET_13339,GDACS,https://www.gdacs.org/report.aspx?eventtype=WF&eventid=1023694
EONET_13174,IRWIN,https://irwin.doi.gov/observer/
EONET_13248,IRWIN,https://irwin.doi.gov/observer/
EONET_13327,IRWIN,https://irwin.doi.gov/observer/
EONET_13329,IRWIN,https://irwin.doi.gov/observer/
EONET_13402,IRWIN,https://irwin.doi.gov/observer/
EONET_13176,IRWIN,https://irwin.doi.gov/observer/
EONET_13331,IRWIN,https://irwin.doi.gov/observer/
EONET_13326,IRWIN,https://irwin.doi.gov/observer/
EONET_13322,IRWIN,https://irwin.doi.gov/observer/
EONET_13328,IRWIN,https://irwin.doi.gov/observer/
EONET_13330,IRWIN,https://irwin.doi.gov/observer/
EONET_13412,IRWIN,https://irwin.doi.gov/observer/
EONET_13421,IRWIN,https://irwin.doi.gov/observer/
EONET_13204,GDACS,https://www.gdacs.org/report.aspx?eventtype=WF&eventid=1023668
EONET_13218,GDACS,https://www.gdacs.org/report.aspx?eventtype=WF&eventid=1023679
EONET_13406,IRWIN,https://irwin.doi.gov/observer/
EONET_13431,IRWIN,https://irwin.doi.gov/observer/
EONET_13178,IRWIN,https://irwin.doi.gov/observer/
EONET_13173,IRWIN,https://irwin.doi.gov/observer/
EONET_13171,GDACS,https://www.gdacs.org/report.aspx?eventtype=WF&eventid=1023665
EONET_13205,GDACS,https://www.gdacs.org/report.aspx?eventtype=WF&eventid=1023666
EONET_13210,GDACS,https://www.gdacs.org/report.aspx?eventtype=WF&eventid=1023671
EONET_13177,IRWIN,https://irwin.doi.gov/observer/
EONET_13427,IRWIN,https://irwin.doi.gov/observer/
EONET_13180,IRWIN,https://irwin.doi.gov/observer/
EONET_13168,GDACS,https://www.gdacs.org/report.aspx?eventtype=WF&eventid=1023662
EONET_13206,GDACS,https://www.gdacs.org/report.aspx?eventtype=WF&eventid=1023667
EONET_13226,GDACS,https://www.gdacs.org/report.aspx?eventtype=WF&eventid=1023686
EONET_13411,IRWIN,https://irwin.doi.gov/observer/
EONET_13167,GDACS,https://www.gdacs.org/report.aspx?eventtype=WF&eventid=1023661
EONET_13183,IRWIN,https://irwin.doi.gov/observer/
EONET_13182,IRWIN,https://irwin.doi.gov/observer/
EONET_13169,GDACS,https://www.gdacs.org/report.aspx?eventtype=WF&eventid=1023663
EONET_13170,GDACS,https://www.gdacs.org/report.aspx?eventtype=WF&eventid=1023664
EONET_13219,GDACS,https://www.gdacs.org/report.aspx?eventtype=WF&eventid=1023673
EONET_13186,IRWIN,https://irwin.doi.gov/observer/
EONET_13185,IRWIN,https://irwin.doi.gov/observer/
EONET_13187,IRWIN,https://irwin.doi.gov/observer/
EONET_13192,IRWIN,https://irwin.doi.gov/observer/
EONET_13193,IRWIN,https://irwin.doi.gov/observer/
EONET_13188,IRWIN,https://irwin.doi.gov/observer/
EONET_13189,IRWIN,https://irwin.doi.gov/observer/
EONET_13191,IRWIN,https://irwin.doi.gov/observer/
EONET_13172,IRWIN,https://irwin.doi.gov/observer/
EONET_13194,IRWIN,https://irwin.doi.gov/observer/
EONET_13195,IRWIN,https://irwin.doi.gov/observer/
EONET_13196,IRWIN,https://irwin.doi.gov/observer/
EONET_13201,IRWIN,https://irwin.doi.gov/observer/
EONET_13202,IRWIN,https://irwin.doi.gov/observer/
EONET_13179,IRWIN,https://irwin.doi.gov/observer/
EONET_13203,IRWIN,https://irwin.doi.gov/observer/
EONET_13165,GDACS,https://www.gdacs.org/report.aspx?eventtype=WF&eventid=1023659
EONET_13190,IRWIN,https://irwin.doi.gov/observer/
EONET_13181,IRWIN,https://irwin.doi.gov/observer/
EONET_13162,GDACS,https://www.gdacs.org/report.aspx?eventtype=WF&eventid=1023656
EONET_13164,GDACS,https://www.gdacs.org/report.aspx?eventtype=WF&eventid=1023658
EONET_13198,IRWIN,https://irwin.doi.gov/observer/
EONET_13197,IRWIN,https://irwin.doi.gov/observer/
EONET_13184,IRWIN,https://irwin.doi.gov/observer/
EONET_13128,IRWIN,https://irwin.doi.gov/observer/
EONET_13129,IRWIN,https://irwin.doi.gov/observer/
EONET_13130,IRWIN,https://irwin.doi.gov/observer/
EONET_13134,IRWIN,https://irwin.doi.gov/observer/
EONET_13136,IRWIN,https://irwin.doi.gov/observer/
EONET_13137,IRWIN,https://irwin.doi.gov/observer/
EONET_13140,IRWIN,https://irwin.doi.gov/observer/
EONET_13143,IRWIN,https://irwin.doi.gov/observer/
EONET_13135,IRWIN,https://irwin.doi.gov/observer/
EONET_13133,IRWIN,https://irwin.doi.gov/observer/
EONET_13117,GDACS,https://www.gdacs.org/report.aspx?eventtype=WF&eventid=1023642
EONET_13156,GDACS,https://www.gdacs.org/report.aspx?eventtype=WF&eventid=1023651
EONET_13150,IRWIN,https://irwin.doi.gov/observer/
EONET_13147,IRWIN,https://irwin.doi.gov/observer/
EONET_13151,IRWIN,https://irwin.doi.gov/observer/
EONET_13139,IRWIN,https://irwin.doi.gov/observer/
EONET_13146,IRWIN,https://irwin.doi.gov/observer/
EONET_13127,IRWIN,https://irwin.doi.gov/observer/
EONET_13154,IRWIN,https://irwin.doi.gov/observer/
EONET_13131,IRWIN,https://irwin.doi.gov/observer/
EONET_13159,GDACS,https://www.gdacs.org/report.aspx?eventtype=WF&eventid=1023654
EONET_13166,GDACS,https://www.gdacs.org/report.aspx?eventtype=WF&eventid=1023660
EONET_13149,IRWIN,https://irwin.doi.gov/observer/
EONET_13142,IRWIN,https://irwin.doi.gov/observer/
EONET_13155,IRWIN,https://irwin.doi.gov/observer/
EONET_13132,IRWIN,https://irwin.doi.gov/observer/
EONET_13153,IRWIN,https://irwin.doi.gov/observer/
EONET_13148,IRWIN,https://irwin.doi.gov/observer/
EONET_13152,IRWIN,https://irwin.doi.gov/observer/
EONET_13145,IRWIN,https://irwin.doi.gov/observer/
EONET_13114,GDACS,https://www.gdacs.org/report.aspx?eventtype=WF&eventid=1023638
EONET_13118,GDACS,https://www.gdacs.org/report.aspx?eventtype=WF&eventid=1023644
EONET_13119,GDACS,https://www.gdacs.org/report.aspx?eventtype=WF&eventid=1023643
EONET_13163,GDACS,https://www.gdacs.org/report.aspx?eventtype=WF&eventid=1023657
EONET_13138,IRWIN,https://irwin.doi.gov/observer/
EONET_13141,IRWIN,https://irwin.doi.gov/observer/
EONET_13068,IRWIN,https://irwin.doi.gov/observer/
EONET_13070,IRWIN,https://irwin.doi.gov/observer/
EONET_13066,IRWIN,https://irwin.doi.gov/observer/
EONET_13071,IRWIN,https://irwin.doi.gov/observer/
EONET_13069,IRWIN,https://irwin.doi.gov/observer/
EONET_13057,IRWIN,https://irwin.doi.gov/observer/
EONET_13112,GDACS,https://www.gdacs.org/report.aspx?eventtype=WF&eventid=1023635
EONET_13120,GDACS,https://www.gdacs.org/report.aspx?eventtype=WF&eventid=1023646
EONET_13079,IRWIN,https://irwin.doi.gov/observer/
EONET_13073,IRWIN,https://irwin.doi.gov/observer/
EONET_13121,GDACS,https://www.gdacs.org/report.aspx?eventtype=WF&eventid=1023647
EONET_13122,GDACS,https://www.gdacs.org/report.aspx?eventtype=WF&eventid=1023648
EONET_13123,GDACS,https://www.gdacs.org/report.aspx?eventtype=WF&eventid=1023641
EONET_13160,GDACS,https://www.gdacs.org/report.aspx?eventtype=WF&eventid=1023655
EONET_13065,IRWIN,https://irwin.doi.gov/observer/
EONET_13064,IRWIN,https://irwin.doi.gov/observer/
EONET_13078,IRWIN,https://irwin.doi.gov/observer/
EONET_13059,IRWIN,https://irwin.doi.gov/observer/
EONET_13080,IRWIN,https://irwin.doi.gov/observer/
EONET_13060,IRWIN,https://irwin.doi.gov/observer/
EONET_13085,IRWIN,https://irwin.doi.gov/observer/
EONET_13086,IRWIN,https://irwin.doi.gov/observer/
EONET_13050,GDACS,https://www.gdacs.org/report.aspx?eventtype=WF&eventid=1023627
EONET_13051,GDACS,https://www.gdacs.org/report.aspx?eventtype=WF&eventid=1023624
EONET_13108,GDACS,https://www.gdacs.org/report.aspx?eventtype=WF&eventid=1023633
EONET_13109,GDACS,https://www.gdacs.org/report.aspx?eventtype=WF&eventid=1023634
EONET_13110,GDACS,https://www.gdacs.org/report.aspx?eventtype=WF&eventid=1023626
EONET_13113,GDACS,https://www.gdacs.org/report.aspx?eventtype=WF&eventid=1023636
EONET_13115,GDACS,https://www.gdacs.org/report.aspx?eventtype=WF&eventid=1023637
EONET_13124,GDACS,https://www.gdacs.org/report.aspx?eventtype=WF&eventid=1023645
EONET_13157,GDACS,https://www.gdacs.org/report.aspx?eventtype=WF&eventid=1023650
EONET_13161,GDACS,https://www.gdacs.org/report.aspx?eventtype=WF&eventid=1023653
EONET_13091,IRWIN,https://irwin.doi.gov/observer/
EONET_13088,IRWIN,https://irwin.doi.gov/observer/
EONET_13087,IRWIN,https://irwin.doi.gov/observer/
EONET_13052,GDACS,https://www.gdacs.org/report.aspx?eventtype=WF&eventid=1023628
EONET_13053,GDACS,https://www.gdacs.org/report.aspx?eventtype=WF&eventid=1023629
EONET_13125,GDACS,https://www.gdacs.org/report.aspx?eventtype=WF&eventid=1023649
EONET_13158,GDACS,https://www.gdacs.org/report.aspx?eventtype=WF&eventid=1023652
EONET_13096,IRWIN,https://irwin.doi.gov/observer/
EONET_13072,IRWIN,https://irwin.doi.gov/observer/
EONET_13074,IRWIN,https://irwin.doi.gov/observer/
EONET_13099,IRWIN,https://irwin.doi.gov/observer/
EONET_13100,IRWIN,https://irwin.doi.gov/observer/
EONET_13044,GDACS,https://www.gdacs.org/report.aspx?eventtype=WF&eventid=1023618
EONET_13075,IRWIN,https://irwin.doi.gov/observer/
EONET_13058,IRWIN,https://irwin.doi.gov/observer/
EONET_13067,IRWIN,https://irwin.doi.gov/observer/
EONET_13063,IRWIN,https://irwin.doi.gov/observer/
EONET_13101,IRWIN,https://irwin.doi.gov/observer/
EONET_13102,IRWIN,https://irwin.doi.gov/observer/
EONET_13103,IRWIN,https://irwin.doi.gov/observer/
EONET_13076,IRWIN,https://irwin.doi.gov/observer/
EONET_13089,IRWIN,https://irwin.doi.gov/observer/
EONET_13090,IRWIN,https://irwin.doi.gov/observer/
EONET_13104,IRWIN,https://irwin.doi.gov/observer/
EONET_13084,IRWIN,https://irwin.doi.gov/observer/
EONET_13082,IRWIN,https://irwin.doi.gov/observer/
EONET_13098,IRWIN,https://irwin.doi.gov/observer/
EONET_13097,IRWIN,https://irwin.doi.gov/observer/
EONET_13092,IRWIN,https://irwin.doi.gov/observer/
EONET_13093,IRWIN,https://irwin.doi.gov/observer/
EONET_13095,IRWIN,https://irwin.doi.gov/observer/
EONET_13081,IRWIN,https://irwin.doi.gov/observer/
EONET_13077,IRWIN,https://irwin.doi.gov/observer/
EONET_13062,IRWIN,https://irwin.doi.gov/observer/
EONET_13107,IRWIN,https://irwin.doi.gov/observer/
EONET_12898,IRWIN,https://irwin.doi.gov/observer/
EONET_12899,IRWIN,https://irwin.doi.gov/observer/
EONET_13083,IRWIN,https://irwin.doi.gov/observer/
EONET_12901,IRWIN,https://irwin.doi.gov/observer/
EONET_12907,IRWIN,https://irwin.doi.gov/observer/
EONET_13036,GDACS,https://www.gdacs.org/report.aspx?eventtype=WF&eventid=1023612
EONET_13054,GDACS,https://www.gdacs.org/report.aspx?eventtype=WF&eventid=1023630
EONET_13111,GDACS,https://www.gdacs.org/report.aspx?eventtype=WF&eventid=1023632
EONET_13116,GDACS,https://www.gdacs.org/report.aspx?eventtype=WF&eventid=1023639
EONET_12903,IRWIN,https://irwin.doi.gov/observer/
EONET_12908,IRWIN,https://irwin.doi.gov/observer/
EONET_12921,IRWIN,https://irwin.doi.gov/observer/
EONET_12931,IRWIN,https://irwin.doi.gov/observer/
EONET_12916,IRWIN,https://irwin.doi.gov/observer/
EONET_13034,GDACS,https://www.gdacs.org/report.aspx?eventtype=WF&eventid=1023607
EONET_13037,GDACS,https://www.gdacs.org/report.aspx?eventtype=WF&eventid=1023609
EONET_13055,GDACS,https://www.gdacs.org/report.aspx?eventtype=WF&eventid=1023631
EONET_13126,GDACS,https://www.gdacs.org/report.aspx?eventtype=WF&eventid=1023640
EONET_12904,IRWIN,https://irwin.doi.gov/observer/
EONET_12915,IRWIN,https://irwin.doi.gov/observer/
EONET_12914,IRWIN,https://irwin.doi.gov/observer/
EONET_12906,IRWIN,https://irwin.doi.gov/observer/
EONET_12940,IRWIN,https://irwin.doi.gov/observer/
EONET_12920,IRWIN,https://irwin.doi.gov/observer/
EONET_12924,IRWIN,https://irwin.doi.gov/observer/
EONET_12942,IRWIN,https://irwin.doi.gov/observer/
EONET_12910,IRWIN,https://irwin.doi.gov/observer/
EONET_13038,GDACS,https://www.gdacs.org/report.aspx?eventtype=WF&eventid=1023613
EONET_12943,IRWIN,https://irwin.doi.gov/observer/
EONET_12935,IRWIN,https://irwin.doi.gov/observer/
EONET_12913,IRWIN,https://irwin.doi.gov/observer/
EONET_12933,IRWIN,https://irwin.doi.gov/observer/
EONET_12938,IRWIN,https://irwin.doi.gov/observer/
EONET_12928,IRWIN,https://irwin.doi.gov/observer/
EONET_12937,IRWIN,https://irwin.doi.gov/observer/
EONET_12946,IRWIN,https://irwin.doi.gov/observer/
EONET_12939,IRWIN,https://irwin.doi.gov/observer/
EONET_13039,GDACS,https://www.gdacs.org/report.aspx?eventtype=WF&eventid=1023614
EONET_13040,GDACS,https://www.gdacs.org/report.aspx?eventtype=WF&eventid=1023610
EONET_12918,IRWIN,https://irwin.doi.gov/observer/
EONET_12948,IRWIN,https://irwin.doi.gov/observer/
EONET_12917,IRWIN,https://irwin.doi.gov/observer/
EONET_12912,IRWIN,https://irwin.doi.gov/observer/
EONET_12922,IRWIN,https://irwin.doi.gov/observer/
EONET_12925,IRWIN,https://irwin.doi.gov/observer/
EONET_12905,IRWIN,https://irwin.doi.gov/observer/
EONET_12909,IRWIN,https://irwin.doi.gov/observer/
EONET_12900,IRWIN,https://irwin.doi.gov/observer/
EONET_12944,IRWIN,https://irwin.doi.gov/observer/
EONET_12953,IRWIN,https://irwin.doi.gov/observer/
EONET_12951,IRWIN,https://irwin.doi.gov/observer/
EONET_12882,GDACS,https://www.gdacs.org/report.aspx?eventtype=WF&eventid=1023596
EONET_13041,GDACS,https://www.gdacs.org/report.aspx?eventtype=WF&eventid=1023611
EONET_13042,GDACS,https://www.gdacs.org/report.aspx?eventtype=WF&eventid=1023615
EONET_13045,GDACS,https://www.gdacs.org/report.aspx?eventtype=WF&eventid=1023617
EONET_12955,IRWIN,https://irwin.doi.gov/observer/
EONET_12941,IRWIN,https://irwin.doi.gov/observer/
EONET_12959,IRWIN,https://irwin.doi.gov/observer/
EONET_12964,IRWIN,https://irwin.doi.gov/observer/
EONET_12965,IRWIN,https://irwin.doi.gov/observer/
EONET_12963,IRWIN,https://irwin.doi.gov/observer/
EONET_12962,IRWIN,https://irwin.doi.gov/observer/
EONET_12949,IRWIN,https://irwin.doi.gov/observer/
EONET_12960,IRWIN,https://irwin.doi.gov/observer/
EONET_12968,IRWIN,https://irwin.doi.gov/observer/
EONET_12947,IRWIN,https://irwin.doi.gov/observer/
EONET_12956,IRWIN,https://irwin.doi.gov/observer/
EONET_12902,IRWIN,https://irwin.doi.gov/observer/
EONET_12974,IRWIN,https://irwin.doi.gov/observer/
EONET_12927,IRWIN,https://irwin.doi.gov/observer/
EONET_12883,GDACS,https://www.gdacs.org/report.aspx?eventtype=WF&eventid=1023597
EONET_12895,GDACS,https://www.gdacs.org/report.aspx?eventtype=WF&eventid=1023604
EONET_13035,GDACS,https://www.gdacs.org/report.aspx?eventtype=WF&eventid=1023608
EONET_13046,GDACS,https://www.gdacs.org/report.aspx?eventtype=WF&eventid=1023619
EONET_13047,GDACS,https://www.gdacs.org/report.aspx?eventtype=WF&eventid=1023621
EONET_13049,GDACS,https://www.gdacs.org/report.aspx?eventtype=WF&eventid=1023622
EONET_12936,IRWIN,https://irwin.doi.gov/observer/
EONET_12983,IRWIN,https://irwin.doi.gov/observer/
EONET_12986,IRWIN,https://irwin.doi.gov/observer/
EONET_12923,IRWIN,https://irwin.doi.gov/observer/
EONET_12926,IRWIN,https://irwin.doi.gov/observer/
EONET_12991,IRWIN,https://irwin.doi.gov/observer/
EONET_12993,IRWIN,https://irwin.doi.gov/observer/
EONET_12970,IRWIN,https://irwin.doi.gov/observer/
EONET_12995,IRWIN,https://irwin.doi.gov/observer/
EONET_12966,IRWIN,https://irwin.doi.gov/observer/
EONET_12957,IRWIN,https://irwin.doi.gov/observer/
EONET_12932,IRWIN,https://irwin.doi.gov/observer/
EONET_12950,IRWIN,https://irwin.doi.gov/observer/
EONET_12988,IRWIN,https://irwin.doi.gov/observer/
EONET_12996,IRWIN,https://irwin.doi.gov/observer/
EONET_12997,IRWIN,https://irwin.doi.gov/observer/
EONET_12975,IRWIN,https://irwin.doi.gov/observer/
EONET_12989,IRWIN,https://irwin.doi.gov/observer/
EONET_12967,IRWIN,https://irwin.doi.gov/observer/
EONET_12972,IRWIN,https://irwin.doi.gov/observer/
EONET_12971,IRWIN,https://irwin.doi.gov/observer/
EONET_12990,IRWIN,https://irwin.doi.gov/observer/
EONET_12998,IRWIN,https://irwin.doi.gov/observer/
EONET_12992,IRWIN,https://irwin.doi.gov/observer/
EONET_12884,GDACS,https://www.gdacs.org/report.aspx?eventtype=WF&eventid=1023591
EONET_13043,GDACS,https://www.gdacs.org/report.aspx?eventtype=WF&eventid=1023616
EONET_13048,GDACS,https://www.gdacs.org/report.aspx?eventtype=WF&eventid=1023620
EONET_12929,IRWIN,https://irwin.doi.gov/observer/
EONET_12999,IRWIN,https://irwin.doi.gov/observer/
EONET_13005,IRWIN,https://irwin.doi.gov/observer/
EONET_13004,IRWIN,https://irwin.doi.gov/observer/
EONET_13000,IRWIN,https://irwin.doi.gov/observer/
EONET_13009,IRWIN,https://irwin.doi.gov/observer/
EONET_12977,IRWIN,https://irwin.doi.gov/observer/
EONET_12994,IRWIN,https://irwin.doi.gov/observer/
EONET_13001,IRWIN,https://irwin.doi.gov/observer/
EONET_12976,IRWIN,https://irwin.doi.gov/observer/
EONET_13006,IRWIN,https://irwin.doi.gov/observer/
EONET_12978,IRWIN,https://irwin.doi.gov/observer/
EONET_13002,IRWIN,https://irwin.doi.gov/observer/
EONET_13008,IRWIN,https://irwin.doi.gov/observer/
EONET_12979,IRWIN,https://irwin.doi.gov/observer/
EONET_12945,IRWIN,https://irwin.doi.gov/observer/
EONET_13007,IRWIN,https://irwin.doi.gov/observer/
EONET_12984,IRWIN,https://irwin.doi.gov/observer/
EONET_12885,GDACS,https://www.gdacs.org/report.aspx?eventtype=WF&eventid=1023598
EONET_12886,GDACS,https://www.gdacs.org/report.aspx?eventtype=WF&eventid=1023599
EONET_12887,GDACS,https://www.gdacs.org/report.aspx?eventtype=WF&eventid=1023595
EONET_12896,GDACS,https://www.gdacs.org/report.aspx?eventtype=WF&eventid=1023606
EONET_12930,IRWIN,https://irwin.doi.gov/observer/
EONET_12969,IRWIN,https://irwin.doi.gov/observer/
EONET_13013,IRWIN,https://irwin.doi.gov/observer/
EONET_12919,IRWIN,https://irwin.doi.gov/observer/
EONET_13014,IRWIN,https://irwin.doi.gov/observer/
EONET_13015,IRWIN,https://irwin.doi.gov/observer/
EONET_13016,IRWIN,https://irwin.doi.gov/observer/
EONET_13003,IRWIN,https://irwin.doi.gov/observer/
EONET_13017,IRWIN,https://irwin.doi.gov/observer/
EONET_12980,IRWIN,https://irwin.doi.gov/observer/
EONET_13012,IRWIN,https://irwin.doi.gov/observer/
EONET_12981,IRWIN,https://irwin.doi.gov/observer/
EONET_13019,IRWIN,https://irwin.doi.gov/observer/
EONET_13020,IRWIN,https://irwin.doi.gov/observer/
EONET_12934,IRWIN,https://irwin.doi.gov/observer/
EONET_12888,GDACS,https://www.gdacs.org/report.aspx?eventtype=WF&eventid=1023600
EONET_12897,GDACS,https://www.gdacs.org/report.aspx?eventtype=WF&eventid=1023605
EONET_13023,IRWIN,https://irwin.doi.gov/observer/
EONET_13021,IRWIN,https://irwin.doi.gov/observer/
EONET_13010,IRWIN,https://irwin.doi.gov/observer/
EONET_13018,IRWIN,https://irwin.doi.gov/observer/
EONET_12985,IRWIN,https://irwin.doi.gov/observer/
EONET_13024,IRWIN,https://irwin.doi.gov/observer/
EONET_12860,GDACS,https://www.gdacs.org/report.aspx?eventtype=WF&eventid=1023572
EONET_12864,GDACS,https://www.gdacs.org/report.aspx?eventtype=WF&eventid=1023574
EONET_12872,GDACS,https://www.gdacs.org/report.aspx?eventtype=WF&eventid=1023581
EONET_12878,GDACS,https://www.gdacs.org/report.aspx?eventtype=WF&eventid=1023590
EONET_12889,GDACS,https://www.gdacs.org/report.aspx?eventtype=WF&eventid=1023592
EONET_12890,GDACS,https://www.gdacs.org/report.aspx?eventtype=WF&eventid=1023593
EONET_13026,IRWIN,https://irwin.doi.gov/observer/
EONET_12952,IRWIN,https://irwin.doi.gov/observer/
EONET_13025,IRWIN,https://irwin.doi.gov/observer/
EONET_12973,IRWIN,https://irwin.doi.gov/observer/
EONET_13022,IRWIN,https://irwin.doi.gov/observer/
EONET_12854,GDACS,https://www.gdacs.org/report.aspx?eventtype=WF&eventid=1023568
EONET_12865,GDACS,https://www.gdacs.org/report.aspx?eventtype=WF&eventid=1023575
EONET_12866,GDACS,https://www.gdacs.org/report.aspx?eventtype=WF&eventid=1023576
EONET_12873,GDACS,https://www.gdacs.org/report.aspx?eventtype=WF&eventid=1023583
EONET_12874,GDACS,https://www.gdacs.org/report.aspx?eventtype=WF&eventid=1023586
EONET_12891,GDACS,https://www.gdacs.org/report.aspx?eventtype=WF&eventid=1023601
EONET_12893,GDACS,https://www.gdacs.org/report.aspx?eventtype=WF&eventid=1023603
EONET_13027,IRWIN,https://irwin.doi.gov/observer/
EONET_12987,IRWIN,https://irwin.doi.gov/observer/
EONET_12982,IRWIN,https://irwin.doi.gov/observer/
EONET_13028,IRWIN,https://irwin.doi.gov/observer/
EONET_13030,IRWIN,https://irwin.doi.gov/observer/
EONET_13031,IRWIN,https://irwin.doi.gov/observer/
EONET_12875,GDACS,https://www.gdacs.org/report.aspx?eventtype=WF&eventid=1023584
EONET_12879,GDACS,https://www.gdacs.org/report.aspx?eventtype=WF&eventid=1023587
EONET_12892,GDACS,https://www.gdacs.org/report.aspx?eventtype=WF&eventid=1023594
EONET_12894,GDACS,https://www.gdacs.org/report.aspx?eventtype=WF&eventid=1023602
EONET_13032,IRWIN,https://irwin.doi.gov/observer/
EONET_12861,GDACS,https://www.gdacs.org/report.aspx?eventtype=WF&eventid=1023569
EONET_12880,GDACS,https://www.gdacs.org/report.aspx?eventtype=WF&eventid=1023588
EONET_12847,GDACS,https://www.gdacs.org/report.aspx?eventtype=WF&eventid=1023558
EONET_12868,GDACS,https://www.gdacs.org/report.aspx?eventtype=WF&eventid=1023577
EONET_12869,GDACS,https://www.gdacs.org/report.aspx?eventtype=WF&eventid=1023578
EONET_12881,GDACS,https://www.gdacs.org/report.aspx?eventtype=WF&eventid=1023589
EONET_12848,GDACS,https://www.gdacs.org/report.aspx?eventtype=WF&eventid=1023559
EONET_12862,GDACS,https://www.gdacs.org/report.aspx?eventtype=WF&eventid=1023570
EONET_12876,GDACS,https://www.gdacs.org/report.aspx?eventtype=WF&eventid=1023585
EONET_12855,GDACS,https://www.gdacs.org/report.aspx?eventtype=WF&eventid=1023565
EONET_12856,GDACS,https://www.gdacs.org/report.aspx?eventtype=WF&eventid=1023566
EONET_12867,GDACS,https://www.gdacs.org/report.aspx?eventtype=WF&eventid=1023573
EONET_12870,GDACS,https://www.gdacs.org/report.aspx?eventtype=WF&eventid=1023579
EONET_12877,GDACS,https://www.gdacs.org/report.aspx?eventtype=WF&eventid=1023582
EONET_12849,GDACS,https://www.gdacs.org/report.aspx?eventtype=WF&eventid=1023562
EONET_12871,GDACS,https://www.gdacs.org/report.aspx?eventtype=WF&eventid=1023580
EONET_12850,GDACS,https://www.gdacs.org/report.aspx?eventtype=WF&eventid=1023560
EONET_12851,GDACS,https://www.gdacs.org/report.aspx?eventtype=WF&eventid=1023561
EONET_12857,GDACS,https://www.gdacs.org/report.aspx?eventtype=WF&eventid=1023567
EONET_12863,GDACS,https://www.gdacs.org/report.aspx?eventtype=WF&eventid=1023571
EONET_12801,GDACS,https://www.gdacs.org/report.aspx?eventtype=WF&eventid=1023549
EONET_12808,GDACS,https://www.gdacs.org/report.aspx?eventtype=WF&eventid=1023550
EONET_12810,GDACS,https://www.gdacs.org/report.aspx?eventtype=WF&eventid=1023552
EONET_12852,GDACS,https://www.gdacs.org/report.aspx?eventtype=WF&eventid=1023563
EONET_12817,IRWIN,https://irwin.doi.gov/observer/
EONET_12818,IRWIN,https://irwin.doi.gov/observer/
EONET_12825,IRWIN,https://irwin.doi.gov/observer/
EONET_12828,IRWIN,https://irwin.doi.gov/observer/
EONET_12767,IRWIN,https://irwin.doi.gov/observer/
EONET_12816,IRWIN,https://irwin.doi.gov/observer/
EONET_12827,IRWIN,https://irwin.doi.gov/observer/
EONET_12821,IRWIN,https://irwin.doi.gov/observer/
EONET_12830,IRWIN,https://irwin.doi.gov/observer/
EONET_12764,IRWIN,https://irwin.doi.gov/observer/
EONET_12839,IRWIN,https://irwin.doi.gov/observer/
EONET_12768,IRWIN,https://irwin.doi.gov/observer/
EONET_12826,IRWIN,https://irwin.doi.gov/observer/
EONET_12832,IRWIN,https://irwin.doi.gov/observer/
EONET_12831,IRWIN,https://irwin.doi.gov/observer/
EONET_12834,IRWIN,https://irwin.doi.gov/observer/
EONET_12841,IRWIN,https://irwin.doi.gov/observer/
EONET_12829,IRWIN,https://irwin.doi.gov/observer/
EONET_12840,IRWIN,https://irwin.doi.gov/observer/
EONET_12836,IRWIN,https://irwin.doi.gov/observer/
EONET_12837,IRWIN,https://irwin.doi.gov/observer/
EONET_12835,IRWIN,https://irwin.doi.gov/observer/
EONET_12809,GDACS,https://www.gdacs.org/report.aspx?eventtype=WF&eventid=1023551
EONET_12811,GDACS,https://www.gdacs.org/report.aspx?eventtype=WF&eventid=1023553
EONET_12812,GDACS,https://www.gdacs.org/report.aspx?eventtype=WF&eventid=1023554
EONET_12844,GDACS,https://www.gdacs.org/report.aspx?eventtype=WF&eventid=1023555
EONET_12845,GDACS,https://www.gdacs.org/report.aspx?eventtype=WF&eventid=1023557
EONET_12772,IRWIN,https://irwin.doi.gov/observer/
EONET_12766,IRWIN,https://irwin.doi.gov/observer/
EONET_12769,IRWIN,https://irwin.doi.gov/observer/
EONET_12777,IRWIN,https://irwin.doi.gov/observer/
EONET_12779,IRWIN,https://irwin.doi.gov/observer/
EONET_12776,IRWIN,https://irwin.doi.gov/observer/
EONET_12782,IRWIN,https://irwin.doi.gov/observer/
EONET_12783,IRWIN,https://irwin.doi.gov/observer/
EONET_12820,IRWIN,https://irwin.doi.gov/observer/
EONET_12774,IRWIN,https://irwin.doi.gov/observer/
EONET_12773,IRWIN,https://irwin.doi.gov/observer/
EONET_12778,IRWIN,https://irwin.doi.gov/observer/
EONET_12819,IRWIN,https://irwin.doi.gov/observer/
EONET_12775,IRWIN,https://irwin.doi.gov/observer/
EONET_12771,IRWIN,https://irwin.doi.gov/observer/
EONET_12838,IRWIN,https://irwin.doi.gov/observer/
EONET_12781,IRWIN,https://irwin.doi.gov/observer/
EONET_12802,GDACS,https://www.gdacs.org/report.aspx?eventtype=WF&eventid=1023545
EONET_12765,IRWIN,https://irwin.doi.gov/observer/
EONET_12822,IRWIN,https://irwin.doi.gov/observer/
EONET_12785,IRWIN,https://irwin.doi.gov/observer/
EONET_12784,IRWIN,https://irwin.doi.gov/observer/
EONET_12791,IRWIN,https://irwin.doi.gov/observer/
EONET_12792,IRWIN,https://irwin.doi.gov/observer/
EONET_12793,IRWIN,https://irwin.doi.gov/observer/
EONET_12788,IRWIN,https://irwin.doi.gov/observer/
EONET_12787,IRWIN,https://irwin.doi.gov/observer/
EONET_12789,IRWIN,https://irwin.doi.gov/observer/
EONET_12790,IRWIN,https://irwin.doi.gov/observer/
EONET_12786,IRWIN,https://irwin.doi.gov/observer/
EONET_12795,GDACS,https://www.gdacs.org/report.aspx?eventtype=WF&eventid=1023542
EONET_12796,GDACS,https://www.gdacs.org/report.aspx?eventtype=WF&eventid=1023537
EONET_12846,GDACS,https://www.gdacs.org/report.aspx?eventtype=WF&eventid=1023556
EONET_12780,IRWIN,https://irwin.doi.gov/observer/
EONET_12794,IRWIN,https://irwin.doi.gov/observer/
EONET_12797,GDACS,https://www.gdacs.org/report.aspx?eventtype=WF&eventid=1023539
EONET_12798,GDACS,https://www.gdacs.org/report.aspx?eventtype=WF&eventid=1023540
EONET_12853,GDACS,https://www.gdacs.org/report.aspx?eventtype=WF&eventid=1023564
EONET_12726,IRWIN,https://irwin.doi.gov/observer/
EONET_12754,GDACS,https://www.gdacs.org/report.aspx?eventtype=WF&eventid=1023531
EONET_12803,GDACS,https://www.gdacs.org/report.aspx?eventtype=WF&eventid=1023544
EONET_12804,GDACS,https://www.gdacs.org/report.aspx?eventtype=WF&eventid=1023547
EONET_12805,GDACS,https://www.gdacs.org/report.aspx?eventtype=WF&eventid=1023548
EONET_12730,IRWIN,https://irwin.doi.gov/observer/
EONET_12731,IRWIN,https://irwin.doi.gov/observer/
EONET_12728,IRWIN,https://irwin.doi.gov/observer/
EONET_12721,GDACS,https://www.gdacs.org/report.aspx?eventtype=WF&eventid=1023524
EONET_12799,GDACS,https://www.gdacs.org/report.aspx?eventtype=WF&eventid=1023541
EONET_12800,GDACS,https://www.gdacs.org/report.aspx?eventtype=WF&eventid=1023538
EONET_12806,GDACS,https://www.gdacs.org/report.aspx?eventtype=WF&eventid=1023546
EONET_12727,IRWIN,https://irwin.doi.gov/observer/
EONET_12734,IRWIN,https://irwin.doi.gov/observer/
EONET_12716,NATICE,https://usicecenter.gov/pub/Iceberg_Tabular.csv
EONET_12717,NATICE,https://usicecenter.gov/pub/Iceberg_Tabular.csv
EONET_12711,GDACS,https://www.gdacs.org/report.aspx?eventtype=WF&eventid=1023519
EONET_12722,GDACS,https://www.gdacs.org/report.aspx?eventtype=WF&eventid=1023525
EONET_12723,GDACS,https://www.gdacs.org/report.aspx?eventtype=WF&eventid=1023527
EONET_12762,GDACS,https://www.gdacs.org/report.aspx?eventtype=WF&eventid=1023536
EONET_12737,IRWIN,https://irwin.doi.gov/observer/
EONET_12732,IRWIN,https://irwin.doi.gov/observer/
EONET_12712,GDACS,https://www.gdacs.org/report.aspx?eventtype=WF&eventid=1023520
EONET_12724,GDACS,https://www.gdacs.org/report.aspx?eventtype=WF&eventid=1023526
EONET_12755,GDACS,https://www.gdacs.org/report.aspx?eventtype=WF&eventid=1023530
EONET_12763,GDACS,https://www.gdacs.org/report.aspx?eventtype=WF&eventid=1023535
EONET_12807,GDACS,https://www.gdacs.org/report.aspx?eventtype=WF&eventid=1023543
EONET_12742,IRWIN,https://irwin.doi.gov/observer/
EONET_12813,SIVolcano,https://volcano.si.edu/volcano.cfm?vn=264230
EONET_12708,GDACS,https://www.gdacs.org/report.aspx?eventtype=WF&eventid=1023516
EONET_12744,IRWIN,https://irwin.doi.gov/observer/
EONET_12725,GDACS,https://www.gdacs.org/report.aspx?eventtype=WF&eventid=1023528
EONET_12756,GDACS,https://www.gdacs.org/report.aspx?eventtype=WF&eventid=1023532
EONET_12733,IRWIN,https://irwin.doi.gov/observer/
EONET_12746,IRWIN,https://irwin.doi.gov/observer/
EONET_12703,GDACS,https://www.gdacs.org/report.aspx?eventtype=WF&eventid=1023511
EONET_12713,GDACS,https://www.gdacs.org/report.aspx?eventtype=WF&eventid=1023523
EONET_12760,GDACS,https://www.gdacs.org/report.aspx?eventtype=WF&eventid=1023533
EONET_12740,IRWIN,https://irwin.doi.gov/observer/
EONET_12704,GDACS,https://www.gdacs.org/report.aspx?eventtype=WF&eventid=1023514
EONET_12705,GDACS,https://www.gdacs.org/report.aspx?eventtype=WF&eventid=1023512
EONET_12706,GDACS,https://www.gdacs.org/report.aspx?eventtype=WF&eventid=1023513
EONET_12707,GDACS,https://www.gdacs.org/report.aspx?eventtype=WF&eventid=1023515
EONET_12709,GDACS,https://www.gdacs.org/report.aspx?eventtype=WF&eventid=1023517
EONET_12710,GDACS,https://www.gdacs.org/report.aspx?eventtype=WF&eventid=1023518
EONET_12714,GDACS,https://www.gdacs.org/report.aspx?eventtype=WF&eventid=1023521
EONET_12715,GDACS,https://www.gdacs.org/report.aspx?eventtype=WF&eventid=1023522
EONET_12757,GDACS,https://www.gdacs.org/report.aspx?eventtype=WF&eventid=1023529
EONET_12761,GDACS,https://www.gdacs.org/report.aspx?eventtype=WF&eventid=1023534
EONET_12743,IRWIN,https://irwin.doi.gov/observer/
EONET_12738,IRWIN,https://irwin.doi.gov/observer/
EONET_12729,IRWIN,https://irwin.doi.gov/observer/
EONET_12749,IRWIN,https://irwin.doi.gov/observer/
EONET_12750,IRWIN,https://irwin.doi.gov/observer/
EONET_12748,IRWIN,https://irwin.doi.gov/observer/
EONET_12747,IRWIN,https://irwin.doi.gov/observer/
EONET_12752,IRWIN,https://irwin.doi.gov/observer/
EONET_12675,IRWIN,https://irwin.doi.gov/observer/
EONET_12751,IRWIN,https://irwin.doi.gov/observer/
EONET_12671,GDACS,https://www.gdacs.org/report.aspx?eventtype=WF&eventid=1023510
EONET_12681,IRWIN,https://irwin.doi.gov/observer/
EONET_12672,GDACS,https://www.gdacs.org/report.aspx?eventtype=WF&eventid=1023509
EONET_12676,IRWIN,https://irwin.doi.gov/observer/
EONET_12682,IRWIN,https://irwin.doi.gov/observer/
EONET_12666,GDACS,https://www.gdacs.org/report.aspx?eventtype=WF&eventid=1023505
EONET_12673,GDACS,https://www.gdacs.org/report.aspx?eventtype=WF&eventid=1023507
EONET_12739,IRWIN,https://irwin.doi.gov/observer/
EONET_12687,IRWIN,https://irwin.doi.gov/observer/
EONET_12686,IRWIN,https://irwin.doi.gov/observer/
EONET_12684,IRWIN,https://irwin.doi.gov/observer/
EONET_12685,IRWIN,https://irwin.doi.gov/observer/
EONET_12693,IRWIN,https://irwin.doi.gov/observer/
EONET_12677,IRWIN,https://irwin.doi.gov/observer/
EONET_12689,IRWIN,https://irwin.doi.gov/observer/
EONET_12695,IRWIN,https://irwin.doi.gov/observer/
EONET_12690,IRWIN,https://irwin.doi.gov/observer/
EONET_12692,IRWIN,https://irwin.doi.gov/observer/
EONET_12694,IRWIN,https://irwin.doi.gov/observer/
EONET_12688,IRWIN,https://irwin.doi.gov/observer/
EONET_12824,IRWIN,https://irwin.doi.gov/observer/
EONET_12696,IRWIN,https://irwin.doi.gov/observer/
EONET_12697,IRWIN,https://irwin.doi.gov/observer/
EONET_12679,IRWIN,https://irwin.doi.gov/observer/
EONET_12691,IRWIN,https://irwin.doi.gov/observer/
EONET_12654,GDACS,https://www.gdacs.org/report.aspx?eventtype=WF&eventid=1023495
EONET_12667,GDACS,https://www.gdacs.org/report.aspx?eventtype=WF&eventid=1023502
EONET_12700,IRWIN,https://irwin.doi.gov/observer/
EONET_12680,IRWIN,https://irwin.doi.gov/observer/
EONET_12683,IRWIN,https://irwin.doi.gov/observer/
EONET_12741,IRWIN,https://irwin.doi.gov/observer/
EONET_12647,GDACS,https://www.gdacs.org/report.aspx?eventtype=WF&eventid=1023486
EONET_12655,GDACS,https://www.gdacs.org/report.aspx?eventtype=WF&eventid=1023496
EONET_12664,GDACS,https://www.gdacs.org/report.aspx?eventtype=WF&eventid=1023500
EONET_12668,GDACS,https://www.gdacs.org/report.aspx?eventtype=WF&eventid=1023506
EONET_12669,GDACS,https://www.gdacs.org/report.aspx?eventtype=WF&eventid=1023503
EONET_12670,GDACS,https://www.gdacs.org/report.aspx?eventtype=WF&eventid=1023504
EONET_12620,IRWIN,https://irwin.doi.gov/observer/
EONET_12622,IRWIN,https://irwin.doi.gov/observer/
EONET_12699,IRWIN,https://irwin.doi.gov/observer/
EONET_12621,IRWIN,https://irwin.doi.gov/observer/
EONET_12642,GDACS,https://www.gdacs.org/report.aspx?eventtype=WF&eventid=1023479
EONET_12648,GDACS,https://www.gdacs.org/report.aspx?eventtype=WF&eventid=1023483
EONET_12649,GDACS,https://www.gdacs.org/report.aspx?eventtype=WF&eventid=1023485
EONET_12656,GDACS,https://www.gdacs.org/report.aspx?eventtype=WF&eventid=1023493
EONET_12657,GDACS,https://www.gdacs.org/report.aspx?eventtype=WF&eventid=1023494
EONET_12665,GDACS,https://www.gdacs.org/report.aspx?eventtype=WF&eventid=1023501
EONET_12674,GDACS,https://www.gdacs.org/report.aspx?eventtype=WF&eventid=1023508
EONET_12626,IRWIN,https://irwin.doi.gov/observer/
EONET_12625,IRWIN,https://irwin.doi.gov/observer/
EONET_12611,GDACS,https://www.gdacs.org/report.aspx?eventtype=WF&eventid=1023472
EONET_12612,GDACS,https://www.gdacs.org/report.aspx?eventtype=WF&eventid=1023474
EONET_12658,GDACS,https://www.gdacs.org/report.aspx?eventtype=WF&eventid=1023490
EONET_12659,GDACS,https://www.gdacs.org/report.aspx?eventtype=WF&eventid=1023497
EONET_12663,GDACS,https://www.gdacs.org/report.aspx?eventtype=WF&eventid=1023499
EONET_12619,IRWIN,https://irwin.doi.gov/observer/
EONET_12594,GDACS,https://www.gdacs.org/report.aspx?eventtype=WF&eventid=1023459
EONET_12638,GDACS,https://www.gdacs.org/report.aspx?eventtype=WF&eventid=1023476
EONET_12639,GDACS,https://www.gdacs.org/report.aspx?eventtype=WF&eventid=1023477
EONET_12630,IRWIN,https://irwin.doi.gov/observer/
EONET_12628,IRWIN,https://irwin.doi.gov/observer/
EONET_12618,NATICE,https://usicecenter.gov/pub/Iceberg_Tabular.csv
EONET_12595,GDACS,https://www.gdacs.org/report.aspx?eventtype=WF&eventid=1023460
EONET_12596,GDACS,https://www.gdacs.org/report.aspx?eventtype=WF&eventid=1023461
EONET_12660,GDACS,https://www.gdacs.org/report.aspx?eventtype=WF&eventid=1023491
EONET_12661,GDACS,https://www.gdacs.org/report.aspx?eventtype=WF&eventid=1023498
EONET_12635,IRWIN,https://irwin.doi.gov/observer/
EONET_12632,IRWIN,https://irwin.doi.gov/observer/
EONET_12634,IRWIN,https://irwin.doi.gov/observer/
EONET_12631,IRWIN,https://irwin.doi.gov/observer/
EONET_12633,IRWIN,https://irwin.doi.gov/observer/
EONET_12623,IRWIN,https://irwin.doi.gov/observer/
EONET_12576,GDACS,https://www.gdacs.org/report.aspx?eventtype=WF&eventid=1023446
EONET_12577,GDACS,https://www.gdacs.org/report.aspx?eventtype=WF&eventid=1023447
EONET_12578,GDACS,https://www.gdacs.org/report.aspx?eventtype=WF&eventid=1023448
EONET_12579,GDACS,https://www.gdacs.org/report.aspx?eventtype=WF&eventid=1023449
EONET_12580,GDACS,https://www.gdacs.org/report.aspx?eventtype=WF&eventid=1023450
EONET_12581,GDACS,https://www.gdacs.org/report.aspx?eventtype=WF&eventid=1023453
EONET_12597,GDACS,https://www.gdacs.org/report.aspx?eventtype=WF&eventid=1023458
EONET_12601,GDACS,https://www.gdacs.org/report.aspx?eventtype=WF&eventid=1023464
EONET_12602,GDACS,https://www.gdacs.org/report.aspx?eventtype=WF&eventid=1023465
EONET_12603,GDACS,https://www.gdacs.org/report.aspx?eventtype=WF&eventid=1023466
EONET_12604,GDACS,https://www.gdacs.org/report.aspx?eventtype=WF&eventid=1023467
EONET_12605,GDACS,https://www.gdacs.org/report.aspx?eventtype=WF&eventid=1023468
EONET_12613,GDACS,https://www.gdacs.org/report.aspx?eventtype=WF&eventid=1023473
EONET_12643,GDACS,https://www.gdacs.org/report.aspx?eventtype=WF&eventid=1023482
EONET_12650,GDACS,https://www.gdacs.org/report.aspx?eventtype=WF&eventid=1023484
EONET_12662,GDACS,https://www.gdacs.org/report.aspx?eventtype=WF&eventid=1023492
EONET_12627,IRWIN,https://irwin.doi.gov/observer/
EONET_12637,IRWIN,https://irwin.doi.gov/observer/
EONET_12636,IRWIN,https://irwin.doi.gov/observer/
EONET_12606,GDACS,https://www.gdacs.org/report.aspx?eventtype=WF&eventid=1023462
EONET_12607,GDACS,https://www.gdacs.org/report.aspx?eventtype=WF&eventid=1023469
EONET_12608,GDACS,https://www.gdacs.org/report.aspx?eventtype=WF&eventid=1023463
EONET_12614,GDACS,https://www.gdacs.org/report.aspx?eventtype=WF&eventid=1023470
EONET_12644,GDACS,https://www.gdacs.org/report.aspx?eventtype=WF&eventid=1023480
EONET_12651,GDACS,https://www.gdacs.org/report.aspx?eventtype=WF&eventid=1023487
EONET_12652,GDACS,https://www.gdacs.org/report.aspx?eventtype=WF&eventid=1023488
EONET_12549,IRWIN,https://irwin.doi.gov/observer/
EONET_12547,IRWIN,https://irwin.doi.gov/observer/
EONET_12548,IRWIN,https://irwin.doi.gov/observer/
EONET_12546,IRWIN,https://irwin.doi.gov/observer/
EONET_12565,GDACS,https://www.gdacs.org/report.aspx?eventtype=WF&eventid=1023430
EONET_12566,GDACS,https://www.gdacs.org/report.aspx?eventtype=WF&eventid=1023431
EONET_12567,GDACS,https://www.gdacs.org/report.aspx?eventtype=WF&eventid=1023434
EONET_12582,GDACS,https://www.gdacs.org/report.aspx?eventtype=WF&eventid=1023439
EONET_12583,GDACS,https://www.gdacs.org/report.aspx?eventtype=WF&eventid=1023454
EONET_12584,GDACS,https://www.gdacs.org/report.aspx?eventtype=WF&eventid=1023451
EONET_12585,GDACS,https://www.gdacs.org/report.aspx?eventtype=WF&eventid=1023452
EONET_12586,GDACS,https://www.gdacs.org/report.aspx?eventtype=WF&eventid=1023438
EONET_12598,GDACS,https://www.gdacs.org/report.aspx?eventtype=WF&eventid=1023456
EONET_12615,GDACS,https://www.gdacs.org/report.aspx?eventtype=WF&eventid=1023471
EONET_12645,GDACS,https://www.gdacs.org/report.aspx?eventtype=WF&eventid=1023478
EONET_12653,GDACS,https://www.gdacs.org/report.aspx?eventtype=WF&eventid=1023489
EONET_12551,IRWIN,https://irwin.doi.gov/observer/
EONET_12550,IRWIN,https://irwin.doi.gov/observer/
EONET_12531,GDACS,https://www.gdacs.org/report.aspx?eventtype=WF&eventid=1023424
EONET_12568,GDACS,https://www.gdacs.org/report.aspx?eventtype=WF&eventid=1023433
EONET_12569,GDACS,https://www.gdacs.org/report.aspx?eventtype=WF&eventid=1023435
EONET_12570,GDACS,https://www.gdacs.org/report.aspx?eventtype=WF&eventid=1023436
EONET_12587,GDACS,https://www.gdacs.org/report.aspx?eventtype=WF&eventid=1023455
EONET_12599,GDACS,https://www.gdacs.org/report.aspx?eventtype=WF&eventid=1023457
EONET_12553,IRWIN,https://irwin.doi.gov/observer/
EONET_12571,GDACS,https://www.gdacs.org/report.aspx?eventtype=WF&eventid=1023432
EONET_12559,IRWIN,https://irwin.doi.gov/observer/
EONET_12560,IRWIN,https://irwin.doi.gov/observer/
EONET_12556,IRWIN,https://irwin.doi.gov/observer/
EONET_12558,IRWIN,https://irwin.doi.gov/observer/
EONET_12557,IRWIN,https://irwin.doi.gov/observer/
EONET_12516,GDACS,https://www.gdacs.org/report.aspx?eventtype=WF&eventid=1023406
EONET_12532,GDACS,https://www.gdacs.org/report.aspx?eventtype=WF&eventid=1023417
EONET_12572,GDACS,https://www.gdacs.org/report.aspx?eventtype=WF&eventid=1023428
EONET_12573,GDACS,https://www.gdacs.org/report.aspx?eventtype=WF&eventid=1023437
EONET_12588,GDACS,https://www.gdacs.org/report.aspx?eventtype=WF&eventid=1023440
EONET_12616,GDACS,https://www.gdacs.org/report.aspx?eventtype=WF&eventid=1023475
EONET_12646,GDACS,https://www.gdacs.org/report.aspx?eventtype=WF&eventid=1023481
EONET_12843,IRWIN,https://irwin.doi.gov/observer/
EONET_12561,IRWIN,https://irwin.doi.gov/observer/
EONET_12562,IRWIN,https://irwin.doi.gov/observer/
EONET_12552,IRWIN,https://irwin.doi.gov/observer/
EONET_12507,GDACS,https://www.gdacs.org/report.aspx?eventtype=WF&eventid=1023393
EONET_12508,GDACS,https://www.gdacs.org/report.aspx?eventtype=WF&eventid=1023400
EONET_12509,GDACS,https://www.gdacs.org/report.aspx?eventtype=WF&eventid=1023396
EONET_12517,GDACS,https://www.gdacs.org/report.aspx?eventtype=WF&eventid=1023407
EONET_12518,GDACS,https://www.gdacs.org/report.aspx?eventtype=WF&eventid=1023408
EONET_12519,GDACS,https://www.gdacs.org/report.aspx?eventtype=WF&eventid=1023402
EONET_12533,GDACS,https://www.gdacs.org/report.aspx?eventtype=WF&eventid=1023422
EONET_12534,GDACS,https://www.gdacs.org/report.aspx?eventtype=WF&eventid=1023419
EONET_12535,GDACS,https://www.gdacs.org/report.aspx?eventtype=WF&eventid=1023425
EONET_12589,GDACS,https://www.gdacs.org/report.aspx?eventtype=WF&eventid=1023442
EONET_12590,GDACS,https://www.gdacs.org/report.aspx?eventtype=WF&eventid=1023441
EONET_12543,IRWIN,https://irwin.doi.gov/observer/
EONET_12555,IRWIN,https://irwin.doi.gov/observer/
EONET_12563,IRWIN,https://irwin.doi.gov/observer/
EONET_12502,GDACS,https://www.gdacs.org/report.aspx?eventtype=WF&eventid=1023391
EONET_12503,GDACS,https://www.gdacs.org/report.aspx?eventtype=WF&eventid=1023392
EONET_12510,GDACS,https://www.gdacs.org/report.aspx?eventtype=WF&eventid=1023401
EONET_12511,GDACS,https://www.gdacs.org/report.aspx?eventtype=WF&eventid=1023397
EONET_12520,GDACS,https://www.gdacs.org/report.aspx?eventtype=WF&eventid=1023409
EONET_12521,GDACS,https://www.gdacs.org/report.aspx?eventtype=WF&eventid=1023403
EONET_12526,GDACS,https://www.gdacs.org/report.aspx?eventtype=WF&eventid=1023415
EONET_12527,GDACS,https://www.gdacs.org/report.aspx?eventtype=WF&eventid=1023416
EONET_12536,GDACS,https://www.gdacs.org/report.aspx?eventtype=WF&eventid=1023426
EONET_12537,GDACS,https://www.gdacs.org/report.aspx?eventtype=WF&eventid=1023423
EONET_12538,GDACS,https://www.gdacs.org/report.aspx?eventtype=WF&eventid=1023420
EONET_12574,GDACS,https://www.gdacs.org/report.aspx?eventtype=WF&eventid=1023427
EONET_12591,GDACS,https://www.gdacs.org/report.aspx?eventtype=WF&eventid=1023443
EONET_12544,IRWIN,https://irwin.doi.gov/observer/
EONET_12564,IRWIN,https://irwin.doi.gov/observer/
EONET_12522,GDACS,https://www.gdacs.org/report.aspx?eventtype=WF&eventid=1023404
EONET_12528,GDACS,https://www.gdacs.org/report.aspx?eventtype=WF&eventid=1023412
EONET_12529,GDACS,https://www.gdacs.org/report.aspx?eventtype=WF&eventid=1023413
EONET_12575,GDACS,https://www.gdacs.org/report.aspx?eventtype=WF&eventid=1023429
EONET_12592,GDACS,https://www.gdacs.org/report.aspx?eventtype=WF&eventid=1023444
EONET_12593,GDACS,https://www.gdacs.org/report.aspx?eventtype=WF&eventid=1023445
EONET_12498,GDACS,https://www.gdacs.org/report.aspx?eventtype=WF&eventid=1023384
EONET_12504,GDACS,https://www.gdacs.org/report.aspx?eventtype=WF&eventid=1023390
EONET_12512,GDACS,https://www.gdacs.org/report.aspx?eventtype=WF&eventid=1023398
EONET_12513,GDACS,https://www.gdacs.org/report.aspx?eventtype=WF&eventid=1023394
EONET_12539,GDACS,https://www.gdacs.org/report.aspx?eventtype=WF&eventid=1023418
EONET_12540,GDACS,https://www.gdacs.org/report.aspx?eventtype=WF&eventid=1023421
EONET_12514,GDACS,https://www.gdacs.org/report.aspx?eventtype=WF&eventid=1023399
EONET_12515,GDACS,https://www.gdacs.org/report.aspx?eventtype=WF&eventid=1023395
EONET_12530,GDACS,https://www.gdacs.org/report.aspx?eventtype=WF&eventid=1023414
EONET_12499,GDACS,https://www.gdacs.org/report.aspx?eventtype=WF&eventid=1023385
EONET_12505,GDACS,https://www.gdacs.org/report.aspx?eventtype=WF&eventid=1023388
EONET_12506,GDACS,https://www.gdacs.org/report.aspx?eventtype=WF&eventid=1023389
EONET_12523,GDACS,https://www.gdacs.org/report.aspx?eventtype=WF&eventid=1023410
EONET_12524,GDACS,https://www.gdacs.org/report.aspx?eventtype=WF&eventid=1023411
EONET_12487,IRWIN,https://irwin.doi.gov/observer/
EONET_12488,IRWIN,https://irwin.doi.gov/observer/
EONET_12481,GDACS,https://www.gdacs.org/report.aspx?eventtype=WF&eventid=1023378
EONET_12494,GDACS,https://www.gdacs.org/report.aspx?eventtype=WF&eventid=1023381
EONET_12489,IRWIN,https://irwin.doi.gov/observer/
EONET_12490,IRWIN,https://irwin.doi.gov/observer/
EONET_12467,GDACS,https://www.gdacs.org/report.aspx?eventtype=WF&eventid=1023365
EONET_12482,GDACS,https://www.gdacs.org/report.aspx?eventtype=WF&eventid=1023379
EONET_12493,GDACS,https://www.gdacs.org/report.aspx?eventtype=WF&eventid=1023380
EONET_12495,GDACS,https://www.gdacs.org/report.aspx?eventtype=WF&eventid=1023382
EONET_12486,IRWIN,https://irwin.doi.gov/observer/
EONET_12491,IRWIN,https://irwin.doi.gov/observer/
EONET_12459,GDACS,https://www.gdacs.org/report.aspx?eventtype=WF&eventid=1023359
EONET_12468,GDACS,https://www.gdacs.org/report.aspx?eventtype=WF&eventid=1023368
EONET_12475,GDACS,https://www.gdacs.org/report.aspx?eventtype=WF&eventid=1023372
EONET_12476,GDACS,https://www.gdacs.org/report.aspx?eventtype=WF&eventid=1023373
EONET_12496,GDACS,https://www.gdacs.org/report.aspx?eventtype=WF&eventid=1023383
EONET_12525,GDACS,https://www.gdacs.org/report.aspx?eventtype=WF&eventid=1023405
EONET_12492,IRWIN,https://irwin.doi.gov/observer/
EONET_12460,GDACS,https://www.gdacs.org/report.aspx?eventtype=WF&eventid=1023358
EONET_12477,GDACS,https://www.gdacs.org/report.aspx?eventtype=WF&eventid=1023374
EONET_12483,GDACS,https://www.gdacs.org/report.aspx?eventtype=WF&eventid=1023375
EONET_12500,GDACS,https://www.gdacs.org/report.aspx?eventtype=WF&eventid=1023387
EONET_12448,GDACS,https://www.gdacs.org/report.aspx?eventtype=WF&eventid=1023342
EONET_12461,GDACS,https://www.gdacs.org/report.aspx?eventtype=WF&eventid=1023353
EONET_12469,GDACS,https://www.gdacs.org/report.aspx?eventtype=WF&eventid=1023361
EONET_12470,GDACS,https://www.gdacs.org/report.aspx?eventtype=WF&eventid=1023366
EONET_12478,GDACS,https://www.gdacs.org/report.aspx?eventtype=WF&eventid=1023369
EONET_12501,GDACS,https://www.gdacs.org/report.aspx?eventtype=WF&eventid=1023386
EONET_12449,GDACS,https://www.gdacs.org/report.aspx?eventtype=WF&eventid=1023343
EONET_12462,GDACS,https://www.gdacs.org/report.aspx?eventtype=WF&eventid=1023354
EONET_12463,GDACS,https://www.gdacs.org/report.aspx?eventtype=WF&eventid=1023355
EONET_12479,GDACS,https://www.gdacs.org/report.aspx?eventtype=WF&eventid=1023370
EONET_12484,GDACS,https://www.gdacs.org/report.aspx?eventtype=WF&eventid=1023376
EONET_12485,GDACS,https://www.gdacs.org/report.aspx?eventtype=WF&eventid=1023377
EONET_12432,GDACS,https://www.gdacs.org/report.aspx?eventtype=WF&eventid=1023333
EONET_12433,GDACS,https://www.gdacs.org/report.aspx?eventtype=WF&eventid=1023334
EONET_12442,GDACS,https://www.gdacs.org/report.aspx?eventtype=WF&eventid=1023337
EONET_12443,GDACS,https://www.gdacs.org/report.aspx?eventtype=WF&eventid=1023336
EONET_12450,GDACS,https://www.gdacs.org/report.aspx?eventtype=WF&eventid=1023344
EONET_12471,GDACS,https://www.gdacs.org/report.aspx?eventtype=WF&eventid=1023362
EONET_12472,GDACS,https://www.gdacs.org/report.aspx?eventtype=WF&eventid=1023363
EONET_12473,GDACS,https://www.gdacs.org/report.aspx?eventtype=WF&eventid=1023367
EONET_12480,GDACS,https://www.gdacs.org/report.aspx?eventtype=WF&eventid=1023371
EONET_12444,GDACS,https://www.gdacs.org/report.aspx?eventtype=WF&eventid=1023340
EONET_12445,GDACS,https://www.gdacs.org/report.aspx?eventtype=WF&eventid=1023338
EONET_12451,GDACS,https://www.gdacs.org/report.aspx?eventtype=WF&eventid=1023345
EONET_12452,GDACS,https://www.gdacs.org/report.aspx?eventtype=WF&eventid=1023346
EONET_12464,GDACS,https://www.gdacs.org/report.aspx?eventtype=WF&eventid=1023356
EONET_12465,GDACS,https://www.gdacs.org/report.aspx?eventtype=WF&eventid=1023357
EONET_12466,GDACS,https://www.gdacs.org/report.aspx?eventtype=WF&eventid=1023360
EONET_12474,GDACS,https://www.gdacs.org/report.aspx?eventtype=WF&eventid=1023364
EONET_12418,IRWIN,https://irwin.doi.gov/observer/
EONET_12378,GDACS,https://www.gdacs.org/report.aspx?eventtype=WF&eventid=1023278
EONET_12379,GDACS,https://www.gdacs.org/report.aspx?eventtype=WF&eventid=1023302
EONET_12403,GDACS,https://www.gdacs.org/report.aspx?eventtype=WF&eventid=1023303
EONET_12434,GDACS,https://www.gdacs.org/report.aspx?eventtype=WF&eventid=1023326
EONET_12435,GDACS,https://www.gdacs.org/report.aspx?eventtype=WF&eventid=1023331
EONET_12453,GDACS,https://www.gdacs.org/report.aspx?eventtype=WF&eventid=1023347
EONET_12419,IRWIN,https://irwin.doi.gov/observer/
EONET_12422,IRWIN,https://irwin.doi.gov/observer/
EONET_12421,IRWIN,https://irwin.doi.gov/observer/
EONET_12380,GDACS,https://www.gdacs.org/report.aspx?eventtype=WF&eventid=1023279
EONET_12381,GDACS,https://www.gdacs.org/report.aspx?eventtype=WF&eventid=1023280
EONET_12382,GDACS,https://www.gdacs.org/report.aspx?eventtype=WF&eventid=1023294
EONET_12404,GDACS,https://www.gdacs.org/report.aspx?eventtype=WF&eventid=1023304
EONET_12405,GDACS,https://www.gdacs.org/report.aspx?eventtype=WF&eventid=1023314
EONET_12423,GDACS,https://www.gdacs.org/report.aspx?eventtype=WF&eventid=1023323
EONET_12424,GDACS,https://www.gdacs.org/report.aspx?eventtype=WF&eventid=1023325
EONET_12446,GDACS,https://www.gdacs.org/report.aspx?eventtype=WF&eventid=1023341
EONET_12454,GDACS,https://www.gdacs.org/report.aspx?eventtype=WF&eventid=1023348
EONET_12354,IRWIN,https://irwin.doi.gov/observer/
EONET_12842,IRWIN,https://irwin.doi.gov/observer/
EONET_12353,IRWIN,https://irwin.doi.gov/observer/
EONET_12352,IRWIN,https://irwin.doi.gov/observer/
EONET_12350,IRWIN,https://irwin.doi.gov/observer/
EONET_12349,GDACS,https://www.gdacs.org/report.aspx?eventtype=WF&eventid=1023277
EONET_12349,IRWIN,https://irwin.doi.gov/observer/
EONET_12356,GDACS,https://www.gdacs.org/report.aspx?eventtype=WF&eventid=1023260
EONET_12370,GDACS,https://www.gdacs.org/report.aspx?eventtype=WF&eventid=1023271
EONET_12383,GDACS,https://www.gdacs.org/report.aspx?eventtype=WF&eventid=1023281
EONET_12384,GDACS,https://www.gdacs.org/report.aspx?eventtype=WF&eventid=1023295
EONET_12385,GDACS,https://www.gdacs.org/report.aspx?eventtype=WF&eventid=1023282
EONET_12386,GDACS,https://www.gdacs.org/report.aspx?eventtype=WF&eventid=1023283
EONET_12387,GDACS,https://www.gdacs.org/report.aspx?eventtype=WF&eventid=1023284
EONET_12406,GDACS,https://www.gdacs.org/report.aspx?eventtype=WF&eventid=1023305
EONET_12436,GDACS,https://www.gdacs.org/report.aspx?eventtype=WF&eventid=1023327
EONET_12437,GDACS,https://www.gdacs.org/report.aspx?eventtype=WF&eventid=1023328
EONET_12455,GDACS,https://www.gdacs.org/report.aspx?eventtype=WF&eventid=1023349
EONET_12456,GDACS,https://www.gdacs.org/report.aspx?eventtype=WF&eventid=1023350
EONET_12457,GDACS,https://www.gdacs.org/report.aspx?eventtype=WF&eventid=1023352
EONET_12337,GDACS,https://www.gdacs.org/report.aspx?eventtype=WF&eventid=1023253
EONET_12346,GDACS,https://www.gdacs.org/report.aspx?eventtype=WF&eventid=1023255
EONET_12346,IRWIN,https://irwin.doi.gov/observer/
EONET_12388,GDACS,https://www.gdacs.org/report.aspx?eventtype=WF&eventid=1023291
EONET_12389,GDACS,https://www.gdacs.org/report.aspx?eventtype=WF&eventid=1023292
EONET_12390,GDACS,https://www.gdacs.org/report.aspx?eventtype=WF&eventid=1023285
EONET_12391,GDACS,https://www.gdacs.org/report.aspx?eventtype=WF&eventid=1023296
EONET_12392,GDACS,https://www.gdacs.org/report.aspx?eventtype=WF&eventid=1023297
EONET_12407,GDACS,https://www.gdacs.org/report.aspx?eventtype=WF&eventid=1023306
EONET_12408,GDACS,https://www.gdacs.org/report.aspx?eventtype=WF&eventid=1023316
EONET_12409,GDACS,https://www.gdacs.org/report.aspx?eventtype=WF&eventid=1023317
EONET_12425,GDACS,https://www.gdacs.org/report.aspx?eventtype=WF&eventid=1023318
EONET_12438,GDACS,https://www.gdacs.org/report.aspx?eventtype=WF&eventid=1023335
EONET_12357,GDACS,https://www.gdacs.org/report.aspx?eventtype=WF&eventid=1023268
EONET_12371,GDACS,https://www.gdacs.org/report.aspx?eventtype=WF&eventid=1023272
EONET_12393,GDACS,https://www.gdacs.org/report.aspx?eventtype=WF&eventid=1023298
EONET_12394,GDACS,https://www.gdacs.org/report.aspx?eventtype=WF&eventid=1023299
EONET_12395,GDACS,https://www.gdacs.org/report.aspx?eventtype=WF&eventid=1023286
EONET_12396,GDACS,https://www.gdacs.org/report.aspx?eventtype=WF&eventid=1023287
EONET_12397,GDACS,https://www.gdacs.org/report.aspx?eventtype=WF&eventid=1023288
EONET_12398,GDACS,https://www.gdacs.org/report.aspx?eventtype=WF&eventid=1023293
EONET_12426,GDACS,https://www.gdacs.org/report.aspx?eventtype=WF&eventid=1023319
EONET_12427,GDACS,https://www.gdacs.org/report.aspx?eventtype=WF&eventid=1023320
EONET_12439,GDACS,https://www.gdacs.org/report.aspx?eventtype=WF&eventid=1023332
EONET_12440,GDACS,https://www.gdacs.org/report.aspx?eventtype=WF&eventid=1023329
EONET_12447,GDACS,https://www.gdacs.org/report.aspx?eventtype=WF&eventid=1023339
EONET_12315,GDACS,https://www.gdacs.org/report.aspx?eventtype=WF&eventid=1023235
EONET_12338,GDACS,https://www.gdacs.org/report.aspx?eventtype=WF&eventid=1023247
EONET_12339,GDACS,https://www.gdacs.org/report.aspx?eventtype=WF&eventid=1023257
EONET_12358,GDACS,https://www.gdacs.org/report.aspx?eventtype=WF&eventid=1023269
EONET_12359,GDACS,https://www.gdacs.org/report.aspx?eventtype=WF&eventid=1023261
EONET_12410,GDACS,https://www.gdacs.org/report.aspx?eventtype=WF&eventid=1023308
EONET_12411,GDACS,https://www.gdacs.org/report.aspx?eventtype=WF&eventid=1023307
EONET_12428,GDACS,https://www.gdacs.org/report.aspx?eventtype=WF&eventid=1023321
EONET_12429,GDACS,https://www.gdacs.org/report.aspx?eventtype=WF&eventid=1023322
EONET_12458,GDACS,https://www.gdacs.org/report.aspx?eventtype=WF&eventid=1023351
EONET_12326,GDACS,https://www.gdacs.org/report.aspx?eventtype=WF&eventid=1023236
EONET_12340,GDACS,https://www.gdacs.org/report.aspx?eventtype=WF&eventid=1023254
EONET_12360,GDACS,https://www.gdacs.org/report.aspx?eventtype=WF&eventid=1023262
EONET_12361,GDACS,https://www.gdacs.org/report.aspx?eventtype=WF&eventid=1023263
EONET_12372,GDACS,https://www.gdacs.org/report.aspx?eventtype=WF&eventid=1023273
EONET_12399,GDACS,https://www.gdacs.org/report.aspx?eventtype=WF&eventid=1023300
EONET_12441,GDACS,https://www.gdacs.org/report.aspx?eventtype=WF&eventid=1023330
EONET_12299,GDACS,https://www.gdacs.org/report.aspx?eventtype=WF&eventid=1023215
EONET_12300,GDACS,https://www.gdacs.org/report.aspx?eventtype=WF&eventid=1023216
EONET_12301,GDACS,https://www.gdacs.org/report.aspx?eventtype=WF&eventid=1023221
EONET_12327,GDACS,https://www.gdacs.org/report.aspx?eventtype=WF&eventid=1023245
EONET_12341,GDACS,https://www.gdacs.org/report.aspx?eventtype=WF&eventid=1023251
EONET_12347,GDACS,https://www.gdacs.org/report.aspx?eventtype=WF&eventid=1023258
EONET_12362,GDACS,https://www.gdacs.org/report.aspx?eventtype=WF&eventid=1023264
EONET_12373,GDACS,https://www.gdacs.org/report.aspx?eventtype=WF&eventid=1023274
EONET_12412,GDACS,https://www.gdacs.org/report.aspx?eventtype=WF&eventid=1023309
EONET_12413,GDACS,https://www.gdacs.org/report.aspx?eventtype=WF&eventid=1023310
EONET_12414,GDACS,https://www.gdacs.org/report.aspx?eventtype=WF&eventid=1023315
EONET_12289,GDACS,https://www.gdacs.org/report.aspx?eventtype=WF&eventid=1023209
EONET_12302,GDACS,https://www.gdacs.org/report.aspx?eventtype=WF&eventid=1023217
EONET_12303,GDACS,https://www.gdacs.org/report.aspx?eventtype=WF&eventid=1023214
EONET_12304,GDACS,https://www.gdacs.org/report.aspx?eventtype=WF&eventid=1023218
EONET_12316,GDACS,https://www.gdacs.org/report.aspx?eventtype=WF&eventid=1023225
EONET_12317,GDACS,https://www.gdacs.org/report.aspx?eventtype=WF&eventid=1023226
EONET_12318,GDACS,https://www.gdacs.org/report.aspx?eventtype=WF&eventid=1023232
EONET_12319,GDACS,https://www.gdacs.org/report.aspx?eventtype=WF&eventid=1023233
EONET_12328,GDACS,https://www.gdacs.org/report.aspx?eventtype=WF&eventid=1023246
EONET_12329,GDACS,https://www.gdacs.org/report.aspx?eventtype=WF&eventid=1023237
EONET_12342,GDACS,https://www.gdacs.org/report.aspx?eventtype=WF&eventid=1023248
EONET_12348,GDACS,https://www.gdacs.org/report.aspx?eventtype=WF&eventid=1023259
EONET_12363,GDACS,https://www.gdacs.org/report.aspx?eventtype=WF&eventid=1023270
EONET_12400,GDACS,https://www.gdacs.org/report.aspx?eventtype=WF&eventid=1023301
EONET_12401,GDACS,https://www.gdacs.org/report.aspx?eventtype=WF&eventid=1023289
EONET_12402,GDACS,https://www.gdacs.org/report.aspx?eventtype=WF&eventid=1023290
EONET_12415,GDACS,https://www.gdacs.org/report.aspx?eventtype=WF&eventid=1023313
EONET_12416,GDACS,https://www.gdacs.org/report.aspx?eventtype=WF&eventid=1023311
EONET_12417,GDACS,https://www.gdacs.org/report.aspx?eventtype=WF&eventid=1023312
EONET_12430,GDACS,https://www.gdacs.org/report.aspx?eventtype=WF&eventid=1023324
EONET_12305,GDACS,https://www.gdacs.org/report.aspx?eventtype=WF&eventid=1023210
EONET_12306,GDACS,https://www.gdacs.org/report.aspx?eventtype=WF&eventid=1023222
EONET_12307,GDACS,https://www.gdacs.org/report.aspx?eventtype=WF&eventid=1023223
EONET_12320,GDACS,https://www.gdacs.org/report.aspx?eventtype=WF&eventid=1023227
EONET_12330,GDACS,https://www.gdacs.org/report.aspx?eventtype=WF&eventid=1023238
EONET_12331,GDACS,https://www.gdacs.org/report.aspx?eventtype=WF&eventid=1023244
EONET_12343,GDACS,https://www.gdacs.org/report.aspx?eventtype=WF&eventid=1023249
EONET_12364,GDACS,https://www.gdacs.org/report.aspx?eventtype=WF&eventid=1023265
EONET_12365,GDACS,https://www.gdacs.org/report.aspx?eventtype=WF&eventid=1023266
EONET_12374,GDACS,https://www.gdacs.org/report.aspx?eventtype=WF&eventid=1023275
EONET_12375,GDACS,https://www.gdacs.org/report.aspx?eventtype=WF&eventid=1023276
EONET_12290,GDACS,https://www.gdacs.org/report.aspx?eventtype=WF&eventid=1023202
EONET_12308,GDACS,https://www.gdacs.org/report.aspx?eventtype=WF&eventid=1023212
EONET_12321,GDACS,https://www.gdacs.org/report.aspx?eventtype=WF&eventid=1023228
EONET_12322,GDACS,https://www.gdacs.org/report.aspx?eventtype=WF&eventid=1023229
EONET_12323,GDACS,https://www.gdacs.org/report.aspx?eventtype=WF&eventid=1023234
EONET_12332,GDACS,https://www.gdacs.org/report.aspx?eventtype=WF&eventid=1023240
EONET_12333,GDACS,https://www.gdacs.org/report.aspx?eventtype=WF&eventid=1023239
EONET_12344,GDACS,https://www.gdacs.org/report.aspx?eventtype=WF&eventid=1023252
EONET_12243,GDACS,https://www.gdacs.org/report.aspx?eventtype=WF&eventid=1023173
EONET_12244,GDACS,https://www.gdacs.org/report.aspx?eventtype=WF&eventid=1023165
EONET_12264,GDACS,https://www.gdacs.org/report.aspx?eventtype=WF&eventid=1023185
EONET_12280,GDACS,https://www.gdacs.org/report.aspx?eventtype=WF&eventid=1023191
EONET_12324,GDACS,https://www.gdacs.org/report.aspx?eventtype=WF&eventid=1023230
EONET_12325,GDACS,https://www.gdacs.org/report.aspx?eventtype=WF&eventid=1023231
EONET_12334,GDACS,https://www.gdacs.org/report.aspx?eventtype=WF&eventid=1023243
EONET_12345,GDACS,https://www.gdacs.org/report.aspx?eventtype=WF&eventid=1023250
EONET_12245,GDACS,https://www.gdacs.org/report.aspx?eventtype=WF&eventid=1023154
EONET_12246,GDACS,https://www.gdacs.org/report.aspx?eventtype=WF&eventid=1023166
EONET_12247,GDACS,https://www.gdacs.org/report.aspx?eventtype=WF&eventid=1023167
EONET_12248,GDACS,https://www.gdacs.org/report.aspx?eventtype=WF&eventid=1023163
EONET_12265,GDACS,https://www.gdacs.org/report.aspx?eventtype=WF&eventid=1023187
EONET_12266,GDACS,https://www.gdacs.org/report.aspx?eventtype=WF&eventid=1023183
EONET_12267,GDACS,https://www.gdacs.org/report.aspx?eventtype=WF&eventid=1023186
EONET_12268,GDACS,https://www.gdacs.org/report.aspx?eventtype=WF&eventid=1023175
EONET_12281,GDACS,https://www.gdacs.org/report.aspx?eventtype=WF&eventid=1023196
EONET_12282,GDACS,https://www.gdacs.org/report.aspx?eventtype=WF&eventid=1023192
EONET_12291,GDACS,https://www.gdacs.org/report.aspx?eventtype=WF&eventid=1023203
EONET_12292,GDACS,https://www.gdacs.org/report.aspx?eventtype=WF&eventid=1023207
EONET_12309,GDACS,https://www.gdacs.org/report.aspx?eventtype=WF&eventid=1023224
EONET_12310,GDACS,https://www.gdacs.org/report.aspx?eventtype=WF&eventid=1023220
EONET_12311,GDACS,https://www.gdacs.org/report.aspx?eventtype=WF&eventid=1023213
EONET_12366,GDACS,https://www.gdacs.org/report.aspx?eventtype=WF&eventid=1023267
EONET_12236,GDACS,https://www.gdacs.org/report.aspx?eventtype=WF&eventid=1023149
EONET_12237,GDACS,https://www.gdacs.org/report.aspx?eventtype=WF&eventid=1023150
EONET_12249,GDACS,https://www.gdacs.org/report.aspx?eventtype=WF&eventid=1023168
EONET_12250,GDACS,https://www.gdacs.org/report.aspx?eventtype=WF&eventid=1023169
EONET_12251,GDACS,https://www.gdacs.org/report.aspx?eventtype=WF&eventid=1023170
EONET_12252,GDACS,https://www.gdacs.org/report.aspx?eventtype=WF&eventid=1023171
EONET_12253,GDACS,https://www.gdacs.org/report.aspx?eventtype=WF&eventid=1023174
EONET_12269,GDACS,https://www.gdacs.org/report.aspx?eventtype=WF&eventid=1023176
EONET_12270,GDACS,https://www.gdacs.org/report.aspx?eventtype=WF&eventid=1023177
EONET_12271,GDACS,https://www.gdacs.org/report.aspx?eventtype=WF&eventid=1023178
EONET_12272,GDACS,https://www.gdacs.org/report.aspx?eventtype=WF&eventid=1023179
EONET_12283,GDACS,https://www.gdacs.org/report.aspx?eventtype=WF&eventid=1023193
EONET_12284,GDACS,https://www.gdacs.org/report.aspx?eventtype=WF&eventid=1023198
EONET_12293,GDACS,https://www.gdacs.org/report.aspx?eventtype=WF&eventid=1023200
EONET_12294,GDACS,https://www.gdacs.org/report.aspx?eventtype=WF&eventid=1023204
EONET_12295,GDACS,https://www.gdacs.org/report.aspx?eventtype=WF&eventid=1023205
EONET_12312,GDACS,https://www.gdacs.org/report.aspx?eventtype=WF&eventid=1023211
EONET_12313,GDACS,https://www.gdacs.org/report.aspx?eventtype=WF&eventid=1023219
EONET_12335,GDACS,https://www.gdacs.org/report.aspx?eventtype=WF&eventid=1023241
EONET_12238,GDACS,https://www.gdacs.org/report.aspx?eventtype=WF&eventid=1023151
EONET_12254,GDACS,https://www.gdacs.org/report.aspx?eventtype=WF&eventid=1023164
EONET_12273,GDACS,https://www.gdacs.org/report.aspx?eventtype=WF&eventid=1023182
EONET_12274,GDACS,https://www.gdacs.org/report.aspx?eventtype=WF&eventid=1023184
EONET_12275,GDACS,https://www.gdacs.org/report.aspx?eventtype=WF&eventid=1023188
EONET_12276,GDACS,https://www.gdacs.org/report.aspx?eventtype=WF&eventid=1023180
EONET_12277,GDACS,https://www.gdacs.org/report.aspx?eventtype=WF&eventid=1023181
EONET_12285,GDACS,https://www.gdacs.org/report.aspx?eventtype=WF&eventid=1023199
EONET_12286,GDACS,https://www.gdacs.org/report.aspx?eventtype=WF&eventid=1023194
EONET_12296,GDACS,https://www.gdacs.org/report.aspx?eventtype=WF&eventid=1023201
EONET_12297,GDACS,https://www.gdacs.org/report.aspx?eventtype=WF&eventid=1023206
EONET_12336,GDACS,https://www.gdacs.org/report.aspx?eventtype=WF&eventid=1023242
EONET_12255,GDACS,https://www.gdacs.org/report.aspx?eventtype=WF&eventid=1023155
EONET_12256,GDACS,https://www.gdacs.org/report.aspx?eventtype=WF&eventid=1023172
EONET_12278,GDACS,https://www.gdacs.org/report.aspx?eventtype=WF&eventid=1023190
EONET_12287,GDACS,https://www.gdacs.org/report.aspx?eventtype=WF&eventid=1023197
EONET_12298,GDACS,https://www.gdacs.org/report.aspx?eventtype=WF&eventid=1023208
EONET_12228,GDACS,https://www.gdacs.org/report.aspx?eventtype=WF&eventid=1023140
EONET_12229,GDACS,https://www.gdacs.org/report.aspx?eventtype=WF&eventid=1023145
EONET_12239,GDACS,https://www.gdacs.org/report.aspx?eventtype=WF&eventid=1023147
EONET_12240,GDACS,https://www.gdacs.org/report.aspx?eventtype=WF&eventid=1023148
EONET_12257,GDACS,https://www.gdacs.org/report.aspx?eventtype=WF&eventid=1023156
EONET_12258,GDACS,https://www.gdacs.org/report.aspx?eventtype=WF&eventid=1023157
EONET_12259,GDACS,https://www.gdacs.org/report.aspx?eventtype=WF&eventid=1023161
EONET_12203,GDACS,https://www.gdacs.org/report.aspx?eventtype=WF&eventid=1023118
EONET_12204,GDACS,https://www.gdacs.org/report.aspx?eventtype=WF&eventid=1023130
EONET_12205,GDACS,https://www.gdacs.org/report.aspx?eventtype=WF&eventid=1023117
EONET_12206,GDACS,https://www.gdacs.org/report.aspx?eventtype=WF&eventid=1023125
EONET_12220,GDACS,https://www.gdacs.org/report.aspx?eventtype=WF&eventid=1023138
EONET_12230,GDACS,https://www.gdacs.org/report.aspx?eventtype=WF&eventid=1023146
EONET_12231,GDACS,https://www.gdacs.org/report.aspx?eventtype=WF&eventid=1023141
EONET_12241,GDACS,https://www.gdacs.org/report.aspx?eventtype=WF&eventid=1023152
EONET_12242,GDACS,https://www.gdacs.org/report.aspx?eventtype=WF&eventid=1023153
EONET_12260,GDACS,https://www.gdacs.org/report.aspx?eventtype=WF&eventid=1023158
EONET_12219,IRWIN,https://irwin.doi.gov/observer/
EONET_12367,EO,https://science.nasa.gov/earth/earth-observatory/restless-kilauea-launches-lava-and-ash/
EONET_12367,SIVolcano,https://volcano.si.edu/volcano.cfm?vn=332010
EONET_12207,GDACS,https://www.gdacs.org/report.aspx?eventtype=WF&eventid=1023126
EONET_12221,GDACS,https://www.gdacs.org/report.aspx?eventtype=WF&eventid=1023139
EONET_12222,GDACS,https://www.gdacs.org/report.aspx?eventtype=WF&eventid=1023132
EONET_12232,GDACS,https://www.gdacs.org/report.aspx?eventtype=WF&eventid=1023142
EONET_12233,GDACS,https://www.gdacs.org/report.aspx?eventtype=WF&eventid=1023143
EONET_12234,GDACS,https://www.gdacs.org/report.aspx?eventtype=WF&eventid=1023144
EONET_12261,GDACS,https://www.gdacs.org/report.aspx?eventtype=WF&eventid=1023159
EONET_12262,GDACS,https://www.gdacs.org/report.aspx?eventtype=WF&eventid=1023160
EONET_12263,GDACS,https://www.gdacs.org/report.aspx?eventtype=WF&eventid=1023162
EONET_12197,GDACS,https://www.gdacs.org/report.aspx?eventtype=WF&eventid=1023115
EONET_12198,GDACS,https://www.gdacs.org/report.aspx?eventtype=WF&eventid=1023111
EONET_12199,GDACS,https://www.gdacs.org/report.aspx?eventtype=WF&eventid=1023112
EONET_12208,GDACS,https://www.gdacs.org/report.aspx?eventtype=WF&eventid=1023119
EONET_12209,GDACS,https://www.gdacs.org/report.aspx?eventtype=WF&eventid=1023120
EONET_12210,GDACS,https://www.gdacs.org/report.aspx?eventtype=WF&eventid=1023121
EONET_12223,GDACS,https://www.gdacs.org/report.aspx?eventtype=WF&eventid=1023133
EONET_12224,GDACS,https://www.gdacs.org/report.aspx?eventtype=WF&eventid=1023134
EONET_12279,GDACS,https://www.gdacs.org/report.aspx?eventtype=WF&eventid=1023189
EONET_12288,GDACS,https://www.gdacs.org/report.aspx?eventtype=WF&eventid=1023195
EONET_12200,GDACS,https://www.gdacs.org/report.aspx?eventtype=WF&eventid=1023113
EONET_12211,GDACS,https://www.gdacs.org/report.aspx?eventtype=WF&eventid=1023127
EONET_12225,GDACS,https://www.gdacs.org/report.aspx?eventtype=WF&eventid=1023135
EONET_12226,GDACS,https://www.gdacs.org/report.aspx?eventtype=WF&eventid=1023137
EONET_12182,GDACS,https://www.gdacs.org/report.aspx?eventtype=WF&eventid=1023099
EONET_12191,GDACS,https://www.gdacs.org/report.aspx?eventtype=WF&eventid=1023106
EONET_12201,GDACS,https://www.gdacs.org/report.aspx?eventtype=WF&eventid=1023114
EONET_12202,GDACS,https://www.gdacs.org/report.aspx?eventtype=WF&eventid=1023116
EONET_12212,GDACS,https://www.gdacs.org/report.aspx?eventtype=WF&eventid=1023128
EONET_12213,GDACS,https://www.gdacs.org/report.aspx?eventtype=WF&eventid=1023129
EONET_12214,GDACS,https://www.gdacs.org/report.aspx?eventtype=WF&eventid=1023122
EONET_12215,GDACS,https://www.gdacs.org/report.aspx?eventtype=WF&eventid=1023131
EONET_12188,GDACS,https://www.gdacs.org/report.aspx?eventtype=WF&eventid=1023104
EONET_12192,GDACS,https://www.gdacs.org/report.aspx?eventtype=WF&eventid=1023107
EONET_12193,GDACS,https://www.gdacs.org/report.aspx?eventtype=WF&eventid=1023105
EONET_12216,GDACS,https://www.gdacs.org/report.aspx?eventtype=WF&eventid=1023123
EONET_12178,IRWIN,https://irwin.doi.gov/observer/
EONET_12183,GDACS,https://www.gdacs.org/report.aspx?eventtype=WF&eventid=1023101
EONET_12189,GDACS,https://www.gdacs.org/report.aspx?eventtype=WF&eventid=1023102
EONET_12217,GDACS,https://www.gdacs.org/report.aspx?eventtype=WF&eventid=1023124
EONET_12227,GDACS,https://www.gdacs.org/report.aspx?eventtype=WF&eventid=1023136
EONET_12179,IRWIN,https://irwin.doi.gov/observer/
EONET_12161,GDACS,https://www.gdacs.org/report.aspx?eventtype=WF&eventid=1023086
EONET_12167,GDACS,https://www.gdacs.org/report.aspx?eventtype=WF&eventid=1023090
EONET_12184,GDACS,https://www.gdacs.org/report.aspx?eventtype=WF&eventid=1023096
EONET_12185,GDACS,https://www.gdacs.org/report.aspx?eventtype=WF&eventid=1023097
EONET_12190,GDACS,https://www.gdacs.org/report.aspx?eventtype=WF&eventid=1023103
EONET_12196,GDACS,https://www.gdacs.org/report.aspx?eventtype=WF&eventid=1023110
EONET_12181,IRWIN,https://irwin.doi.gov/observer/
EONET_12148,IRWIN,https://irwin.doi.gov/observer/
EONET_12168,GDACS,https://www.gdacs.org/report.aspx?eventtype=WF&eventid=1023088
EONET_12186,GDACS,https://www.gdacs.org/report.aspx?eventtype=WF&eventid=1023100
EONET_12194,GDACS,https://www.gdacs.org/report.aspx?eventtype=WF&eventid=1023108
EONET_12147,IRWIN,https://irwin.doi.gov/observer/
EONET_12150,IRWIN,https://irwin.doi.gov/observer/
EONET_12162,GDACS,https://www.gdacs.org/report.aspx?eventtype=WF&eventid=1023082
EONET_12169,GDACS,https://www.gdacs.org/report.aspx?eventtype=WF&eventid=1023091
EONET_12195,GDACS,https://www.gdacs.org/report.aspx?eventtype=WF&eventid=1023109
EONET_12132,GDACS,https://www.gdacs.org/report.aspx?eventtype=WF&eventid=1023069
EONET_12139,GDACS,https://www.gdacs.org/report.aspx?eventtype=WF&eventid=1023074
EONET_12140,GDACS,https://www.gdacs.org/report.aspx?eventtype=WF&eventid=1023076
EONET_12141,GDACS,https://www.gdacs.org/report.aspx?eventtype=WF&eventid=1023077
EONET_12158,GDACS,https://www.gdacs.org/report.aspx?eventtype=WF&eventid=1023080
EONET_12163,GDACS,https://www.gdacs.org/report.aspx?eventtype=WF&eventid=1023087
EONET_12175,GDACS,https://www.gdacs.org/report.aspx?eventtype=WF&eventid=1023094
EONET_12151,IRWIN,https://irwin.doi.gov/observer/
EONET_12142,GDACS,https://www.gdacs.org/report.aspx?eventtype=WF&eventid=1023071
EONET_12159,GDACS,https://www.gdacs.org/report.aspx?eventtype=WF&eventid=1023081
EONET_12164,GDACS,https://www.gdacs.org/report.aspx?eventtype=WF&eventid=1023085
EONET_12170,GDACS,https://www.gdacs.org/report.aspx?eventtype=WF&eventid=1023092
EONET_12176,GDACS,https://www.gdacs.org/report.aspx?eventtype=WF&eventid=1023093
EONET_12177,GDACS,https://www.gdacs.org/report.aspx?eventtype=WF&eventid=1023095
EONET_12187,GDACS,https://www.gdacs.org/report.aspx?eventtype=WF&eventid=1023098
EONET_12153,IRWIN,https://irwin.doi.gov/observer/
EONET_12156,IRWIN,https://irwin.doi.gov/observer/
EONET_12133,GDACS,https://www.gdacs.org/report.aspx?eventtype=WF&eventid=1023070
EONET_12160,GDACS,https://www.gdacs.org/report.aspx?eventtype=WF&eventid=1023079
EONET_12171,GDACS,https://www.gdacs.org/report.aspx?eventtype=WF&eventid=1023089
EONET_12152,IRWIN,https://irwin.doi.gov/observer/
EONET_12134,GDACS,https://www.gdacs.org/report.aspx?eventtype=WF&eventid=1023064
EONET_12143,GDACS,https://www.gdacs.org/report.aspx?eventtype=WF&eventid=1023078
EONET_12165,GDACS,https://www.gdacs.org/report.aspx?eventtype=WF&eventid=1023083
EONET_12157,IRWIN,https://irwin.doi.gov/observer/
EONET_12149,IRWIN,https://irwin.doi.gov/observer/
EONET_12120,GDACS,https://www.gdacs.org/report.aspx?eventtype=WF&eventid=1023057
EONET_12126,GDACS,https://www.gdacs.org/report.aspx?eventtype=WF&eventid=1023058
EONET_12135,GDACS,https://www.gdacs.org/report.aspx?eventtype=WF&eventid=1023067
EONET_12136,GDACS,https://www.gdacs.org/report.aspx?eventtype=WF&eventid=1023065
EONET_12144,GDACS,https://www.gdacs.org/report.aspx?eventtype=WF&eventid=1023072
EONET_12104,IRWIN,https://irwin.doi.gov/observer/
EONET_12103,IRWIN,https://irwin.doi.gov/observer/
EONET_12129,GDACS,https://www.gdacs.org/report.aspx?eventtype=WF&eventid=1023061
EONET_12145,GDACS,https://www.gdacs.org/report.aspx?eventtype=WF&eventid=1023075
EONET_12166,GDACS,https://www.gdacs.org/report.aspx?eventtype=WF&eventid=1023084
EONET_12105,IRWIN,https://irwin.doi.gov/observer/
EONET_12106,IRWIN,https://irwin.doi.gov/observer/
EONET_12109,GDACS,https://www.gdacs.org/report.aspx?eventtype=WF&eventid=1023050
EONET_12110,GDACS,https://www.gdacs.org/report.aspx?eventtype=WF&eventid=1023051
EONET_12121,GDACS,https://www.gdacs.org/report.aspx?eventtype=WF&eventid=1023056
EONET_12122,GDACS,https://www.gdacs.org/report.aspx?eventtype=WF&eventid=1023052
EONET_12137,GDACS,https://www.gdacs.org/report.aspx?eventtype=WF&eventid=1023066
EONET_12107,IRWIN,https://irwin.doi.gov/observer/
EONET_12098,GDACS,https://www.gdacs.org/report.aspx?eventtype=WF&eventid=1023037
EONET_12111,GDACS,https://www.gdacs.org/report.aspx?eventtype=WF&eventid=1023047
EONET_12112,GDACS,https://www.gdacs.org/report.aspx?eventtype=WF&eventid=1023049
EONET_12127,GDACS,https://www.gdacs.org/report.aspx?eventtype=WF&eventid=1023059
EONET_12130,GDACS,https://www.gdacs.org/report.aspx?eventtype=WF&eventid=1023062
EONET_12146,GDACS,https://www.gdacs.org/report.aspx?eventtype=WF&eventid=1023073
EONET_12123,GDACS,https://www.gdacs.org/report.aspx?eventtype=WF&eventid=1023055
EONET_12124,GDACS,https://www.gdacs.org/report.aspx?eventtype=WF&eventid=1023053
EONET_12125,GDACS,https://www.gdacs.org/report.aspx?eventtype=WF&eventid=1023054
EONET_12128,GDACS,https://www.gdacs.org/report.aspx?eventtype=WF&eventid=1023060
EONET_12131,GDACS,https://www.gdacs.org/report.aspx?eventtype=WF&eventid=1023063
EONET_12092,GDACS,https://www.gdacs.org/report.aspx?eventtype=WF&eventid=1023034
EONET_12096,GDACS,https://www.gdacs.org/report.aspx?eventtype=WF&eventid=1023035
EONET_12099,GDACS,https://www.gdacs.org/report.aspx?eventtype=WF&eventid=1023038
EONET_12100,GDACS,https://www.gdacs.org/report.aspx?eventtype=WF&eventid=1023039
EONET_12113,GDACS,https://www.gdacs.org/report.aspx?eventtype=WF&eventid=1023042
EONET_12138,GDACS,https://www.gdacs.org/report.aspx?eventtype=WF&eventid=1023068
EONET_12093,GDACS,https://www.gdacs.org/report.aspx?eventtype=WF&eventid=1023033
EONET_12114,GDACS,https://www.gdacs.org/report.aspx?eventtype=WF&eventid=1023048
EONET_12094,GDACS,https://www.gdacs.org/report.aspx?eventtype=WF&eventid=1023032
EONET_12088,IRWIN,https://irwin.doi.gov/observer/
EONET_12091,GDACS,https://www.gdacs.org/report.aspx?eventtype=WF&eventid=1023031
EONET_12101,GDACS,https://www.gdacs.org/report.aspx?eventtype=WF&eventid=1023040
EONET_12115,GDACS,https://www.gdacs.org/report.aspx?eventtype=WF&eventid=1023045
EONET_12116,GDACS,https://www.gdacs.org/report.aspx?eventtype=WF&eventid=1023046
EONET_12086,GDACS,https://www.gdacs.org/report.aspx?eventtype=WF&eventid=1023028
EONET_12089,GDACS,https://www.gdacs.org/report.aspx?eventtype=WF&eventid=1023029
EONET_12117,GDACS,https://www.gdacs.org/report.aspx?eventtype=WF&eventid=1023043
EONET_12118,GDACS,https://www.gdacs.org/report.aspx?eventtype=WF&eventid=1023044
EONET_12080,GDACS,https://www.gdacs.org/report.aspx?eventtype=WF&eventid=1023024
EONET_12097,GDACS,https://www.gdacs.org/report.aspx?eventtype=WF&eventid=1023036
EONET_12081,GDACS,https://www.gdacs.org/report.aspx?eventtype=WF&eventid=1023021
EONET_12090,GDACS,https://www.gdacs.org/report.aspx?eventtype=WF&eventid=1023030
EONET_12074,GDACS,https://www.gdacs.org/report.aspx?eventtype=WF&eventid=1023016
EONET_12076,GDACS,https://www.gdacs.org/report.aspx?eventtype=WF&eventid=1023018
EONET_12077,GDACS,https://www.gdacs.org/report.aspx?eventtype=WF&eventid=1023020
EONET_12087,GDACS,https://www.gdacs.org/report.aspx?eventtype=WF&eventid=1023027
EONET_12082,GDACS,https://www.gdacs.org/report.aspx?eventtype=WF&eventid=1023025
EONET_12055,GDACS,https://www.gdacs.org/report.aspx?eventtype=WF&eventid=1023001
EONET_12062,GDACS,https://www.gdacs.org/report.aspx?eventtype=WF&eventid=1023007
EONET_12063,GDACS,https://www.gdacs.org/report.aspx?eventtype=WF&eventid=1023008
EONET_12067,GDACS,https://www.gdacs.org/report.aspx?eventtype=WF&eventid=1023010
EONET_12083,GDACS,https://www.gdacs.org/report.aspx?eventtype=WF&eventid=1023022
EONET_12084,GDACS,https://www.gdacs.org/report.aspx?eventtype=WF&eventid=1023023
EONET_12044,IRWIN,https://irwin.doi.gov/observer/
EONET_12071,GDACS,https://www.gdacs.org/report.aspx?eventtype=WF&eventid=1023015
EONET_12085,GDACS,https://www.gdacs.org/report.aspx?eventtype=WF&eventid=1023026
EONET_12056,GDACS,https://www.gdacs.org/report.aspx?eventtype=WF&eventid=1022999
EONET_12057,GDACS,https://www.gdacs.org/report.aspx?eventtype=WF&eventid=1023003
EONET_12072,GDACS,https://www.gdacs.org/report.aspx?eventtype=WF&eventid=1023013
EONET_12075,GDACS,https://www.gdacs.org/report.aspx?eventtype=WF&eventid=1023017
EONET_12046,IRWIN,https://irwin.doi.gov/observer/
EONET_12038,GDACS,https://www.gdacs.org/report.aspx?eventtype=WF&eventid=1022995
EONET_12039,GDACS,https://www.gdacs.org/report.aspx?eventtype=WF&eventid=1022997
EONET_12040,GDACS,https://www.gdacs.org/report.aspx?eventtype=WF&eventid=1022994
EONET_12064,GDACS,https://www.gdacs.org/report.aspx?eventtype=WF&eventid=1023006
EONET_12068,GDACS,https://www.gdacs.org/report.aspx?eventtype=WF&eventid=1023011
EONET_12073,GDACS,https://www.gdacs.org/report.aspx?eventtype=WF&eventid=1023014
EONET_12048,IRWIN,https://irwin.doi.gov/observer/
EONET_12047,IRWIN,https://irwin.doi.gov/observer/
EONET_12033,GDACS,https://www.gdacs.org/report.aspx?eventtype=WF&eventid=1022991
EONET_12041,GDACS,https://www.gdacs.org/report.aspx?eventtype=WF&eventid=1022996
EONET_12058,GDACS,https://www.gdacs.org/report.aspx?eventtype=WF&eventid=1023004
EONET_12065,GDACS,https://www.gdacs.org/report.aspx?eventtype=WF&eventid=1023005
EONET_12078,GDACS,https://www.gdacs.org/report.aspx?eventtype=WF&eventid=1023019
EONET_12027,GDACS,https://www.gdacs.org/report.aspx?eventtype=WF&eventid=1022986
EONET_12059,GDACS,https://www.gdacs.org/report.aspx?eventtype=WF&eventid=1023000
EONET_12043,IRWIN,https://irwin.doi.gov/observer/
EONET_12053,IRWIN,https://irwin.doi.gov/observer/
EONET_12042,IRWIN,https://irwin.doi.gov/observer/
EONET_12060,GDACS,https://www.gdacs.org/report.aspx?eventtype=WF&eventid=1023002
EONET_12066,GDACS,https://www.gdacs.org/report.aspx?eventtype=WF&eventid=1023009
EONET_12069,GDACS,https://www.gdacs.org/report.aspx?eventtype=WF&eventid=1023012
EONET_12019,IRWIN,https://irwin.doi.gov/observer/
EONET_12018,IRWIN,https://irwin.doi.gov/observer/
EONET_12022,GDACS,https://www.gdacs.org/report.aspx?eventtype=WF&eventid=1022981
EONET_12028,GDACS,https://www.gdacs.org/report.aspx?eventtype=WF&eventid=1022987
EONET_12029,GDACS,https://www.gdacs.org/report.aspx?eventtype=WF&eventid=1022983
EONET_12034,GDACS,https://www.gdacs.org/report.aspx?eventtype=WF&eventid=1022989
EONET_12035,GDACS,https://www.gdacs.org/report.aspx?eventtype=WF&eventid=1022990
EONET_12036,GDACS,https://www.gdacs.org/report.aspx?eventtype=WF&eventid=1022992
EONET_12061,GDACS,https://www.gdacs.org/report.aspx?eventtype=WF&eventid=1022998
EONET_12021,IRWIN,https://irwin.doi.gov/observer/
EONET_12006,GDACS,https://www.gdacs.org/report.aspx?eventtype=WF&eventid=1022970
EONET_12014,GDACS,https://www.gdacs.org/report.aspx?eventtype=WF&eventid=1022975
EONET_12015,GDACS,https://www.gdacs.org/report.aspx?eventtype=WF&eventid=1022977
EONET_12023,GDACS,https://www.gdacs.org/report.aspx?eventtype=WF&eventid=1022978
EONET_12024,GDACS,https://www.gdacs.org/report.aspx?eventtype=WF&eventid=1022982
EONET_12025,GDACS,https://www.gdacs.org/report.aspx?eventtype=WF&eventid=1022979
EONET_12030,GDACS,https://www.gdacs.org/report.aspx?eventtype=WF&eventid=1022984
EONET_12037,GDACS,https://www.gdacs.org/report.aspx?eventtype=WF&eventid=1022993
EONET_12020,IRWIN,https://irwin.doi.gov/observer/
EONET_11976,GDACS,https://www.gdacs.org/report.aspx?eventtype=WF&eventid=1022956
EONET_12000,GDACS,https://www.gdacs.org/report.aspx?eventtype=WF&eventid=1022964
EONET_12001,GDACS,https://www.gdacs.org/report.aspx?eventtype=WF&eventid=1022965
EONET_12007,GDACS,https://www.gdacs.org/report.aspx?eventtype=WF&eventid=1022971
EONET_12008,GDACS,https://www.gdacs.org/report.aspx?eventtype=WF&eventid=1022968
EONET_12009,GDACS,https://www.gdacs.org/report.aspx?eventtype=WF&eventid=1022969
EONET_12016,GDACS,https://www.gdacs.org/report.aspx?eventtype=WF&eventid=1022976
EONET_12031,GDACS,https://www.gdacs.org/report.aspx?eventtype=WF&eventid=1022985
EONET_11977,GDACS,https://www.gdacs.org/report.aspx?eventtype=WF&eventid=1022957
EONET_11978,GDACS,https://www.gdacs.org/report.aspx?eventtype=WF&eventid=1022958
EONET_11979,GDACS,https://www.gdacs.org/report.aspx?eventtype=WF&eventid=1022951
EONET_12002,GDACS,https://www.gdacs.org/report.aspx?eventtype=WF&eventid=1022960
EONET_12003,GDACS,https://www.gdacs.org/report.aspx?eventtype=WF&eventid=1022961
EONET_12010,GDACS,https://www.gdacs.org/report.aspx?eventtype=WF&eventid=1022972
EONET_12026,GDACS,https://www.gdacs.org/report.aspx?eventtype=WF&eventid=1022980
EONET_12032,GDACS,https://www.gdacs.org/report.aspx?eventtype=WF&eventid=1022988
EONET_11964,GDACS,https://www.gdacs.org/report.aspx?eventtype=WF&eventid=1022939
EONET_11965,GDACS,https://www.gdacs.org/report.aspx?eventtype=WF&eventid=1022938
EONET_11966,GDACS,https://www.gdacs.org/report.aspx?eventtype=WF&eventid=1022942
EONET_11980,GDACS,https://www.gdacs.org/report.aspx?eventtype=WF&eventid=1022948
EONET_11981,GDACS,https://www.gdacs.org/report.aspx?eventtype=WF&eventid=1022952
EONET_11982,GDACS,https://www.gdacs.org/report.aspx?eventtype=WF&eventid=1022953
EONET_11983,GDACS,https://www.gdacs.org/report.aspx?eventtype=WF&eventid=1022949
EONET_12004,GDACS,https://www.gdacs.org/report.aspx?eventtype=WF&eventid=1022962
EONET_12011,GDACS,https://www.gdacs.org/report.aspx?eventtype=WF&eventid=1022966
EONET_11954,GDACS,https://www.gdacs.org/report.aspx?eventtype=WF&eventid=1022927
EONET_11955,GDACS,https://www.gdacs.org/report.aspx?eventtype=WF&eventid=1022928
EONET_11956,GDACS,https://www.gdacs.org/report.aspx?eventtype=WF&eventid=1022932
EONET_11957,GDACS,https://www.gdacs.org/report.aspx?eventtype=WF&eventid=1022933
EONET_11967,GDACS,https://www.gdacs.org/report.aspx?eventtype=WF&eventid=1022943
EONET_11968,GDACS,https://www.gdacs.org/report.aspx?eventtype=WF&eventid=1022941
EONET_11984,GDACS,https://www.gdacs.org/report.aspx?eventtype=WF&eventid=1022954
EONET_12005,GDACS,https://www.gdacs.org/report.aspx?eventtype=WF&eventid=1022963
EONET_11933,GDACS,https://www.gdacs.org/report.aspx?eventtype=WF&eventid=1022913
EONET_11934,GDACS,https://www.gdacs.org/report.aspx?eventtype=WF&eventid=1022917
EONET_11935,GDACS,https://www.gdacs.org/report.aspx?eventtype=WF&eventid=1022914
EONET_11936,GDACS,https://www.gdacs.org/report.aspx?eventtype=WF&eventid=1022919
EONET_11958,GDACS,https://www.gdacs.org/report.aspx?eventtype=WF&eventid=1022934
EONET_11959,GDACS,https://www.gdacs.org/report.aspx?eventtype=WF&eventid=1022935
EONET_11937,GDACS,https://www.gdacs.org/report.aspx?eventtype=WF&eventid=1022906
EONET_11938,GDACS,https://www.gdacs.org/report.aspx?eventtype=WF&eventid=1022920
EONET_11939,GDACS,https://www.gdacs.org/report.aspx?eventtype=WF&eventid=1022916
EONET_11940,GDACS,https://www.gdacs.org/report.aspx?eventtype=WF&eventid=1022907
EONET_11960,GDACS,https://www.gdacs.org/report.aspx?eventtype=WF&eventid=1022929
EONET_11961,GDACS,https://www.gdacs.org/report.aspx?eventtype=WF&eventid=1022931
EONET_11985,GDACS,https://www.gdacs.org/report.aspx?eventtype=WF&eventid=1022950
EONET_11989,IRWIN,https://irwin.doi.gov/observer/
EONET_11915,GDACS,https://www.gdacs.org/report.aspx?eventtype=WF&eventid=1022895
EONET_11916,GDACS,https://www.gdacs.org/report.aspx?eventtype=WF&eventid=1022896
EONET_11926,GDACS,https://www.gdacs.org/report.aspx?eventtype=WF&eventid=1022902
EONET_11927,GDACS,https://www.gdacs.org/report.aspx?eventtype=WF&eventid=1022903
EONET_11928,GDACS,https://www.gdacs.org/report.aspx?eventtype=WF&eventid=1022904
EONET_11929,GDACS,https://www.gdacs.org/report.aspx?eventtype=WF&eventid=1022900
EONET_11930,GDACS,https://www.gdacs.org/report.aspx?eventtype=WF&eventid=1022901
EONET_11941,GDACS,https://www.gdacs.org/report.aspx?eventtype=WF&eventid=1022908
EONET_11942,GDACS,https://www.gdacs.org/report.aspx?eventtype=WF&eventid=1022909
EONET_11943,GDACS,https://www.gdacs.org/report.aspx?eventtype=WF&eventid=1022915
EONET_11944,GDACS,https://www.gdacs.org/report.aspx?eventtype=WF&eventid=1022921
EONET_11945,GDACS,https://www.gdacs.org/report.aspx?eventtype=WF&eventid=1022922
EONET_11962,GDACS,https://www.gdacs.org/report.aspx?eventtype=WF&eventid=1022936
EONET_11969,GDACS,https://www.gdacs.org/report.aspx?eventtype=WF&eventid=1022940
EONET_11970,GDACS,https://www.gdacs.org/report.aspx?eventtype=WF&eventid=1022947
EONET_11986,GDACS,https://www.gdacs.org/report.aspx?eventtype=WF&eventid=1022955
EONET_11987,GDACS,https://www.gdacs.org/report.aspx?eventtype=WF&eventid=1022959
EONET_12012,GDACS,https://www.gdacs.org/report.aspx?eventtype=WF&eventid=1022973
EONET_11909,IRWIN,https://irwin.doi.gov/observer/
EONET_11917,GDACS,https://www.gdacs.org/report.aspx?eventtype=WF&eventid=1022897
EONET_11918,GDACS,https://www.gdacs.org/report.aspx?eventtype=WF&eventid=1022898
EONET_11919,GDACS,https://www.gdacs.org/report.aspx?eventtype=WF&eventid=1022889
EONET_11920,GDACS,https://www.gdacs.org/report.aspx?eventtype=WF&eventid=1022893
EONET_11931,GDACS,https://www.gdacs.org/report.aspx?eventtype=WF&eventid=1022905
EONET_11946,GDACS,https://www.gdacs.org/report.aspx?eventtype=WF&eventid=1022910
EONET_11947,GDACS,https://www.gdacs.org/report.aspx?eventtype=WF&eventid=1022911
EONET_11963,GDACS,https://www.gdacs.org/report.aspx?eventtype=WF&eventid=1022930
EONET_11971,GDACS,https://www.gdacs.org/report.aspx?eventtype=WF&eventid=1022937
EONET_11972,GDACS,https://www.gdacs.org/report.aspx?eventtype=WF&eventid=1022944
EONET_11973,GDACS,https://www.gdacs.org/report.aspx?eventtype=WF&eventid=1022945
EONET_12013,GDACS,https://www.gdacs.org/report.aspx?eventtype=WF&eventid=1022967
EONET_12017,GDACS,https://www.gdacs.org/report.aspx?eventtype=WF&eventid=1022974
EONET_11913,IRWIN,https://irwin.doi.gov/observer/
EONET_11914,IRWIN,https://irwin.doi.gov/observer/
EONET_11912,IRWIN,https://irwin.doi.gov/observer/
EONET_11911,IRWIN,https://irwin.doi.gov/observer/
EONET_11921,GDACS,https://www.gdacs.org/report.aspx?eventtype=WF&eventid=1022890
EONET_11948,GDACS,https://www.gdacs.org/report.aspx?eventtype=WF&eventid=1022923
EONET_11949,GDACS,https://www.gdacs.org/report.aspx?eventtype=WF&eventid=1022924
EONET_11950,GDACS,https://www.gdacs.org/report.aspx?eventtype=WF&eventid=1022925
EONET_11951,GDACS,https://www.gdacs.org/report.aspx?eventtype=WF&eventid=1022926
EONET_11910,IRWIN,https://irwin.doi.gov/observer/
EONET_11908,IRWIN,https://irwin.doi.gov/observer/
EONET_11922,GDACS,https://www.gdacs.org/report.aspx?eventtype=WF&eventid=1022891
EONET_11952,GDACS,https://www.gdacs.org/report.aspx?eventtype=WF&eventid=1022912
EONET_11974,GDACS,https://www.gdacs.org/report.aspx?eventtype=WF&eventid=1022946
EONET_11901,IRWIN,https://irwin.doi.gov/observer/
EONET_11902,GDACS,https://www.gdacs.org/report.aspx?eventtype=WF&eventid=1022887
EONET_11923,GDACS,https://www.gdacs.org/report.aspx?eventtype=WF&eventid=1022894
EONET_11953,GDACS,https://www.gdacs.org/report.aspx?eventtype=WF&eventid=1022918
EONET_11900,IRWIN,https://irwin.doi.gov/observer/
EONET_11924,GDACS,https://www.gdacs.org/report.aspx?eventtype=WF&eventid=1022892
EONET_11925,GDACS,https://www.gdacs.org/report.aspx?eventtype=WF&eventid=1022899
EONET_11904,GDACS,https://www.gdacs.org/report.aspx?eventtype=WF&eventid=1022888
EONET_11893,GDACS,https://www.gdacs.org/report.aspx?eventtype=WF&eventid=1022883
EONET_11884,GDACS,https://www.gdacs.org/report.aspx?eventtype=WF&eventid=1022875
EONET_11885,GDACS,https://www.gdacs.org/report.aspx?eventtype=WF&eventid=1022876
EONET_11903,GDACS,https://www.gdacs.org/report.aspx?eventtype=WF&eventid=1022886
EONET_11886,GDACS,https://www.gdacs.org/report.aspx?eventtype=WF&eventid=1022877
EONET_11887,GDACS,https://www.gdacs.org/report.aspx?eventtype=WF&eventid=1022878
EONET_11888,GDACS,https://www.gdacs.org/report.aspx?eventtype=WF&eventid=1022879
EONET_11894,GDACS,https://www.gdacs.org/report.aspx?eventtype=WF&eventid=1022884
EONET_11898,GDACS,https://www.gdacs.org/report.aspx?eventtype=WF&eventid=1022885
EONET_11879,IRWIN,https://irwin.doi.gov/observer/
EONET_11880,IRWIN,https://irwin.doi.gov/observer/
EONET_11863,GDACS,https://www.gdacs.org/report.aspx?eventtype=WF&eventid=1022861
EONET_11869,GDACS,https://www.gdacs.org/report.aspx?eventtype=WF&eventid=1022867
EONET_11870,GDACS,https://www.gdacs.org/report.aspx?eventtype=WF&eventid=1022868
EONET_11871,GDACS,https://www.gdacs.org/report.aspx?eventtype=WF&eventid=1022870
EONET_11878,IRWIN,https://irwin.doi.gov/observer/
EONET_11881,IRWIN,https://irwin.doi.gov/observer/
EONET_11748,IRWIN,https://irwin.doi.gov/observer/
EONET_11848,GDACS,https://www.gdacs.org/report.aspx?eventtype=WF&eventid=1022853
EONET_11864,GDACS,https://www.gdacs.org/report.aspx?eventtype=WF&eventid=1022862
EONET_11865,GDACS,https://www.gdacs.org/report.aspx?eventtype=WF&eventid=1022863
EONET_11866,GDACS,https://www.gdacs.org/report.aspx?eventtype=WF&eventid=1022864
EONET_11872,GDACS,https://www.gdacs.org/report.aspx?eventtype=WF&eventid=1022871
EONET_11873,GDACS,https://www.gdacs.org/report.aspx?eventtype=WF&eventid=1022872
EONET_11874,GDACS,https://www.gdacs.org/report.aspx?eventtype=WF&eventid=1022869
EONET_11889,GDACS,https://www.gdacs.org/report.aspx?eventtype=WF&eventid=1022881
EONET_11890,GDACS,https://www.gdacs.org/report.aspx?eventtype=WF&eventid=1022880
EONET_11746,IRWIN,https://irwin.doi.gov/observer/
EONET_11747,IRWIN,https://irwin.doi.gov/observer/
EONET_11758,GDACS,https://www.gdacs.org/report.aspx?eventtype=WF&eventid=1022837
EONET_11759,GDACS,https://www.gdacs.org/report.aspx?eventtype=WF&eventid=1022838
EONET_11760,GDACS,https://www.gdacs.org/report.aspx?eventtype=WF&eventid=1022829
EONET_11761,GDACS,https://www.gdacs.org/report.aspx?eventtype=WF&eventid=1022830
EONET_11762,GDACS,https://www.gdacs.org/report.aspx?eventtype=WF&eventid=1022831
EONET_11849,GDACS,https://www.gdacs.org/report.aspx?eventtype=WF&eventid=1022854
EONET_11850,GDACS,https://www.gdacs.org/report.aspx?eventtype=WF&eventid=1022845
EONET_11875,GDACS,https://www.gdacs.org/report.aspx?eventtype=WF&eventid=1022865
EONET_11763,GDACS,https://www.gdacs.org/report.aspx?eventtype=WF&eventid=1022744
EONET_11764,GDACS,https://www.gdacs.org/report.aspx?eventtype=WF&eventid=1022745
EONET_11765,GDACS,https://www.gdacs.org/report.aspx?eventtype=WF&eventid=1022832
EONET_11766,GDACS,https://www.gdacs.org/report.aspx?eventtype=WF&eventid=1022833
EONET_11767,GDACS,https://www.gdacs.org/report.aspx?eventtype=WF&eventid=1022839
EONET_11851,GDACS,https://www.gdacs.org/report.aspx?eventtype=WF&eventid=1022846
EONET_11852,GDACS,https://www.gdacs.org/report.aspx?eventtype=WF&eventid=1022847
EONET_11853,GDACS,https://www.gdacs.org/report.aspx?eventtype=WF&eventid=1022848
EONET_11854,GDACS,https://www.gdacs.org/report.aspx?eventtype=WF&eventid=1022850
EONET_11867,GDACS,https://www.gdacs.org/report.aspx?eventtype=WF&eventid=1022860
EONET_11876,GDACS,https://www.gdacs.org/report.aspx?eventtype=WF&eventid=1022873
EONET_11751,IRWIN,https://irwin.doi.gov/observer/
EONET_11768,GDACS,https://www.gdacs.org/report.aspx?eventtype=WF&eventid=1022746
EONET_11769,GDACS,https://www.gdacs.org/report.aspx?eventtype=WF&eventid=1022747
EONET_11770,GDACS,https://www.gdacs.org/report.aspx?eventtype=WF&eventid=1022840
EONET_11771,GDACS,https://www.gdacs.org/report.aspx?eventtype=WF&eventid=1022841
EONET_11772,GDACS,https://www.gdacs.org/report.aspx?eventtype=WF&eventid=1022834
EONET_11855,GDACS,https://www.gdacs.org/report.aspx?eventtype=WF&eventid=1022849
EONET_11856,GDACS,https://www.gdacs.org/report.aspx?eventtype=WF&eventid=1022851
EONET_11891,GDACS,https://www.gdacs.org/report.aspx?eventtype=WF&eventid=1022874
EONET_11773,GDACS,https://www.gdacs.org/report.aspx?eventtype=WF&eventid=1022752
EONET_11774,GDACS,https://www.gdacs.org/report.aspx?eventtype=WF&eventid=1022751
EONET_11775,GDACS,https://www.gdacs.org/report.aspx?eventtype=WF&eventid=1022754
EONET_11776,GDACS,https://www.gdacs.org/report.aspx?eventtype=WF&eventid=1022748
EONET_11777,GDACS,https://www.gdacs.org/report.aspx?eventtype=WF&eventid=1022749
EONET_11778,GDACS,https://www.gdacs.org/report.aspx?eventtype=WF&eventid=1022750
EONET_11779,GDACS,https://www.gdacs.org/report.aspx?eventtype=WF&eventid=1022753
EONET_11780,GDACS,https://www.gdacs.org/report.aspx?eventtype=WF&eventid=1022755
EONET_11781,GDACS,https://www.gdacs.org/report.aspx?eventtype=WF&eventid=1022842
EONET_11857,GDACS,https://www.gdacs.org/report.aspx?eventtype=WF&eventid=1022852
EONET_11858,GDACS,https://www.gdacs.org/report.aspx?eventtype=WF&eventid=1022855
EONET_11859,GDACS,https://www.gdacs.org/report.aspx?eventtype=WF&eventid=1022856
EONET_11749,IRWIN,https://irwin.doi.gov/observer/
EONET_11753,IRWIN,https://irwin.doi.gov/observer/
EONET_11782,GDACS,https://www.gdacs.org/report.aspx?eventtype=WF&eventid=1022757
EONET_11783,GDACS,https://www.gdacs.org/report.aspx?eventtype=WF&eventid=1022759
EONET_11784,GDACS,https://www.gdacs.org/report.aspx?eventtype=WF&eventid=1022761
EONET_11785,GDACS,https://www.gdacs.org/report.aspx?eventtype=WF&eventid=1022756
EONET_11786,GDACS,https://www.gdacs.org/report.aspx?eventtype=WF&eventid=1022758
EONET_11787,GDACS,https://www.gdacs.org/report.aspx?eventtype=WF&eventid=1022760
EONET_11788,GDACS,https://www.gdacs.org/report.aspx?eventtype=WF&eventid=1022826
EONET_11789,GDACS,https://www.gdacs.org/report.aspx?eventtype=WF&eventid=1022827
EONET_11860,GDACS,https://www.gdacs.org/report.aspx?eventtype=WF&eventid=1022857
EONET_11754,IRWIN,https://irwin.doi.gov/observer/
EONET_11752,IRWIN,https://irwin.doi.gov/observer/
EONET_11790,GDACS,https://www.gdacs.org/report.aspx?eventtype=WF&eventid=1022765
EONET_11791,GDACS,https://www.gdacs.org/report.aspx?eventtype=WF&eventid=1022762
EONET_11792,GDACS,https://www.gdacs.org/report.aspx?eventtype=WF&eventid=1022763
EONET_11793,GDACS,https://www.gdacs.org/report.aspx?eventtype=WF&eventid=1022764
EONET_11794,GDACS,https://www.gdacs.org/report.aspx?eventtype=WF&eventid=1022766
EONET_11795,GDACS,https://www.gdacs.org/report.aspx?eventtype=WF&eventid=1022835
EONET_11861,GDACS,https://www.gdacs.org/report.aspx?eventtype=WF&eventid=1022858
EONET_11877,GDACS,https://www.gdacs.org/report.aspx?eventtype=WF&eventid=1022866
EONET_11892,GDACS,https://www.gdacs.org/report.aspx?eventtype=WF&eventid=1022882
EONET_11750,IRWIN,https://irwin.doi.gov/observer/
EONET_11757,IRWIN,https://irwin.doi.gov/observer/
EONET_11796,GDACS,https://www.gdacs.org/report.aspx?eventtype=WF&eventid=1022843
EONET_11797,GDACS,https://www.gdacs.org/report.aspx?eventtype=WF&eventid=1022769
EONET_11798,GDACS,https://www.gdacs.org/report.aspx?eventtype=WF&eventid=1022770
EONET_11799,GDACS,https://www.gdacs.org/report.aspx?eventtype=WF&eventid=1022771
EONET_11800,GDACS,https://www.gdacs.org/report.aspx?eventtype=WF&eventid=1022773
EONET_11801,GDACS,https://www.gdacs.org/report.aspx?eventtype=WF&eventid=1022775
EONET_11802,GDACS,https://www.gdacs.org/report.aspx?eventtype=WF&eventid=1022776
EONET_11803,GDACS,https://www.gdacs.org/report.aspx?eventtype=WF&eventid=1022778
EONET_11804,GDACS,https://www.gdacs.org/report.aspx?eventtype=WF&eventid=1022774
EONET_11805,GDACS,https://www.gdacs.org/report.aspx?eventtype=WF&eventid=1022768
EONET_11806,GDACS,https://www.gdacs.org/report.aspx?eventtype=WF&eventid=1022772
EONET_11807,GDACS,https://www.gdacs.org/report.aspx?eventtype=WF&eventid=1022777
EONET_11730,IRWIN,https://irwin.doi.gov/observer/
EONET_11808,GDACS,https://www.gdacs.org/report.aspx?eventtype=WF&eventid=1022779
EONET_11809,GDACS,https://www.gdacs.org/report.aspx?eventtype=WF&eventid=1022789
EONET_11810,GDACS,https://www.gdacs.org/report.aspx?eventtype=WF&eventid=1022791
EONET_11811,GDACS,https://www.gdacs.org/report.aspx?eventtype=WF&eventid=1022780
EONET_11812,GDACS,https://www.gdacs.org/report.aspx?eventtype=WF&eventid=1022785
EONET_11813,GDACS,https://www.gdacs.org/report.aspx?eventtype=WF&eventid=1022787
EONET_11814,GDACS,https://www.gdacs.org/report.aspx?eventtype=WF&eventid=1022788
EONET_11815,GDACS,https://www.gdacs.org/report.aspx?eventtype=WF&eventid=1022790
EONET_11816,GDACS,https://www.gdacs.org/report.aspx?eventtype=WF&eventid=1022784
EONET_11817,GDACS,https://www.gdacs.org/report.aspx?eventtype=WF&eventid=1022793
EONET_11818,GDACS,https://www.gdacs.org/report.aspx?eventtype=WF&eventid=1022794
EONET_11819,GDACS,https://www.gdacs.org/report.aspx?eventtype=WF&eventid=1022795
EONET_11820,GDACS,https://www.gdacs.org/report.aspx?eventtype=WF&eventid=1022796
EONET_11821,GDACS,https://www.gdacs.org/report.aspx?eventtype=WF&eventid=1022836
EONET_11862,GDACS,https://www.gdacs.org/report.aspx?eventtype=WF&eventid=1022844
EONET_11822,GDACS,https://www.gdacs.org/report.aspx?eventtype=WF&eventid=1022799
EONET_11823,GDACS,https://www.gdacs.org/report.aspx?eventtype=WF&eventid=1022805
EONET_11824,GDACS,https://www.gdacs.org/report.aspx?eventtype=WF&eventid=1022806
EONET_11825,GDACS,https://www.gdacs.org/report.aspx?eventtype=WF&eventid=1022804
EONET_11826,GDACS,https://www.gdacs.org/report.aspx?eventtype=WF&eventid=1022797
EONET_11827,GDACS,https://www.gdacs.org/report.aspx?eventtype=WF&eventid=1022800
EONET_11828,GDACS,https://www.gdacs.org/report.aspx?eventtype=WF&eventid=1022802
EONET_11829,GDACS,https://www.gdacs.org/report.aspx?eventtype=WF&eventid=1022803
EONET_11830,GDACS,https://www.gdacs.org/report.aspx?eventtype=WF&eventid=1022828
EONET_11831,GDACS,https://www.gdacs.org/report.aspx?eventtype=WF&eventid=1022807
EONET_11868,GDACS,https://www.gdacs.org/report.aspx?eventtype=WF&eventid=1022859
EONET_11731,IRWIN,https://irwin.doi.gov/observer/
EONET_11832,GDACS,https://www.gdacs.org/report.aspx?eventtype=WF&eventid=1022809
EONET_11833,GDACS,https://www.gdacs.org/report.aspx?eventtype=WF&eventid=1022811
EONET_11834,GDACS,https://www.gdacs.org/report.aspx?eventtype=WF&eventid=1022814
EONET_11835,GDACS,https://www.gdacs.org/report.aspx?eventtype=WF&eventid=1022815
EONET_11836,GDACS,https://www.gdacs.org/report.aspx?eventtype=WF&eventid=1022818
EONET_11837,GDACS,https://www.gdacs.org/report.aspx?eventtype=WF&eventid=1022808
EONET_11838,GDACS,https://www.gdacs.org/report.aspx?eventtype=WF&eventid=1022816
EONET_11742,IRWIN,https://irwin.doi.gov/observer/
EONET_11740,IRWIN,https://irwin.doi.gov/observer/
EONET_11739,IRWIN,https://irwin.doi.gov/observer/
EONET_11839,GDACS,https://www.gdacs.org/report.aspx?eventtype=WF&eventid=1022822
EONET_11840,GDACS,https://www.gdacs.org/report.aspx?eventtype=WF&eventid=1022823
EONET_11841,GDACS,https://www.gdacs.org/report.aspx?eventtype=WF&eventid=1022824
EONET_11842,GDACS,https://www.gdacs.org/report.aspx?eventtype=WF&eventid=1022819
EONET_11843,GDACS,https://www.gdacs.org/report.aspx?eventtype=WF&eventid=1022821
EONET_11844,GDACS,https://www.gdacs.org/report.aspx?eventtype=WF&eventid=1022820
EONET_11845,GDACS,https://www.gdacs.org/report.aspx?eventtype=WF&eventid=1022825
EONET_11732,IRWIN,https://irwin.doi.gov/observer/
EONET_11718,IRWIN,https://irwin.doi.gov/observer/
EONET_11721,IRWIN,https://irwin.doi.gov/observer/
EONET_11719,IRWIN,https://irwin.doi.gov/observer/
EONET_11699,GDACS,https://www.gdacs.org/report.aspx?eventtype=WF&eventid=1022738
EONET_11700,GDACS,https://www.gdacs.org/report.aspx?eventtype=WF&eventid=1022739
EONET_11671,GDACS,https://www.gdacs.org/report.aspx?eventtype=WF&eventid=1022710
EONET_11688,GDACS,https://www.gdacs.org/report.aspx?eventtype=WF&eventid=1022720
EONET_11689,GDACS,https://www.gdacs.org/report.aspx?eventtype=WF&eventid=1022721
EONET_11701,GDACS,https://www.gdacs.org/report.aspx?eventtype=WF&eventid=1022740
EONET_11702,GDACS,https://www.gdacs.org/report.aspx?eventtype=WF&eventid=1022733
EONET_11703,GDACS,https://www.gdacs.org/report.aspx?eventtype=WF&eventid=1022734
EONET_11704,GDACS,https://www.gdacs.org/report.aspx?eventtype=WF&eventid=1022735
EONET_11705,GDACS,https://www.gdacs.org/report.aspx?eventtype=WF&eventid=1022736
EONET_11706,GDACS,https://www.gdacs.org/report.aspx?eventtype=WF&eventid=1022737
EONET_11707,GDACS,https://www.gdacs.org/report.aspx?eventtype=WF&eventid=1022732
EONET_11672,GDACS,https://www.gdacs.org/report.aspx?eventtype=WF&eventid=1022711
EONET_11673,GDACS,https://www.gdacs.org/report.aspx?eventtype=WF&eventid=1022703
EONET_11674,GDACS,https://www.gdacs.org/report.aspx?eventtype=WF&eventid=1022704
EONET_11690,GDACS,https://www.gdacs.org/report.aspx?eventtype=WF&eventid=1022722
EONET_11691,GDACS,https://www.gdacs.org/report.aspx?eventtype=WF&eventid=1022723
EONET_11708,GDACS,https://www.gdacs.org/report.aspx?eventtype=WF&eventid=1022741
EONET_11709,GDACS,https://www.gdacs.org/report.aspx?eventtype=WF&eventid=1022742
EONET_11648,IRWIN,https://irwin.doi.gov/observer/
EONET_11655,GDACS,https://www.gdacs.org/report.aspx?eventtype=WF&eventid=1022689
EONET_11656,GDACS,https://www.gdacs.org/report.aspx?eventtype=WF&eventid=1022693
EONET_11675,GDACS,https://www.gdacs.org/report.aspx?eventtype=WF&eventid=1022705
EONET_11676,GDACS,https://www.gdacs.org/report.aspx?eventtype=WF&eventid=1022712
EONET_11677,GDACS,https://www.gdacs.org/report.aspx?eventtype=WF&eventid=1022709
EONET_11678,GDACS,https://www.gdacs.org/report.aspx?eventtype=WF&eventid=1022699
EONET_11692,GDACS,https://www.gdacs.org/report.aspx?eventtype=WF&eventid=1022724
EONET_11693,GDACS,https://www.gdacs.org/report.aspx?eventtype=WF&eventid=1022719
EONET_11694,GDACS,https://www.gdacs.org/report.aspx?eventtype=WF&eventid=1022726
EONET_11710,GDACS,https://www.gdacs.org/report.aspx?eventtype=WF&eventid=1022731
EONET_11711,GDACS,https://www.gdacs.org/report.aspx?eventtype=WF&eventid=1022727
EONET_11712,GDACS,https://www.gdacs.org/report.aspx?eventtype=WF&eventid=1022743
EONET_11713,GDACS,https://www.gdacs.org/report.aspx?eventtype=WF&eventid=1022728
EONET_11633,GDACS,https://www.gdacs.org/report.aspx?eventtype=WF&eventid=1022677
EONET_11634,GDACS,https://www.gdacs.org/report.aspx?eventtype=WF&eventid=1022678
EONET_11635,GDACS,https://www.gdacs.org/report.aspx?eventtype=WF&eventid=1022679
EONET_11657,GDACS,https://www.gdacs.org/report.aspx?eventtype=WF&eventid=1022694
EONET_11679,GDACS,https://www.gdacs.org/report.aspx?eventtype=WF&eventid=1022706
EONET_11680,GDACS,https://www.gdacs.org/report.aspx?eventtype=WF&eventid=1022700
EONET_11681,GDACS,https://www.gdacs.org/report.aspx?eventtype=WF&eventid=1022713
EONET_11695,GDACS,https://www.gdacs.org/report.aspx?eventtype=WF&eventid=1022716
EONET_11696,GDACS,https://www.gdacs.org/report.aspx?eventtype=WF&eventid=1022725
EONET_11714,GDACS,https://www.gdacs.org/report.aspx?eventtype=WF&eventid=1022729
EONET_11649,IRWIN,https://irwin.doi.gov/observer/
EONET_11603,GDACS,https://www.gdacs.org/report.aspx?eventtype=WF&eventid=1022643
EONET_11604,GDACS,https://www.gdacs.org/report.aspx?eventtype=WF&eventid=1022644
EONET_11605,GDACS,https://www.gdacs.org/report.aspx?eventtype=WF&eventid=1022654
EONET_11606,GDACS,https://www.gdacs.org/report.aspx?eventtype=WF&eventid=1022655
EONET_11607,GDACS,https://www.gdacs.org/report.aspx?eventtype=WF&eventid=1022656
EONET_11636,GDACS,https://www.gdacs.org/report.aspx?eventtype=WF&eventid=1022680
EONET_11637,GDACS,https://www.gdacs.org/report.aspx?eventtype=WF&eventid=1022674
EONET_11658,GDACS,https://www.gdacs.org/report.aspx?eventtype=WF&eventid=1022695
EONET_11659,GDACS,https://www.gdacs.org/report.aspx?eventtype=WF&eventid=1022683
EONET_11660,GDACS,https://www.gdacs.org/report.aspx?eventtype=WF&eventid=1022687
EONET_11682,GDACS,https://www.gdacs.org/report.aspx?eventtype=WF&eventid=1022707
EONET_11683,GDACS,https://www.gdacs.org/report.aspx?eventtype=WF&eventid=1022714
EONET_11684,GDACS,https://www.gdacs.org/report.aspx?eventtype=WF&eventid=1022715
EONET_11697,GDACS,https://www.gdacs.org/report.aspx?eventtype=WF&eventid=1022717
EONET_11715,GDACS,https://www.gdacs.org/report.aspx?eventtype=WF&eventid=1022730
EONET_11580,GDACS,https://www.gdacs.org/report.aspx?eventtype=WF&eventid=1022616
EONET_11581,GDACS,https://www.gdacs.org/report.aspx?eventtype=WF&eventid=1022619
EONET_11582,GDACS,https://www.gdacs.org/report.aspx?eventtype=WF&eventid=1022625
EONET_11583,GDACS,https://www.gdacs.org/report.aspx?eventtype=WF&eventid=1022626
EONET_11584,GDACS,https://www.gdacs.org/report.aspx?eventtype=WF&eventid=1022627
EONET_11585,GDACS,https://www.gdacs.org/report.aspx?eventtype=WF&eventid=1022628
EONET_11586,GDACS,https://www.gdacs.org/report.aspx?eventtype=WF&eventid=1022629
EONET_11587,GDACS,https://www.gdacs.org/report.aspx?eventtype=WF&eventid=1022630
EONET_11608,GDACS,https://www.gdacs.org/report.aspx?eventtype=WF&eventid=1022645
EONET_11609,GDACS,https://www.gdacs.org/report.aspx?eventtype=WF&eventid=1022646
EONET_11610,GDACS,https://www.gdacs.org/report.aspx?eventtype=WF&eventid=1022657
EONET_11611,GDACS,https://www.gdacs.org/report.aspx?eventtype=WF&eventid=1022658
EONET_11612,GDACS,https://www.gdacs.org/report.aspx?eventtype=WF&eventid=1022659
EONET_11613,GDACS,https://www.gdacs.org/report.aspx?eventtype=WF&eventid=1022660
EONET_11614,GDACS,https://www.gdacs.org/report.aspx?eventtype=WF&eventid=1022661
EONET_11615,GDACS,https://www.gdacs.org/report.aspx?eventtype=WF&eventid=1022662
EONET_11616,GDACS,https://www.gdacs.org/report.aspx?eventtype=WF&eventid=1022652
EONET_11638,GDACS,https://www.gdacs.org/report.aspx?eventtype=WF&eventid=1022675
EONET_11639,GDACS,https://www.gdacs.org/report.aspx?eventtype=WF&eventid=1022668
EONET_11640,GDACS,https://www.gdacs.org/report.aspx?eventtype=WF&eventid=1022669
EONET_11641,GDACS,https://www.gdacs.org/report.aspx?eventtype=WF&eventid=1022671
EONET_11642,GDACS,https://www.gdacs.org/report.aspx?eventtype=WF&eventid=1022681
EONET_11661,GDACS,https://www.gdacs.org/report.aspx?eventtype=WF&eventid=1022688
EONET_11662,GDACS,https://www.gdacs.org/report.aspx?eventtype=WF&eventid=1022684
EONET_11663,GDACS,https://www.gdacs.org/report.aspx?eventtype=WF&eventid=1022696
EONET_11664,GDACS,https://www.gdacs.org/report.aspx?eventtype=WF&eventid=1022697
EONET_11685,GDACS,https://www.gdacs.org/report.aspx?eventtype=WF&eventid=1022708
EONET_11698,GDACS,https://www.gdacs.org/report.aspx?eventtype=WF&eventid=1022718
EONET_11540,IRWIN,https://irwin.doi.gov/observer/
EONET_11539,IRWIN,https://irwin.doi.gov/observer/
EONET_11548,IRWIN,https://irwin.doi.gov/observer/
EONET_11563,GDACS,https://www.gdacs.org/report.aspx?eventtype=WF&eventid=1022599
EONET_11564,GDACS,https://www.gdacs.org/report.aspx?eventtype=WF&eventid=1022600
EONET_11565,GDACS,https://www.gdacs.org/report.aspx?eventtype=WF&eventid=1022604
EONET_11566,GDACS,https://www.gdacs.org/report.aspx?eventtype=WF&eventid=1022605
EONET_11567,GDACS,https://www.gdacs.org/report.aspx?eventtype=WF&eventid=1022611
EONET_11568,GDACS,https://www.gdacs.org/report.aspx?eventtype=WF&eventid=1022612
EONET_11588,GDACS,https://www.gdacs.org/report.aspx?eventtype=WF&eventid=1022620
EONET_11589,GDACS,https://www.gdacs.org/report.aspx?eventtype=WF&eventid=1022621
EONET_11590,GDACS,https://www.gdacs.org/report.aspx?eventtype=WF&eventid=1022617
EONET_11591,GDACS,https://www.gdacs.org/report.aspx?eventtype=WF&eventid=1022631
EONET_11592,GDACS,https://www.gdacs.org/report.aspx?eventtype=WF&eventid=1022632
EONET_11593,GDACS,https://www.gdacs.org/report.aspx?eventtype=WF&eventid=1022633
EONET_11594,GDACS,https://www.gdacs.org/report.aspx?eventtype=WF&eventid=1022634
EONET_11595,GDACS,https://www.gdacs.org/report.aspx?eventtype=WF&eventid=1022635
EONET_11596,GDACS,https://www.gdacs.org/report.aspx?eventtype=WF&eventid=1022636
EONET_11597,GDACS,https://www.gdacs.org/report.aspx?eventtype=WF&eventid=1022637
EONET_11617,GDACS,https://www.gdacs.org/report.aspx?eventtype=WF&eventid=1022641
EONET_11618,GDACS,https://www.gdacs.org/report.aspx?eventtype=WF&eventid=1022653
EONET_11619,GDACS,https://www.gdacs.org/report.aspx?eventtype=WF&eventid=1022647
EONET_11620,GDACS,https://www.gdacs.org/report.aspx?eventtype=WF&eventid=1022648
EONET_11621,GDACS,https://www.gdacs.org/report.aspx?eventtype=WF&eventid=1022649
EONET_11622,GDACS,https://www.gdacs.org/report.aspx?eventtype=WF&eventid=1022639
EONET_11623,GDACS,https://www.gdacs.org/report.aspx?eventtype=WF&eventid=1022640
EONET_11624,GDACS,https://www.gdacs.org/report.aspx?eventtype=WF&eventid=1022663
EONET_11625,GDACS,https://www.gdacs.org/report.aspx?eventtype=WF&eventid=1022664
EONET_11626,GDACS,https://www.gdacs.org/report.aspx?eventtype=WF&eventid=1022665
EONET_11643,GDACS,https://www.gdacs.org/report.aspx?eventtype=WF&eventid=1022672
EONET_11644,GDACS,https://www.gdacs.org/report.aspx?eventtype=WF&eventid=1022682
EONET_11645,GDACS,https://www.gdacs.org/report.aspx?eventtype=WF&eventid=1022676
EONET_11665,GDACS,https://www.gdacs.org/report.aspx?eventtype=WF&eventid=1022692
EONET_11666,GDACS,https://www.gdacs.org/report.aspx?eventtype=WF&eventid=1022698
EONET_11667,GDACS,https://www.gdacs.org/report.aspx?eventtype=WF&eventid=1022690
EONET_11668,GDACS,https://www.gdacs.org/report.aspx?eventtype=WF&eventid=1022691
EONET_11669,GDACS,https://www.gdacs.org/report.aspx?eventtype=WF&eventid=1022685
EONET_11670,GDACS,https://www.gdacs.org/report.aspx?eventtype=WF&eventid=1022686
EONET_11686,GDACS,https://www.gdacs.org/report.aspx?eventtype=WF&eventid=1022701
EONET_11687,GDACS,https://www.gdacs.org/report.aspx?eventtype=WF&eventid=1022702
EONET_11537,IRWIN,https://irwin.doi.gov/observer/
EONET_11550,IRWIN,https://irwin.doi.gov/observer/
EONET_11524,GDACS,https://www.gdacs.org/report.aspx?eventtype=WF&eventid=1022587
EONET_11525,GDACS,https://www.gdacs.org/report.aspx?eventtype=WF&eventid=1022588
EONET_11526,GDACS,https://www.gdacs.org/report.aspx?eventtype=WF&eventid=1022589
EONET_11527,GDACS,https://www.gdacs.org/report.aspx?eventtype=WF&eventid=1022592
EONET_11528,GDACS,https://www.gdacs.org/report.aspx?eventtype=WF&eventid=1022593
EONET_11569,GDACS,https://www.gdacs.org/report.aspx?eventtype=WF&eventid=1022601
EONET_11570,GDACS,https://www.gdacs.org/report.aspx?eventtype=WF&eventid=1022606
EONET_11571,GDACS,https://www.gdacs.org/report.aspx?eventtype=WF&eventid=1022607
EONET_11572,GDACS,https://www.gdacs.org/report.aspx?eventtype=WF&eventid=1022608
EONET_11598,GDACS,https://www.gdacs.org/report.aspx?eventtype=WF&eventid=1022622
EONET_11599,GDACS,https://www.gdacs.org/report.aspx?eventtype=WF&eventid=1022623
EONET_11600,GDACS,https://www.gdacs.org/report.aspx?eventtype=WF&eventid=1022638
EONET_11627,GDACS,https://www.gdacs.org/report.aspx?eventtype=WF&eventid=1022642
EONET_11628,GDACS,https://www.gdacs.org/report.aspx?eventtype=WF&eventid=1022650
EONET_11629,GDACS,https://www.gdacs.org/report.aspx?eventtype=WF&eventid=1022666
EONET_11630,GDACS,https://www.gdacs.org/report.aspx?eventtype=WF&eventid=1022667
EONET_11646,GDACS,https://www.gdacs.org/report.aspx?eventtype=WF&eventid=1022670
EONET_11543,IRWIN,https://irwin.doi.gov/observer/
EONET_11476,GDACS,https://www.gdacs.org/report.aspx?eventtype=WF&eventid=1022572
EONET_11529,GDACS,https://www.gdacs.org/report.aspx?eventtype=WF&eventid=1022594
EONET_11530,GDACS,https://www.gdacs.org/report.aspx?eventtype=WF&eventid=1022595
EONET_11531,GDACS,https://www.gdacs.org/report.aspx?eventtype=WF&eventid=1022596
EONET_11573,GDACS,https://www.gdacs.org/report.aspx?eventtype=WF&eventid=1022613
EONET_11574,GDACS,https://www.gdacs.org/report.aspx?eventtype=WF&eventid=1022609
EONET_11601,GDACS,https://www.gdacs.org/report.aspx?eventtype=WF&eventid=1022624
EONET_11602,GDACS,https://www.gdacs.org/report.aspx?eventtype=WF&eventid=1022618
EONET_11631,GDACS,https://www.gdacs.org/report.aspx?eventtype=WF&eventid=1022651
EONET_11647,GDACS,https://www.gdacs.org/report.aspx?eventtype=WF&eventid=1022673
EONET_11477,GDACS,https://www.gdacs.org/report.aspx?eventtype=WF&eventid=1022566
EONET_11532,GDACS,https://www.gdacs.org/report.aspx?eventtype=WF&eventid=1022597
EONET_11552,IRWIN,https://irwin.doi.gov/observer/
EONET_11546,IRWIN,https://irwin.doi.gov/observer/
EONET_11478,GDACS,https://www.gdacs.org/report.aspx?eventtype=WF&eventid=1022567
EONET_11479,GDACS,https://www.gdacs.org/report.aspx?eventtype=WF&eventid=1022568
EONET_11480,GDACS,https://www.gdacs.org/report.aspx?eventtype=WF&eventid=1022555
EONET_11481,GDACS,https://www.gdacs.org/report.aspx?eventtype=WF&eventid=1022539
EONET_11510,GDACS,https://www.gdacs.org/report.aspx?eventtype=WF&eventid=1022581
EONET_11511,GDACS,https://www.gdacs.org/report.aspx?eventtype=WF&eventid=1022573
EONET_11512,GDACS,https://www.gdacs.org/report.aspx?eventtype=WF&eventid=1022576
EONET_11513,GDACS,https://www.gdacs.org/report.aspx?eventtype=WF&eventid=1022584
EONET_11533,GDACS,https://www.gdacs.org/report.aspx?eventtype=WF&eventid=1022590
EONET_11534,GDACS,https://www.gdacs.org/report.aspx?eventtype=WF&eventid=1022591
EONET_11535,GDACS,https://www.gdacs.org/report.aspx?eventtype=WF&eventid=1022598
EONET_11575,GDACS,https://www.gdacs.org/report.aspx?eventtype=WF&eventid=1022610
EONET_11576,GDACS,https://www.gdacs.org/report.aspx?eventtype=WF&eventid=1022614
EONET_11577,GDACS,https://www.gdacs.org/report.aspx?eventtype=WF&eventid=1022615
EONET_11538,IRWIN,https://irwin.doi.gov/observer/
EONET_11555,IRWIN,https://irwin.doi.gov/observer/
EONET_11557,IRWIN,https://irwin.doi.gov/observer/
EONET_11551,IRWIN,https://irwin.doi.gov/observer/
EONET_11410,GDACS,https://www.gdacs.org/report.aspx?eventtype=WF&eventid=1022503
EONET_11449,GDACS,https://www.gdacs.org/report.aspx?eventtype=WF&eventid=1022525
EONET_11450,GDACS,https://www.gdacs.org/report.aspx?eventtype=WF&eventid=1022531
EONET_11451,GDACS,https://www.gdacs.org/report.aspx?eventtype=WF&eventid=1022532
EONET_11452,GDACS,https://www.gdacs.org/report.aspx?eventtype=WF&eventid=1022533
EONET_11453,GDACS,https://www.gdacs.org/report.aspx?eventtype=WF&eventid=1022534
EONET_11454,GDACS,https://www.gdacs.org/report.aspx?eventtype=WF&eventid=1022535
EONET_11482,GDACS,https://www.gdacs.org/report.aspx?eventtype=WF&eventid=1022569
EONET_11483,GDACS,https://www.gdacs.org/report.aspx?eventtype=WF&eventid=1022570
EONET_11484,GDACS,https://www.gdacs.org/report.aspx?eventtype=WF&eventid=1022544
EONET_11485,GDACS,https://www.gdacs.org/report.aspx?eventtype=WF&eventid=1022546
EONET_11486,GDACS,https://www.gdacs.org/report.aspx?eventtype=WF&eventid=1022556
EONET_11487,GDACS,https://www.gdacs.org/report.aspx?eventtype=WF&eventid=1022548
EONET_11488,GDACS,https://www.gdacs.org/report.aspx?eventtype=WF&eventid=1022562
EONET_11489,GDACS,https://www.gdacs.org/report.aspx?eventtype=WF&eventid=1022563
EONET_11490,GDACS,https://www.gdacs.org/report.aspx?eventtype=WF&eventid=1022564
EONET_11491,GDACS,https://www.gdacs.org/report.aspx?eventtype=WF&eventid=1022545
EONET_11492,GDACS,https://www.gdacs.org/report.aspx?eventtype=WF&eventid=1022547
EONET_11514,GDACS,https://www.gdacs.org/report.aspx?eventtype=WF&eventid=1022585
EONET_11515,GDACS,https://www.gdacs.org/report.aspx?eventtype=WF&eventid=1022582
EONET_11516,GDACS,https://www.gdacs.org/report.aspx?eventtype=WF&eventid=1022578
EONET_11517,GDACS,https://www.gdacs.org/report.aspx?eventtype=WF&eventid=1022579
EONET_11518,GDACS,https://www.gdacs.org/report.aspx?eventtype=WF&eventid=1022574
EONET_11519,GDACS,https://www.gdacs.org/report.aspx?eventtype=WF&eventid=1022577
EONET_11578,GDACS,https://www.gdacs.org/report.aspx?eventtype=WF&eventid=1022602
EONET_11579,GDACS,https://www.gdacs.org/report.aspx?eventtype=WF&eventid=1022603
EONET_11549,IRWIN,https://irwin.doi.gov/observer/
EONET_11560,IRWIN,https://irwin.doi.gov/observer/
EONET_11411,GDACS,https://www.gdacs.org/report.aspx?eventtype=WF&eventid=1022504
EONET_11412,GDACS,https://www.gdacs.org/report.aspx?eventtype=WF&eventid=1022505
EONET_11413,GDACS,https://www.gdacs.org/report.aspx?eventtype=WF&eventid=1022496
EONET_11414,GDACS,https://www.gdacs.org/report.aspx?eventtype=WF&eventid=1022497
EONET_11455,GDACS,https://www.gdacs.org/report.aspx?eventtype=WF&eventid=1022526
EONET_11456,GDACS,https://www.gdacs.org/report.aspx?eventtype=WF&eventid=1022515
EONET_11493,GDACS,https://www.gdacs.org/report.aspx?eventtype=WF&eventid=1022549
EONET_11494,GDACS,https://www.gdacs.org/report.aspx?eventtype=WF&eventid=1022565
EONET_11495,GDACS,https://www.gdacs.org/report.aspx?eventtype=WF&eventid=1022557
EONET_11496,GDACS,https://www.gdacs.org/report.aspx?eventtype=WF&eventid=1022550
EONET_11497,GDACS,https://www.gdacs.org/report.aspx?eventtype=WF&eventid=1022558
EONET_11498,GDACS,https://www.gdacs.org/report.aspx?eventtype=WF&eventid=1022571
EONET_11520,GDACS,https://www.gdacs.org/report.aspx?eventtype=WF&eventid=1022575
EONET_11521,GDACS,https://www.gdacs.org/report.aspx?eventtype=WF&eventid=1022580
EONET_11522,GDACS,https://www.gdacs.org/report.aspx?eventtype=WF&eventid=1022583
EONET_11523,GDACS,https://www.gdacs.org/report.aspx?eventtype=WF&eventid=1022586
EONET_11544,IRWIN,https://irwin.doi.gov/observer/
EONET_11381,GDACS,https://www.gdacs.org/report.aspx?eventtype=WF&eventid=1022459
EONET_11382,GDACS,https://www.gdacs.org/report.aspx?eventtype=WF&eventid=1022470
EONET_11383,GDACS,https://www.gdacs.org/report.aspx?eventtype=WF&eventid=1022468
EONET_11415,GDACS,https://www.gdacs.org/report.aspx?eventtype=WF&eventid=1022498
EONET_11416,GDACS,https://www.gdacs.org/report.aspx?eventtype=WF&eventid=1022482
EONET_11417,GDACS,https://www.gdacs.org/report.aspx?eventtype=WF&eventid=1022483
EONET_11418,GDACS,https://www.gdacs.org/report.aspx?eventtype=WF&eventid=1022506
EONET_11419,GDACS,https://www.gdacs.org/report.aspx?eventtype=WF&eventid=1022507
EONET_11420,GDACS,https://www.gdacs.org/report.aspx?eventtype=WF&eventid=1022508
EONET_11421,GDACS,https://www.gdacs.org/report.aspx?eventtype=WF&eventid=1022509
EONET_11457,GDACS,https://www.gdacs.org/report.aspx?eventtype=WF&eventid=1022516
EONET_11458,GDACS,https://www.gdacs.org/report.aspx?eventtype=WF&eventid=1022518
EONET_11459,GDACS,https://www.gdacs.org/report.aspx?eventtype=WF&eventid=1022519
EONET_11460,GDACS,https://www.gdacs.org/report.aspx?eventtype=WF&eventid=1022530
EONET_11461,GDACS,https://www.gdacs.org/report.aspx?eventtype=WF&eventid=1022536
EONET_11462,GDACS,https://www.gdacs.org/report.aspx?eventtype=WF&eventid=1022537
EONET_11463,GDACS,https://www.gdacs.org/report.aspx?eventtype=WF&eventid=1022538
EONET_11464,GDACS,https://www.gdacs.org/report.aspx?eventtype=WF&eventid=1022517
EONET_11499,GDACS,https://www.gdacs.org/report.aspx?eventtype=WF&eventid=1022551
EONET_11500,GDACS,https://www.gdacs.org/report.aspx?eventtype=WF&eventid=1022559
EONET_11501,GDACS,https://www.gdacs.org/report.aspx?eventtype=WF&eventid=1022560
EONET_11502,GDACS,https://www.gdacs.org/report.aspx?eventtype=WF&eventid=1022552
EONET_11503,GDACS,https://www.gdacs.org/report.aspx?eventtype=WF&eventid=1022553
EONET_11504,GDACS,https://www.gdacs.org/report.aspx?eventtype=WF&eventid=1022561
EONET_11505,GDACS,https://www.gdacs.org/report.aspx?eventtype=WF&eventid=1022540
EONET_11370,GDACS,https://www.gdacs.org/report.aspx?eventtype=WF&eventid=1022445
EONET_11384,GDACS,https://www.gdacs.org/report.aspx?eventtype=WF&eventid=1022460
EONET_11385,GDACS,https://www.gdacs.org/report.aspx?eventtype=WF&eventid=1022469
EONET_11386,GDACS,https://www.gdacs.org/report.aspx?eventtype=WF&eventid=1022471
EONET_11422,GDACS,https://www.gdacs.org/report.aspx?eventtype=WF&eventid=1022475
EONET_11423,GDACS,https://www.gdacs.org/report.aspx?eventtype=WF&eventid=1022476
EONET_11424,GDACS,https://www.gdacs.org/report.aspx?eventtype=WF&eventid=1022484
EONET_11425,GDACS,https://www.gdacs.org/report.aspx?eventtype=WF&eventid=1022486
EONET_11426,GDACS,https://www.gdacs.org/report.aspx?eventtype=WF&eventid=1022510
EONET_11427,GDACS,https://www.gdacs.org/report.aspx?eventtype=WF&eventid=1022485
EONET_11465,GDACS,https://www.gdacs.org/report.aspx?eventtype=WF&eventid=1022520
EONET_11466,GDACS,https://www.gdacs.org/report.aspx?eventtype=WF&eventid=1022521
EONET_11506,GDACS,https://www.gdacs.org/report.aspx?eventtype=WF&eventid=1022554
EONET_11541,IRWIN,https://irwin.doi.gov/observer/
EONET_11371,GDACS,https://www.gdacs.org/report.aspx?eventtype=WF&eventid=1022446
EONET_11372,GDACS,https://www.gdacs.org/report.aspx?eventtype=WF&eventid=1022440
EONET_11373,GDACS,https://www.gdacs.org/report.aspx?eventtype=WF&eventid=1022441
EONET_11374,GDACS,https://www.gdacs.org/report.aspx?eventtype=WF&eventid=1022444
EONET_11387,GDACS,https://www.gdacs.org/report.aspx?eventtype=WF&eventid=1022472
EONET_11388,GDACS,https://www.gdacs.org/report.aspx?eventtype=WF&eventid=1022473
EONET_11389,GDACS,https://www.gdacs.org/report.aspx?eventtype=WF&eventid=1022461
EONET_11390,GDACS,https://www.gdacs.org/report.aspx?eventtype=WF&eventid=1022462
EONET_11391,GDACS,https://www.gdacs.org/report.aspx?eventtype=WF&eventid=1022463
EONET_11428,GDACS,https://www.gdacs.org/report.aspx?eventtype=WF&eventid=1022488
EONET_11429,GDACS,https://www.gdacs.org/report.aspx?eventtype=WF&eventid=1022489
EONET_11430,GDACS,https://www.gdacs.org/report.aspx?eventtype=WF&eventid=1022499
EONET_11431,GDACS,https://www.gdacs.org/report.aspx?eventtype=WF&eventid=1022477
EONET_11432,GDACS,https://www.gdacs.org/report.aspx?eventtype=WF&eventid=1022478
EONET_11433,GDACS,https://www.gdacs.org/report.aspx?eventtype=WF&eventid=1022487
EONET_11434,GDACS,https://www.gdacs.org/report.aspx?eventtype=WF&eventid=1022500
EONET_11435,GDACS,https://www.gdacs.org/report.aspx?eventtype=WF&eventid=1022501
EONET_11436,GDACS,https://www.gdacs.org/report.aspx?eventtype=WF&eventid=1022511
EONET_11467,GDACS,https://www.gdacs.org/report.aspx?eventtype=WF&eventid=1022522
EONET_11468,GDACS,https://www.gdacs.org/report.aspx?eventtype=WF&eventid=1022523
EONET_11469,GDACS,https://www.gdacs.org/report.aspx?eventtype=WF&eventid=1022524
EONET_11470,GDACS,https://www.gdacs.org/report.aspx?eventtype=WF&eventid=1022527
EONET_11471,GDACS,https://www.gdacs.org/report.aspx?eventtype=WF&eventid=1022528
EONET_11472,GDACS,https://www.gdacs.org/report.aspx?eventtype=WF&eventid=1022529
EONET_11507,GDACS,https://www.gdacs.org/report.aspx?eventtype=WF&eventid=1022541
EONET_11508,GDACS,https://www.gdacs.org/report.aspx?eventtype=WF&eventid=1022542
EONET_11509,GDACS,https://www.gdacs.org/report.aspx?eventtype=WF&eventid=1022543
EONET_11556,IRWIN,https://irwin.doi.gov/observer/
EONET_11326,IRWIN,https://irwin.doi.gov/observer/
EONET_11562,IRWIN,https://irwin.doi.gov/observer/
EONET_11352,GDACS,https://www.gdacs.org/report.aspx?eventtype=WF&eventid=1022430
EONET_11353,GDACS,https://www.gdacs.org/report.aspx?eventtype=WF&eventid=1022431
EONET_11354,GDACS,https://www.gdacs.org/report.aspx?eventtype=WF&eventid=1022427
EONET_11355,GDACS,https://www.gdacs.org/report.aspx?eventtype=WF&eventid=1022428
EONET_11356,GDACS,https://www.gdacs.org/report.aspx?eventtype=WF&eventid=1022420
EONET_11392,GDACS,https://www.gdacs.org/report.aspx?eventtype=WF&eventid=1022447
EONET_11393,GDACS,https://www.gdacs.org/report.aspx?eventtype=WF&eventid=1022451
EONET_11394,GDACS,https://www.gdacs.org/report.aspx?eventtype=WF&eventid=1022452
EONET_11395,GDACS,https://www.gdacs.org/report.aspx?eventtype=WF&eventid=1022474
EONET_11396,GDACS,https://www.gdacs.org/report.aspx?eventtype=WF&eventid=1022464
EONET_11397,GDACS,https://www.gdacs.org/report.aspx?eventtype=WF&eventid=1022465
EONET_11398,GDACS,https://www.gdacs.org/report.aspx?eventtype=WF&eventid=1022466
EONET_11399,GDACS,https://www.gdacs.org/report.aspx?eventtype=WF&eventid=1022467
EONET_11437,GDACS,https://www.gdacs.org/report.aspx?eventtype=WF&eventid=1022479
EONET_11438,GDACS,https://www.gdacs.org/report.aspx?eventtype=WF&eventid=1022480
EONET_11439,GDACS,https://www.gdacs.org/report.aspx?eventtype=WF&eventid=1022512
EONET_11440,GDACS,https://www.gdacs.org/report.aspx?eventtype=WF&eventid=1022502
EONET_11441,GDACS,https://www.gdacs.org/report.aspx?eventtype=WF&eventid=1022490
EONET_11442,GDACS,https://www.gdacs.org/report.aspx?eventtype=WF&eventid=1022491
EONET_11473,GDACS,https://www.gdacs.org/report.aspx?eventtype=WF&eventid=1022513
EONET_11474,GDACS,https://www.gdacs.org/report.aspx?eventtype=WF&eventid=1022514
EONET_11327,IRWIN,https://irwin.doi.gov/observer/
EONET_11329,IRWIN,https://irwin.doi.gov/observer/
EONET_11336,GDACS,https://www.gdacs.org/report.aspx?eventtype=WF&eventid=1022405
EONET_11337,GDACS,https://www.gdacs.org/report.aspx?eventtype=WF&eventid=1022415
EONET_11338,GDACS,https://www.gdacs.org/report.aspx?eventtype=WF&eventid=1022416
EONET_11339,GDACS,https://www.gdacs.org/report.aspx?eventtype=WF&eventid=1022407
EONET_11357,GDACS,https://www.gdacs.org/report.aspx?eventtype=WF&eventid=1022434
EONET_11358,GDACS,https://www.gdacs.org/report.aspx?eventtype=WF&eventid=1022435
EONET_11375,GDACS,https://www.gdacs.org/report.aspx?eventtype=WF&eventid=1022442
EONET_11376,GDACS,https://www.gdacs.org/report.aspx?eventtype=WF&eventid=1022443
EONET_11400,GDACS,https://www.gdacs.org/report.aspx?eventtype=WF&eventid=1022448
EONET_11401,GDACS,https://www.gdacs.org/report.aspx?eventtype=WF&eventid=1022453
EONET_11402,GDACS,https://www.gdacs.org/report.aspx?eventtype=WF&eventid=1022454
EONET_11443,GDACS,https://www.gdacs.org/report.aspx?eventtype=WF&eventid=1022492
EONET_11444,GDACS,https://www.gdacs.org/report.aspx?eventtype=WF&eventid=1022493
EONET_11445,GDACS,https://www.gdacs.org/report.aspx?eventtype=WF&eventid=1022494
EONET_11446,GDACS,https://www.gdacs.org/report.aspx?eventtype=WF&eventid=1022495
EONET_11447,GDACS,https://www.gdacs.org/report.aspx?eventtype=WF&eventid=1022481
EONET_11305,GDACS,https://www.gdacs.org/report.aspx?eventtype=WF&eventid=1022386
EONET_11306,GDACS,https://www.gdacs.org/report.aspx?eventtype=WF&eventid=1022400
EONET_11307,GDACS,https://www.gdacs.org/report.aspx?eventtype=WF&eventid=1022401
EONET_11308,GDACS,https://www.gdacs.org/report.aspx?eventtype=WF&eventid=1022402
EONET_11340,GDACS,https://www.gdacs.org/report.aspx?eventtype=WF&eventid=1022409
EONET_11341,GDACS,https://www.gdacs.org/report.aspx?eventtype=WF&eventid=1022408
EONET_11359,GDACS,https://www.gdacs.org/report.aspx?eventtype=WF&eventid=1022419
EONET_11360,GDACS,https://www.gdacs.org/report.aspx?eventtype=WF&eventid=1022421
EONET_11361,GDACS,https://www.gdacs.org/report.aspx?eventtype=WF&eventid=1022422
EONET_11362,GDACS,https://www.gdacs.org/report.aspx?eventtype=WF&eventid=1022429
EONET_11377,GDACS,https://www.gdacs.org/report.aspx?eventtype=WF&eventid=1022437
EONET_11403,GDACS,https://www.gdacs.org/report.aspx?eventtype=WF&eventid=1022455
EONET_11404,GDACS,https://www.gdacs.org/report.aspx?eventtype=WF&eventid=1022456
EONET_11405,GDACS,https://www.gdacs.org/report.aspx?eventtype=WF&eventid=1022457
EONET_11406,GDACS,https://www.gdacs.org/report.aspx?eventtype=WF&eventid=1022458
EONET_11407,GDACS,https://www.gdacs.org/report.aspx?eventtype=WF&eventid=1022449
EONET_11408,GDACS,https://www.gdacs.org/report.aspx?eventtype=WF&eventid=1022450
EONET_11332,IRWIN,https://irwin.doi.gov/observer/
EONET_11342,GDACS,https://www.gdacs.org/report.aspx?eventtype=WF&eventid=1022417
EONET_11363,GDACS,https://www.gdacs.org/report.aspx?eventtype=WF&eventid=1022425
EONET_11364,GDACS,https://www.gdacs.org/report.aspx?eventtype=WF&eventid=1022423
EONET_11365,GDACS,https://www.gdacs.org/report.aspx?eventtype=WF&eventid=1022424
EONET_11366,GDACS,https://www.gdacs.org/report.aspx?eventtype=WF&eventid=1022436
EONET_11367,GDACS,https://www.gdacs.org/report.aspx?eventtype=WF&eventid=1022432
EONET_11368,GDACS,https://www.gdacs.org/report.aspx?eventtype=WF&eventid=1022433
EONET_11378,GDACS,https://www.gdacs.org/report.aspx?eventtype=WF&eventid=1022438
EONET_11379,GDACS,https://www.gdacs.org/report.aspx?eventtype=WF&eventid=1022439
EONET_11333,IRWIN,https://irwin.doi.gov/observer/
EONET_11266,GDACS,https://www.gdacs.org/report.aspx?eventtype=WF&eventid=1022358
EONET_11267,GDACS,https://www.gdacs.org/report.aspx?eventtype=WF&eventid=1022350
EONET_11268,GDACS,https://www.gdacs.org/report.aspx?eventtype=WF&eventid=1022351
EONET_11278,GDACS,https://www.gdacs.org/report.aspx?eventtype=WF&eventid=1022361
EONET_11279,GDACS,https://www.gdacs.org/report.aspx?eventtype=WF&eventid=1022362
EONET_11280,GDACS,https://www.gdacs.org/report.aspx?eventtype=WF&eventid=1022366
EONET_11281,GDACS,https://www.gdacs.org/report.aspx?eventtype=WF&eventid=1022367
EONET_11309,GDACS,https://www.gdacs.org/report.aspx?eventtype=WF&eventid=1022393
EONET_11310,GDACS,https://www.gdacs.org/report.aspx?eventtype=WF&eventid=1022394
EONET_11343,GDACS,https://www.gdacs.org/report.aspx?eventtype=WF&eventid=1022406
EONET_11344,GDACS,https://www.gdacs.org/report.aspx?eventtype=WF&eventid=1022418
EONET_11345,GDACS,https://www.gdacs.org/report.aspx?eventtype=WF&eventid=1022412
EONET_11346,GDACS,https://www.gdacs.org/report.aspx?eventtype=WF&eventid=1022413
EONET_11347,GDACS,https://www.gdacs.org/report.aspx?eventtype=WF&eventid=1022410
EONET_11328,IRWIN,https://irwin.doi.gov/observer/
EONET_11244,GDACS,https://www.gdacs.org/report.aspx?eventtype=WF&eventid=1022337
EONET_11245,GDACS,https://www.gdacs.org/report.aspx?eventtype=WF&eventid=1022338
EONET_11269,GDACS,https://www.gdacs.org/report.aspx?eventtype=WF&eventid=1022359
EONET_11270,GDACS,https://www.gdacs.org/report.aspx?eventtype=WF&eventid=1022352
EONET_11282,GDACS,https://www.gdacs.org/report.aspx?eventtype=WF&eventid=1022363
EONET_11283,GDACS,https://www.gdacs.org/report.aspx?eventtype=WF&eventid=1022368
EONET_11284,GDACS,https://www.gdacs.org/report.aspx?eventtype=WF&eventid=1022369
EONET_11285,GDACS,https://www.gdacs.org/report.aspx?eventtype=WF&eventid=1022370
EONET_11286,GDACS,https://www.gdacs.org/report.aspx?eventtype=WF&eventid=1022375
EONET_11287,GDACS,https://www.gdacs.org/report.aspx?eventtype=WF&eventid=1022376
EONET_11311,GDACS,https://www.gdacs.org/report.aspx?eventtype=WF&eventid=1022397
EONET_11312,GDACS,https://www.gdacs.org/report.aspx?eventtype=WF&eventid=1022387
EONET_11313,GDACS,https://www.gdacs.org/report.aspx?eventtype=WF&eventid=1022395
EONET_11314,GDACS,https://www.gdacs.org/report.aspx?eventtype=WF&eventid=1022396
EONET_11315,GDACS,https://www.gdacs.org/report.aspx?eventtype=WF&eventid=1022403
EONET_11348,GDACS,https://www.gdacs.org/report.aspx?eventtype=WF&eventid=1022411
EONET_11349,GDACS,https://www.gdacs.org/report.aspx?eventtype=WF&eventid=1022414
EONET_11369,GDACS,https://www.gdacs.org/report.aspx?eventtype=WF&eventid=1022426
EONET_11334,IRWIN,https://irwin.doi.gov/observer/
EONET_11335,IRWIN,https://irwin.doi.gov/observer/
EONET_11191,GDACS,https://www.gdacs.org/report.aspx?eventtype=WF&eventid=1022297
EONET_11216,GDACS,https://www.gdacs.org/report.aspx?eventtype=WF&eventid=1022306
EONET_11246,GDACS,https://www.gdacs.org/report.aspx?eventtype=WF&eventid=1022328
EONET_11247,GDACS,https://www.gdacs.org/report.aspx?eventtype=WF&eventid=1022342
EONET_11248,GDACS,https://www.gdacs.org/report.aspx?eventtype=WF&eventid=1022343
EONET_11249,GDACS,https://www.gdacs.org/report.aspx?eventtype=WF&eventid=1022329
EONET_11271,GDACS,https://www.gdacs.org/report.aspx?eventtype=WF&eventid=1022353
EONET_11272,GDACS,https://www.gdacs.org/report.aspx?eventtype=WF&eventid=1022354
EONET_11273,GDACS,https://www.gdacs.org/report.aspx?eventtype=WF&eventid=1022355
EONET_11288,GDACS,https://www.gdacs.org/report.aspx?eventtype=WF&eventid=1022364
EONET_11289,GDACS,https://www.gdacs.org/report.aspx?eventtype=WF&eventid=1022377
EONET_11290,GDACS,https://www.gdacs.org/report.aspx?eventtype=WF&eventid=1022378
EONET_11291,GDACS,https://www.gdacs.org/report.aspx?eventtype=WF&eventid=1022379
EONET_11292,GDACS,https://www.gdacs.org/report.aspx?eventtype=WF&eventid=1022371
EONET_11293,GDACS,https://www.gdacs.org/report.aspx?eventtype=WF&eventid=1022372
EONET_11294,GDACS,https://www.gdacs.org/report.aspx?eventtype=WF&eventid=1022373
EONET_11316,GDACS,https://www.gdacs.org/report.aspx?eventtype=WF&eventid=1022388
EONET_11317,GDACS,https://www.gdacs.org/report.aspx?eventtype=WF&eventid=1022389
EONET_11318,GDACS,https://www.gdacs.org/report.aspx?eventtype=WF&eventid=1022404
EONET_11319,GDACS,https://www.gdacs.org/report.aspx?eventtype=WF&eventid=1022390
EONET_11320,GDACS,https://www.gdacs.org/report.aspx?eventtype=WF&eventid=1022391
EONET_11321,GDACS,https://www.gdacs.org/report.aspx?eventtype=WF&eventid=1022398
EONET_11322,GDACS,https://www.gdacs.org/report.aspx?eventtype=WF&eventid=1022399
EONET_11192,GDACS,https://www.gdacs.org/report.aspx?eventtype=WF&eventid=1022292
EONET_11217,GDACS,https://www.gdacs.org/report.aspx?eventtype=WF&eventid=1022307
EONET_11218,GDACS,https://www.gdacs.org/report.aspx?eventtype=WF&eventid=1022308
EONET_11219,GDACS,https://www.gdacs.org/report.aspx?eventtype=WF&eventid=1022309
EONET_11220,GDACS,https://www.gdacs.org/report.aspx?eventtype=WF&eventid=1022319
EONET_11221,GDACS,https://www.gdacs.org/report.aspx?eventtype=WF&eventid=1022320
EONET_11222,GDACS,https://www.gdacs.org/report.aspx?eventtype=WF&eventid=1022321
EONET_11223,GDACS,https://www.gdacs.org/report.aspx?eventtype=WF&eventid=1022315
EONET_11250,GDACS,https://www.gdacs.org/report.aspx?eventtype=WF&eventid=1022330
EONET_11251,GDACS,https://www.gdacs.org/report.aspx?eventtype=WF&eventid=1022331
EONET_11252,GDACS,https://www.gdacs.org/report.aspx?eventtype=WF&eventid=1022344
EONET_11253,GDACS,https://www.gdacs.org/report.aspx?eventtype=WF&eventid=1022345
EONET_11274,GDACS,https://www.gdacs.org/report.aspx?eventtype=WF&eventid=1022360
EONET_11275,GDACS,https://www.gdacs.org/report.aspx?eventtype=WF&eventid=1022356
EONET_11295,GDACS,https://www.gdacs.org/report.aspx?eventtype=WF&eventid=1022374
EONET_11296,GDACS,https://www.gdacs.org/report.aspx?eventtype=WF&eventid=1022380
EONET_11297,GDACS,https://www.gdacs.org/report.aspx?eventtype=WF&eventid=1022381
EONET_11298,GDACS,https://www.gdacs.org/report.aspx?eventtype=WF&eventid=1022382
EONET_11299,GDACS,https://www.gdacs.org/report.aspx?eventtype=WF&eventid=1022383
EONET_11300,GDACS,https://www.gdacs.org/report.aspx?eventtype=WF&eventid=1022384
EONET_11301,GDACS,https://www.gdacs.org/report.aspx?eventtype=WF&eventid=1022385
EONET_11302,GDACS,https://www.gdacs.org/report.aspx?eventtype=WF&eventid=1022365
EONET_11323,GDACS,https://www.gdacs.org/report.aspx?eventtype=WF&eventid=1022392
EONET_11185,IRWIN,https://irwin.doi.gov/observer/
EONET_11161,GDACS,https://www.gdacs.org/report.aspx?eventtype=WF&eventid=1022259
EONET_11162,GDACS,https://www.gdacs.org/report.aspx?eventtype=WF&eventid=1022273
EONET_11193,GDACS,https://www.gdacs.org/report.aspx?eventtype=WF&eventid=1022298
EONET_11194,GDACS,https://www.gdacs.org/report.aspx?eventtype=WF&eventid=1022279
EONET_11195,GDACS,https://www.gdacs.org/report.aspx?eventtype=WF&eventid=1022293
EONET_11196,GDACS,https://www.gdacs.org/report.aspx?eventtype=WF&eventid=1022294
EONET_11197,GDACS,https://www.gdacs.org/report.aspx?eventtype=WF&eventid=1022295
EONET_11198,GDACS,https://www.gdacs.org/report.aspx?eventtype=WF&eventid=1022288
EONET_11199,GDACS,https://www.gdacs.org/report.aspx?eventtype=WF&eventid=1022289
EONET_11200,GDACS,https://www.gdacs.org/report.aspx?eventtype=WF&eventid=1022280
EONET_11201,GDACS,https://www.gdacs.org/report.aspx?eventtype=WF&eventid=1022281
EONET_11202,GDACS,https://www.gdacs.org/report.aspx?eventtype=WF&eventid=1022282
EONET_11224,GDACS,https://www.gdacs.org/report.aspx?eventtype=WF&eventid=1022322
EONET_11225,GDACS,https://www.gdacs.org/report.aspx?eventtype=WF&eventid=1022310
EONET_11226,GDACS,https://www.gdacs.org/report.aspx?eventtype=WF&eventid=1022311
EONET_11227,GDACS,https://www.gdacs.org/report.aspx?eventtype=WF&eventid=1022300
EONET_11228,GDACS,https://www.gdacs.org/report.aspx?eventtype=WF&eventid=1022302
EONET_11229,GDACS,https://www.gdacs.org/report.aspx?eventtype=WF&eventid=1022316
EONET_11230,GDACS,https://www.gdacs.org/report.aspx?eventtype=WF&eventid=1022317
EONET_11254,GDACS,https://www.gdacs.org/report.aspx?eventtype=WF&eventid=1022346
EONET_11255,GDACS,https://www.gdacs.org/report.aspx?eventtype=WF&eventid=1022347
EONET_11256,GDACS,https://www.gdacs.org/report.aspx?eventtype=WF&eventid=1022339
EONET_11257,GDACS,https://www.gdacs.org/report.aspx?eventtype=WF&eventid=1022340
EONET_11258,GDACS,https://www.gdacs.org/report.aspx?eventtype=WF&eventid=1022332
EONET_11276,GDACS,https://www.gdacs.org/report.aspx?eventtype=WF&eventid=1022357
EONET_11277,GDACS,https://www.gdacs.org/report.aspx?eventtype=WF&eventid=1022349
EONET_11107,GDACS,https://www.gdacs.org/report.aspx?eventtype=WF&eventid=1022225
EONET_11108,GDACS,https://www.gdacs.org/report.aspx?eventtype=WF&eventid=1022226
EONET_11138,GDACS,https://www.gdacs.org/report.aspx?eventtype=WF&eventid=1022247
EONET_11139,GDACS,https://www.gdacs.org/report.aspx?eventtype=WF&eventid=1022231
EONET_11163,GDACS,https://www.gdacs.org/report.aspx?eventtype=WF&eventid=1022260
EONET_11164,GDACS,https://www.gdacs.org/report.aspx?eventtype=WF&eventid=1022261
EONET_11165,GDACS,https://www.gdacs.org/report.aspx?eventtype=WF&eventid=1022276
EONET_11166,GDACS,https://www.gdacs.org/report.aspx?eventtype=WF&eventid=1022277
EONET_11203,GDACS,https://www.gdacs.org/report.aspx?eventtype=WF&eventid=1022283
EONET_11204,GDACS,https://www.gdacs.org/report.aspx?eventtype=WF&eventid=1022290
EONET_11205,GDACS,https://www.gdacs.org/report.aspx?eventtype=WF&eventid=1022296
EONET_11231,GDACS,https://www.gdacs.org/report.aspx?eventtype=WF&eventid=1022318
EONET_11232,GDACS,https://www.gdacs.org/report.aspx?eventtype=WF&eventid=1022312
EONET_11233,GDACS,https://www.gdacs.org/report.aspx?eventtype=WF&eventid=1022314
EONET_11234,GDACS,https://www.gdacs.org/report.aspx?eventtype=WF&eventid=1022323
EONET_11235,GDACS,https://www.gdacs.org/report.aspx?eventtype=WF&eventid=1022324
EONET_11236,GDACS,https://www.gdacs.org/report.aspx?eventtype=WF&eventid=1022313
EONET_11259,GDACS,https://www.gdacs.org/report.aspx?eventtype=WF&eventid=1022333
EONET_11260,GDACS,https://www.gdacs.org/report.aspx?eventtype=WF&eventid=1022334
EONET_11261,GDACS,https://www.gdacs.org/report.aspx?eventtype=WF&eventid=1022335
EONET_11262,GDACS,https://www.gdacs.org/report.aspx?eventtype=WF&eventid=1022341
EONET_11263,GDACS,https://www.gdacs.org/report.aspx?eventtype=WF&eventid=1022348
EONET_11187,IRWIN,https://irwin.doi.gov/observer/
EONET_11102,IRWIN,https://irwin.doi.gov/observer/
EONET_11140,GDACS,https://www.gdacs.org/report.aspx?eventtype=WF&eventid=1022232
EONET_11141,GDACS,https://www.gdacs.org/report.aspx?eventtype=WF&eventid=1022233
EONET_11142,GDACS,https://www.gdacs.org/report.aspx?eventtype=WF&eventid=1022234
EONET_11143,GDACS,https://www.gdacs.org/report.aspx?eventtype=WF&eventid=1022248
EONET_11144,GDACS,https://www.gdacs.org/report.aspx?eventtype=WF&eventid=1022250
EONET_11167,GDACS,https://www.gdacs.org/report.aspx?eventtype=WF&eventid=1022274
EONET_11168,GDACS,https://www.gdacs.org/report.aspx?eventtype=WF&eventid=1022275
EONET_11169,GDACS,https://www.gdacs.org/report.aspx?eventtype=WF&eventid=1022272
EONET_11170,GDACS,https://www.gdacs.org/report.aspx?eventtype=WF&eventid=1022268
EONET_11171,GDACS,https://www.gdacs.org/report.aspx?eventtype=WF&eventid=1022269
EONET_11172,GDACS,https://www.gdacs.org/report.aspx?eventtype=WF&eventid=1022270
EONET_11206,GDACS,https://www.gdacs.org/report.aspx?eventtype=WF&eventid=1022299
EONET_11207,GDACS,https://www.gdacs.org/report.aspx?eventtype=WF&eventid=1022291
EONET_11208,GDACS,https://www.gdacs.org/report.aspx?eventtype=WF&eventid=1022284
EONET_11237,GDACS,https://www.gdacs.org/report.aspx?eventtype=WF&eventid=1022303
EONET_11238,GDACS,https://www.gdacs.org/report.aspx?eventtype=WF&eventid=1022304
EONET_11239,GDACS,https://www.gdacs.org/report.aspx?eventtype=WF&eventid=1022325
EONET_11240,GDACS,https://www.gdacs.org/report.aspx?eventtype=WF&eventid=1022326
EONET_11241,GDACS,https://www.gdacs.org/report.aspx?eventtype=WF&eventid=1022327
EONET_11264,GDACS,https://www.gdacs.org/report.aspx?eventtype=WF&eventid=1022336
EONET_11109,GDACS,https://www.gdacs.org/report.aspx?eventtype=WF&eventid=1022227
EONET_11110,GDACS,https://www.gdacs.org/report.aspx?eventtype=WF&eventid=1022206
EONET_11111,GDACS,https://www.gdacs.org/report.aspx?eventtype=WF&eventid=1022207
EONET_11112,GDACS,https://www.gdacs.org/report.aspx?eventtype=WF&eventid=1022222
EONET_11145,GDACS,https://www.gdacs.org/report.aspx?eventtype=WF&eventid=1022230
EONET_11173,GDACS,https://www.gdacs.org/report.aspx?eventtype=WF&eventid=1022255
EONET_11174,GDACS,https://www.gdacs.org/report.aspx?eventtype=WF&eventid=1022254
EONET_11209,GDACS,https://www.gdacs.org/report.aspx?eventtype=WF&eventid=1022278
EONET_11242,GDACS,https://www.gdacs.org/report.aspx?eventtype=WF&eventid=1022305
EONET_11243,GDACS,https://www.gdacs.org/report.aspx?eventtype=WF&eventid=1022301
EONET_11059,GDACS,https://www.gdacs.org/report.aspx?eventtype=WF&eventid=1022172
EONET_11060,GDACS,https://www.gdacs.org/report.aspx?eventtype=WF&eventid=1022173
EONET_11079,GDACS,https://www.gdacs.org/report.aspx?eventtype=WF&eventid=1022188
EONET_11080,GDACS,https://www.gdacs.org/report.aspx?eventtype=WF&eventid=1022195
EONET_11113,GDACS,https://www.gdacs.org/report.aspx?eventtype=WF&eventid=1022223
EONET_11114,GDACS,https://www.gdacs.org/report.aspx?eventtype=WF&eventid=1022209
EONET_11115,GDACS,https://www.gdacs.org/report.aspx?eventtype=WF&eventid=1022208
EONET_11116,GDACS,https://www.gdacs.org/report.aspx?eventtype=WF&eventid=1022210
EONET_11117,GDACS,https://www.gdacs.org/report.aspx?eventtype=WF&eventid=1022199
EONET_11146,GDACS,https://www.gdacs.org/report.aspx?eventtype=WF&eventid=1022236
EONET_11147,GDACS,https://www.gdacs.org/report.aspx?eventtype=WF&eventid=1022251
EONET_11148,GDACS,https://www.gdacs.org/report.aspx?eventtype=WF&eventid=1022249
EONET_11149,GDACS,https://www.gdacs.org/report.aspx?eventtype=WF&eventid=1022235
EONET_11150,GDACS,https://www.gdacs.org/report.aspx?eventtype=WF&eventid=1022237
EONET_11175,GDACS,https://www.gdacs.org/report.aspx?eventtype=WF&eventid=1022271
EONET_11176,GDACS,https://www.gdacs.org/report.aspx?eventtype=WF&eventid=1022256
EONET_11177,GDACS,https://www.gdacs.org/report.aspx?eventtype=WF&eventid=1022262
EONET_11210,GDACS,https://www.gdacs.org/report.aspx?eventtype=WF&eventid=1022285
EONET_11211,GDACS,https://www.gdacs.org/report.aspx?eventtype=WF&eventid=1022286
EONET_11212,GDACS,https://www.gdacs.org/report.aspx?eventtype=WF&eventid=1022287
EONET_11104,IRWIN,https://irwin.doi.gov/observer/
EONET_11103,IRWIN,https://irwin.doi.gov/observer/
EONET_11021,IRWIN,https://irwin.doi.gov/observer/
EONET_11028,GDACS,https://www.gdacs.org/report.aspx?eventtype=WF&eventid=1022139
EONET_11029,GDACS,https://www.gdacs.org/report.aspx?eventtype=WF&eventid=1022146
EONET_11030,GDACS,https://www.gdacs.org/report.aspx?eventtype=WF&eventid=1022147
EONET_11061,GDACS,https://www.gdacs.org/report.aspx?eventtype=WF&eventid=1022166
EONET_11062,GDACS,https://www.gdacs.org/report.aspx?eventtype=WF&eventid=1022171
EONET_11063,GDACS,https://www.gdacs.org/report.aspx?eventtype=WF&eventid=1022165
EONET_11081,GDACS,https://www.gdacs.org/report.aspx?eventtype=WF&eventid=1022177
EONET_11082,GDACS,https://www.gdacs.org/report.aspx?eventtype=WF&eventid=1022178
EONET_11083,GDACS,https://www.gdacs.org/report.aspx?eventtype=WF&eventid=1022179
EONET_11084,GDACS,https://www.gdacs.org/report.aspx?eventtype=WF&eventid=1022196
EONET_11085,GDACS,https://www.gdacs.org/report.aspx?eventtype=WF&eventid=1022197
EONET_11086,GDACS,https://www.gdacs.org/report.aspx?eventtype=WF&eventid=1022189
EONET_11087,GDACS,https://www.gdacs.org/report.aspx?eventtype=WF&eventid=1022190
EONET_11088,GDACS,https://www.gdacs.org/report.aspx?eventtype=WF&eventid=1022191
EONET_11089,GDACS,https://www.gdacs.org/report.aspx?eventtype=WF&eventid=1022180
EONET_11118,GDACS,https://www.gdacs.org/report.aspx?eventtype=WF&eventid=1022200
EONET_11119,GDACS,https://www.gdacs.org/report.aspx?eventtype=WF&eventid=1022201
EONET_11120,GDACS,https://www.gdacs.org/report.aspx?eventtype=WF&eventid=1022211
EONET_11121,GDACS,https://www.gdacs.org/report.aspx?eventtype=WF&eventid=1022212
EONET_11122,GDACS,https://www.gdacs.org/report.aspx?eventtype=WF&eventid=1022228
EONET_11123,GDACS,https://www.gdacs.org/report.aspx?eventtype=WF&eventid=1022224
EONET_11151,GDACS,https://www.gdacs.org/report.aspx?eventtype=WF&eventid=1022238
EONET_11152,GDACS,https://www.gdacs.org/report.aspx?eventtype=WF&eventid=1022240
EONET_11153,GDACS,https://www.gdacs.org/report.aspx?eventtype=WF&eventid=1022253
EONET_11154,GDACS,https://www.gdacs.org/report.aspx?eventtype=WF&eventid=1022239
EONET_11155,GDACS,https://www.gdacs.org/report.aspx?eventtype=WF&eventid=1022241
EONET_11156,GDACS,https://www.gdacs.org/report.aspx?eventtype=WF&eventid=1022242
EONET_11157,GDACS,https://www.gdacs.org/report.aspx?eventtype=WF&eventid=1022243
EONET_11158,GDACS,https://www.gdacs.org/report.aspx?eventtype=WF&eventid=1022244
EONET_11178,GDACS,https://www.gdacs.org/report.aspx?eventtype=WF&eventid=1022263
EONET_11179,GDACS,https://www.gdacs.org/report.aspx?eventtype=WF&eventid=1022264
EONET_11180,GDACS,https://www.gdacs.org/report.aspx?eventtype=WF&eventid=1022265
EONET_11181,GDACS,https://www.gdacs.org/report.aspx?eventtype=WF&eventid=1022266
EONET_11182,GDACS,https://www.gdacs.org/report.aspx?eventtype=WF&eventid=1022267
EONET_11183,GDACS,https://www.gdacs.org/report.aspx?eventtype=WF&eventid=1022257
EONET_11184,GDACS,https://www.gdacs.org/report.aspx?eventtype=WF&eventid=1022258
EONET_11025,IRWIN,https://irwin.doi.gov/observer/
EONET_11023,IRWIN,https://irwin.doi.gov/observer/
EONET_11016,IRWIN,https://irwin.doi.gov/observer/
EONET_10903,GDACS,https://www.gdacs.org/report.aspx?eventtype=WF&eventid=1022103
EONET_10904,GDACS,https://www.gdacs.org/report.aspx?eventtype=WF&eventid=1022116
EONET_10905,GDACS,https://www.gdacs.org/report.aspx?eventtype=WF&eventid=1022117
EONET_10906,GDACS,https://www.gdacs.org/report.aspx?eventtype=WF&eventid=1022118
EONET_10907,GDACS,https://www.gdacs.org/report.aspx?eventtype=WF&eventid=1022119
EONET_10908,GDACS,https://www.gdacs.org/report.aspx?eventtype=WF&eventid=1022012
EONET_10909,GDACS,https://www.gdacs.org/report.aspx?eventtype=WF&eventid=1022013
EONET_11031,GDACS,https://www.gdacs.org/report.aspx?eventtype=WF&eventid=1022145
EONET_11032,GDACS,https://www.gdacs.org/report.aspx?eventtype=WF&eventid=1022148
EONET_11033,GDACS,https://www.gdacs.org/report.aspx?eventtype=WF&eventid=1022149
EONET_11034,GDACS,https://www.gdacs.org/report.aspx?eventtype=WF&eventid=1022150
EONET_11035,GDACS,https://www.gdacs.org/report.aspx?eventtype=WF&eventid=1022151
EONET_11036,GDACS,https://www.gdacs.org/report.aspx?eventtype=WF&eventid=1022140
EONET_11037,GDACS,https://www.gdacs.org/report.aspx?eventtype=WF&eventid=1022141
EONET_11064,GDACS,https://www.gdacs.org/report.aspx?eventtype=WF&eventid=1022157
EONET_11065,GDACS,https://www.gdacs.org/report.aspx?eventtype=WF&eventid=1022167
EONET_11066,GDACS,https://www.gdacs.org/report.aspx?eventtype=WF&eventid=1022174
EONET_11067,GDACS,https://www.gdacs.org/report.aspx?eventtype=WF&eventid=1022175
EONET_11068,GDACS,https://www.gdacs.org/report.aspx?eventtype=WF&eventid=1022156
EONET_11090,GDACS,https://www.gdacs.org/report.aspx?eventtype=WF&eventid=1022181
EONET_11091,GDACS,https://www.gdacs.org/report.aspx?eventtype=WF&eventid=1022182
EONET_11092,GDACS,https://www.gdacs.org/report.aspx?eventtype=WF&eventid=1022192
EONET_11093,GDACS,https://www.gdacs.org/report.aspx?eventtype=WF&eventid=1022193
EONET_11094,GDACS,https://www.gdacs.org/report.aspx?eventtype=WF&eventid=1022198
EONET_11124,GDACS,https://www.gdacs.org/report.aspx?eventtype=WF&eventid=1022229
EONET_11125,GDACS,https://www.gdacs.org/report.aspx?eventtype=WF&eventid=1022213
EONET_11126,GDACS,https://www.gdacs.org/report.aspx?eventtype=WF&eventid=1022214
EONET_11127,GDACS,https://www.gdacs.org/report.aspx?eventtype=WF&eventid=1022215
EONET_11128,GDACS,https://www.gdacs.org/report.aspx?eventtype=WF&eventid=1022216
EONET_11129,GDACS,https://www.gdacs.org/report.aspx?eventtype=WF&eventid=1022203
EONET_11130,GDACS,https://www.gdacs.org/report.aspx?eventtype=WF&eventid=1022204
EONET_11131,GDACS,https://www.gdacs.org/report.aspx?eventtype=WF&eventid=1022217
EONET_11132,GDACS,https://www.gdacs.org/report.aspx?eventtype=WF&eventid=1022218
EONET_11133,GDACS,https://www.gdacs.org/report.aspx?eventtype=WF&eventid=1022202
EONET_11159,GDACS,https://www.gdacs.org/report.aspx?eventtype=WF&eventid=1022245
EONET_11160,GDACS,https://www.gdacs.org/report.aspx?eventtype=WF&eventid=1022246
EONET_11024,IRWIN,https://irwin.doi.gov/observer/
EONET_10910,GDACS,https://www.gdacs.org/report.aspx?eventtype=WF&eventid=1022104
EONET_10911,GDACS,https://www.gdacs.org/report.aspx?eventtype=WF&eventid=1022100
EONET_10912,GDACS,https://www.gdacs.org/report.aspx?eventtype=WF&eventid=1022120
EONET_10913,GDACS,https://www.gdacs.org/report.aspx?eventtype=WF&eventid=1022121
EONET_10914,GDACS,https://www.gdacs.org/report.aspx?eventtype=WF&eventid=1022105
EONET_10915,GDACS,https://www.gdacs.org/report.aspx?eventtype=WF&eventid=1022106
EONET_10916,GDACS,https://www.gdacs.org/report.aspx?eventtype=WF&eventid=1022014
EONET_10917,GDACS,https://www.gdacs.org/report.aspx?eventtype=WF&eventid=1022015
EONET_11038,GDACS,https://www.gdacs.org/report.aspx?eventtype=WF&eventid=1022132
EONET_11039,GDACS,https://www.gdacs.org/report.aspx?eventtype=WF&eventid=1022127
EONET_11040,GDACS,https://www.gdacs.org/report.aspx?eventtype=WF&eventid=1022125
EONET_11041,GDACS,https://www.gdacs.org/report.aspx?eventtype=WF&eventid=1022126
EONET_11069,GDACS,https://www.gdacs.org/report.aspx?eventtype=WF&eventid=1022158
EONET_11070,GDACS,https://www.gdacs.org/report.aspx?eventtype=WF&eventid=1022159
EONET_11071,GDACS,https://www.gdacs.org/report.aspx?eventtype=WF&eventid=1022160
EONET_11072,GDACS,https://www.gdacs.org/report.aspx?eventtype=WF&eventid=1022168
EONET_11095,GDACS,https://www.gdacs.org/report.aspx?eventtype=WF&eventid=1022194
EONET_11096,GDACS,https://www.gdacs.org/report.aspx?eventtype=WF&eventid=1022176
EONET_11097,GDACS,https://www.gdacs.org/report.aspx?eventtype=WF&eventid=1022183
EONET_11098,GDACS,https://www.gdacs.org/report.aspx?eventtype=WF&eventid=1022184
EONET_11099,GDACS,https://www.gdacs.org/report.aspx?eventtype=WF&eventid=1022185
EONET_11134,GDACS,https://www.gdacs.org/report.aspx?eventtype=WF&eventid=1022205
EONET_11135,GDACS,https://www.gdacs.org/report.aspx?eventtype=WF&eventid=1022219
EONET_11136,GDACS,https://www.gdacs.org/report.aspx?eventtype=WF&eventid=1022220
EONET_11137,GDACS,https://www.gdacs.org/report.aspx?eventtype=WF&eventid=1022221
EONET_11022,IRWIN,https://irwin.doi.gov/observer/
EONET_11020,IRWIN,https://irwin.doi.gov/observer/
EONET_11026,IRWIN,https://irwin.doi.gov/observer/
EONET_10918,GDACS,https://www.gdacs.org/report.aspx?eventtype=WF&eventid=1022018
EONET_10919,GDACS,https://www.gdacs.org/report.aspx?eventtype=WF&eventid=1022020
EONET_10920,GDACS,https://www.gdacs.org/report.aspx?eventtype=WF&eventid=1022016
EONET_10921,GDACS,https://www.gdacs.org/report.aspx?eventtype=WF&eventid=1022017
EONET_10922,GDACS,https://www.gdacs.org/report.aspx?eventtype=WF&eventid=1022019
EONET_10923,GDACS,https://www.gdacs.org/report.aspx?eventtype=WF&eventid=1022021
EONET_10924,GDACS,https://www.gdacs.org/report.aspx?eventtype=WF&eventid=1022022
EONET_10925,GDACS,https://www.gdacs.org/report.aspx?eventtype=WF&eventid=1022107
EONET_10926,GDACS,https://www.gdacs.org/report.aspx?eventtype=WF&eventid=1022108
EONET_10927,GDACS,https://www.gdacs.org/report.aspx?eventtype=WF&eventid=1022122
EONET_10928,GDACS,https://www.gdacs.org/report.aspx?eventtype=WF&eventid=1022101
EONET_10929,GDACS,https://www.gdacs.org/report.aspx?eventtype=WF&eventid=1022113
EONET_11042,GDACS,https://www.gdacs.org/report.aspx?eventtype=WF&eventid=1022128
EONET_11043,GDACS,https://www.gdacs.org/report.aspx?eventtype=WF&eventid=1022129
EONET_11044,GDACS,https://www.gdacs.org/report.aspx?eventtype=WF&eventid=1022130
EONET_11045,GDACS,https://www.gdacs.org/report.aspx?eventtype=WF&eventid=1022131
EONET_11046,GDACS,https://www.gdacs.org/report.aspx?eventtype=WF&eventid=1022133
EONET_11047,GDACS,https://www.gdacs.org/report.aspx?eventtype=WF&eventid=1022134
EONET_11048,GDACS,https://www.gdacs.org/report.aspx?eventtype=WF&eventid=1022142
EONET_11049,GDACS,https://www.gdacs.org/report.aspx?eventtype=WF&eventid=1022152
EONET_11050,GDACS,https://www.gdacs.org/report.aspx?eventtype=WF&eventid=1022153
EONET_11073,GDACS,https://www.gdacs.org/report.aspx?eventtype=WF&eventid=1022170
EONET_11074,GDACS,https://www.gdacs.org/report.aspx?eventtype=WF&eventid=1022162
EONET_11075,GDACS,https://www.gdacs.org/report.aspx?eventtype=WF&eventid=1022161
EONET_11076,GDACS,https://www.gdacs.org/report.aspx?eventtype=WF&eventid=1022169
EONET_11100,GDACS,https://www.gdacs.org/report.aspx?eventtype=WF&eventid=1022186
EONET_11101,GDACS,https://www.gdacs.org/report.aspx?eventtype=WF&eventid=1022187
EONET_10892,IRWIN,https://irwin.doi.gov/observer/
EONET_10891,IRWIN,https://irwin.doi.gov/observer/
EONET_10930,GDACS,https://www.gdacs.org/report.aspx?eventtype=WF&eventid=1022024
EONET_10931,GDACS,https://www.gdacs.org/report.aspx?eventtype=WF&eventid=1022028
EONET_10932,GDACS,https://www.gdacs.org/report.aspx?eventtype=WF&eventid=1022025
EONET_10933,GDACS,https://www.gdacs.org/report.aspx?eventtype=WF&eventid=1022026
EONET_10934,GDACS,https://www.gdacs.org/report.aspx?eventtype=WF&eventid=1022114
EONET_10935,GDACS,https://www.gdacs.org/report.aspx?eventtype=WF&eventid=1022109
EONET_10936,GDACS,https://www.gdacs.org/report.aspx?eventtype=WF&eventid=1022110
EONET_10937,GDACS,https://www.gdacs.org/report.aspx?eventtype=WF&eventid=1022111
EONET_10938,GDACS,https://www.gdacs.org/report.aspx?eventtype=WF&eventid=1022023
EONET_10939,GDACS,https://www.gdacs.org/report.aspx?eventtype=WF&eventid=1022027
EONET_10940,GDACS,https://www.gdacs.org/report.aspx?eventtype=WF&eventid=1022029
EONET_10941,GDACS,https://www.gdacs.org/report.aspx?eventtype=WF&eventid=1022030
EONET_10942,GDACS,https://www.gdacs.org/report.aspx?eventtype=WF&eventid=1022031
EONET_10943,GDACS,https://www.gdacs.org/report.aspx?eventtype=WF&eventid=1022032
EONET_10944,GDACS,https://www.gdacs.org/report.aspx?eventtype=WF&eventid=1022033
EONET_10945,GDACS,https://www.gdacs.org/report.aspx?eventtype=WF&eventid=1022034
EONET_10946,GDACS,https://www.gdacs.org/report.aspx?eventtype=WF&eventid=1022035
EONET_10947,GDACS,https://www.gdacs.org/report.aspx?eventtype=WF&eventid=1022036
EONET_10948,GDACS,https://www.gdacs.org/report.aspx?eventtype=WF&eventid=1022037
EONET_11051,GDACS,https://www.gdacs.org/report.aspx?eventtype=WF&eventid=1022135
EONET_11052,GDACS,https://www.gdacs.org/report.aspx?eventtype=WF&eventid=1022136
EONET_11053,GDACS,https://www.gdacs.org/report.aspx?eventtype=WF&eventid=1022137
EONET_11054,GDACS,https://www.gdacs.org/report.aspx?eventtype=WF&eventid=1022154
EONET_11055,GDACS,https://www.gdacs.org/report.aspx?eventtype=WF&eventid=1022155
EONET_11056,GDACS,https://www.gdacs.org/report.aspx?eventtype=WF&eventid=1022143
EONET_11057,GDACS,https://www.gdacs.org/report.aspx?eventtype=WF&eventid=1022144
EONET_11077,GDACS,https://www.gdacs.org/report.aspx?eventtype=WF&eventid=1022163
EONET_11078,GDACS,https://www.gdacs.org/report.aspx?eventtype=WF&eventid=1022164
EONET_10899,IRWIN,https://irwin.doi.gov/observer/
EONET_10898,IRWIN,https://irwin.doi.gov/observer/
EONET_10949,GDACS,https://www.gdacs.org/report.aspx?eventtype=WF&eventid=1022102
EONET_10950,GDACS,https://www.gdacs.org/report.aspx?eventtype=WF&eventid=1022038
EONET_10951,GDACS,https://www.gdacs.org/report.aspx?eventtype=WF&eventid=1022044
EONET_10952,GDACS,https://www.gdacs.org/report.aspx?eventtype=WF&eventid=1022047
EONET_10953,GDACS,https://www.gdacs.org/report.aspx?eventtype=WF&eventid=1022055
EONET_10954,GDACS,https://www.gdacs.org/report.aspx?eventtype=WF&eventid=1022057
EONET_10955,GDACS,https://www.gdacs.org/report.aspx?eventtype=WF&eventid=1022060
EONET_10956,GDACS,https://www.gdacs.org/report.aspx?eventtype=WF&eventid=1022061
EONET_10957,GDACS,https://www.gdacs.org/report.aspx?eventtype=WF&eventid=1022039
EONET_10958,GDACS,https://www.gdacs.org/report.aspx?eventtype=WF&eventid=1022049
EONET_10959,GDACS,https://www.gdacs.org/report.aspx?eventtype=WF&eventid=1022040
EONET_10960,GDACS,https://www.gdacs.org/report.aspx?eventtype=WF&eventid=1022041
EONET_10961,GDACS,https://www.gdacs.org/report.aspx?eventtype=WF&eventid=1022042
EONET_10962,GDACS,https://www.gdacs.org/report.aspx?eventtype=WF&eventid=1022043
EONET_10963,GDACS,https://www.gdacs.org/report.aspx?eventtype=WF&eventid=1022045
EONET_10964,GDACS,https://www.gdacs.org/report.aspx?eventtype=WF&eventid=1022046
EONET_10965,GDACS,https://www.gdacs.org/report.aspx?eventtype=WF&eventid=1022048
EONET_10966,GDACS,https://www.gdacs.org/report.aspx?eventtype=WF&eventid=1022050
EONET_10967,GDACS,https://www.gdacs.org/report.aspx?eventtype=WF&eventid=1022051
EONET_10968,GDACS,https://www.gdacs.org/report.aspx?eventtype=WF&eventid=1022052
EONET_10969,GDACS,https://www.gdacs.org/report.aspx?eventtype=WF&eventid=1022053
EONET_10970,GDACS,https://www.gdacs.org/report.aspx?eventtype=WF&eventid=1022054
EONET_10971,GDACS,https://www.gdacs.org/report.aspx?eventtype=WF&eventid=1022056
EONET_10972,GDACS,https://www.gdacs.org/report.aspx?eventtype=WF&eventid=1022058
EONET_10973,GDACS,https://www.gdacs.org/report.aspx?eventtype=WF&eventid=1022059
EONET_10974,GDACS,https://www.gdacs.org/report.aspx?eventtype=WF&eventid=1022062
EONET_10975,GDACS,https://www.gdacs.org/report.aspx?eventtype=WF&eventid=1022063
EONET_10976,GDACS,https://www.gdacs.org/report.aspx?eventtype=WF&eventid=1022064
EONET_10977,GDACS,https://www.gdacs.org/report.aspx?eventtype=WF&eventid=1022065
EONET_10978,GDACS,https://www.gdacs.org/report.aspx?eventtype=WF&eventid=1022066
EONET_10979,GDACS,https://www.gdacs.org/report.aspx?eventtype=WF&eventid=1022112
EONET_10980,GDACS,https://www.gdacs.org/report.aspx?eventtype=WF&eventid=1022123
EONET_10981,GDACS,https://www.gdacs.org/report.aspx?eventtype=WF&eventid=1022124
EONET_10982,GDACS,https://www.gdacs.org/report.aspx?eventtype=WF&eventid=1022115
EONET_11058,GDACS,https://www.gdacs.org/report.aspx?eventtype=WF&eventid=1022138
EONET_10893,IRWIN,https://irwin.doi.gov/observer/
EONET_10894,IRWIN,https://irwin.doi.gov/observer/
EONET_10889,IRWIN,https://irwin.doi.gov/observer/
EONET_10887,IRWIN,https://irwin.doi.gov/observer/
EONET_10895,IRWIN,https://irwin.doi.gov/observer/
EONET_10888,IRWIN,https://irwin.doi.gov/observer/
EONET_10890,IRWIN,https://irwin.doi.gov/observer/
EONET_10896,IRWIN,https://irwin.doi.gov/observer/
EONET_10886,IRWIN,https://irwin.doi.gov/observer/
EONET_10983,GDACS,https://www.gdacs.org/report.aspx?eventtype=WF&eventid=1022067
EONET_10984,GDACS,https://www.gdacs.org/report.aspx?eventtype=WF&eventid=1022068
EONET_10985,GDACS,https://www.gdacs.org/report.aspx?eventtype=WF&eventid=1022086
EONET_10986,GDACS,https://www.gdacs.org/report.aspx?eventtype=WF&eventid=1022089
EONET_10987,GDACS,https://www.gdacs.org/report.aspx?eventtype=WF&eventid=1022091
EONET_10988,GDACS,https://www.gdacs.org/report.aspx?eventtype=WF&eventid=1022069
EONET_10989,GDACS,https://www.gdacs.org/report.aspx?eventtype=WF&eventid=1022070
EONET_10990,GDACS,https://www.gdacs.org/report.aspx?eventtype=WF&eventid=1022071
EONET_10991,GDACS,https://www.gdacs.org/report.aspx?eventtype=WF&eventid=1022072
EONET_10992,GDACS,https://www.gdacs.org/report.aspx?eventtype=WF&eventid=1022073
EONET_10993,GDACS,https://www.gdacs.org/report.aspx?eventtype=WF&eventid=1022074
EONET_10994,GDACS,https://www.gdacs.org/report.aspx?eventtype=WF&eventid=1022075
EONET_10995,GDACS,https://www.gdacs.org/report.aspx?eventtype=WF&eventid=1022076
EONET_10996,GDACS,https://www.gdacs.org/report.aspx?eventtype=WF&eventid=1022077
EONET_10997,GDACS,https://www.gdacs.org/report.aspx?eventtype=WF&eventid=1022078
EONET_10998,GDACS,https://www.gdacs.org/report.aspx?eventtype=WF&eventid=1022079
EONET_10999,GDACS,https://www.gdacs.org/report.aspx?eventtype=WF&eventid=1022080
EONET_11000,GDACS,https://www.gdacs.org/report.aspx?eventtype=WF&eventid=1022081
EONET_11001,GDACS,https://www.gdacs.org/report.aspx?eventtype=WF&eventid=1022082
EONET_11002,GDACS,https://www.gdacs.org/report.aspx?eventtype=WF&eventid=1022083
EONET_11003,GDACS,https://www.gdacs.org/report.aspx?eventtype=WF&eventid=1022084
EONET_11004,GDACS,https://www.gdacs.org/report.aspx?eventtype=WF&eventid=1022085
EONET_11005,GDACS,https://www.gdacs.org/report.aspx?eventtype=WF&eventid=1022087
EONET_11006,GDACS,https://www.gdacs.org/report.aspx?eventtype=WF&eventid=1022088
EONET_11007,GDACS,https://www.gdacs.org/report.aspx?eventtype=WF&eventid=1022090
EONET_11008,GDACS,https://www.gdacs.org/report.aspx?eventtype=WF&eventid=1022092
EONET_11009,GDACS,https://www.gdacs.org/report.aspx?eventtype=WF&eventid=1022093
EONET_11010,GDACS,https://www.gdacs.org/report.aspx?eventtype=WF&eventid=1022094
EONET_11011,GDACS,https://www.gdacs.org/report.aspx?eventtype=WF&eventid=1022095
EONET_11012,GDACS,https://www.gdacs.org/report.aspx?eventtype=WF&eventid=1022096
EONET_11013,GDACS,https://www.gdacs.org/report.aspx?eventtype=WF&eventid=1022097
EONET_11014,GDACS,https://www.gdacs.org/report.aspx?eventtype=WF&eventid=1022098
EONET_11015,GDACS,https://www.gdacs.org/report.aspx?eventtype=WF&eventid=1022099
EONET_10897,IRWIN,https://irwin.doi.gov/observer/
EONET_10879,IRWIN,https://irwin.doi.gov/observer/
EONET_10882,IRWIN,https://irwin.doi.gov/observer/
EONET_10838,GDACS,https://www.gdacs.org/report.aspx?eventtype=WF&eventid=1021999
EONET_10839,GDACS,https://www.gdacs.org/report.aspx?eventtype=WF&eventid=1021989
EONET_10840,GDACS,https://www.gdacs.org/report.aspx?eventtype=WF&eventid=1021990
EONET_10841,GDACS,https://www.gdacs.org/report.aspx?eventtype=WF&eventid=1021982
EONET_10842,GDACS,https://www.gdacs.org/report.aspx?eventtype=WF&eventid=1021983
EONET_10843,GDACS,https://www.gdacs.org/report.aspx?eventtype=WF&eventid=1022007
EONET_10844,GDACS,https://www.gdacs.org/report.aspx?eventtype=WF&eventid=1022000
EONET_10869,IRWIN,https://irwin.doi.gov/observer/
EONET_10873,IRWIN,https://irwin.doi.gov/observer/
EONET_10876,IRWIN,https://irwin.doi.gov/observer/
EONET_10878,IRWIN,https://irwin.doi.gov/observer/
EONET_10874,IRWIN,https://irwin.doi.gov/observer/
EONET_10883,IRWIN,https://irwin.doi.gov/observer/
EONET_10792,GDACS,https://www.gdacs.org/report.aspx?eventtype=WF&eventid=1021937
EONET_10793,GDACS,https://www.gdacs.org/report.aspx?eventtype=WF&eventid=1021950
EONET_10794,GDACS,https://www.gdacs.org/report.aspx?eventtype=WF&eventid=1021951
EONET_10795,GDACS,https://www.gdacs.org/report.aspx?eventtype=WF&eventid=1021961
EONET_10796,GDACS,https://www.gdacs.org/report.aspx?eventtype=WF&eventid=1021962
EONET_10797,GDACS,https://www.gdacs.org/report.aspx?eventtype=WF&eventid=1021963
EONET_10826,GDACS,https://www.gdacs.org/report.aspx?eventtype=WF&eventid=1021971
EONET_10827,GDACS,https://www.gdacs.org/report.aspx?eventtype=WF&eventid=1021980
EONET_10845,GDACS,https://www.gdacs.org/report.aspx?eventtype=WF&eventid=1021984
EONET_10846,GDACS,https://www.gdacs.org/report.aspx?eventtype=WF&eventid=1021985
EONET_10847,GDACS,https://www.gdacs.org/report.aspx?eventtype=WF&eventid=1021993
EONET_10848,GDACS,https://www.gdacs.org/report.aspx?eventtype=WF&eventid=1021994
EONET_10849,GDACS,https://www.gdacs.org/report.aspx?eventtype=WF&eventid=1022001
EONET_10850,GDACS,https://www.gdacs.org/report.aspx?eventtype=WF&eventid=1022002
EONET_10851,GDACS,https://www.gdacs.org/report.aspx?eventtype=WF&eventid=1022003
EONET_10852,GDACS,https://www.gdacs.org/report.aspx?eventtype=WF&eventid=1022008
EONET_10853,GDACS,https://www.gdacs.org/report.aspx?eventtype=WF&eventid=1022004
EONET_10854,GDACS,https://www.gdacs.org/report.aspx?eventtype=WF&eventid=1022009
EONET_10855,GDACS,https://www.gdacs.org/report.aspx?eventtype=WF&eventid=1021991
EONET_10856,GDACS,https://www.gdacs.org/report.aspx?eventtype=WF&eventid=1021992
EONET_10763,IRWIN,https://irwin.doi.gov/observer/
EONET_10880,IRWIN,https://irwin.doi.gov/observer/
EONET_10758,IRWIN,https://irwin.doi.gov/observer/
EONET_10755,IRWIN,https://irwin.doi.gov/observer/
EONET_10761,IRWIN,https://irwin.doi.gov/observer/
EONET_10756,IRWIN,https://irwin.doi.gov/observer/
EONET_10767,IRWIN,https://irwin.doi.gov/observer/
EONET_10759,IRWIN,https://irwin.doi.gov/observer/
EONET_10768,IRWIN,https://irwin.doi.gov/observer/
EONET_10764,IRWIN,https://irwin.doi.gov/observer/
EONET_10766,IRWIN,https://irwin.doi.gov/observer/
EONET_10754,IRWIN,https://irwin.doi.gov/observer/
EONET_10760,IRWIN,https://irwin.doi.gov/observer/
EONET_10771,GDACS,https://www.gdacs.org/report.aspx?eventtype=WF&eventid=1021927
EONET_10772,GDACS,https://www.gdacs.org/report.aspx?eventtype=WF&eventid=1021916
EONET_10773,GDACS,https://www.gdacs.org/report.aspx?eventtype=WF&eventid=1021919
EONET_10798,GDACS,https://www.gdacs.org/report.aspx?eventtype=WF&eventid=1021941
EONET_10799,GDACS,https://www.gdacs.org/report.aspx?eventtype=WF&eventid=1021964
EONET_10800,GDACS,https://www.gdacs.org/report.aspx?eventtype=WF&eventid=1021952
EONET_10801,GDACS,https://www.gdacs.org/report.aspx?eventtype=WF&eventid=1021938
EONET_10802,GDACS,https://www.gdacs.org/report.aspx?eventtype=WF&eventid=1021939
EONET_10803,GDACS,https://www.gdacs.org/report.aspx?eventtype=WF&eventid=1021940
EONET_10804,GDACS,https://www.gdacs.org/report.aspx?eventtype=WF&eventid=1021942
EONET_10828,GDACS,https://www.gdacs.org/report.aspx?eventtype=WF&eventid=1021972
EONET_10829,GDACS,https://www.gdacs.org/report.aspx?eventtype=WF&eventid=1021974
EONET_10830,GDACS,https://www.gdacs.org/report.aspx?eventtype=WF&eventid=1021981
EONET_10831,GDACS,https://www.gdacs.org/report.aspx?eventtype=WF&eventid=1021973
EONET_10832,GDACS,https://www.gdacs.org/report.aspx?eventtype=WF&eventid=1021978
EONET_10857,GDACS,https://www.gdacs.org/report.aspx?eventtype=WF&eventid=1021995
EONET_10858,GDACS,https://www.gdacs.org/report.aspx?eventtype=WF&eventid=1021986
EONET_10859,GDACS,https://www.gdacs.org/report.aspx?eventtype=WF&eventid=1021996
EONET_10860,GDACS,https://www.gdacs.org/report.aspx?eventtype=WF&eventid=1022011
EONET_10861,GDACS,https://www.gdacs.org/report.aspx?eventtype=WF&eventid=1022005
EONET_10862,GDACS,https://www.gdacs.org/report.aspx?eventtype=WF&eventid=1022006
EONET_10765,IRWIN,https://irwin.doi.gov/observer/
EONET_10762,IRWIN,https://irwin.doi.gov/observer/
EONET_10769,IRWIN,https://irwin.doi.gov/observer/
EONET_10753,IRWIN,https://irwin.doi.gov/observer/
EONET_10770,IRWIN,https://irwin.doi.gov/observer/
EONET_10774,GDACS,https://www.gdacs.org/report.aspx?eventtype=WF&eventid=1021928
EONET_10775,GDACS,https://www.gdacs.org/report.aspx?eventtype=WF&eventid=1021929
EONET_10776,GDACS,https://www.gdacs.org/report.aspx?eventtype=WF&eventid=1021930
EONET_10777,GDACS,https://www.gdacs.org/report.aspx?eventtype=WF&eventid=1021920
EONET_10778,GDACS,https://www.gdacs.org/report.aspx?eventtype=WF&eventid=1021921
EONET_10805,GDACS,https://www.gdacs.org/report.aspx?eventtype=WF&eventid=1021943
EONET_10806,GDACS,https://www.gdacs.org/report.aspx?eventtype=WF&eventid=1021953
EONET_10807,GDACS,https://www.gdacs.org/report.aspx?eventtype=WF&eventid=1021965
EONET_10808,GDACS,https://www.gdacs.org/report.aspx?eventtype=WF&eventid=1021966
EONET_10833,GDACS,https://www.gdacs.org/report.aspx?eventtype=WF&eventid=1021975
EONET_10863,GDACS,https://www.gdacs.org/report.aspx?eventtype=WF&eventid=1021997
EONET_10864,GDACS,https://www.gdacs.org/report.aspx?eventtype=WF&eventid=1022010
EONET_10757,IRWIN,https://irwin.doi.gov/observer/
EONET_10721,GDACS,https://www.gdacs.org/report.aspx?eventtype=WF&eventid=1021889
EONET_10779,GDACS,https://www.gdacs.org/report.aspx?eventtype=WF&eventid=1021922
EONET_10780,GDACS,https://www.gdacs.org/report.aspx?eventtype=WF&eventid=1021917
EONET_10781,GDACS,https://www.gdacs.org/report.aspx?eventtype=WF&eventid=1021918
EONET_10782,GDACS,https://www.gdacs.org/report.aspx?eventtype=WF&eventid=1021931
EONET_10783,GDACS,https://www.gdacs.org/report.aspx?eventtype=WF&eventid=1021932
EONET_10809,GDACS,https://www.gdacs.org/report.aspx?eventtype=WF&eventid=1021944
EONET_10810,GDACS,https://www.gdacs.org/report.aspx?eventtype=WF&eventid=1021945
EONET_10811,GDACS,https://www.gdacs.org/report.aspx?eventtype=WF&eventid=1021967
EONET_10812,GDACS,https://www.gdacs.org/report.aspx?eventtype=WF&eventid=1021954
EONET_10813,GDACS,https://www.gdacs.org/report.aspx?eventtype=WF&eventid=1021955
EONET_10814,GDACS,https://www.gdacs.org/report.aspx?eventtype=WF&eventid=1021956
EONET_10815,GDACS,https://www.gdacs.org/report.aspx?eventtype=WF&eventid=1021957
EONET_10834,GDACS,https://www.gdacs.org/report.aspx?eventtype=WF&eventid=1021979
EONET_10865,GDACS,https://www.gdacs.org/report.aspx?eventtype=WF&eventid=1021998
EONET_10866,GDACS,https://www.gdacs.org/report.aspx?eventtype=WF&eventid=1021987
EONET_10867,GDACS,https://www.gdacs.org/report.aspx?eventtype=WF&eventid=1021988
EONET_10722,GDACS,https://www.gdacs.org/report.aspx?eventtype=WF&eventid=1021890
EONET_10741,GDACS,https://www.gdacs.org/report.aspx?eventtype=WF&eventid=1021913
EONET_10742,GDACS,https://www.gdacs.org/report.aspx?eventtype=WF&eventid=1021906
EONET_10784,GDACS,https://www.gdacs.org/report.aspx?eventtype=WF&eventid=1021933
EONET_10785,GDACS,https://www.gdacs.org/report.aspx?eventtype=WF&eventid=1021926
EONET_10786,GDACS,https://www.gdacs.org/report.aspx?eventtype=WF&eventid=1021923
EONET_10816,GDACS,https://www.gdacs.org/report.aspx?eventtype=WF&eventid=1021947
EONET_10817,GDACS,https://www.gdacs.org/report.aspx?eventtype=WF&eventid=1021958
EONET_10818,GDACS,https://www.gdacs.org/report.aspx?eventtype=WF&eventid=1021960
EONET_10819,GDACS,https://www.gdacs.org/report.aspx?eventtype=WF&eventid=1021968
EONET_10820,GDACS,https://www.gdacs.org/report.aspx?eventtype=WF&eventid=1021969
EONET_10821,GDACS,https://www.gdacs.org/report.aspx?eventtype=WF&eventid=1021970
EONET_10822,GDACS,https://www.gdacs.org/report.aspx?eventtype=WF&eventid=1021959
EONET_10823,GDACS,https://www.gdacs.org/report.aspx?eventtype=WF&eventid=1021946
EONET_10824,GDACS,https://www.gdacs.org/report.aspx?eventtype=WF&eventid=1021948
EONET_10835,GDACS,https://www.gdacs.org/report.aspx?eventtype=WF&eventid=1021976
EONET_10836,GDACS,https://www.gdacs.org/report.aspx?eventtype=WF&eventid=1021977
EONET_10685,IRWIN,https://irwin.doi.gov/observer/
EONET_10686,IRWIN,https://irwin.doi.gov/observer/
EONET_10660,GDACS,https://www.gdacs.org/report.aspx?eventtype=WF&eventid=1021849
EONET_10693,GDACS,https://www.gdacs.org/report.aspx?eventtype=WF&eventid=1021857
EONET_10694,GDACS,https://www.gdacs.org/report.aspx?eventtype=WF&eventid=1021859
EONET_10695,GDACS,https://www.gdacs.org/report.aspx?eventtype=WF&eventid=1021860
EONET_10696,GDACS,https://www.gdacs.org/report.aspx?eventtype=WF&eventid=1021878
EONET_10697,GDACS,https://www.gdacs.org/report.aspx?eventtype=WF&eventid=1021858
EONET_10723,GDACS,https://www.gdacs.org/report.aspx?eventtype=WF&eventid=1021899
EONET_10724,GDACS,https://www.gdacs.org/report.aspx?eventtype=WF&eventid=1021900
EONET_10725,GDACS,https://www.gdacs.org/report.aspx?eventtype=WF&eventid=1021891
EONET_10726,GDACS,https://www.gdacs.org/report.aspx?eventtype=WF&eventid=1021892
EONET_10727,GDACS,https://www.gdacs.org/report.aspx?eventtype=WF&eventid=1021893
EONET_10743,GDACS,https://www.gdacs.org/report.aspx?eventtype=WF&eventid=1021907
EONET_10744,GDACS,https://www.gdacs.org/report.aspx?eventtype=WF&eventid=1021908
EONET_10745,GDACS,https://www.gdacs.org/report.aspx?eventtype=WF&eventid=1021909
EONET_10746,GDACS,https://www.gdacs.org/report.aspx?eventtype=WF&eventid=1021910
EONET_10747,GDACS,https://www.gdacs.org/report.aspx?eventtype=WF&eventid=1021912
EONET_10748,GDACS,https://www.gdacs.org/report.aspx?eventtype=WF&eventid=1021904
EONET_10787,GDACS,https://www.gdacs.org/report.aspx?eventtype=WF&eventid=1021924
EONET_10788,GDACS,https://www.gdacs.org/report.aspx?eventtype=WF&eventid=1021925
EONET_10789,GDACS,https://www.gdacs.org/report.aspx?eventtype=WF&eventid=1021934
EONET_10790,GDACS,https://www.gdacs.org/report.aspx?eventtype=WF&eventid=1021935
EONET_10791,GDACS,https://www.gdacs.org/report.aspx?eventtype=WF&eventid=1021936
EONET_10825,GDACS,https://www.gdacs.org/report.aspx?eventtype=WF&eventid=1021949
EONET_10689,IRWIN,https://irwin.doi.gov/observer/
EONET_10690,IRWIN,https://irwin.doi.gov/observer/
EONET_10688,IRWIN,https://irwin.doi.gov/observer/
EONET_10691,IRWIN,https://irwin.doi.gov/observer/
EONET_10606,GDACS,https://www.gdacs.org/report.aspx?eventtype=WF&eventid=1021800
EONET_10632,GDACS,https://www.gdacs.org/report.aspx?eventtype=WF&eventid=1021807
EONET_10633,GDACS,https://www.gdacs.org/report.aspx?eventtype=WF&eventid=1021824
EONET_10634,GDACS,https://www.gdacs.org/report.aspx?eventtype=WF&eventid=1021825
EONET_10635,GDACS,https://www.gdacs.org/report.aspx?eventtype=WF&eventid=1021826
EONET_10661,GDACS,https://www.gdacs.org/report.aspx?eventtype=WF&eventid=1021850
EONET_10662,GDACS,https://www.gdacs.org/report.aspx?eventtype=WF&eventid=1021851
EONET_10663,GDACS,https://www.gdacs.org/report.aspx?eventtype=WF&eventid=1021852
EONET_10664,GDACS,https://www.gdacs.org/report.aspx?eventtype=WF&eventid=1021853
EONET_10665,GDACS,https://www.gdacs.org/report.aspx?eventtype=WF&eventid=1021841
EONET_10698,GDACS,https://www.gdacs.org/report.aspx?eventtype=WF&eventid=1021861
EONET_10699,GDACS,https://www.gdacs.org/report.aspx?eventtype=WF&eventid=1021862
EONET_10700,GDACS,https://www.gdacs.org/report.aspx?eventtype=WF&eventid=1021872
EONET_10701,GDACS,https://www.gdacs.org/report.aspx?eventtype=WF&eventid=1021873
EONET_10702,GDACS,https://www.gdacs.org/report.aspx?eventtype=WF&eventid=1021879
EONET_10703,GDACS,https://www.gdacs.org/report.aspx?eventtype=WF&eventid=1021880
EONET_10704,GDACS,https://www.gdacs.org/report.aspx?eventtype=WF&eventid=1021881
EONET_10705,GDACS,https://www.gdacs.org/report.aspx?eventtype=WF&eventid=1021882
EONET_10706,GDACS,https://www.gdacs.org/report.aspx?eventtype=WF&eventid=1021877
EONET_10728,GDACS,https://www.gdacs.org/report.aspx?eventtype=WF&eventid=1021885
EONET_10729,GDACS,https://www.gdacs.org/report.aspx?eventtype=WF&eventid=1021894
EONET_10730,GDACS,https://www.gdacs.org/report.aspx?eventtype=WF&eventid=1021895
EONET_10731,GDACS,https://www.gdacs.org/report.aspx?eventtype=WF&eventid=1021896
EONET_10732,GDACS,https://www.gdacs.org/report.aspx?eventtype=WF&eventid=1021898
EONET_10749,GDACS,https://www.gdacs.org/report.aspx?eventtype=WF&eventid=1021911
EONET_10750,GDACS,https://www.gdacs.org/report.aspx?eventtype=WF&eventid=1021905
EONET_10751,GDACS,https://www.gdacs.org/report.aspx?eventtype=WF&eventid=1021914
EONET_10752,GDACS,https://www.gdacs.org/report.aspx?eventtype=WF&eventid=1021915
EONET_10692,IRWIN,https://irwin.doi.gov/observer/
EONET_10607,GDACS,https://www.gdacs.org/report.aspx?eventtype=WF&eventid=1021782
EONET_10608,GDACS,https://www.gdacs.org/report.aspx?eventtype=WF&eventid=1021791
EONET_10609,GDACS,https://www.gdacs.org/report.aspx?eventtype=WF&eventid=1021783
EONET_10610,GDACS,https://www.gdacs.org/report.aspx?eventtype=WF&eventid=1021784
EONET_10636,GDACS,https://www.gdacs.org/report.aspx?eventtype=WF&eventid=1021827
EONET_10637,GDACS,https://www.gdacs.org/report.aspx?eventtype=WF&eventid=1021828
EONET_10638,GDACS,https://www.gdacs.org/report.aspx?eventtype=WF&eventid=1021809
EONET_10639,GDACS,https://www.gdacs.org/report.aspx?eventtype=WF&eventid=1021808
EONET_10640,GDACS,https://www.gdacs.org/report.aspx?eventtype=WF&eventid=1021822
EONET_10641,GDACS,https://www.gdacs.org/report.aspx?eventtype=WF&eventid=1021815
EONET_10642,GDACS,https://www.gdacs.org/report.aspx?eventtype=WF&eventid=1021816
EONET_10666,GDACS,https://www.gdacs.org/report.aspx?eventtype=WF&eventid=1021842
EONET_10667,GDACS,https://www.gdacs.org/report.aspx?eventtype=WF&eventid=1021832
EONET_10668,GDACS,https://www.gdacs.org/report.aspx?eventtype=WF&eventid=1021854
EONET_10707,GDACS,https://www.gdacs.org/report.aspx?eventtype=WF&eventid=1021864
EONET_10708,GDACS,https://www.gdacs.org/report.aspx?eventtype=WF&eventid=1021874
EONET_10709,GDACS,https://www.gdacs.org/report.aspx?eventtype=WF&eventid=1021875
EONET_10710,GDACS,https://www.gdacs.org/report.aspx?eventtype=WF&eventid=1021863
EONET_10733,GDACS,https://www.gdacs.org/report.aspx?eventtype=WF&eventid=1021901
EONET_10734,GDACS,https://www.gdacs.org/report.aspx?eventtype=WF&eventid=1021902
EONET_10735,GDACS,https://www.gdacs.org/report.aspx?eventtype=WF&eventid=1021903
EONET_10736,GDACS,https://www.gdacs.org/report.aspx?eventtype=WF&eventid=1021897
EONET_10737,GDACS,https://www.gdacs.org/report.aspx?eventtype=WF&eventid=1021886
EONET_10561,GDACS,https://www.gdacs.org/report.aspx?eventtype=WF&eventid=1021774
EONET_10611,GDACS,https://www.gdacs.org/report.aspx?eventtype=WF&eventid=1021785
EONET_10612,GDACS,https://www.gdacs.org/report.aspx?eventtype=WF&eventid=1021786
EONET_10613,GDACS,https://www.gdacs.org/report.aspx?eventtype=WF&eventid=1021801
EONET_10614,GDACS,https://www.gdacs.org/report.aspx?eventtype=WF&eventid=1021792
EONET_10643,GDACS,https://www.gdacs.org/report.aspx?eventtype=WF&eventid=1021818
EONET_10644,GDACS,https://www.gdacs.org/report.aspx?eventtype=WF&eventid=1021819
EONET_10645,GDACS,https://www.gdacs.org/report.aspx?eventtype=WF&eventid=1021820
EONET_10646,GDACS,https://www.gdacs.org/report.aspx?eventtype=WF&eventid=1021823
EONET_10647,GDACS,https://www.gdacs.org/report.aspx?eventtype=WF&eventid=1021805
EONET_10648,GDACS,https://www.gdacs.org/report.aspx?eventtype=WF&eventid=1021817
EONET_10649,GDACS,https://www.gdacs.org/report.aspx?eventtype=WF&eventid=1021810
EONET_10650,GDACS,https://www.gdacs.org/report.aspx?eventtype=WF&eventid=1021811
EONET_10651,GDACS,https://www.gdacs.org/report.aspx?eventtype=WF&eventid=1021829
EONET_10669,GDACS,https://www.gdacs.org/report.aspx?eventtype=WF&eventid=1021834
EONET_10670,GDACS,https://www.gdacs.org/report.aspx?eventtype=WF&eventid=1021855
EONET_10671,GDACS,https://www.gdacs.org/report.aspx?eventtype=WF&eventid=1021833
EONET_10672,GDACS,https://www.gdacs.org/report.aspx?eventtype=WF&eventid=1021843
EONET_10673,GDACS,https://www.gdacs.org/report.aspx?eventtype=WF&eventid=1021844
EONET_10674,GDACS,https://www.gdacs.org/report.aspx?eventtype=WF&eventid=1021845
EONET_10675,GDACS,https://www.gdacs.org/report.aspx?eventtype=WF&eventid=1021848
EONET_10711,GDACS,https://www.gdacs.org/report.aspx?eventtype=WF&eventid=1021865
EONET_10712,GDACS,https://www.gdacs.org/report.aspx?eventtype=WF&eventid=1021866
EONET_10713,GDACS,https://www.gdacs.org/report.aspx?eventtype=WF&eventid=1021867
EONET_10714,GDACS,https://www.gdacs.org/report.aspx?eventtype=WF&eventid=1021868
EONET_10715,GDACS,https://www.gdacs.org/report.aspx?eventtype=WF&eventid=1021869
EONET_10716,GDACS,https://www.gdacs.org/report.aspx?eventtype=WF&eventid=1021870
EONET_10717,GDACS,https://www.gdacs.org/report.aspx?eventtype=WF&eventid=1021871
EONET_10718,GDACS,https://www.gdacs.org/report.aspx?eventtype=WF&eventid=1021876
EONET_10719,GDACS,https://www.gdacs.org/report.aspx?eventtype=WF&eventid=1021883
EONET_10720,GDACS,https://www.gdacs.org/report.aspx?eventtype=WF&eventid=1021884
EONET_10738,GDACS,https://www.gdacs.org/report.aspx?eventtype=WF&eventid=1021887
EONET_10739,GDACS,https://www.gdacs.org/report.aspx?eventtype=WF&eventid=1021888
EONET_10539,GDACS,https://www.gdacs.org/report.aspx?eventtype=WF&eventid=1021746
EONET_10540,GDACS,https://www.gdacs.org/report.aspx?eventtype=WF&eventid=1021747
EONET_10562,GDACS,https://www.gdacs.org/report.aspx?eventtype=WF&eventid=1021763
EONET_10563,GDACS,https://www.gdacs.org/report.aspx?eventtype=WF&eventid=1021760
EONET_10564,GDACS,https://www.gdacs.org/report.aspx?eventtype=WF&eventid=1021775
EONET_10565,GDACS,https://www.gdacs.org/report.aspx?eventtype=WF&eventid=1021769
EONET_10566,GDACS,https://www.gdacs.org/report.aspx?eventtype=WF&eventid=1021770
EONET_10567,GDACS,https://www.gdacs.org/report.aspx?eventtype=WF&eventid=1021771
EONET_10615,GDACS,https://www.gdacs.org/report.aspx?eventtype=WF&eventid=1021802
EONET_10616,GDACS,https://www.gdacs.org/report.aspx?eventtype=WF&eventid=1021803
EONET_10617,GDACS,https://www.gdacs.org/report.aspx?eventtype=WF&eventid=1021787
EONET_10618,GDACS,https://www.gdacs.org/report.aspx?eventtype=WF&eventid=1021793
EONET_10619,GDACS,https://www.gdacs.org/report.aspx?eventtype=WF&eventid=1021794
EONET_10620,GDACS,https://www.gdacs.org/report.aspx?eventtype=WF&eventid=1021795
EONET_10652,GDACS,https://www.gdacs.org/report.aspx?eventtype=WF&eventid=1021830
EONET_10653,GDACS,https://www.gdacs.org/report.aspx?eventtype=WF&eventid=1021812
EONET_10654,GDACS,https://www.gdacs.org/report.aspx?eventtype=WF&eventid=1021806
EONET_10676,GDACS,https://www.gdacs.org/report.aspx?eventtype=WF&eventid=1021837
EONET_10677,GDACS,https://www.gdacs.org/report.aspx?eventtype=WF&eventid=1021835
EONET_10678,GDACS,https://www.gdacs.org/report.aspx?eventtype=WF&eventid=1021836
EONET_10679,GDACS,https://www.gdacs.org/report.aspx?eventtype=WF&eventid=1021856
EONET_10680,GDACS,https://www.gdacs.org/report.aspx?eventtype=WF&eventid=1021846
EONET_10681,GDACS,https://www.gdacs.org/report.aspx?eventtype=WF&eventid=1021847
EONET_10589,IRWIN,https://irwin.doi.gov/observer/
EONET_10463,GDACS,https://www.gdacs.org/report.aspx?eventtype=WF&eventid=1021699
EONET_10512,GDACS,https://www.gdacs.org/report.aspx?eventtype=WF&eventid=1021734
EONET_10513,GDACS,https://www.gdacs.org/report.aspx?eventtype=WF&eventid=1021724
EONET_10541,GDACS,https://www.gdacs.org/report.aspx?eventtype=WF&eventid=1021748
EONET_10542,GDACS,https://www.gdacs.org/report.aspx?eventtype=WF&eventid=1021749
EONET_10543,GDACS,https://www.gdacs.org/report.aspx?eventtype=WF&eventid=1021739
EONET_10544,GDACS,https://www.gdacs.org/report.aspx?eventtype=WF&eventid=1021757
EONET_10568,GDACS,https://www.gdacs.org/report.aspx?eventtype=WF&eventid=1021764
EONET_10569,GDACS,https://www.gdacs.org/report.aspx?eventtype=WF&eventid=1021772
EONET_10570,GDACS,https://www.gdacs.org/report.aspx?eventtype=WF&eventid=1021773
EONET_10571,GDACS,https://www.gdacs.org/report.aspx?eventtype=WF&eventid=1021776
EONET_10572,GDACS,https://www.gdacs.org/report.aspx?eventtype=WF&eventid=1021777
EONET_10573,GDACS,https://www.gdacs.org/report.aspx?eventtype=WF&eventid=1021778
EONET_10621,GDACS,https://www.gdacs.org/report.aspx?eventtype=WF&eventid=1021796
EONET_10622,GDACS,https://www.gdacs.org/report.aspx?eventtype=WF&eventid=1021788
EONET_10623,GDACS,https://www.gdacs.org/report.aspx?eventtype=WF&eventid=1021804
EONET_10624,GDACS,https://www.gdacs.org/report.aspx?eventtype=WF&eventid=1021789
EONET_10655,GDACS,https://www.gdacs.org/report.aspx?eventtype=WF&eventid=1021813
EONET_10656,GDACS,https://www.gdacs.org/report.aspx?eventtype=WF&eventid=1021831
EONET_10657,GDACS,https://www.gdacs.org/report.aspx?eventtype=WF&eventid=1021821
EONET_10682,GDACS,https://www.gdacs.org/report.aspx?eventtype=WF&eventid=1021838
EONET_10683,GDACS,https://www.gdacs.org/report.aspx?eventtype=WF&eventid=1021839
EONET_10684,GDACS,https://www.gdacs.org/report.aspx?eventtype=WF&eventid=1021840
EONET_10585,IRWIN,https://irwin.doi.gov/observer/
EONET_10584,IRWIN,https://irwin.doi.gov/observer/
EONET_10588,IRWIN,https://irwin.doi.gov/observer/
EONET_10586,IRWIN,https://irwin.doi.gov/observer/
EONET_10420,GDACS,https://www.gdacs.org/report.aspx?eventtype=WF&eventid=1021654
EONET_10464,GDACS,https://www.gdacs.org/report.aspx?eventtype=WF&eventid=1021700
EONET_10465,GDACS,https://www.gdacs.org/report.aspx?eventtype=WF&eventid=1021701
EONET_10466,GDACS,https://www.gdacs.org/report.aspx?eventtype=WF&eventid=1021702
EONET_10467,GDACS,https://www.gdacs.org/report.aspx?eventtype=WF&eventid=1021703
EONET_10468,GDACS,https://www.gdacs.org/report.aspx?eventtype=WF&eventid=1021704
EONET_10469,GDACS,https://www.gdacs.org/report.aspx?eventtype=WF&eventid=1021664
EONET_10470,GDACS,https://www.gdacs.org/report.aspx?eventtype=WF&eventid=1021665
EONET_10471,GDACS,https://www.gdacs.org/report.aspx?eventtype=WF&eventid=1021682
EONET_10472,GDACS,https://www.gdacs.org/report.aspx?eventtype=WF&eventid=1021683
EONET_10473,GDACS,https://www.gdacs.org/report.aspx?eventtype=WF&eventid=1021684
EONET_10474,GDACS,https://www.gdacs.org/report.aspx?eventtype=WF&eventid=1021685
EONET_10475,GDACS,https://www.gdacs.org/report.aspx?eventtype=WF&eventid=1021686
EONET_10476,GDACS,https://www.gdacs.org/report.aspx?eventtype=WF&eventid=1021687
EONET_10514,GDACS,https://www.gdacs.org/report.aspx?eventtype=WF&eventid=1021727
EONET_10515,GDACS,https://www.gdacs.org/report.aspx?eventtype=WF&eventid=1021728
EONET_10516,GDACS,https://www.gdacs.org/report.aspx?eventtype=WF&eventid=1021725
EONET_10517,GDACS,https://www.gdacs.org/report.aspx?eventtype=WF&eventid=1021726
EONET_10545,GDACS,https://www.gdacs.org/report.aspx?eventtype=WF&eventid=1021758
EONET_10546,GDACS,https://www.gdacs.org/report.aspx?eventtype=WF&eventid=1021740
EONET_10547,GDACS,https://www.gdacs.org/report.aspx?eventtype=WF&eventid=1021750
EONET_10548,GDACS,https://www.gdacs.org/report.aspx?eventtype=WF&eventid=1021756
EONET_10574,GDACS,https://www.gdacs.org/report.aspx?eventtype=WF&eventid=1021761
EONET_10575,GDACS,https://www.gdacs.org/report.aspx?eventtype=WF&eventid=1021766
EONET_10576,GDACS,https://www.gdacs.org/report.aspx?eventtype=WF&eventid=1021762
EONET_10577,GDACS,https://www.gdacs.org/report.aspx?eventtype=WF&eventid=1021765
EONET_10625,GDACS,https://www.gdacs.org/report.aspx?eventtype=WF&eventid=1021790
EONET_10626,GDACS,https://www.gdacs.org/report.aspx?eventtype=WF&eventid=1021780
EONET_10627,GDACS,https://www.gdacs.org/report.aspx?eventtype=WF&eventid=1021797
EONET_10628,GDACS,https://www.gdacs.org/report.aspx?eventtype=WF&eventid=1021798
EONET_10629,GDACS,https://www.gdacs.org/report.aspx?eventtype=WF&eventid=1021799
EONET_10658,GDACS,https://www.gdacs.org/report.aspx?eventtype=WF&eventid=1021814
EONET_10592,IRWIN,https://irwin.doi.gov/observer/
EONET_10597,IRWIN,https://irwin.doi.gov/observer/
EONET_10587,IRWIN,https://irwin.doi.gov/observer/
EONET_10590,IRWIN,https://irwin.doi.gov/observer/
EONET_10598,IRWIN,https://irwin.doi.gov/observer/
EONET_10591,IRWIN,https://irwin.doi.gov/observer/
EONET_10596,IRWIN,https://irwin.doi.gov/observer/
EONET_10581,IRWIN,https://irwin.doi.gov/observer/
EONET_10421,GDACS,https://www.gdacs.org/report.aspx?eventtype=WF&eventid=1021655
EONET_10422,GDACS,https://www.gdacs.org/report.aspx?eventtype=WF&eventid=1021620
EONET_10423,GDACS,https://www.gdacs.org/report.aspx?eventtype=WF&eventid=1021642
EONET_10424,GDACS,https://www.gdacs.org/report.aspx?eventtype=WF&eventid=1021643
EONET_10425,GDACS,https://www.gdacs.org/report.aspx?eventtype=WF&eventid=1021644
EONET_10477,GDACS,https://www.gdacs.org/report.aspx?eventtype=WF&eventid=1021688
EONET_10478,GDACS,https://www.gdacs.org/report.aspx?eventtype=WF&eventid=1021666
EONET_10479,GDACS,https://www.gdacs.org/report.aspx?eventtype=WF&eventid=1021668
EONET_10480,GDACS,https://www.gdacs.org/report.aspx?eventtype=WF&eventid=1021669
EONET_10481,GDACS,https://www.gdacs.org/report.aspx?eventtype=WF&eventid=1021689
EONET_10482,GDACS,https://www.gdacs.org/report.aspx?eventtype=WF&eventid=1021690
EONET_10483,GDACS,https://www.gdacs.org/report.aspx?eventtype=WF&eventid=1021691
EONET_10484,GDACS,https://www.gdacs.org/report.aspx?eventtype=WF&eventid=1021667
EONET_10485,GDACS,https://www.gdacs.org/report.aspx?eventtype=WF&eventid=1021705
EONET_10486,GDACS,https://www.gdacs.org/report.aspx?eventtype=WF&eventid=1021706
EONET_10518,GDACS,https://www.gdacs.org/report.aspx?eventtype=WF&eventid=1021729
EONET_10519,GDACS,https://www.gdacs.org/report.aspx?eventtype=WF&eventid=1021730
EONET_10520,GDACS,https://www.gdacs.org/report.aspx?eventtype=WF&eventid=1021732
EONET_10521,GDACS,https://www.gdacs.org/report.aspx?eventtype=WF&eventid=1021712
EONET_10549,GDACS,https://www.gdacs.org/report.aspx?eventtype=WF&eventid=1021751
EONET_10550,GDACS,https://www.gdacs.org/report.aspx?eventtype=WF&eventid=1021752
EONET_10551,GDACS,https://www.gdacs.org/report.aspx?eventtype=WF&eventid=1021753
EONET_10552,GDACS,https://www.gdacs.org/report.aspx?eventtype=WF&eventid=1021742
EONET_10553,GDACS,https://www.gdacs.org/report.aspx?eventtype=WF&eventid=1021741
EONET_10578,GDACS,https://www.gdacs.org/report.aspx?eventtype=WF&eventid=1021767
EONET_10579,GDACS,https://www.gdacs.org/report.aspx?eventtype=WF&eventid=1021779
EONET_10580,GDACS,https://www.gdacs.org/report.aspx?eventtype=WF&eventid=1021768
EONET_10630,GDACS,https://www.gdacs.org/report.aspx?eventtype=WF&eventid=1021781
EONET_10582,IRWIN,https://irwin.doi.gov/observer/
EONET_10583,IRWIN,https://irwin.doi.gov/observer/
EONET_10595,IRWIN,https://irwin.doi.gov/observer/
EONET_10605,IRWIN,https://irwin.doi.gov/observer/
EONET_10389,GDACS,https://www.gdacs.org/report.aspx?eventtype=WF&eventid=1021615
EONET_10390,GDACS,https://www.gdacs.org/report.aspx?eventtype=WF&eventid=1021591
EONET_10426,GDACS,https://www.gdacs.org/report.aspx?eventtype=WF&eventid=1021624
EONET_10427,GDACS,https://www.gdacs.org/report.aspx?eventtype=WF&eventid=1021625
EONET_10428,GDACS,https://www.gdacs.org/report.aspx?eventtype=WF&eventid=1021645
EONET_10429,GDACS,https://www.gdacs.org/report.aspx?eventtype=WF&eventid=1021646
EONET_10430,GDACS,https://www.gdacs.org/report.aspx?eventtype=WF&eventid=1021647
EONET_10431,GDACS,https://www.gdacs.org/report.aspx?eventtype=WF&eventid=1021622
EONET_10432,GDACS,https://www.gdacs.org/report.aspx?eventtype=WF&eventid=1021623
EONET_10433,GDACS,https://www.gdacs.org/report.aspx?eventtype=WF&eventid=1021656
EONET_10434,GDACS,https://www.gdacs.org/report.aspx?eventtype=WF&eventid=1021657
EONET_10435,GDACS,https://www.gdacs.org/report.aspx?eventtype=WF&eventid=1021658
EONET_10436,GDACS,https://www.gdacs.org/report.aspx?eventtype=WF&eventid=1021659
EONET_10487,GDACS,https://www.gdacs.org/report.aspx?eventtype=WF&eventid=1021707
EONET_10488,GDACS,https://www.gdacs.org/report.aspx?eventtype=WF&eventid=1021708
EONET_10489,GDACS,https://www.gdacs.org/report.aspx?eventtype=WF&eventid=1021709
EONET_10490,GDACS,https://www.gdacs.org/report.aspx?eventtype=WF&eventid=1021710
EONET_10491,GDACS,https://www.gdacs.org/report.aspx?eventtype=WF&eventid=1021698
EONET_10492,GDACS,https://www.gdacs.org/report.aspx?eventtype=WF&eventid=1021670
EONET_10493,GDACS,https://www.gdacs.org/report.aspx?eventtype=WF&eventid=1021692
EONET_10522,GDACS,https://www.gdacs.org/report.aspx?eventtype=WF&eventid=1021735
EONET_10523,GDACS,https://www.gdacs.org/report.aspx?eventtype=WF&eventid=1021736
EONET_10524,GDACS,https://www.gdacs.org/report.aspx?eventtype=WF&eventid=1021733
EONET_10525,GDACS,https://www.gdacs.org/report.aspx?eventtype=WF&eventid=1021716
EONET_10526,GDACS,https://www.gdacs.org/report.aspx?eventtype=WF&eventid=1021713
EONET_10527,GDACS,https://www.gdacs.org/report.aspx?eventtype=WF&eventid=1021714
EONET_10528,GDACS,https://www.gdacs.org/report.aspx?eventtype=WF&eventid=1021715
EONET_10529,GDACS,https://www.gdacs.org/report.aspx?eventtype=WF&eventid=1021717
EONET_10530,GDACS,https://www.gdacs.org/report.aspx?eventtype=WF&eventid=1021731
EONET_10554,GDACS,https://www.gdacs.org/report.aspx?eventtype=WF&eventid=1021759
EONET_10555,GDACS,https://www.gdacs.org/report.aspx?eventtype=WF&eventid=1021754
EONET_10556,GDACS,https://www.gdacs.org/report.aspx?eventtype=WF&eventid=1021755
EONET_10557,GDACS,https://www.gdacs.org/report.aspx?eventtype=WF&eventid=1021743
EONET_10602,IRWIN,https://irwin.doi.gov/observer/
EONET_10352,GDACS,https://www.gdacs.org/report.aspx?eventtype=WF&eventid=1021554
EONET_10353,GDACS,https://www.gdacs.org/report.aspx?eventtype=WF&eventid=1021580
EONET_10391,GDACS,https://www.gdacs.org/report.aspx?eventtype=WF&eventid=1021618
EONET_10392,GDACS,https://www.gdacs.org/report.aspx?eventtype=WF&eventid=1021616
EONET_10393,GDACS,https://www.gdacs.org/report.aspx?eventtype=WF&eventid=1021592
EONET_10394,GDACS,https://www.gdacs.org/report.aspx?eventtype=WF&eventid=1021593
EONET_10395,GDACS,https://www.gdacs.org/report.aspx?eventtype=WF&eventid=1021610
EONET_10437,GDACS,https://www.gdacs.org/report.aspx?eventtype=WF&eventid=1021626
EONET_10438,GDACS,https://www.gdacs.org/report.aspx?eventtype=WF&eventid=1021628
EONET_10439,GDACS,https://www.gdacs.org/report.aspx?eventtype=WF&eventid=1021629
EONET_10440,GDACS,https://www.gdacs.org/report.aspx?eventtype=WF&eventid=1021660
EONET_10441,GDACS,https://www.gdacs.org/report.aspx?eventtype=WF&eventid=1021661
EONET_10442,GDACS,https://www.gdacs.org/report.aspx?eventtype=WF&eventid=1021627
EONET_10443,GDACS,https://www.gdacs.org/report.aspx?eventtype=WF&eventid=1021630
EONET_10444,GDACS,https://www.gdacs.org/report.aspx?eventtype=WF&eventid=1021648
EONET_10445,GDACS,https://www.gdacs.org/report.aspx?eventtype=WF&eventid=1021649
EONET_10446,GDACS,https://www.gdacs.org/report.aspx?eventtype=WF&eventid=1021650
EONET_10494,GDACS,https://www.gdacs.org/report.aspx?eventtype=WF&eventid=1021672
EONET_10495,GDACS,https://www.gdacs.org/report.aspx?eventtype=WF&eventid=1021673
EONET_10496,GDACS,https://www.gdacs.org/report.aspx?eventtype=WF&eventid=1021693
EONET_10497,GDACS,https://www.gdacs.org/report.aspx?eventtype=WF&eventid=1021694
EONET_10498,GDACS,https://www.gdacs.org/report.aspx?eventtype=WF&eventid=1021697
EONET_10499,GDACS,https://www.gdacs.org/report.aspx?eventtype=WF&eventid=1021695
EONET_10500,GDACS,https://www.gdacs.org/report.aspx?eventtype=WF&eventid=1021671
EONET_10501,GDACS,https://www.gdacs.org/report.aspx?eventtype=WF&eventid=1021674
EONET_10502,GDACS,https://www.gdacs.org/report.aspx?eventtype=WF&eventid=1021675
EONET_10503,GDACS,https://www.gdacs.org/report.aspx?eventtype=WF&eventid=1021711
EONET_10531,GDACS,https://www.gdacs.org/report.aspx?eventtype=WF&eventid=1021718
EONET_10532,GDACS,https://www.gdacs.org/report.aspx?eventtype=WF&eventid=1021719
EONET_10533,GDACS,https://www.gdacs.org/report.aspx?eventtype=WF&eventid=1021737
EONET_10558,GDACS,https://www.gdacs.org/report.aspx?eventtype=WF&eventid=1021738
EONET_10559,GDACS,https://www.gdacs.org/report.aspx?eventtype=WF&eventid=1021744
EONET_10560,GDACS,https://www.gdacs.org/report.aspx?eventtype=WF&eventid=1021745
EONET_10315,IRWIN,https://irwin.doi.gov/observer/
EONET_10322,GDACS,https://www.gdacs.org/report.aspx?eventtype=WF&eventid=1021547
EONET_10323,GDACS,https://www.gdacs.org/report.aspx?eventtype=WF&eventid=1021524
EONET_10324,GDACS,https://www.gdacs.org/report.aspx?eventtype=WF&eventid=1021526
EONET_10354,GDACS,https://www.gdacs.org/report.aspx?eventtype=WF&eventid=1021581
EONET_10355,GDACS,https://www.gdacs.org/report.aspx?eventtype=WF&eventid=1021559
EONET_10396,GDACS,https://www.gdacs.org/report.aspx?eventtype=WF&eventid=1021595
EONET_10397,GDACS,https://www.gdacs.org/report.aspx?eventtype=WF&eventid=1021598
EONET_10398,GDACS,https://www.gdacs.org/report.aspx?eventtype=WF&eventid=1021600
EONET_10399,GDACS,https://www.gdacs.org/report.aspx?eventtype=WF&eventid=1021611
EONET_10400,GDACS,https://www.gdacs.org/report.aspx?eventtype=WF&eventid=1021594
EONET_10401,GDACS,https://www.gdacs.org/report.aspx?eventtype=WF&eventid=1021596
EONET_10402,GDACS,https://www.gdacs.org/report.aspx?eventtype=WF&eventid=1021597
EONET_10403,GDACS,https://www.gdacs.org/report.aspx?eventtype=WF&eventid=1021599
EONET_10404,GDACS,https://www.gdacs.org/report.aspx?eventtype=WF&eventid=1021619
EONET_10447,GDACS,https://www.gdacs.org/report.aspx?eventtype=WF&eventid=1021631
EONET_10448,GDACS,https://www.gdacs.org/report.aspx?eventtype=WF&eventid=1021632
EONET_10449,GDACS,https://www.gdacs.org/report.aspx?eventtype=WF&eventid=1021651
EONET_10504,GDACS,https://www.gdacs.org/report.aspx?eventtype=WF&eventid=1021676
EONET_10505,GDACS,https://www.gdacs.org/report.aspx?eventtype=WF&eventid=1021677
EONET_10506,GDACS,https://www.gdacs.org/report.aspx?eventtype=WF&eventid=1021678
EONET_10507,GDACS,https://www.gdacs.org/report.aspx?eventtype=WF&eventid=1021696
EONET_10534,GDACS,https://www.gdacs.org/report.aspx?eventtype=WF&eventid=1021720
EONET_10535,GDACS,https://www.gdacs.org/report.aspx?eventtype=WF&eventid=1021721
EONET_10536,GDACS,https://www.gdacs.org/report.aspx?eventtype=WF&eventid=1021722
EONET_10537,GDACS,https://www.gdacs.org/report.aspx?eventtype=WF&eventid=1021723
EONET_10314,IRWIN,https://irwin.doi.gov/observer/
EONET_10313,IRWIN,https://irwin.doi.gov/observer/
EONET_10321,IRWIN,https://irwin.doi.gov/observer/
EONET_10216,GDACS,https://www.gdacs.org/report.aspx?eventtype=WF&eventid=1021431
EONET_10217,GDACS,https://www.gdacs.org/report.aspx?eventtype=WF&eventid=1021452
EONET_10218,GDACS,https://www.gdacs.org/report.aspx?eventtype=WF&eventid=1021457
EONET_10325,GDACS,https://www.gdacs.org/report.aspx?eventtype=WF&eventid=1021528
EONET_10326,GDACS,https://www.gdacs.org/report.aspx?eventtype=WF&eventid=1021527
EONET_10356,GDACS,https://www.gdacs.org/report.aspx?eventtype=WF&eventid=1021561
EONET_10357,GDACS,https://www.gdacs.org/report.aspx?eventtype=WF&eventid=1021560
EONET_10358,GDACS,https://www.gdacs.org/report.aspx?eventtype=WF&eventid=1021576
EONET_10359,GDACS,https://www.gdacs.org/report.aspx?eventtype=WF&eventid=1021577
EONET_10360,GDACS,https://www.gdacs.org/report.aspx?eventtype=WF&eventid=1021584
EONET_10361,GDACS,https://www.gdacs.org/report.aspx?eventtype=WF&eventid=1021585
EONET_10362,GDACS,https://www.gdacs.org/report.aspx?eventtype=WF&eventid=1021586
EONET_10405,GDACS,https://www.gdacs.org/report.aspx?eventtype=WF&eventid=1021601
EONET_10406,GDACS,https://www.gdacs.org/report.aspx?eventtype=WF&eventid=1021617
EONET_10407,GDACS,https://www.gdacs.org/report.aspx?eventtype=WF&eventid=1021590
EONET_10450,GDACS,https://www.gdacs.org/report.aspx?eventtype=WF&eventid=1021633
EONET_10451,GDACS,https://www.gdacs.org/report.aspx?eventtype=WF&eventid=1021634
EONET_10452,GDACS,https://www.gdacs.org/report.aspx?eventtype=WF&eventid=1021635
EONET_10453,GDACS,https://www.gdacs.org/report.aspx?eventtype=WF&eventid=1021662
EONET_10454,GDACS,https://www.gdacs.org/report.aspx?eventtype=WF&eventid=1021652
EONET_10455,GDACS,https://www.gdacs.org/report.aspx?eventtype=WF&eventid=1021653
EONET_10508,GDACS,https://www.gdacs.org/report.aspx?eventtype=WF&eventid=1021663
EONET_10509,GDACS,https://www.gdacs.org/report.aspx?eventtype=WF&eventid=1021679
EONET_10510,GDACS,https://www.gdacs.org/report.aspx?eventtype=WF&eventid=1021680
EONET_10511,GDACS,https://www.gdacs.org/report.aspx?eventtype=WF&eventid=1021681
EONET_10631,SIVolcano,https://volcano.si.edu/volcano.cfm?vn=300270
EONET_10317,IRWIN,https://irwin.doi.gov/observer/
EONET_10149,GDACS,https://www.gdacs.org/report.aspx?eventtype=WF&eventid=1021391
EONET_10150,GDACS,https://www.gdacs.org/report.aspx?eventtype=WF&eventid=1021392
EONET_10183,GDACS,https://www.gdacs.org/report.aspx?eventtype=WF&eventid=1021420
EONET_10219,GDACS,https://www.gdacs.org/report.aspx?eventtype=WF&eventid=1021448
EONET_10220,GDACS,https://www.gdacs.org/report.aspx?eventtype=WF&eventid=1021449
EONET_10221,GDACS,https://www.gdacs.org/report.aspx?eventtype=WF&eventid=1021450
EONET_10222,GDACS,https://www.gdacs.org/report.aspx?eventtype=WF&eventid=1021432
EONET_10223,GDACS,https://www.gdacs.org/report.aspx?eventtype=WF&eventid=1021433
EONET_10224,GDACS,https://www.gdacs.org/report.aspx?eventtype=WF&eventid=1021428
EONET_10327,GDACS,https://www.gdacs.org/report.aspx?eventtype=WF&eventid=1021529
EONET_10328,GDACS,https://www.gdacs.org/report.aspx?eventtype=WF&eventid=1021530
EONET_10329,GDACS,https://www.gdacs.org/report.aspx?eventtype=WF&eventid=1021548
EONET_10330,GDACS,https://www.gdacs.org/report.aspx?eventtype=WF&eventid=1021549
EONET_10331,GDACS,https://www.gdacs.org/report.aspx?eventtype=WF&eventid=1021550
EONET_10332,GDACS,https://www.gdacs.org/report.aspx?eventtype=WF&eventid=1021551
EONET_10333,GDACS,https://www.gdacs.org/report.aspx?eventtype=WF&eventid=1021542
EONET_10334,GDACS,https://www.gdacs.org/report.aspx?eventtype=WF&eventid=1021543
EONET_10363,GDACS,https://www.gdacs.org/report.aspx?eventtype=WF&eventid=1021587
EONET_10364,GDACS,https://www.gdacs.org/report.aspx?eventtype=WF&eventid=1021588
EONET_10365,GDACS,https://www.gdacs.org/report.aspx?eventtype=WF&eventid=1021582
EONET_10366,GDACS,https://www.gdacs.org/report.aspx?eventtype=WF&eventid=1021583
EONET_10367,GDACS,https://www.gdacs.org/report.aspx?eventtype=WF&eventid=1021579
EONET_10368,GDACS,https://www.gdacs.org/report.aspx?eventtype=WF&eventid=1021555
EONET_10369,GDACS,https://www.gdacs.org/report.aspx?eventtype=WF&eventid=1021556
EONET_10370,GDACS,https://www.gdacs.org/report.aspx?eventtype=WF&eventid=1021578
EONET_10371,GDACS,https://www.gdacs.org/report.aspx?eventtype=WF&eventid=1021562
EONET_10372,GDACS,https://www.gdacs.org/report.aspx?eventtype=WF&eventid=1021563
EONET_10373,GDACS,https://www.gdacs.org/report.aspx?eventtype=WF&eventid=1021564
EONET_10374,GDACS,https://www.gdacs.org/report.aspx?eventtype=WF&eventid=1021565
EONET_10408,GDACS,https://www.gdacs.org/report.aspx?eventtype=WF&eventid=1021602
EONET_10409,GDACS,https://www.gdacs.org/report.aspx?eventtype=WF&eventid=1021612
EONET_10410,GDACS,https://www.gdacs.org/report.aspx?eventtype=WF&eventid=1021613
EONET_10411,GDACS,https://www.gdacs.org/report.aspx?eventtype=WF&eventid=1021614
EONET_10412,GDACS,https://www.gdacs.org/report.aspx?eventtype=WF&eventid=1021603
EONET_10456,GDACS,https://www.gdacs.org/report.aspx?eventtype=WF&eventid=1021636
EONET_10457,GDACS,https://www.gdacs.org/report.aspx?eventtype=WF&eventid=1021637
EONET_10458,GDACS,https://www.gdacs.org/report.aspx?eventtype=WF&eventid=1021638
EONET_10459,GDACS,https://www.gdacs.org/report.aspx?eventtype=WF&eventid=1021639
EONET_10460,GDACS,https://www.gdacs.org/report.aspx?eventtype=WF&eventid=1021640
EONET_10461,GDACS,https://www.gdacs.org/report.aspx?eventtype=WF&eventid=1021641
EONET_10462,GDACS,https://www.gdacs.org/report.aspx?eventtype=WF&eventid=1021621
EONET_10316,IRWIN,https://irwin.doi.gov/observer/
EONET_10099,IRWIN,https://irwin.doi.gov/observer/
EONET_10151,GDACS,https://www.gdacs.org/report.aspx?eventtype=WF&eventid=1021368
EONET_10152,GDACS,https://www.gdacs.org/report.aspx?eventtype=WF&eventid=1021393
EONET_10153,GDACS,https://www.gdacs.org/report.aspx?eventtype=WF&eventid=1021394
EONET_10154,GDACS,https://www.gdacs.org/report.aspx?eventtype=WF&eventid=1021390
EONET_10184,GDACS,https://www.gdacs.org/report.aspx?eventtype=WF&eventid=1021416
EONET_10185,GDACS,https://www.gdacs.org/report.aspx?eventtype=WF&eventid=1021399
EONET_10186,GDACS,https://www.gdacs.org/report.aspx?eventtype=WF&eventid=1021419
EONET_10187,GDACS,https://www.gdacs.org/report.aspx?eventtype=WF&eventid=1021422
EONET_10188,GDACS,https://www.gdacs.org/report.aspx?eventtype=WF&eventid=1021423
EONET_10225,GDACS,https://www.gdacs.org/report.aspx?eventtype=WF&eventid=1021436
EONET_10226,GDACS,https://www.gdacs.org/report.aspx?eventtype=WF&eventid=1021434
EONET_10227,GDACS,https://www.gdacs.org/report.aspx?eventtype=WF&eventid=1021435
EONET_10228,GDACS,https://www.gdacs.org/report.aspx?eventtype=WF&eventid=1021437
EONET_10229,GDACS,https://www.gdacs.org/report.aspx?eventtype=WF&eventid=1021453
EONET_10230,GDACS,https://www.gdacs.org/report.aspx?eventtype=WF&eventid=1021454
EONET_10231,GDACS,https://www.gdacs.org/report.aspx?eventtype=WF&eventid=1021455
EONET_10232,GDACS,https://www.gdacs.org/report.aspx?eventtype=WF&eventid=1021458
EONET_10233,GDACS,https://www.gdacs.org/report.aspx?eventtype=WF&eventid=1021459
EONET_10234,GDACS,https://www.gdacs.org/report.aspx?eventtype=WF&eventid=1021460
EONET_10335,GDACS,https://www.gdacs.org/report.aspx?eventtype=WF&eventid=1021544
EONET_10336,GDACS,https://www.gdacs.org/report.aspx?eventtype=WF&eventid=1021545
EONET_10337,GDACS,https://www.gdacs.org/report.aspx?eventtype=WF&eventid=1021525
EONET_10338,GDACS,https://www.gdacs.org/report.aspx?eventtype=WF&eventid=1021533
EONET_10339,GDACS,https://www.gdacs.org/report.aspx?eventtype=WF&eventid=1021534
EONET_10340,GDACS,https://www.gdacs.org/report.aspx?eventtype=WF&eventid=1021531
EONET_10341,GDACS,https://www.gdacs.org/report.aspx?eventtype=WF&eventid=1021532
EONET_10342,GDACS,https://www.gdacs.org/report.aspx?eventtype=WF&eventid=1021535
EONET_10375,GDACS,https://www.gdacs.org/report.aspx?eventtype=WF&eventid=1021566
EONET_10376,GDACS,https://www.gdacs.org/report.aspx?eventtype=WF&eventid=1021567
EONET_10377,GDACS,https://www.gdacs.org/report.aspx?eventtype=WF&eventid=1021568
EONET_10378,GDACS,https://www.gdacs.org/report.aspx?eventtype=WF&eventid=1021572
EONET_10379,GDACS,https://www.gdacs.org/report.aspx?eventtype=WF&eventid=1021557
EONET_10380,GDACS,https://www.gdacs.org/report.aspx?eventtype=WF&eventid=1021569
EONET_10381,GDACS,https://www.gdacs.org/report.aspx?eventtype=WF&eventid=1021570
EONET_10382,GDACS,https://www.gdacs.org/report.aspx?eventtype=WF&eventid=1021571
EONET_10383,GDACS,https://www.gdacs.org/report.aspx?eventtype=WF&eventid=1021589
EONET_10413,GDACS,https://www.gdacs.org/report.aspx?eventtype=WF&eventid=1021604
EONET_10414,GDACS,https://www.gdacs.org/report.aspx?eventtype=WF&eventid=1021605
EONET_10415,GDACS,https://www.gdacs.org/report.aspx?eventtype=WF&eventid=1021606
EONET_10416,GDACS,https://www.gdacs.org/report.aspx?eventtype=WF&eventid=1021607
EONET_10417,GDACS,https://www.gdacs.org/report.aspx?eventtype=WF&eventid=1021608
EONET_10418,GDACS,https://www.gdacs.org/report.aspx?eventtype=WF&eventid=1021609
EONET_10212,NATICE,https://usicecenter.gov/pub/Iceberg_Tabular.csv
EONET_10104,IRWIN,https://irwin.doi.gov/observer/
EONET_10155,GDACS,https://www.gdacs.org/report.aspx?eventtype=WF&eventid=1021370
EONET_10156,GDACS,https://www.gdacs.org/report.aspx?eventtype=WF&eventid=1021371
EONET_10157,GDACS,https://www.gdacs.org/report.aspx?eventtype=WF&eventid=1021395
EONET_10158,GDACS,https://www.gdacs.org/report.aspx?eventtype=WF&eventid=1021369
EONET_10159,GDACS,https://www.gdacs.org/report.aspx?eventtype=WF&eventid=1021384
EONET_10189,GDACS,https://www.gdacs.org/report.aspx?eventtype=WF&eventid=1021400
EONET_10190,GDACS,https://www.gdacs.org/report.aspx?eventtype=WF&eventid=1021401
EONET_10235,GDACS,https://www.gdacs.org/report.aspx?eventtype=WF&eventid=1021439
EONET_10236,GDACS,https://www.gdacs.org/report.aspx?eventtype=WF&eventid=1021440
EONET_10237,GDACS,https://www.gdacs.org/report.aspx?eventtype=WF&eventid=1021456
EONET_10238,GDACS,https://www.gdacs.org/report.aspx?eventtype=WF&eventid=1021451
EONET_10239,GDACS,https://www.gdacs.org/report.aspx?eventtype=WF&eventid=1021438
EONET_10240,GDACS,https://www.gdacs.org/report.aspx?eventtype=WF&eventid=1021441
EONET_10241,GDACS,https://www.gdacs.org/report.aspx?eventtype=WF&eventid=1021429
EONET_10343,GDACS,https://www.gdacs.org/report.aspx?eventtype=WF&eventid=1021536
EONET_10344,GDACS,https://www.gdacs.org/report.aspx?eventtype=WF&eventid=1021537
EONET_10345,GDACS,https://www.gdacs.org/report.aspx?eventtype=WF&eventid=1021538
EONET_10346,GDACS,https://www.gdacs.org/report.aspx?eventtype=WF&eventid=1021539
EONET_10347,GDACS,https://www.gdacs.org/report.aspx?eventtype=WF&eventid=1021540
EONET_10348,GDACS,https://www.gdacs.org/report.aspx?eventtype=WF&eventid=1021546
EONET_10349,GDACS,https://www.gdacs.org/report.aspx?eventtype=WF&eventid=1021552
EONET_10350,GDACS,https://www.gdacs.org/report.aspx?eventtype=WF&eventid=1021553
EONET_10384,GDACS,https://www.gdacs.org/report.aspx?eventtype=WF&eventid=1021558
EONET_10385,GDACS,https://www.gdacs.org/report.aspx?eventtype=WF&eventid=1021573
EONET_10386,GDACS,https://www.gdacs.org/report.aspx?eventtype=WF&eventid=1021574
EONET_10387,GDACS,https://www.gdacs.org/report.aspx?eventtype=WF&eventid=1021575
EONET_10101,IRWIN,https://irwin.doi.gov/observer/
EONET_10103,IRWIN,https://irwin.doi.gov/observer/
EONET_10061,GDACS,https://www.gdacs.org/report.aspx?eventtype=WF&eventid=1021289
EONET_10062,GDACS,https://www.gdacs.org/report.aspx?eventtype=WF&eventid=1021318
EONET_10063,GDACS,https://www.gdacs.org/report.aspx?eventtype=WF&eventid=1021290
EONET_10105,GDACS,https://www.gdacs.org/report.aspx?eventtype=WF&eventid=1021324
EONET_10106,GDACS,https://www.gdacs.org/report.aspx?eventtype=WF&eventid=1021326
EONET_10107,GDACS,https://www.gdacs.org/report.aspx?eventtype=WF&eventid=1021358
EONET_10108,GDACS,https://www.gdacs.org/report.aspx?eventtype=WF&eventid=1021359
EONET_10109,GDACS,https://www.gdacs.org/report.aspx?eventtype=WF&eventid=1021325
EONET_10160,GDACS,https://www.gdacs.org/report.aspx?eventtype=WF&eventid=1021372
EONET_10161,GDACS,https://www.gdacs.org/report.aspx?eventtype=WF&eventid=1021373
EONET_10162,GDACS,https://www.gdacs.org/report.aspx?eventtype=WF&eventid=1021385
EONET_10163,GDACS,https://www.gdacs.org/report.aspx?eventtype=WF&eventid=1021374
EONET_10164,GDACS,https://www.gdacs.org/report.aspx?eventtype=WF&eventid=1021375
EONET_10165,GDACS,https://www.gdacs.org/report.aspx?eventtype=WF&eventid=1021396
EONET_10166,GDACS,https://www.gdacs.org/report.aspx?eventtype=WF&eventid=1021397
EONET_10167,GDACS,https://www.gdacs.org/report.aspx?eventtype=WF&eventid=1021365
EONET_10191,GDACS,https://www.gdacs.org/report.aspx?eventtype=WF&eventid=1021402
EONET_10192,GDACS,https://www.gdacs.org/report.aspx?eventtype=WF&eventid=1021404
EONET_10193,GDACS,https://www.gdacs.org/report.aspx?eventtype=WF&eventid=1021405
EONET_10194,GDACS,https://www.gdacs.org/report.aspx?eventtype=WF&eventid=1021406
EONET_10195,GDACS,https://www.gdacs.org/report.aspx?eventtype=WF&eventid=1021408
EONET_10196,GDACS,https://www.gdacs.org/report.aspx?eventtype=WF&eventid=1021424
EONET_10197,GDACS,https://www.gdacs.org/report.aspx?eventtype=WF&eventid=1021425
EONET_10198,GDACS,https://www.gdacs.org/report.aspx?eventtype=WF&eventid=1021403
EONET_10199,GDACS,https://www.gdacs.org/report.aspx?eventtype=WF&eventid=1021407
EONET_10200,GDACS,https://www.gdacs.org/report.aspx?eventtype=WF&eventid=1021417
EONET_10242,GDACS,https://www.gdacs.org/report.aspx?eventtype=WF&eventid=1021442
EONET_10243,GDACS,https://www.gdacs.org/report.aspx?eventtype=WF&eventid=1021443
EONET_10244,GDACS,https://www.gdacs.org/report.aspx?eventtype=WF&eventid=1021444
EONET_10245,GDACS,https://www.gdacs.org/report.aspx?eventtype=WF&eventid=1021445
EONET_10351,GDACS,https://www.gdacs.org/report.aspx?eventtype=WF&eventid=1021541
EONET_9962,GDACS,https://www.gdacs.org/report.aspx?eventtype=WF&eventid=1021229
EONET_9963,GDACS,https://www.gdacs.org/report.aspx?eventtype=WF&eventid=1021230
EONET_10017,GDACS,https://www.gdacs.org/report.aspx?eventtype=WF&eventid=1021262
EONET_10018,GDACS,https://www.gdacs.org/report.aspx?eventtype=WF&eventid=1021275
EONET_10019,GDACS,https://www.gdacs.org/report.aspx?eventtype=WF&eventid=1021276
EONET_10064,GDACS,https://www.gdacs.org/report.aspx?eventtype=WF&eventid=1021295
EONET_10065,GDACS,https://www.gdacs.org/report.aspx?eventtype=WF&eventid=1021319
EONET_10066,GDACS,https://www.gdacs.org/report.aspx?eventtype=WF&eventid=1021320
EONET_10067,GDACS,https://www.gdacs.org/report.aspx?eventtype=WF&eventid=1021291
EONET_10068,GDACS,https://www.gdacs.org/report.aspx?eventtype=WF&eventid=1021292
EONET_10069,GDACS,https://www.gdacs.org/report.aspx?eventtype=WF&eventid=1021293
EONET_10070,GDACS,https://www.gdacs.org/report.aspx?eventtype=WF&eventid=1021294
EONET_10110,GDACS,https://www.gdacs.org/report.aspx?eventtype=WF&eventid=1021327
EONET_10111,GDACS,https://www.gdacs.org/report.aspx?eventtype=WF&eventid=1021360
EONET_10112,GDACS,https://www.gdacs.org/report.aspx?eventtype=WF&eventid=1021361
EONET_10113,GDACS,https://www.gdacs.org/report.aspx?eventtype=WF&eventid=1021362
EONET_10114,GDACS,https://www.gdacs.org/report.aspx?eventtype=WF&eventid=1021363
EONET_10115,GDACS,https://www.gdacs.org/report.aspx?eventtype=WF&eventid=1021345
EONET_10116,GDACS,https://www.gdacs.org/report.aspx?eventtype=WF&eventid=1021346
EONET_10117,GDACS,https://www.gdacs.org/report.aspx?eventtype=WF&eventid=1021347
EONET_10118,GDACS,https://www.gdacs.org/report.aspx?eventtype=WF&eventid=1021328
EONET_10119,GDACS,https://www.gdacs.org/report.aspx?eventtype=WF&eventid=1021329
EONET_10120,GDACS,https://www.gdacs.org/report.aspx?eventtype=WF&eventid=1021355
EONET_10168,GDACS,https://www.gdacs.org/report.aspx?eventtype=WF&eventid=1021376
EONET_10169,GDACS,https://www.gdacs.org/report.aspx?eventtype=WF&eventid=1021378
EONET_10170,GDACS,https://www.gdacs.org/report.aspx?eventtype=WF&eventid=1021386
EONET_10171,GDACS,https://www.gdacs.org/report.aspx?eventtype=WF&eventid=1021377
EONET_10201,GDACS,https://www.gdacs.org/report.aspx?eventtype=WF&eventid=1021418
EONET_10202,GDACS,https://www.gdacs.org/report.aspx?eventtype=WF&eventid=1021421
EONET_10203,GDACS,https://www.gdacs.org/report.aspx?eventtype=WF&eventid=1021410
EONET_10204,GDACS,https://www.gdacs.org/report.aspx?eventtype=WF&eventid=1021412
EONET_10205,GDACS,https://www.gdacs.org/report.aspx?eventtype=WF&eventid=1021426
EONET_10206,GDACS,https://www.gdacs.org/report.aspx?eventtype=WF&eventid=1021427
EONET_10207,GDACS,https://www.gdacs.org/report.aspx?eventtype=WF&eventid=1021409
EONET_10208,GDACS,https://www.gdacs.org/report.aspx?eventtype=WF&eventid=1021411
EONET_10246,GDACS,https://www.gdacs.org/report.aspx?eventtype=WF&eventid=1021430
EONET_10247,GDACS,https://www.gdacs.org/report.aspx?eventtype=WF&eventid=1021461
EONET_10248,GDACS,https://www.gdacs.org/report.aspx?eventtype=WF&eventid=1021462
EONET_10249,GDACS,https://www.gdacs.org/report.aspx?eventtype=WF&eventid=1021446
EONET_10250,GDACS,https://www.gdacs.org/report.aspx?eventtype=WF&eventid=1021447
EONET_10007,IRWIN,https://irwin.doi.gov/observer/
EONET_10013,IRWIN,https://irwin.doi.gov/observer/
EONET_9964,GDACS,https://www.gdacs.org/report.aspx?eventtype=WF&eventid=1021231
EONET_10020,GDACS,https://www.gdacs.org/report.aspx?eventtype=WF&eventid=1021274
EONET_10021,GDACS,https://www.gdacs.org/report.aspx?eventtype=WF&eventid=1021277
EONET_10022,GDACS,https://www.gdacs.org/report.aspx?eventtype=WF&eventid=1021278
EONET_10023,GDACS,https://www.gdacs.org/report.aspx?eventtype=WF&eventid=1021263
EONET_10071,GDACS,https://www.gdacs.org/report.aspx?eventtype=WF&eventid=1021306
EONET_10072,GDACS,https://www.gdacs.org/report.aspx?eventtype=WF&eventid=1021296
EONET_10073,GDACS,https://www.gdacs.org/report.aspx?eventtype=WF&eventid=1021307
EONET_10074,GDACS,https://www.gdacs.org/report.aspx?eventtype=WF&eventid=1021308
EONET_10075,GDACS,https://www.gdacs.org/report.aspx?eventtype=WF&eventid=1021321
EONET_10076,GDACS,https://www.gdacs.org/report.aspx?eventtype=WF&eventid=1021286
EONET_10121,GDACS,https://www.gdacs.org/report.aspx?eventtype=WF&eventid=1021330
EONET_10122,GDACS,https://www.gdacs.org/report.aspx?eventtype=WF&eventid=1021333
EONET_10123,GDACS,https://www.gdacs.org/report.aspx?eventtype=WF&eventid=1021323
EONET_10124,GDACS,https://www.gdacs.org/report.aspx?eventtype=WF&eventid=1021331
EONET_10125,GDACS,https://www.gdacs.org/report.aspx?eventtype=WF&eventid=1021332
EONET_10126,GDACS,https://www.gdacs.org/report.aspx?eventtype=WF&eventid=1021334
EONET_10127,GDACS,https://www.gdacs.org/report.aspx?eventtype=WF&eventid=1021348
EONET_10128,GDACS,https://www.gdacs.org/report.aspx?eventtype=WF&eventid=1021349
EONET_10129,GDACS,https://www.gdacs.org/report.aspx?eventtype=WF&eventid=1021350
EONET_10130,GDACS,https://www.gdacs.org/report.aspx?eventtype=WF&eventid=1021364
EONET_10131,GDACS,https://www.gdacs.org/report.aspx?eventtype=WF&eventid=1021353
EONET_10172,GDACS,https://www.gdacs.org/report.aspx?eventtype=WF&eventid=1021379
EONET_10173,GDACS,https://www.gdacs.org/report.aspx?eventtype=WF&eventid=1021380
EONET_10174,GDACS,https://www.gdacs.org/report.aspx?eventtype=WF&eventid=1021387
EONET_10175,GDACS,https://www.gdacs.org/report.aspx?eventtype=WF&eventid=1021388
EONET_10176,GDACS,https://www.gdacs.org/report.aspx?eventtype=WF&eventid=1021389
EONET_10177,GDACS,https://www.gdacs.org/report.aspx?eventtype=WF&eventid=1021398
EONET_10178,GDACS,https://www.gdacs.org/report.aspx?eventtype=WF&eventid=1021366
EONET_10179,GDACS,https://www.gdacs.org/report.aspx?eventtype=WF&eventid=1021381
EONET_10209,GDACS,https://www.gdacs.org/report.aspx?eventtype=WF&eventid=1021413
EONET_10210,GDACS,https://www.gdacs.org/report.aspx?eventtype=WF&eventid=1021414
EONET_10211,GDACS,https://www.gdacs.org/report.aspx?eventtype=WF&eventid=1021415
EONET_10251,GDACS,https://www.gdacs.org/report.aspx?eventtype=WF&eventid=1021465
EONET_10252,GDACS,https://www.gdacs.org/report.aspx?eventtype=WF&eventid=1021463
EONET_10253,GDACS,https://www.gdacs.org/report.aspx?eventtype=WF&eventid=1021464
EONET_10254,GDACS,https://www.gdacs.org/report.aspx?eventtype=WF&eventid=1021466
EONET_10255,GDACS,https://www.gdacs.org/report.aspx?eventtype=WF&eventid=1021467
EONET_10256,GDACS,https://www.gdacs.org/report.aspx?eventtype=WF&eventid=1021468
EONET_10257,GDACS,https://www.gdacs.org/report.aspx?eventtype=WF&eventid=1021469
EONET_10258,GDACS,https://www.gdacs.org/report.aspx?eventtype=WF&eventid=1021470
EONET_10259,GDACS,https://www.gdacs.org/report.aspx?eventtype=WF&eventid=1021471
EONET_10010,IRWIN,https://irwin.doi.gov/observer/
EONET_9821,GDACS,https://www.gdacs.org/report.aspx?eventtype=WF&eventid=1021187
EONET_9965,GDACS,https://www.gdacs.org/report.aspx?eventtype=WF&eventid=1021226
EONET_9966,GDACS,https://www.gdacs.org/report.aspx?eventtype=WF&eventid=1021219
EONET_9967,GDACS,https://www.gdacs.org/report.aspx?eventtype=WF&eventid=1021220
EONET_9968,GDACS,https://www.gdacs.org/report.aspx?eventtype=WF&eventid=1021232
EONET_9969,GDACS,https://www.gdacs.org/report.aspx?eventtype=WF&eventid=1021233
EONET_9970,GDACS,https://www.gdacs.org/report.aspx?eventtype=WF&eventid=1021234
EONET_10024,GDACS,https://www.gdacs.org/report.aspx?eventtype=WF&eventid=1021249
EONET_10025,GDACS,https://www.gdacs.org/report.aspx?eventtype=WF&eventid=1021250
EONET_10026,GDACS,https://www.gdacs.org/report.aspx?eventtype=WF&eventid=1021248
EONET_10027,GDACS,https://www.gdacs.org/report.aspx?eventtype=WF&eventid=1021242
EONET_10028,GDACS,https://www.gdacs.org/report.aspx?eventtype=WF&eventid=1021268
EONET_10029,GDACS,https://www.gdacs.org/report.aspx?eventtype=WF&eventid=1021273
EONET_10030,GDACS,https://www.gdacs.org/report.aspx?eventtype=WF&eventid=1021264
EONET_10031,GDACS,https://www.gdacs.org/report.aspx?eventtype=WF&eventid=1021265
EONET_10032,GDACS,https://www.gdacs.org/report.aspx?eventtype=WF&eventid=1021266
EONET_10033,GDACS,https://www.gdacs.org/report.aspx?eventtype=WF&eventid=1021267
EONET_10034,GDACS,https://www.gdacs.org/report.aspx?eventtype=WF&eventid=1021279
EONET_10035,GDACS,https://www.gdacs.org/report.aspx?eventtype=WF&eventid=1021280
EONET_10077,GDACS,https://www.gdacs.org/report.aspx?eventtype=WF&eventid=1021316
EONET_10078,GDACS,https://www.gdacs.org/report.aspx?eventtype=WF&eventid=1021309
EONET_10079,GDACS,https://www.gdacs.org/report.aspx?eventtype=WF&eventid=1021310
EONET_10080,GDACS,https://www.gdacs.org/report.aspx?eventtype=WF&eventid=1021297
EONET_10132,GDACS,https://www.gdacs.org/report.aspx?eventtype=WF&eventid=1021356
EONET_10133,GDACS,https://www.gdacs.org/report.aspx?eventtype=WF&eventid=1021357
EONET_10134,GDACS,https://www.gdacs.org/report.aspx?eventtype=WF&eventid=1021354
EONET_10135,GDACS,https://www.gdacs.org/report.aspx?eventtype=WF&eventid=1021351
EONET_10136,GDACS,https://www.gdacs.org/report.aspx?eventtype=WF&eventid=1021352
EONET_10137,GDACS,https://www.gdacs.org/report.aspx?eventtype=WF&eventid=1021335
EONET_10138,GDACS,https://www.gdacs.org/report.aspx?eventtype=WF&eventid=1021336
EONET_10180,GDACS,https://www.gdacs.org/report.aspx?eventtype=WF&eventid=1021382
EONET_10181,GDACS,https://www.gdacs.org/report.aspx?eventtype=WF&eventid=1021383
EONET_10182,GDACS,https://www.gdacs.org/report.aspx?eventtype=WF&eventid=1021367
EONET_10260,GDACS,https://www.gdacs.org/report.aspx?eventtype=WF&eventid=1021472
EONET_10261,GDACS,https://www.gdacs.org/report.aspx?eventtype=WF&eventid=1021476
EONET_10262,GDACS,https://www.gdacs.org/report.aspx?eventtype=WF&eventid=1021477
EONET_10263,GDACS,https://www.gdacs.org/report.aspx?eventtype=WF&eventid=1021478
EONET_10264,GDACS,https://www.gdacs.org/report.aspx?eventtype=WF&eventid=1021479
EONET_10265,GDACS,https://www.gdacs.org/report.aspx?eventtype=WF&eventid=1021480
EONET_10266,GDACS,https://www.gdacs.org/report.aspx?eventtype=WF&eventid=1021481
EONET_10267,GDACS,https://www.gdacs.org/report.aspx?eventtype=WF&eventid=1021483
EONET_10268,GDACS,https://www.gdacs.org/report.aspx?eventtype=WF&eventid=1021484
EONET_10269,GDACS,https://www.gdacs.org/report.aspx?eventtype=WF&eventid=1021485
EONET_10270,GDACS,https://www.gdacs.org/report.aspx?eventtype=WF&eventid=1021486
EONET_10271,GDACS,https://www.gdacs.org/report.aspx?eventtype=WF&eventid=1021487
EONET_10272,GDACS,https://www.gdacs.org/report.aspx?eventtype=WF&eventid=1021473
EONET_10273,GDACS,https://www.gdacs.org/report.aspx?eventtype=WF&eventid=1021475
EONET_10274,GDACS,https://www.gdacs.org/report.aspx?eventtype=WF&eventid=1021474
EONET_10275,GDACS,https://www.gdacs.org/report.aspx?eventtype=WF&eventid=1021482
EONET_10014,IRWIN,https://irwin.doi.gov/observer/
EONET_10006,IRWIN,https://irwin.doi.gov/observer/
EONET_10015,IRWIN,https://irwin.doi.gov/observer/
EONET_9776,GDACS,https://www.gdacs.org/report.aspx?eventtype=WF&eventid=1021048
EONET_9777,GDACS,https://www.gdacs.org/report.aspx?eventtype=WF&eventid=1021049
EONET_9822,GDACS,https://www.gdacs.org/report.aspx?eventtype=WF&eventid=1021074
EONET_9823,GDACS,https://www.gdacs.org/report.aspx?eventtype=WF&eventid=1021075
EONET_9824,GDACS,https://www.gdacs.org/report.aspx?eventtype=WF&eventid=1021188
EONET_9825,GDACS,https://www.gdacs.org/report.aspx?eventtype=WF&eventid=1021189
EONET_9826,GDACS,https://www.gdacs.org/report.aspx?eventtype=WF&eventid=1021190
EONET_9827,GDACS,https://www.gdacs.org/report.aspx?eventtype=WF&eventid=1021059
EONET_9828,GDACS,https://www.gdacs.org/report.aspx?eventtype=WF&eventid=1021055
EONET_9971,GDACS,https://www.gdacs.org/report.aspx?eventtype=WF&eventid=1021198
EONET_9972,GDACS,https://www.gdacs.org/report.aspx?eventtype=WF&eventid=1021205
EONET_9973,GDACS,https://www.gdacs.org/report.aspx?eventtype=WF&eventid=1021235
EONET_9974,GDACS,https://www.gdacs.org/report.aspx?eventtype=WF&eventid=1021203
EONET_9975,GDACS,https://www.gdacs.org/report.aspx?eventtype=WF&eventid=1021204
EONET_9976,GDACS,https://www.gdacs.org/report.aspx?eventtype=WF&eventid=1021206
EONET_9977,GDACS,https://www.gdacs.org/report.aspx?eventtype=WF&eventid=1021207
EONET_9978,GDACS,https://www.gdacs.org/report.aspx?eventtype=WF&eventid=1021221
EONET_9979,GDACS,https://www.gdacs.org/report.aspx?eventtype=WF&eventid=1021222
EONET_9980,GDACS,https://www.gdacs.org/report.aspx?eventtype=WF&eventid=1021227
EONET_10036,GDACS,https://www.gdacs.org/report.aspx?eventtype=WF&eventid=1021251
EONET_10037,GDACS,https://www.gdacs.org/report.aspx?eventtype=WF&eventid=1021252
EONET_10038,GDACS,https://www.gdacs.org/report.aspx?eventtype=WF&eventid=1021253
EONET_10039,GDACS,https://www.gdacs.org/report.aspx?eventtype=WF&eventid=1021281
EONET_10040,GDACS,https://www.gdacs.org/report.aspx?eventtype=WF&eventid=1021269
EONET_10041,GDACS,https://www.gdacs.org/report.aspx?eventtype=WF&eventid=1021243
EONET_10042,GDACS,https://www.gdacs.org/report.aspx?eventtype=WF&eventid=1021244
EONET_10043,GDACS,https://www.gdacs.org/report.aspx?eventtype=WF&eventid=1021245
EONET_10081,GDACS,https://www.gdacs.org/report.aspx?eventtype=WF&eventid=1021298
EONET_10082,GDACS,https://www.gdacs.org/report.aspx?eventtype=WF&eventid=1021301
EONET_10083,GDACS,https://www.gdacs.org/report.aspx?eventtype=WF&eventid=1021311
EONET_10084,GDACS,https://www.gdacs.org/report.aspx?eventtype=WF&eventid=1021312
EONET_10085,GDACS,https://www.gdacs.org/report.aspx?eventtype=WF&eventid=1021313
EONET_10086,GDACS,https://www.gdacs.org/report.aspx?eventtype=WF&eventid=1021314
EONET_10087,GDACS,https://www.gdacs.org/report.aspx?eventtype=WF&eventid=1021315
EONET_10088,GDACS,https://www.gdacs.org/report.aspx?eventtype=WF&eventid=1021322
EONET_10089,GDACS,https://www.gdacs.org/report.aspx?eventtype=WF&eventid=1021317
EONET_10090,GDACS,https://www.gdacs.org/report.aspx?eventtype=WF&eventid=1021287
EONET_10091,GDACS,https://www.gdacs.org/report.aspx?eventtype=WF&eventid=1021299
EONET_10092,GDACS,https://www.gdacs.org/report.aspx?eventtype=WF&eventid=1021300
EONET_10139,GDACS,https://www.gdacs.org/report.aspx?eventtype=WF&eventid=1021337
EONET_10140,GDACS,https://www.gdacs.org/report.aspx?eventtype=WF&eventid=1021338
EONET_10141,GDACS,https://www.gdacs.org/report.aspx?eventtype=WF&eventid=1021339
EONET_10142,GDACS,https://www.gdacs.org/report.aspx?eventtype=WF&eventid=1021340
EONET_10143,GDACS,https://www.gdacs.org/report.aspx?eventtype=WF&eventid=1021341
EONET_10144,GDACS,https://www.gdacs.org/report.aspx?eventtype=WF&eventid=1021342
EONET_10145,GDACS,https://www.gdacs.org/report.aspx?eventtype=WF&eventid=1021343
EONET_10146,GDACS,https://www.gdacs.org/report.aspx?eventtype=WF&eventid=1021344
EONET_10276,GDACS,https://www.gdacs.org/report.aspx?eventtype=WF&eventid=1021489
EONET_10277,GDACS,https://www.gdacs.org/report.aspx?eventtype=WF&eventid=1021491
EONET_10278,GDACS,https://www.gdacs.org/report.aspx?eventtype=WF&eventid=1021495
EONET_10279,GDACS,https://www.gdacs.org/report.aspx?eventtype=WF&eventid=1021498
EONET_10280,GDACS,https://www.gdacs.org/report.aspx?eventtype=WF&eventid=1021500
EONET_10281,GDACS,https://www.gdacs.org/report.aspx?eventtype=WF&eventid=1021504
EONET_10282,GDACS,https://www.gdacs.org/report.aspx?eventtype=WF&eventid=1021494
EONET_10283,GDACS,https://www.gdacs.org/report.aspx?eventtype=WF&eventid=1021503
EONET_10284,GDACS,https://www.gdacs.org/report.aspx?eventtype=WF&eventid=1021492
EONET_10285,GDACS,https://www.gdacs.org/report.aspx?eventtype=WF&eventid=1021488
EONET_10286,GDACS,https://www.gdacs.org/report.aspx?eventtype=WF&eventid=1021490
EONET_10287,GDACS,https://www.gdacs.org/report.aspx?eventtype=WF&eventid=1021493
EONET_10288,GDACS,https://www.gdacs.org/report.aspx?eventtype=WF&eventid=1021496
EONET_10289,GDACS,https://www.gdacs.org/report.aspx?eventtype=WF&eventid=1021497
EONET_10290,GDACS,https://www.gdacs.org/report.aspx?eventtype=WF&eventid=1021499
EONET_10291,GDACS,https://www.gdacs.org/report.aspx?eventtype=WF&eventid=1021501
EONET_10292,GDACS,https://www.gdacs.org/report.aspx?eventtype=WF&eventid=1021502
EONET_10012,IRWIN,https://irwin.doi.gov/observer/
EONET_10008,IRWIN,https://irwin.doi.gov/observer/
EONET_10011,IRWIN,https://irwin.doi.gov/observer/
EONET_9739,IRWIN,https://irwin.doi.gov/observer/
EONET_9738,IRWIN,https://irwin.doi.gov/observer/
EONET_9681,GDACS,https://www.gdacs.org/report.aspx?eventtype=WF&eventid=1020968
EONET_9740,GDACS,https://www.gdacs.org/report.aspx?eventtype=WF&eventid=1020981
EONET_9741,GDACS,https://www.gdacs.org/report.aspx?eventtype=WF&eventid=1020980
EONET_9778,GDACS,https://www.gdacs.org/report.aspx?eventtype=WF&eventid=1021021
EONET_9779,GDACS,https://www.gdacs.org/report.aspx?eventtype=WF&eventid=1021043
EONET_9780,GDACS,https://www.gdacs.org/report.aspx?eventtype=WF&eventid=1021022
EONET_9829,GDACS,https://www.gdacs.org/report.aspx?eventtype=WF&eventid=1021060
EONET_9830,GDACS,https://www.gdacs.org/report.aspx?eventtype=WF&eventid=1021061
EONET_9831,GDACS,https://www.gdacs.org/report.aspx?eventtype=WF&eventid=1021191
EONET_9832,GDACS,https://www.gdacs.org/report.aspx?eventtype=WF&eventid=1021192
EONET_9833,GDACS,https://www.gdacs.org/report.aspx?eventtype=WF&eventid=1021076
EONET_9834,GDACS,https://www.gdacs.org/report.aspx?eventtype=WF&eventid=1021056
EONET_9981,GDACS,https://www.gdacs.org/report.aspx?eventtype=WF&eventid=1021228
EONET_9982,GDACS,https://www.gdacs.org/report.aspx?eventtype=WF&eventid=1021223
EONET_9983,GDACS,https://www.gdacs.org/report.aspx?eventtype=WF&eventid=1021224
EONET_9984,GDACS,https://www.gdacs.org/report.aspx?eventtype=WF&eventid=1021199
EONET_9985,GDACS,https://www.gdacs.org/report.aspx?eventtype=WF&eventid=1021209
EONET_9986,GDACS,https://www.gdacs.org/report.aspx?eventtype=WF&eventid=1021210
EONET_9987,GDACS,https://www.gdacs.org/report.aspx?eventtype=WF&eventid=1021236
EONET_9988,GDACS,https://www.gdacs.org/report.aspx?eventtype=WF&eventid=1021237
EONET_9989,GDACS,https://www.gdacs.org/report.aspx?eventtype=WF&eventid=1021238
EONET_9990,GDACS,https://www.gdacs.org/report.aspx?eventtype=WF&eventid=1021239
EONET_9991,GDACS,https://www.gdacs.org/report.aspx?eventtype=WF&eventid=1021208
EONET_9992,GDACS,https://www.gdacs.org/report.aspx?eventtype=WF&eventid=1021200
EONET_10044,GDACS,https://www.gdacs.org/report.aspx?eventtype=WF&eventid=1021270
EONET_10045,GDACS,https://www.gdacs.org/report.aspx?eventtype=WF&eventid=1021271
EONET_10046,GDACS,https://www.gdacs.org/report.aspx?eventtype=WF&eventid=1021272
EONET_10047,GDACS,https://www.gdacs.org/report.aspx?eventtype=WF&eventid=1021282
EONET_10048,GDACS,https://www.gdacs.org/report.aspx?eventtype=WF&eventid=1021283
EONET_10049,GDACS,https://www.gdacs.org/report.aspx?eventtype=WF&eventid=1021284
EONET_10050,GDACS,https://www.gdacs.org/report.aspx?eventtype=WF&eventid=1021285
EONET_10051,GDACS,https://www.gdacs.org/report.aspx?eventtype=WF&eventid=1021254
EONET_10052,GDACS,https://www.gdacs.org/report.aspx?eventtype=WF&eventid=1021255
EONET_10053,GDACS,https://www.gdacs.org/report.aspx?eventtype=WF&eventid=1021256
EONET_10054,GDACS,https://www.gdacs.org/report.aspx?eventtype=WF&eventid=1021257
EONET_10093,GDACS,https://www.gdacs.org/report.aspx?eventtype=WF&eventid=1021302
EONET_10094,GDACS,https://www.gdacs.org/report.aspx?eventtype=WF&eventid=1021303
EONET_10095,GDACS,https://www.gdacs.org/report.aspx?eventtype=WF&eventid=1021304
EONET_10096,GDACS,https://www.gdacs.org/report.aspx?eventtype=WF&eventid=1021305
EONET_10097,GDACS,https://www.gdacs.org/report.aspx?eventtype=WF&eventid=1021288
EONET_10293,GDACS,https://www.gdacs.org/report.aspx?eventtype=WF&eventid=1021505
EONET_10294,GDACS,https://www.gdacs.org/report.aspx?eventtype=WF&eventid=1021506
EONET_10295,GDACS,https://www.gdacs.org/report.aspx?eventtype=WF&eventid=1021517
EONET_10296,GDACS,https://www.gdacs.org/report.aspx?eventtype=WF&eventid=1021519
EONET_10297,GDACS,https://www.gdacs.org/report.aspx?eventtype=WF&eventid=1021520
EONET_10298,GDACS,https://www.gdacs.org/report.aspx?eventtype=WF&eventid=1021522
EONET_10299,GDACS,https://www.gdacs.org/report.aspx?eventtype=WF&eventid=1021523
EONET_10300,GDACS,https://www.gdacs.org/report.aspx?eventtype=WF&eventid=1021512
EONET_10301,GDACS,https://www.gdacs.org/report.aspx?eventtype=WF&eventid=1021518
EONET_10302,GDACS,https://www.gdacs.org/report.aspx?eventtype=WF&eventid=1021507
EONET_10303,GDACS,https://www.gdacs.org/report.aspx?eventtype=WF&eventid=1021509
EONET_10304,GDACS,https://www.gdacs.org/report.aspx?eventtype=WF&eventid=1021508
EONET_10305,GDACS,https://www.gdacs.org/report.aspx?eventtype=WF&eventid=1021510
EONET_10306,GDACS,https://www.gdacs.org/report.aspx?eventtype=WF&eventid=1021511
EONET_10307,GDACS,https://www.gdacs.org/report.aspx?eventtype=WF&eventid=1021513
EONET_10308,GDACS,https://www.gdacs.org/report.aspx?eventtype=WF&eventid=1021514
EONET_10309,GDACS,https://www.gdacs.org/report.aspx?eventtype=WF&eventid=1021515
EONET_10310,GDACS,https://www.gdacs.org/report.aspx?eventtype=WF&eventid=1021516
EONET_10311,GDACS,https://www.gdacs.org/report.aspx?eventtype=WF&eventid=1021521
EONET_10009,IRWIN,https://irwin.doi.gov/observer/
EONET_9737,IRWIN,https://irwin.doi.gov/observer/
EONET_9742,GDACS,https://www.gdacs.org/report.aspx?eventtype=WF&eventid=1020982
EONET_9743,GDACS,https://www.gdacs.org/report.aspx?eventtype=WF&eventid=1021003
EONET_9744,GDACS,https://www.gdacs.org/report.aspx?eventtype=WF&eventid=1020975
EONET_9781,GDACS,https://www.gdacs.org/report.aspx?eventtype=WF&eventid=1021024
EONET_9782,GDACS,https://www.gdacs.org/report.aspx?eventtype=WF&eventid=1021025
EONET_9783,GDACS,https://www.gdacs.org/report.aspx?eventtype=WF&eventid=1021023
EONET_9784,GDACS,https://www.gdacs.org/report.aspx?eventtype=WF&eventid=1021047
EONET_9835,GDACS,https://www.gdacs.org/report.aspx?eventtype=WF&eventid=1021062
EONET_9836,GDACS,https://www.gdacs.org/report.aspx?eventtype=WF&eventid=1021063
EONET_9837,GDACS,https://www.gdacs.org/report.aspx?eventtype=WF&eventid=1021065
EONET_9838,GDACS,https://www.gdacs.org/report.aspx?eventtype=WF&eventid=1021066
EONET_9839,GDACS,https://www.gdacs.org/report.aspx?eventtype=WF&eventid=1021193
EONET_9840,GDACS,https://www.gdacs.org/report.aspx?eventtype=WF&eventid=1021194
EONET_9841,GDACS,https://www.gdacs.org/report.aspx?eventtype=WF&eventid=1021195
EONET_9842,GDACS,https://www.gdacs.org/report.aspx?eventtype=WF&eventid=1021064
EONET_9843,GDACS,https://www.gdacs.org/report.aspx?eventtype=WF&eventid=1021067
EONET_9844,GDACS,https://www.gdacs.org/report.aspx?eventtype=WF&eventid=1021068
EONET_9993,GDACS,https://www.gdacs.org/report.aspx?eventtype=WF&eventid=1021225
EONET_9994,GDACS,https://www.gdacs.org/report.aspx?eventtype=WF&eventid=1021213
EONET_9995,GDACS,https://www.gdacs.org/report.aspx?eventtype=WF&eventid=1021240
EONET_9996,GDACS,https://www.gdacs.org/report.aspx?eventtype=WF&eventid=1021241
EONET_9997,GDACS,https://www.gdacs.org/report.aspx?eventtype=WF&eventid=1021211
EONET_9998,GDACS,https://www.gdacs.org/report.aspx?eventtype=WF&eventid=1021212
EONET_10055,GDACS,https://www.gdacs.org/report.aspx?eventtype=WF&eventid=1021246
EONET_10056,GDACS,https://www.gdacs.org/report.aspx?eventtype=WF&eventid=1021247
EONET_10057,GDACS,https://www.gdacs.org/report.aspx?eventtype=WF&eventid=1021258
EONET_10058,GDACS,https://www.gdacs.org/report.aspx?eventtype=WF&eventid=1021259
EONET_10059,GDACS,https://www.gdacs.org/report.aspx?eventtype=WF&eventid=1021260
EONET_10060,GDACS,https://www.gdacs.org/report.aspx?eventtype=WF&eventid=1021261
EONET_9736,IRWIN,https://irwin.doi.gov/observer/
EONET_9735,IRWIN,https://irwin.doi.gov/observer/
EONET_9733,IRWIN,https://irwin.doi.gov/observer/
EONET_9732,IRWIN,https://irwin.doi.gov/observer/
EONET_9731,IRWIN,https://irwin.doi.gov/observer/
EONET_9540,GDACS,https://www.gdacs.org/report.aspx?eventtype=WF&eventid=1020800
EONET_9541,GDACS,https://www.gdacs.org/report.aspx?eventtype=WF&eventid=1020801
EONET_9542,GDACS,https://www.gdacs.org/report.aspx?eventtype=WF&eventid=1020794
EONET_9543,GDACS,https://www.gdacs.org/report.aspx?eventtype=WF&eventid=1020844
EONET_9682,GDACS,https://www.gdacs.org/report.aspx?eventtype=WF&eventid=1020965
EONET_9683,GDACS,https://www.gdacs.org/report.aspx?eventtype=WF&eventid=1020954
EONET_9684,GDACS,https://www.gdacs.org/report.aspx?eventtype=WF&eventid=1020953
EONET_9745,GDACS,https://www.gdacs.org/report.aspx?eventtype=WF&eventid=1020983
EONET_9746,GDACS,https://www.gdacs.org/report.aspx?eventtype=WF&eventid=1020986
EONET_9747,GDACS,https://www.gdacs.org/report.aspx?eventtype=WF&eventid=1020976
EONET_9748,GDACS,https://www.gdacs.org/report.aspx?eventtype=WF&eventid=1021001
EONET_9749,GDACS,https://www.gdacs.org/report.aspx?eventtype=WF&eventid=1021005
EONET_9750,GDACS,https://www.gdacs.org/report.aspx?eventtype=WF&eventid=1021006
EONET_9751,GDACS,https://www.gdacs.org/report.aspx?eventtype=WF&eventid=1020984
EONET_9752,GDACS,https://www.gdacs.org/report.aspx?eventtype=WF&eventid=1020985
EONET_9753,GDACS,https://www.gdacs.org/report.aspx?eventtype=WF&eventid=1020987
EONET_9785,GDACS,https://www.gdacs.org/report.aspx?eventtype=WF&eventid=1021027
EONET_9786,GDACS,https://www.gdacs.org/report.aspx?eventtype=WF&eventid=1021028
EONET_9787,GDACS,https://www.gdacs.org/report.aspx?eventtype=WF&eventid=1021044
EONET_9788,GDACS,https://www.gdacs.org/report.aspx?eventtype=WF&eventid=1021045
EONET_9789,GDACS,https://www.gdacs.org/report.aspx?eventtype=WF&eventid=1021011
EONET_9790,GDACS,https://www.gdacs.org/report.aspx?eventtype=WF&eventid=1021050
EONET_9791,GDACS,https://www.gdacs.org/report.aspx?eventtype=WF&eventid=1021051
EONET_9792,GDACS,https://www.gdacs.org/report.aspx?eventtype=WF&eventid=1021026
EONET_9793,GDACS,https://www.gdacs.org/report.aspx?eventtype=WF&eventid=1021029
EONET_9794,GDACS,https://www.gdacs.org/report.aspx?eventtype=WF&eventid=1021013
EONET_9795,GDACS,https://www.gdacs.org/report.aspx?eventtype=WF&eventid=1021014
EONET_9845,GDACS,https://www.gdacs.org/report.aspx?eventtype=WF&eventid=1021070
EONET_9846,GDACS,https://www.gdacs.org/report.aspx?eventtype=WF&eventid=1021079
EONET_9847,GDACS,https://www.gdacs.org/report.aspx?eventtype=WF&eventid=1021069
EONET_9848,GDACS,https://www.gdacs.org/report.aspx?eventtype=WF&eventid=1021071
EONET_9849,GDACS,https://www.gdacs.org/report.aspx?eventtype=WF&eventid=1021077
EONET_9999,GDACS,https://www.gdacs.org/report.aspx?eventtype=WF&eventid=1021214
EONET_10000,GDACS,https://www.gdacs.org/report.aspx?eventtype=WF&eventid=1021215
EONET_10001,GDACS,https://www.gdacs.org/report.aspx?eventtype=WF&eventid=1021216
EONET_10002,GDACS,https://www.gdacs.org/report.aspx?eventtype=WF&eventid=1021217
EONET_10003,GDACS,https://www.gdacs.org/report.aspx?eventtype=WF&eventid=1021218
EONET_10004,GDACS,https://www.gdacs.org/report.aspx?eventtype=WF&eventid=1021201
EONET_10005,GDACS,https://www.gdacs.org/report.aspx?eventtype=WF&eventid=1021202
EONET_9730,IRWIN,https://irwin.doi.gov/observer/
EONET_9729,IRWIN,https://irwin.doi.gov/observer/
EONET_9728,IRWIN,https://irwin.doi.gov/observer/
EONET_9727,IRWIN,https://irwin.doi.gov/observer/
EONET_9726,IRWIN,https://irwin.doi.gov/observer/
EONET_9724,IRWIN,https://irwin.doi.gov/observer/
EONET_9725,IRWIN,https://irwin.doi.gov/observer/
EONET_9723,IRWIN,https://irwin.doi.gov/observer/
EONET_9722,IRWIN,https://irwin.doi.gov/observer/
EONET_9721,IRWIN,https://irwin.doi.gov/observer/
EONET_9720,IRWIN,https://irwin.doi.gov/observer/
EONET_9491,GDACS,https://www.gdacs.org/report.aspx?eventtype=WF&eventid=1020757
EONET_9492,GDACS,https://www.gdacs.org/report.aspx?eventtype=WF&eventid=1020758
EONET_9493,GDACS,https://www.gdacs.org/report.aspx?eventtype=WF&eventid=1020773
EONET_9494,GDACS,https://www.gdacs.org/report.aspx?eventtype=WF&eventid=1020774
EONET_9544,GDACS,https://www.gdacs.org/report.aspx?eventtype=WF&eventid=1020830
EONET_9545,GDACS,https://www.gdacs.org/report.aspx?eventtype=WF&eventid=1020821
EONET_9546,GDACS,https://www.gdacs.org/report.aspx?eventtype=WF&eventid=1020820
EONET_9547,GDACS,https://www.gdacs.org/report.aspx?eventtype=WF&eventid=1020829
EONET_9548,GDACS,https://www.gdacs.org/report.aspx?eventtype=WF&eventid=1020845
EONET_9685,GDACS,https://www.gdacs.org/report.aspx?eventtype=WF&eventid=1020955
EONET_9686,GDACS,https://www.gdacs.org/report.aspx?eventtype=WF&eventid=1020956
EONET_9687,GDACS,https://www.gdacs.org/report.aspx?eventtype=WF&eventid=1020957
EONET_9688,GDACS,https://www.gdacs.org/report.aspx?eventtype=WF&eventid=1020958
EONET_9689,GDACS,https://www.gdacs.org/report.aspx?eventtype=WF&eventid=1020947
EONET_9690,GDACS,https://www.gdacs.org/report.aspx?eventtype=WF&eventid=1020948
EONET_9691,GDACS,https://www.gdacs.org/report.aspx?eventtype=WF&eventid=1020966
EONET_9692,GDACS,https://www.gdacs.org/report.aspx?eventtype=WF&eventid=1020969
EONET_9693,GDACS,https://www.gdacs.org/report.aspx?eventtype=WF&eventid=1020970
EONET_9694,GDACS,https://www.gdacs.org/report.aspx?eventtype=WF&eventid=1020971
EONET_9695,GDACS,https://www.gdacs.org/report.aspx?eventtype=WF&eventid=1020972
EONET_9754,GDACS,https://www.gdacs.org/report.aspx?eventtype=WF&eventid=1020988
EONET_9755,GDACS,https://www.gdacs.org/report.aspx?eventtype=WF&eventid=1020990
EONET_9756,GDACS,https://www.gdacs.org/report.aspx?eventtype=WF&eventid=1020989
EONET_9757,GDACS,https://www.gdacs.org/report.aspx?eventtype=WF&eventid=1020991
EONET_9758,GDACS,https://www.gdacs.org/report.aspx?eventtype=WF&eventid=1020992
EONET_9759,GDACS,https://www.gdacs.org/report.aspx?eventtype=WF&eventid=1021007
EONET_9760,GDACS,https://www.gdacs.org/report.aspx?eventtype=WF&eventid=1021002
EONET_9796,GDACS,https://www.gdacs.org/report.aspx?eventtype=WF&eventid=1021015
EONET_9797,GDACS,https://www.gdacs.org/report.aspx?eventtype=WF&eventid=1021016
EONET_9798,GDACS,https://www.gdacs.org/report.aspx?eventtype=WF&eventid=1021030
EONET_9799,GDACS,https://www.gdacs.org/report.aspx?eventtype=WF&eventid=1021031
EONET_9800,GDACS,https://www.gdacs.org/report.aspx?eventtype=WF&eventid=1021032
EONET_9801,GDACS,https://www.gdacs.org/report.aspx?eventtype=WF&eventid=1021033
EONET_9802,GDACS,https://www.gdacs.org/report.aspx?eventtype=WF&eventid=1021034
EONET_9803,GDACS,https://www.gdacs.org/report.aspx?eventtype=WF&eventid=1021052
EONET_9804,GDACS,https://www.gdacs.org/report.aspx?eventtype=WF&eventid=1021053
EONET_9805,GDACS,https://www.gdacs.org/report.aspx?eventtype=WF&eventid=1021054
EONET_9806,GDACS,https://www.gdacs.org/report.aspx?eventtype=WF&eventid=1021012
EONET_9807,GDACS,https://www.gdacs.org/report.aspx?eventtype=WF&eventid=1021046
EONET_9808,GDACS,https://www.gdacs.org/report.aspx?eventtype=WF&eventid=1021017
EONET_9809,GDACS,https://www.gdacs.org/report.aspx?eventtype=WF&eventid=1021018
EONET_9810,GDACS,https://www.gdacs.org/report.aspx?eventtype=WF&eventid=1021019
EONET_9850,GDACS,https://www.gdacs.org/report.aspx?eventtype=WF&eventid=1021072
EONET_9851,GDACS,https://www.gdacs.org/report.aspx?eventtype=WF&eventid=1021073
EONET_9852,GDACS,https://www.gdacs.org/report.aspx?eventtype=WF&eventid=1021057
EONET_9853,GDACS,https://www.gdacs.org/report.aspx?eventtype=WF&eventid=1021058
EONET_9717,IRWIN,https://irwin.doi.gov/observer/
EONET_9713,IRWIN,https://irwin.doi.gov/observer/
EONET_9712,IRWIN,https://irwin.doi.gov/observer/
EONET_9710,IRWIN,https://irwin.doi.gov/observer/
EONET_9709,IRWIN,https://irwin.doi.gov/observer/
EONET_9490,IRWIN,https://irwin.doi.gov/observer/
EONET_9443,GDACS,https://www.gdacs.org/report.aspx?eventtype=WF&eventid=1020699
EONET_9549,GDACS,https://www.gdacs.org/report.aspx?eventtype=WF&eventid=1020847
EONET_9550,GDACS,https://www.gdacs.org/report.aspx?eventtype=WF&eventid=1020849
EONET_9551,GDACS,https://www.gdacs.org/report.aspx?eventtype=WF&eventid=1020846
EONET_9552,GDACS,https://www.gdacs.org/report.aspx?eventtype=WF&eventid=1020848
EONET_9553,GDACS,https://www.gdacs.org/report.aspx?eventtype=WF&eventid=1020850
EONET_9554,GDACS,https://www.gdacs.org/report.aspx?eventtype=WF&eventid=1020851
EONET_9555,GDACS,https://www.gdacs.org/report.aspx?eventtype=WF&eventid=1020795
EONET_9556,GDACS,https://www.gdacs.org/report.aspx?eventtype=WF&eventid=1020802
EONET_9696,GDACS,https://www.gdacs.org/report.aspx?eventtype=WF&eventid=1020973
EONET_9697,GDACS,https://www.gdacs.org/report.aspx?eventtype=WF&eventid=1020960
EONET_9698,GDACS,https://www.gdacs.org/report.aspx?eventtype=WF&eventid=1020961
EONET_9699,GDACS,https://www.gdacs.org/report.aspx?eventtype=WF&eventid=1020959
EONET_9761,GDACS,https://www.gdacs.org/report.aspx?eventtype=WF&eventid=1020977
EONET_9762,GDACS,https://www.gdacs.org/report.aspx?eventtype=WF&eventid=1021008
EONET_9763,GDACS,https://www.gdacs.org/report.aspx?eventtype=WF&eventid=1021009
EONET_9764,GDACS,https://www.gdacs.org/report.aspx?eventtype=WF&eventid=1021010
EONET_9765,GDACS,https://www.gdacs.org/report.aspx?eventtype=WF&eventid=1021004
EONET_9766,GDACS,https://www.gdacs.org/report.aspx?eventtype=WF&eventid=1020993
EONET_9767,GDACS,https://www.gdacs.org/report.aspx?eventtype=WF&eventid=1020994
EONET_9768,GDACS,https://www.gdacs.org/report.aspx?eventtype=WF&eventid=1020995
EONET_9769,GDACS,https://www.gdacs.org/report.aspx?eventtype=WF&eventid=1020996
EONET_9770,GDACS,https://www.gdacs.org/report.aspx?eventtype=WF&eventid=1020997
EONET_9771,GDACS,https://www.gdacs.org/report.aspx?eventtype=WF&eventid=1020999
EONET_9772,GDACS,https://www.gdacs.org/report.aspx?eventtype=WF&eventid=1020998
EONET_9811,GDACS,https://www.gdacs.org/report.aspx?eventtype=WF&eventid=1021020
EONET_9812,GDACS,https://www.gdacs.org/report.aspx?eventtype=WF&eventid=1021035
EONET_9813,GDACS,https://www.gdacs.org/report.aspx?eventtype=WF&eventid=1021036
EONET_9814,GDACS,https://www.gdacs.org/report.aspx?eventtype=WF&eventid=1021037
EONET_9815,GDACS,https://www.gdacs.org/report.aspx?eventtype=WF&eventid=1021038
EONET_9816,GDACS,https://www.gdacs.org/report.aspx?eventtype=WF&eventid=1021039
EONET_9817,GDACS,https://www.gdacs.org/report.aspx?eventtype=WF&eventid=1021040
EONET_9818,GDACS,https://www.gdacs.org/report.aspx?eventtype=WF&eventid=1021041
EONET_9819,GDACS,https://www.gdacs.org/report.aspx?eventtype=WF&eventid=1021042
EONET_9854,GDACS,https://www.gdacs.org/report.aspx?eventtype=WF&eventid=1021082
EONET_9855,GDACS,https://www.gdacs.org/report.aspx?eventtype=WF&eventid=1021083
EONET_9856,GDACS,https://www.gdacs.org/report.aspx?eventtype=WF&eventid=1021085
EONET_9857,GDACS,https://www.gdacs.org/report.aspx?eventtype=WF&eventid=1021086
EONET_9858,GDACS,https://www.gdacs.org/report.aspx?eventtype=WF&eventid=1021088
EONET_9859,GDACS,https://www.gdacs.org/report.aspx?eventtype=WF&eventid=1021080
EONET_9860,GDACS,https://www.gdacs.org/report.aspx?eventtype=WF&eventid=1021081
EONET_9861,GDACS,https://www.gdacs.org/report.aspx?eventtype=WF&eventid=1021084
EONET_9862,GDACS,https://www.gdacs.org/report.aspx?eventtype=WF&eventid=1021087
EONET_9489,IRWIN,https://irwin.doi.gov/observer/
EONET_9488,IRWIN,https://irwin.doi.gov/observer/
EONET_9444,GDACS,https://www.gdacs.org/report.aspx?eventtype=WF&eventid=1020733
EONET_9445,GDACS,https://www.gdacs.org/report.aspx?eventtype=WF&eventid=1020719
EONET_9446,GDACS,https://www.gdacs.org/report.aspx?eventtype=WF&eventid=1020720
EONET_9495,GDACS,https://www.gdacs.org/report.aspx?eventtype=WF&eventid=1020770
EONET_9496,GDACS,https://www.gdacs.org/report.aspx?eventtype=WF&eventid=1020775
EONET_9557,GDACS,https://www.gdacs.org/report.aspx?eventtype=WF&eventid=1020853
EONET_9558,GDACS,https://www.gdacs.org/report.aspx?eventtype=WF&eventid=1020854
EONET_9559,GDACS,https://www.gdacs.org/report.aspx?eventtype=WF&eventid=1020856
EONET_9560,GDACS,https://www.gdacs.org/report.aspx?eventtype=WF&eventid=1020796
EONET_9561,GDACS,https://www.gdacs.org/report.aspx?eventtype=WF&eventid=1020852
EONET_9562,GDACS,https://www.gdacs.org/report.aspx?eventtype=WF&eventid=1020855
EONET_9563,GDACS,https://www.gdacs.org/report.aspx?eventtype=WF&eventid=1020822
EONET_9564,GDACS,https://www.gdacs.org/report.aspx?eventtype=WF&eventid=1020823
EONET_9565,GDACS,https://www.gdacs.org/report.aspx?eventtype=WF&eventid=1020824
EONET_9566,GDACS,https://www.gdacs.org/report.aspx?eventtype=WF&eventid=1020825
EONET_9700,GDACS,https://www.gdacs.org/report.aspx?eventtype=WF&eventid=1020974
EONET_9701,GDACS,https://www.gdacs.org/report.aspx?eventtype=WF&eventid=1020967
EONET_9702,GDACS,https://www.gdacs.org/report.aspx?eventtype=WF&eventid=1020962
EONET_9703,GDACS,https://www.gdacs.org/report.aspx?eventtype=WF&eventid=1020963
EONET_9704,GDACS,https://www.gdacs.org/report.aspx?eventtype=WF&eventid=1020949
EONET_9773,GDACS,https://www.gdacs.org/report.aspx?eventtype=WF&eventid=1021000
EONET_9774,GDACS,https://www.gdacs.org/report.aspx?eventtype=WF&eventid=1020978
EONET_9775,GDACS,https://www.gdacs.org/report.aspx?eventtype=WF&eventid=1020979
EONET_9863,GDACS,https://www.gdacs.org/report.aspx?eventtype=WF&eventid=1021090
EONET_9864,GDACS,https://www.gdacs.org/report.aspx?eventtype=WF&eventid=1021089
EONET_9865,GDACS,https://www.gdacs.org/report.aspx?eventtype=WF&eventid=1021091
EONET_9866,GDACS,https://www.gdacs.org/report.aspx?eventtype=WF&eventid=1021092
EONET_9867,GDACS,https://www.gdacs.org/report.aspx?eventtype=WF&eventid=1021093
EONET_9868,GDACS,https://www.gdacs.org/report.aspx?eventtype=WF&eventid=1021094
EONET_9869,GDACS,https://www.gdacs.org/report.aspx?eventtype=WF&eventid=1021095
EONET_9870,GDACS,https://www.gdacs.org/report.aspx?eventtype=WF&eventid=1021096
EONET_9871,GDACS,https://www.gdacs.org/report.aspx?eventtype=WF&eventid=1021097
EONET_9872,GDACS,https://www.gdacs.org/report.aspx?eventtype=WF&eventid=1021100
EONET_9873,GDACS,https://www.gdacs.org/report.aspx?eventtype=WF&eventid=1021102
EONET_9874,GDACS,https://www.gdacs.org/report.aspx?eventtype=WF&eventid=1021103
EONET_9875,GDACS,https://www.gdacs.org/report.aspx?eventtype=WF&eventid=1021098
EONET_9876,GDACS,https://www.gdacs.org/report.aspx?eventtype=WF&eventid=1021099
EONET_9877,GDACS,https://www.gdacs.org/report.aspx?eventtype=WF&eventid=1021101
EONET_9487,IRWIN,https://irwin.doi.gov/observer/
EONET_9486,IRWIN,https://irwin.doi.gov/observer/
EONET_9418,GDACS,https://www.gdacs.org/report.aspx?eventtype=WF&eventid=1020684
EONET_9419,GDACS,https://www.gdacs.org/report.aspx?eventtype=WF&eventid=1020685
EONET_9447,GDACS,https://www.gdacs.org/report.aspx?eventtype=WF&eventid=1020721
EONET_9448,GDACS,https://www.gdacs.org/report.aspx?eventtype=WF&eventid=1020722
EONET_9497,GDACS,https://www.gdacs.org/report.aspx?eventtype=WF&eventid=1020738
EONET_9498,GDACS,https://www.gdacs.org/report.aspx?eventtype=WF&eventid=1020759
EONET_9499,GDACS,https://www.gdacs.org/report.aspx?eventtype=WF&eventid=1020760
EONET_9567,GDACS,https://www.gdacs.org/report.aspx?eventtype=WF&eventid=1020826
EONET_9568,GDACS,https://www.gdacs.org/report.aspx?eventtype=WF&eventid=1020857
EONET_9569,GDACS,https://www.gdacs.org/report.aspx?eventtype=WF&eventid=1020858
EONET_9570,GDACS,https://www.gdacs.org/report.aspx?eventtype=WF&eventid=1020859
EONET_9571,GDACS,https://www.gdacs.org/report.aspx?eventtype=WF&eventid=1020803
EONET_9705,GDACS,https://www.gdacs.org/report.aspx?eventtype=WF&eventid=1020964
EONET_9878,GDACS,https://www.gdacs.org/report.aspx?eventtype=WF&eventid=1021108
EONET_9879,GDACS,https://www.gdacs.org/report.aspx?eventtype=WF&eventid=1021110
EONET_9880,GDACS,https://www.gdacs.org/report.aspx?eventtype=WF&eventid=1021112
EONET_9881,GDACS,https://www.gdacs.org/report.aspx?eventtype=WF&eventid=1021113
EONET_9882,GDACS,https://www.gdacs.org/report.aspx?eventtype=WF&eventid=1021104
EONET_9883,GDACS,https://www.gdacs.org/report.aspx?eventtype=WF&eventid=1021106
EONET_9884,GDACS,https://www.gdacs.org/report.aspx?eventtype=WF&eventid=1021107
EONET_9885,GDACS,https://www.gdacs.org/report.aspx?eventtype=WF&eventid=1021109
EONET_9886,GDACS,https://www.gdacs.org/report.aspx?eventtype=WF&eventid=1021111
EONET_9887,GDACS,https://www.gdacs.org/report.aspx?eventtype=WF&eventid=1021105
EONET_9484,IRWIN,https://irwin.doi.gov/observer/
EONET_9679,SIVolcano,https://volcano.si.edu/volcano.cfm?vn=282030
EONET_9379,GDACS,https://www.gdacs.org/report.aspx?eventtype=WF&eventid=1020640
EONET_9380,GDACS,https://www.gdacs.org/report.aspx?eventtype=WF&eventid=1020662
EONET_9381,GDACS,https://www.gdacs.org/report.aspx?eventtype=WF&eventid=1020663
EONET_9382,GDACS,https://www.gdacs.org/report.aspx?eventtype=WF&eventid=1020664
EONET_9420,GDACS,https://www.gdacs.org/report.aspx?eventtype=WF&eventid=1020694
EONET_9421,GDACS,https://www.gdacs.org/report.aspx?eventtype=WF&eventid=1020686
EONET_9422,GDACS,https://www.gdacs.org/report.aspx?eventtype=WF&eventid=1020687
EONET_9449,GDACS,https://www.gdacs.org/report.aspx?eventtype=WF&eventid=1020723
EONET_9450,GDACS,https://www.gdacs.org/report.aspx?eventtype=WF&eventid=1020724
EONET_9500,GDACS,https://www.gdacs.org/report.aspx?eventtype=WF&eventid=1020761
EONET_9501,GDACS,https://www.gdacs.org/report.aspx?eventtype=WF&eventid=1020776
EONET_9502,GDACS,https://www.gdacs.org/report.aspx?eventtype=WF&eventid=1020777
EONET_9503,GDACS,https://www.gdacs.org/report.aspx?eventtype=WF&eventid=1020740
EONET_9572,GDACS,https://www.gdacs.org/report.aspx?eventtype=WF&eventid=1020805
EONET_9573,GDACS,https://www.gdacs.org/report.aspx?eventtype=WF&eventid=1020860
EONET_9574,GDACS,https://www.gdacs.org/report.aspx?eventtype=WF&eventid=1020861
EONET_9575,GDACS,https://www.gdacs.org/report.aspx?eventtype=WF&eventid=1020864
EONET_9576,GDACS,https://www.gdacs.org/report.aspx?eventtype=WF&eventid=1020866
EONET_9577,GDACS,https://www.gdacs.org/report.aspx?eventtype=WF&eventid=1020867
EONET_9578,GDACS,https://www.gdacs.org/report.aspx?eventtype=WF&eventid=1020869
EONET_9579,GDACS,https://www.gdacs.org/report.aspx?eventtype=WF&eventid=1020827
EONET_9580,GDACS,https://www.gdacs.org/report.aspx?eventtype=WF&eventid=1020804
EONET_9581,GDACS,https://www.gdacs.org/report.aspx?eventtype=WF&eventid=1020862
EONET_9582,GDACS,https://www.gdacs.org/report.aspx?eventtype=WF&eventid=1020863
EONET_9583,GDACS,https://www.gdacs.org/report.aspx?eventtype=WF&eventid=1020865
EONET_9584,GDACS,https://www.gdacs.org/report.aspx?eventtype=WF&eventid=1020868
EONET_9585,GDACS,https://www.gdacs.org/report.aspx?eventtype=WF&eventid=1020871
EONET_9586,GDACS,https://www.gdacs.org/report.aspx?eventtype=WF&eventid=1020797
EONET_9587,GDACS,https://www.gdacs.org/report.aspx?eventtype=WF&eventid=1020798
EONET_9588,GDACS,https://www.gdacs.org/report.aspx?eventtype=WF&eventid=1020870
EONET_9888,GDACS,https://www.gdacs.org/report.aspx?eventtype=WF&eventid=1021116
EONET_9889,GDACS,https://www.gdacs.org/report.aspx?eventtype=WF&eventid=1021118
EONET_9890,GDACS,https://www.gdacs.org/report.aspx?eventtype=WF&eventid=1021120
EONET_9891,GDACS,https://www.gdacs.org/report.aspx?eventtype=WF&eventid=1021115
EONET_9892,GDACS,https://www.gdacs.org/report.aspx?eventtype=WF&eventid=1021117
EONET_9893,GDACS,https://www.gdacs.org/report.aspx?eventtype=WF&eventid=1021121
EONET_9894,GDACS,https://www.gdacs.org/report.aspx?eventtype=WF&eventid=1021122
EONET_9895,GDACS,https://www.gdacs.org/report.aspx?eventtype=WF&eventid=1021125
EONET_9896,GDACS,https://www.gdacs.org/report.aspx?eventtype=WF&eventid=1021126
EONET_9897,GDACS,https://www.gdacs.org/report.aspx?eventtype=WF&eventid=1021114
EONET_9898,GDACS,https://www.gdacs.org/report.aspx?eventtype=WF&eventid=1021119
EONET_9899,GDACS,https://www.gdacs.org/report.aspx?eventtype=WF&eventid=1021123
EONET_9900,GDACS,https://www.gdacs.org/report.aspx?eventtype=WF&eventid=1021124
EONET_9483,IRWIN,https://irwin.doi.gov/observer/
EONET_9482,IRWIN,https://irwin.doi.gov/observer/
EONET_9202,IRWIN,https://irwin.doi.gov/observer/
EONET_9207,IRWIN,https://irwin.doi.gov/observer/
EONET_9228,GDACS,https://www.gdacs.org/report.aspx?eventtype=WF&eventid=1020590
EONET_9342,GDACS,https://www.gdacs.org/report.aspx?eventtype=WF&eventid=1020618
EONET_9343,GDACS,https://www.gdacs.org/report.aspx?eventtype=WF&eventid=1020619
EONET_9344,GDACS,https://www.gdacs.org/report.aspx?eventtype=WF&eventid=1020630
EONET_9383,GDACS,https://www.gdacs.org/report.aspx?eventtype=WF&eventid=1020665
EONET_9384,GDACS,https://www.gdacs.org/report.aspx?eventtype=WF&eventid=1020670
EONET_9423,GDACS,https://www.gdacs.org/report.aspx?eventtype=WF&eventid=1020688
EONET_9424,GDACS,https://www.gdacs.org/report.aspx?eventtype=WF&eventid=1020695
EONET_9425,GDACS,https://www.gdacs.org/report.aspx?eventtype=WF&eventid=1020693
EONET_9451,GDACS,https://www.gdacs.org/report.aspx?eventtype=WF&eventid=1020725
EONET_9452,GDACS,https://www.gdacs.org/report.aspx?eventtype=WF&eventid=1020726
EONET_9453,GDACS,https://www.gdacs.org/report.aspx?eventtype=WF&eventid=1020727
EONET_9504,GDACS,https://www.gdacs.org/report.aspx?eventtype=WF&eventid=1020741
EONET_9505,GDACS,https://www.gdacs.org/report.aspx?eventtype=WF&eventid=1020739
EONET_9506,GDACS,https://www.gdacs.org/report.aspx?eventtype=WF&eventid=1020778
EONET_9507,GDACS,https://www.gdacs.org/report.aspx?eventtype=WF&eventid=1020779
EONET_9589,GDACS,https://www.gdacs.org/report.aspx?eventtype=WF&eventid=1020872
EONET_9590,GDACS,https://www.gdacs.org/report.aspx?eventtype=WF&eventid=1020873
EONET_9591,GDACS,https://www.gdacs.org/report.aspx?eventtype=WF&eventid=1020874
EONET_9592,GDACS,https://www.gdacs.org/report.aspx?eventtype=WF&eventid=1020878
EONET_9593,GDACS,https://www.gdacs.org/report.aspx?eventtype=WF&eventid=1020879
EONET_9594,GDACS,https://www.gdacs.org/report.aspx?eventtype=WF&eventid=1020875
EONET_9595,GDACS,https://www.gdacs.org/report.aspx?eventtype=WF&eventid=1020876
EONET_9596,GDACS,https://www.gdacs.org/report.aspx?eventtype=WF&eventid=1020877
EONET_9597,GDACS,https://www.gdacs.org/report.aspx?eventtype=WF&eventid=1020806
EONET_9901,GDACS,https://www.gdacs.org/report.aspx?eventtype=WF&eventid=1021128
EONET_9902,GDACS,https://www.gdacs.org/report.aspx?eventtype=WF&eventid=1021130
EONET_9903,GDACS,https://www.gdacs.org/report.aspx?eventtype=WF&eventid=1021131
EONET_9904,GDACS,https://www.gdacs.org/report.aspx?eventtype=WF&eventid=1021134
EONET_9905,GDACS,https://www.gdacs.org/report.aspx?eventtype=WF&eventid=1021137
EONET_9906,GDACS,https://www.gdacs.org/report.aspx?eventtype=WF&eventid=1021138
EONET_9907,GDACS,https://www.gdacs.org/report.aspx?eventtype=WF&eventid=1021127
EONET_9908,GDACS,https://www.gdacs.org/report.aspx?eventtype=WF&eventid=1021139
EONET_9909,GDACS,https://www.gdacs.org/report.aspx?eventtype=WF&eventid=1021129
EONET_9910,GDACS,https://www.gdacs.org/report.aspx?eventtype=WF&eventid=1021132
EONET_9911,GDACS,https://www.gdacs.org/report.aspx?eventtype=WF&eventid=1021133
EONET_9912,GDACS,https://www.gdacs.org/report.aspx?eventtype=WF&eventid=1021135
EONET_9913,GDACS,https://www.gdacs.org/report.aspx?eventtype=WF&eventid=1021136
EONET_9199,IRWIN,https://irwin.doi.gov/observer/
EONET_9208,IRWIN,https://irwin.doi.gov/observer/
EONET_9147,GDACS,https://www.gdacs.org/report.aspx?eventtype=WF&eventid=1020419
EONET_9229,GDACS,https://www.gdacs.org/report.aspx?eventtype=WF&eventid=1020591
EONET_9230,GDACS,https://www.gdacs.org/report.aspx?eventtype=WF&eventid=1020592
EONET_9231,GDACS,https://www.gdacs.org/report.aspx?eventtype=WF&eventid=1020534
EONET_9232,GDACS,https://www.gdacs.org/report.aspx?eventtype=WF&eventid=1020581
EONET_9345,GDACS,https://www.gdacs.org/report.aspx?eventtype=WF&eventid=1020603
EONET_9346,GDACS,https://www.gdacs.org/report.aspx?eventtype=WF&eventid=1020604
EONET_9347,GDACS,https://www.gdacs.org/report.aspx?eventtype=WF&eventid=1020627
EONET_9348,GDACS,https://www.gdacs.org/report.aspx?eventtype=WF&eventid=1020631
EONET_9349,GDACS,https://www.gdacs.org/report.aspx?eventtype=WF&eventid=1020632
EONET_9350,GDACS,https://www.gdacs.org/report.aspx?eventtype=WF&eventid=1020620
EONET_9385,GDACS,https://www.gdacs.org/report.aspx?eventtype=WF&eventid=1020641
EONET_9386,GDACS,https://www.gdacs.org/report.aspx?eventtype=WF&eventid=1020669
EONET_9426,GDACS,https://www.gdacs.org/report.aspx?eventtype=WF&eventid=1020676
EONET_9454,GDACS,https://www.gdacs.org/report.aspx?eventtype=WF&eventid=1020734
EONET_9508,GDACS,https://www.gdacs.org/report.aspx?eventtype=WF&eventid=1020742
EONET_9509,GDACS,https://www.gdacs.org/report.aspx?eventtype=WF&eventid=1020762
EONET_9510,GDACS,https://www.gdacs.org/report.aspx?eventtype=WF&eventid=1020763
EONET_9511,GDACS,https://www.gdacs.org/report.aspx?eventtype=WF&eventid=1020764
EONET_9512,GDACS,https://www.gdacs.org/report.aspx?eventtype=WF&eventid=1020765
EONET_9598,GDACS,https://www.gdacs.org/report.aspx?eventtype=WF&eventid=1020884
EONET_9599,GDACS,https://www.gdacs.org/report.aspx?eventtype=WF&eventid=1020880
EONET_9600,GDACS,https://www.gdacs.org/report.aspx?eventtype=WF&eventid=1020881
EONET_9601,GDACS,https://www.gdacs.org/report.aspx?eventtype=WF&eventid=1020885
EONET_9602,GDACS,https://www.gdacs.org/report.aspx?eventtype=WF&eventid=1020886
EONET_9603,GDACS,https://www.gdacs.org/report.aspx?eventtype=WF&eventid=1020887
EONET_9604,GDACS,https://www.gdacs.org/report.aspx?eventtype=WF&eventid=1020807
EONET_9605,GDACS,https://www.gdacs.org/report.aspx?eventtype=WF&eventid=1020799
EONET_9606,GDACS,https://www.gdacs.org/report.aspx?eventtype=WF&eventid=1020831
EONET_9607,GDACS,https://www.gdacs.org/report.aspx?eventtype=WF&eventid=1020882
EONET_9608,GDACS,https://www.gdacs.org/report.aspx?eventtype=WF&eventid=1020883
EONET_9609,GDACS,https://www.gdacs.org/report.aspx?eventtype=WF&eventid=1020888
EONET_9706,GDACS,https://www.gdacs.org/report.aspx?eventtype=WF&eventid=1020950
EONET_9914,GDACS,https://www.gdacs.org/report.aspx?eventtype=WF&eventid=1021140
EONET_9915,GDACS,https://www.gdacs.org/report.aspx?eventtype=WF&eventid=1021144
EONET_9916,GDACS,https://www.gdacs.org/report.aspx?eventtype=WF&eventid=1021146
EONET_9917,GDACS,https://www.gdacs.org/report.aspx?eventtype=WF&eventid=1021148
EONET_9918,GDACS,https://www.gdacs.org/report.aspx?eventtype=WF&eventid=1021153
EONET_9919,GDACS,https://www.gdacs.org/report.aspx?eventtype=WF&eventid=1021156
EONET_9920,GDACS,https://www.gdacs.org/report.aspx?eventtype=WF&eventid=1021154
EONET_9921,GDACS,https://www.gdacs.org/report.aspx?eventtype=WF&eventid=1021141
EONET_9922,GDACS,https://www.gdacs.org/report.aspx?eventtype=WF&eventid=1021143
EONET_9923,GDACS,https://www.gdacs.org/report.aspx?eventtype=WF&eventid=1021147
EONET_9924,GDACS,https://www.gdacs.org/report.aspx?eventtype=WF&eventid=1021149
EONET_9925,GDACS,https://www.gdacs.org/report.aspx?eventtype=WF&eventid=1021150
EONET_9926,GDACS,https://www.gdacs.org/report.aspx?eventtype=WF&eventid=1021151
EONET_9927,GDACS,https://www.gdacs.org/report.aspx?eventtype=WF&eventid=1021152
EONET_9928,GDACS,https://www.gdacs.org/report.aspx?eventtype=WF&eventid=1021155
EONET_9929,GDACS,https://www.gdacs.org/report.aspx?eventtype=WF&eventid=1021142
EONET_9930,GDACS,https://www.gdacs.org/report.aspx?eventtype=WF&eventid=1021145
EONET_9218,IRWIN,https://irwin.doi.gov/observer/
EONET_9200,IRWIN,https://irwin.doi.gov/observer/
EONET_9209,IRWIN,https://irwin.doi.gov/observer/
EONET_9221,IRWIN,https://irwin.doi.gov/observer/
EONET_9148,GDACS,https://www.gdacs.org/report.aspx?eventtype=WF&eventid=1020468
EONET_9233,GDACS,https://www.gdacs.org/report.aspx?eventtype=WF&eventid=1020471
EONET_9234,GDACS,https://www.gdacs.org/report.aspx?eventtype=WF&eventid=1020582
EONET_9235,GDACS,https://www.gdacs.org/report.aspx?eventtype=WF&eventid=1020593
EONET_9236,GDACS,https://www.gdacs.org/report.aspx?eventtype=WF&eventid=1020594
EONET_9237,GDACS,https://www.gdacs.org/report.aspx?eventtype=WF&eventid=1020470
EONET_9351,GDACS,https://www.gdacs.org/report.aspx?eventtype=WF&eventid=1020621
EONET_9352,GDACS,https://www.gdacs.org/report.aspx?eventtype=WF&eventid=1020605
EONET_9353,GDACS,https://www.gdacs.org/report.aspx?eventtype=WF&eventid=1020606
EONET_9354,GDACS,https://www.gdacs.org/report.aspx?eventtype=WF&eventid=1020622
EONET_9427,GDACS,https://www.gdacs.org/report.aspx?eventtype=WF&eventid=1020677
EONET_9455,GDACS,https://www.gdacs.org/report.aspx?eventtype=WF&eventid=1020700
EONET_9513,GDACS,https://www.gdacs.org/report.aspx?eventtype=WF&eventid=1020744
EONET_9514,GDACS,https://www.gdacs.org/report.aspx?eventtype=WF&eventid=1020771
EONET_9515,GDACS,https://www.gdacs.org/report.aspx?eventtype=WF&eventid=1020743
EONET_9516,GDACS,https://www.gdacs.org/report.aspx?eventtype=WF&eventid=1020745
EONET_9610,GDACS,https://www.gdacs.org/report.aspx?eventtype=WF&eventid=1020889
EONET_9611,GDACS,https://www.gdacs.org/report.aspx?eventtype=WF&eventid=1020891
EONET_9612,GDACS,https://www.gdacs.org/report.aspx?eventtype=WF&eventid=1020832
EONET_9613,GDACS,https://www.gdacs.org/report.aspx?eventtype=WF&eventid=1020808
EONET_9614,GDACS,https://www.gdacs.org/report.aspx?eventtype=WF&eventid=1020890
EONET_9615,GDACS,https://www.gdacs.org/report.aspx?eventtype=WF&eventid=1020892
EONET_9616,GDACS,https://www.gdacs.org/report.aspx?eventtype=WF&eventid=1020893
EONET_9707,GDACS,https://www.gdacs.org/report.aspx?eventtype=WF&eventid=1020951
EONET_9931,GDACS,https://www.gdacs.org/report.aspx?eventtype=WF&eventid=1021159
EONET_9932,GDACS,https://www.gdacs.org/report.aspx?eventtype=WF&eventid=1021160
EONET_9933,GDACS,https://www.gdacs.org/report.aspx?eventtype=WF&eventid=1021161
EONET_9934,GDACS,https://www.gdacs.org/report.aspx?eventtype=WF&eventid=1021162
EONET_9935,GDACS,https://www.gdacs.org/report.aspx?eventtype=WF&eventid=1021163
EONET_9936,GDACS,https://www.gdacs.org/report.aspx?eventtype=WF&eventid=1021164
EONET_9937,GDACS,https://www.gdacs.org/report.aspx?eventtype=WF&eventid=1021165
EONET_9938,GDACS,https://www.gdacs.org/report.aspx?eventtype=WF&eventid=1021166
EONET_9939,GDACS,https://www.gdacs.org/report.aspx?eventtype=WF&eventid=1021168
EONET_9940,GDACS,https://www.gdacs.org/report.aspx?eventtype=WF&eventid=1021169
EONET_9941,GDACS,https://www.gdacs.org/report.aspx?eventtype=WF&eventid=1021158
EONET_9942,GDACS,https://www.gdacs.org/report.aspx?eventtype=WF&eventid=1021167
EONET_9943,GDACS,https://www.gdacs.org/report.aspx?eventtype=WF&eventid=1021157
EONET_9944,GDACS,https://www.gdacs.org/report.aspx?eventtype=WF&eventid=1021170
EONET_9211,IRWIN,https://irwin.doi.gov/observer/
EONET_9206,IRWIN,https://irwin.doi.gov/observer/
EONET_9212,IRWIN,https://irwin.doi.gov/observer/
EONET_9115,IRWIN,https://irwin.doi.gov/observer/
EONET_9238,GDACS,https://www.gdacs.org/report.aspx?eventtype=WF&eventid=1020473
EONET_9239,GDACS,https://www.gdacs.org/report.aspx?eventtype=WF&eventid=1020472
EONET_9240,GDACS,https://www.gdacs.org/report.aspx?eventtype=WF&eventid=1020474
EONET_9241,GDACS,https://www.gdacs.org/report.aspx?eventtype=WF&eventid=1020535
EONET_9242,GDACS,https://www.gdacs.org/report.aspx?eventtype=WF&eventid=1020536
EONET_9243,GDACS,https://www.gdacs.org/report.aspx?eventtype=WF&eventid=1020595
EONET_9244,GDACS,https://www.gdacs.org/report.aspx?eventtype=WF&eventid=1020596
EONET_9245,GDACS,https://www.gdacs.org/report.aspx?eventtype=WF&eventid=1020588
EONET_9355,GDACS,https://www.gdacs.org/report.aspx?eventtype=WF&eventid=1020607
EONET_9356,GDACS,https://www.gdacs.org/report.aspx?eventtype=WF&eventid=1020608
EONET_9357,GDACS,https://www.gdacs.org/report.aspx?eventtype=WF&eventid=1020609
EONET_9387,GDACS,https://www.gdacs.org/report.aspx?eventtype=WF&eventid=1020642
EONET_9388,GDACS,https://www.gdacs.org/report.aspx?eventtype=WF&eventid=1020644
EONET_9389,GDACS,https://www.gdacs.org/report.aspx?eventtype=WF&eventid=1020645
EONET_9390,GDACS,https://www.gdacs.org/report.aspx?eventtype=WF&eventid=1020666
EONET_9391,GDACS,https://www.gdacs.org/report.aspx?eventtype=WF&eventid=1020643
EONET_9392,GDACS,https://www.gdacs.org/report.aspx?eventtype=WF&eventid=1020671
EONET_9428,GDACS,https://www.gdacs.org/report.aspx?eventtype=WF&eventid=1020678
EONET_9429,GDACS,https://www.gdacs.org/report.aspx?eventtype=WF&eventid=1020696
EONET_9456,GDACS,https://www.gdacs.org/report.aspx?eventtype=WF&eventid=1020701
EONET_9457,GDACS,https://www.gdacs.org/report.aspx?eventtype=WF&eventid=1020702
EONET_9458,GDACS,https://www.gdacs.org/report.aspx?eventtype=WF&eventid=1020703
EONET_9517,GDACS,https://www.gdacs.org/report.aspx?eventtype=WF&eventid=1020746
EONET_9518,GDACS,https://www.gdacs.org/report.aspx?eventtype=WF&eventid=1020766
EONET_9617,GDACS,https://www.gdacs.org/report.aspx?eventtype=WF&eventid=1020895
EONET_9618,GDACS,https://www.gdacs.org/report.aspx?eventtype=WF&eventid=1020899
EONET_9619,GDACS,https://www.gdacs.org/report.aspx?eventtype=WF&eventid=1020900
EONET_9620,GDACS,https://www.gdacs.org/report.aspx?eventtype=WF&eventid=1020898
EONET_9621,GDACS,https://www.gdacs.org/report.aspx?eventtype=WF&eventid=1020902
EONET_9622,GDACS,https://www.gdacs.org/report.aspx?eventtype=WF&eventid=1020809
EONET_9623,GDACS,https://www.gdacs.org/report.aspx?eventtype=WF&eventid=1020896
EONET_9624,GDACS,https://www.gdacs.org/report.aspx?eventtype=WF&eventid=1020897
EONET_9625,GDACS,https://www.gdacs.org/report.aspx?eventtype=WF&eventid=1020903
EONET_9626,GDACS,https://www.gdacs.org/report.aspx?eventtype=WF&eventid=1020828
EONET_9708,GDACS,https://www.gdacs.org/report.aspx?eventtype=WF&eventid=1020952
EONET_9945,GDACS,https://www.gdacs.org/report.aspx?eventtype=WF&eventid=1021181
EONET_9946,GDACS,https://www.gdacs.org/report.aspx?eventtype=WF&eventid=1021180
EONET_9947,GDACS,https://www.gdacs.org/report.aspx?eventtype=WF&eventid=1021172
EONET_9948,GDACS,https://www.gdacs.org/report.aspx?eventtype=WF&eventid=1021173
EONET_9949,GDACS,https://www.gdacs.org/report.aspx?eventtype=WF&eventid=1021174
EONET_9950,GDACS,https://www.gdacs.org/report.aspx?eventtype=WF&eventid=1021175
EONET_9951,GDACS,https://www.gdacs.org/report.aspx?eventtype=WF&eventid=1021176
EONET_9952,GDACS,https://www.gdacs.org/report.aspx?eventtype=WF&eventid=1021177
EONET_9953,GDACS,https://www.gdacs.org/report.aspx?eventtype=WF&eventid=1021178
EONET_9954,GDACS,https://www.gdacs.org/report.aspx?eventtype=WF&eventid=1021179
EONET_9955,GDACS,https://www.gdacs.org/report.aspx?eventtype=WF&eventid=1021182
EONET_9956,GDACS,https://www.gdacs.org/report.aspx?eventtype=WF&eventid=1021171
EONET_9210,IRWIN,https://irwin.doi.gov/observer/
EONET_9131,IRWIN,https://irwin.doi.gov/observer/
EONET_9133,IRWIN,https://irwin.doi.gov/observer/
EONET_9214,IRWIN,https://irwin.doi.gov/observer/
EONET_9126,IRWIN,https://irwin.doi.gov/observer/
EONET_9143,GDACS,https://www.gdacs.org/report.aspx?eventtype=WF&eventid=1020416
EONET_9149,GDACS,https://www.gdacs.org/report.aspx?eventtype=WF&eventid=1020465
EONET_9150,GDACS,https://www.gdacs.org/report.aspx?eventtype=WF&eventid=1020420
EONET_9151,GDACS,https://www.gdacs.org/report.aspx?eventtype=WF&eventid=1020421
EONET_9246,GDACS,https://www.gdacs.org/report.aspx?eventtype=WF&eventid=1020475
EONET_9247,GDACS,https://www.gdacs.org/report.aspx?eventtype=WF&eventid=1020478
EONET_9248,GDACS,https://www.gdacs.org/report.aspx?eventtype=WF&eventid=1020597
EONET_9249,GDACS,https://www.gdacs.org/report.aspx?eventtype=WF&eventid=1020598
EONET_9250,GDACS,https://www.gdacs.org/report.aspx?eventtype=WF&eventid=1020583
EONET_9251,GDACS,https://www.gdacs.org/report.aspx?eventtype=WF&eventid=1020477
EONET_9252,GDACS,https://www.gdacs.org/report.aspx?eventtype=WF&eventid=1020481
EONET_9253,GDACS,https://www.gdacs.org/report.aspx?eventtype=WF&eventid=1020537
EONET_9254,GDACS,https://www.gdacs.org/report.aspx?eventtype=WF&eventid=1020538
EONET_9255,GDACS,https://www.gdacs.org/report.aspx?eventtype=WF&eventid=1020539
EONET_9256,GDACS,https://www.gdacs.org/report.aspx?eventtype=WF&eventid=1020476
EONET_9257,GDACS,https://www.gdacs.org/report.aspx?eventtype=WF&eventid=1020479
EONET_9258,GDACS,https://www.gdacs.org/report.aspx?eventtype=WF&eventid=1020480
EONET_9358,GDACS,https://www.gdacs.org/report.aspx?eventtype=WF&eventid=1020602
EONET_9393,GDACS,https://www.gdacs.org/report.aspx?eventtype=WF&eventid=1020646
EONET_9394,GDACS,https://www.gdacs.org/report.aspx?eventtype=WF&eventid=1020647
EONET_9430,GDACS,https://www.gdacs.org/report.aspx?eventtype=WF&eventid=1020689
EONET_9431,GDACS,https://www.gdacs.org/report.aspx?eventtype=WF&eventid=1020697
EONET_9432,GDACS,https://www.gdacs.org/report.aspx?eventtype=WF&eventid=1020679
EONET_9433,GDACS,https://www.gdacs.org/report.aspx?eventtype=WF&eventid=1020675
EONET_9459,GDACS,https://www.gdacs.org/report.aspx?eventtype=WF&eventid=1020704
EONET_9460,GDACS,https://www.gdacs.org/report.aspx?eventtype=WF&eventid=1020728
EONET_9461,GDACS,https://www.gdacs.org/report.aspx?eventtype=WF&eventid=1020732
EONET_9627,GDACS,https://www.gdacs.org/report.aspx?eventtype=WF&eventid=1020904
EONET_9628,GDACS,https://www.gdacs.org/report.aspx?eventtype=WF&eventid=1020905
EONET_9629,GDACS,https://www.gdacs.org/report.aspx?eventtype=WF&eventid=1020906
EONET_9630,GDACS,https://www.gdacs.org/report.aspx?eventtype=WF&eventid=1020907
EONET_9631,GDACS,https://www.gdacs.org/report.aspx?eventtype=WF&eventid=1020909
EONET_9632,GDACS,https://www.gdacs.org/report.aspx?eventtype=WF&eventid=1020911
EONET_9633,GDACS,https://www.gdacs.org/report.aspx?eventtype=WF&eventid=1020810
EONET_9634,GDACS,https://www.gdacs.org/report.aspx?eventtype=WF&eventid=1020908
EONET_9957,GDACS,https://www.gdacs.org/report.aspx?eventtype=WF&eventid=1021183
EONET_9958,GDACS,https://www.gdacs.org/report.aspx?eventtype=WF&eventid=1021184
EONET_9959,GDACS,https://www.gdacs.org/report.aspx?eventtype=WF&eventid=1021186
EONET_9960,GDACS,https://www.gdacs.org/report.aspx?eventtype=WF&eventid=1021185
EONET_9109,IRWIN,https://irwin.doi.gov/observer/
EONET_9216,IRWIN,https://irwin.doi.gov/observer/
EONET_9114,IRWIN,https://irwin.doi.gov/observer/
EONET_9128,IRWIN,https://irwin.doi.gov/observer/
EONET_9082,GDACS,https://www.gdacs.org/report.aspx?eventtype=WF&eventid=1020395
EONET_9088,GDACS,https://www.gdacs.org/report.aspx?eventtype=WF&eventid=1020404
EONET_9139,GDACS,https://www.gdacs.org/report.aspx?eventtype=WF&eventid=1020414
EONET_9152,GDACS,https://www.gdacs.org/report.aspx?eventtype=WF&eventid=1020423
EONET_9153,GDACS,https://www.gdacs.org/report.aspx?eventtype=WF&eventid=1020424
EONET_9154,GDACS,https://www.gdacs.org/report.aspx?eventtype=WF&eventid=1020428
EONET_9155,GDACS,https://www.gdacs.org/report.aspx?eventtype=WF&eventid=1020467
EONET_9156,GDACS,https://www.gdacs.org/report.aspx?eventtype=WF&eventid=1020422
EONET_9157,GDACS,https://www.gdacs.org/report.aspx?eventtype=WF&eventid=1020426
EONET_9158,GDACS,https://www.gdacs.org/report.aspx?eventtype=WF&eventid=1020427
EONET_9159,GDACS,https://www.gdacs.org/report.aspx?eventtype=WF&eventid=1020425
EONET_9259,GDACS,https://www.gdacs.org/report.aspx?eventtype=WF&eventid=1020486
EONET_9260,GDACS,https://www.gdacs.org/report.aspx?eventtype=WF&eventid=1020541
EONET_9261,GDACS,https://www.gdacs.org/report.aspx?eventtype=WF&eventid=1020482
EONET_9262,GDACS,https://www.gdacs.org/report.aspx?eventtype=WF&eventid=1020484
EONET_9263,GDACS,https://www.gdacs.org/report.aspx?eventtype=WF&eventid=1020485
EONET_9264,GDACS,https://www.gdacs.org/report.aspx?eventtype=WF&eventid=1020487
EONET_9265,GDACS,https://www.gdacs.org/report.aspx?eventtype=WF&eventid=1020488
EONET_9266,GDACS,https://www.gdacs.org/report.aspx?eventtype=WF&eventid=1020540
EONET_9267,GDACS,https://www.gdacs.org/report.aspx?eventtype=WF&eventid=1020542
EONET_9268,GDACS,https://www.gdacs.org/report.aspx?eventtype=WF&eventid=1020483
EONET_9269,GDACS,https://www.gdacs.org/report.aspx?eventtype=WF&eventid=1020489
EONET_9270,GDACS,https://www.gdacs.org/report.aspx?eventtype=WF&eventid=1020584
EONET_9271,GDACS,https://www.gdacs.org/report.aspx?eventtype=WF&eventid=1020599
EONET_9359,GDACS,https://www.gdacs.org/report.aspx?eventtype=WF&eventid=1020610
EONET_9360,GDACS,https://www.gdacs.org/report.aspx?eventtype=WF&eventid=1020623
EONET_9361,GDACS,https://www.gdacs.org/report.aspx?eventtype=WF&eventid=1020624
EONET_9362,GDACS,https://www.gdacs.org/report.aspx?eventtype=WF&eventid=1020633
EONET_9363,GDACS,https://www.gdacs.org/report.aspx?eventtype=WF&eventid=1020634
EONET_9395,GDACS,https://www.gdacs.org/report.aspx?eventtype=WF&eventid=1020668
EONET_9396,GDACS,https://www.gdacs.org/report.aspx?eventtype=WF&eventid=1020648
EONET_9397,GDACS,https://www.gdacs.org/report.aspx?eventtype=WF&eventid=1020649
EONET_9398,GDACS,https://www.gdacs.org/report.aspx?eventtype=WF&eventid=1020650
EONET_9399,GDACS,https://www.gdacs.org/report.aspx?eventtype=WF&eventid=1020667
EONET_9434,GDACS,https://www.gdacs.org/report.aspx?eventtype=WF&eventid=1020690
EONET_9435,GDACS,https://www.gdacs.org/report.aspx?eventtype=WF&eventid=1020680
EONET_9462,GDACS,https://www.gdacs.org/report.aspx?eventtype=WF&eventid=1020705
EONET_9463,GDACS,https://www.gdacs.org/report.aspx?eventtype=WF&eventid=1020706
EONET_9464,GDACS,https://www.gdacs.org/report.aspx?eventtype=WF&eventid=1020707
EONET_9465,GDACS,https://www.gdacs.org/report.aspx?eventtype=WF&eventid=1020708
EONET_9466,GDACS,https://www.gdacs.org/report.aspx?eventtype=WF&eventid=1020709
EONET_9467,GDACS,https://www.gdacs.org/report.aspx?eventtype=WF&eventid=1020729
EONET_9519,GDACS,https://www.gdacs.org/report.aspx?eventtype=WF&eventid=1020747
EONET_9520,GDACS,https://www.gdacs.org/report.aspx?eventtype=WF&eventid=1020748
EONET_9521,GDACS,https://www.gdacs.org/report.aspx?eventtype=WF&eventid=1020767
EONET_9635,GDACS,https://www.gdacs.org/report.aspx?eventtype=WF&eventid=1020914
EONET_9636,GDACS,https://www.gdacs.org/report.aspx?eventtype=WF&eventid=1020918
EONET_9637,GDACS,https://www.gdacs.org/report.aspx?eventtype=WF&eventid=1020917
EONET_9638,GDACS,https://www.gdacs.org/report.aspx?eventtype=WF&eventid=1020811
EONET_9639,GDACS,https://www.gdacs.org/report.aspx?eventtype=WF&eventid=1020812
EONET_9640,GDACS,https://www.gdacs.org/report.aspx?eventtype=WF&eventid=1020813
EONET_9641,GDACS,https://www.gdacs.org/report.aspx?eventtype=WF&eventid=1020814
EONET_9642,GDACS,https://www.gdacs.org/report.aspx?eventtype=WF&eventid=1020913
EONET_9643,GDACS,https://www.gdacs.org/report.aspx?eventtype=WF&eventid=1020920
EONET_9644,GDACS,https://www.gdacs.org/report.aspx?eventtype=WF&eventid=1020921
EONET_9645,GDACS,https://www.gdacs.org/report.aspx?eventtype=WF&eventid=1020922
EONET_9646,GDACS,https://www.gdacs.org/report.aspx?eventtype=WF&eventid=1020923
EONET_9647,GDACS,https://www.gdacs.org/report.aspx?eventtype=WF&eventid=1020912
EONET_9648,GDACS,https://www.gdacs.org/report.aspx?eventtype=WF&eventid=1020919
EONET_9105,IRWIN,https://irwin.doi.gov/observer/
EONET_9132,IRWIN,https://irwin.doi.gov/observer/
EONET_9201,IRWIN,https://irwin.doi.gov/observer/
EONET_9116,IRWIN,https://irwin.doi.gov/observer/
EONET_9123,IRWIN,https://irwin.doi.gov/observer/
EONET_9102,IRWIN,https://irwin.doi.gov/observer/
EONET_9144,GDACS,https://www.gdacs.org/report.aspx?eventtype=WF&eventid=1020417
EONET_9160,GDACS,https://www.gdacs.org/report.aspx?eventtype=WF&eventid=1020429
EONET_9161,GDACS,https://www.gdacs.org/report.aspx?eventtype=WF&eventid=1020432
EONET_9162,GDACS,https://www.gdacs.org/report.aspx?eventtype=WF&eventid=1020466
EONET_9163,GDACS,https://www.gdacs.org/report.aspx?eventtype=WF&eventid=1020430
EONET_9164,GDACS,https://www.gdacs.org/report.aspx?eventtype=WF&eventid=1020431
EONET_9272,GDACS,https://www.gdacs.org/report.aspx?eventtype=WF&eventid=1020494
EONET_9273,GDACS,https://www.gdacs.org/report.aspx?eventtype=WF&eventid=1020544
EONET_9274,GDACS,https://www.gdacs.org/report.aspx?eventtype=WF&eventid=1020545
EONET_9275,GDACS,https://www.gdacs.org/report.aspx?eventtype=WF&eventid=1020492
EONET_9276,GDACS,https://www.gdacs.org/report.aspx?eventtype=WF&eventid=1020493
EONET_9277,GDACS,https://www.gdacs.org/report.aspx?eventtype=WF&eventid=1020490
EONET_9278,GDACS,https://www.gdacs.org/report.aspx?eventtype=WF&eventid=1020547
EONET_9279,GDACS,https://www.gdacs.org/report.aspx?eventtype=WF&eventid=1020546
EONET_9280,GDACS,https://www.gdacs.org/report.aspx?eventtype=WF&eventid=1020491
EONET_9364,GDACS,https://www.gdacs.org/report.aspx?eventtype=WF&eventid=1020635
EONET_9365,GDACS,https://www.gdacs.org/report.aspx?eventtype=WF&eventid=1020625
EONET_9366,GDACS,https://www.gdacs.org/report.aspx?eventtype=WF&eventid=1020611
EONET_9367,GDACS,https://www.gdacs.org/report.aspx?eventtype=WF&eventid=1020612
EONET_9400,GDACS,https://www.gdacs.org/report.aspx?eventtype=WF&eventid=1020651
EONET_9401,GDACS,https://www.gdacs.org/report.aspx?eventtype=WF&eventid=1020652
EONET_9402,GDACS,https://www.gdacs.org/report.aspx?eventtype=WF&eventid=1020653
EONET_9403,GDACS,https://www.gdacs.org/report.aspx?eventtype=WF&eventid=1020654
EONET_9404,GDACS,https://www.gdacs.org/report.aspx?eventtype=WF&eventid=1020655
EONET_9468,GDACS,https://www.gdacs.org/report.aspx?eventtype=WF&eventid=1020735
EONET_9469,GDACS,https://www.gdacs.org/report.aspx?eventtype=WF&eventid=1020710
EONET_9470,GDACS,https://www.gdacs.org/report.aspx?eventtype=WF&eventid=1020711
EONET_9471,GDACS,https://www.gdacs.org/report.aspx?eventtype=WF&eventid=1020712
EONET_9472,GDACS,https://www.gdacs.org/report.aspx?eventtype=WF&eventid=1020713
EONET_9522,GDACS,https://www.gdacs.org/report.aspx?eventtype=WF&eventid=1020749
EONET_9649,GDACS,https://www.gdacs.org/report.aspx?eventtype=WF&eventid=1020925
EONET_9650,GDACS,https://www.gdacs.org/report.aspx?eventtype=WF&eventid=1020926
EONET_9651,GDACS,https://www.gdacs.org/report.aspx?eventtype=WF&eventid=1020930
EONET_9652,GDACS,https://www.gdacs.org/report.aspx?eventtype=WF&eventid=1020931
EONET_9653,GDACS,https://www.gdacs.org/report.aspx?eventtype=WF&eventid=1020932
EONET_9654,GDACS,https://www.gdacs.org/report.aspx?eventtype=WF&eventid=1020935
EONET_9655,GDACS,https://www.gdacs.org/report.aspx?eventtype=WF&eventid=1020815
EONET_9656,GDACS,https://www.gdacs.org/report.aspx?eventtype=WF&eventid=1020928
EONET_9657,GDACS,https://www.gdacs.org/report.aspx?eventtype=WF&eventid=1020933
EONET_9658,GDACS,https://www.gdacs.org/report.aspx?eventtype=WF&eventid=1020934
EONET_9137,IRWIN,https://irwin.doi.gov/observer/
EONET_9136,IRWIN,https://irwin.doi.gov/observer/
EONET_9018,IRWIN,https://irwin.doi.gov/observer/
EONET_9129,IRWIN,https://irwin.doi.gov/observer/
EONET_9037,IRWIN,https://irwin.doi.gov/observer/
EONET_9104,IRWIN,https://irwin.doi.gov/observer/
EONET_9127,IRWIN,https://irwin.doi.gov/observer/
EONET_9033,IRWIN,https://irwin.doi.gov/observer/
EONET_9213,IRWIN,https://irwin.doi.gov/observer/
EONET_9106,IRWIN,https://irwin.doi.gov/observer/
EONET_9120,IRWIN,https://irwin.doi.gov/observer/
EONET_9125,IRWIN,https://irwin.doi.gov/observer/
EONET_9062,GDACS,https://www.gdacs.org/report.aspx?eventtype=WF&eventid=1020374
EONET_9083,GDACS,https://www.gdacs.org/report.aspx?eventtype=WF&eventid=1020394
EONET_9145,GDACS,https://www.gdacs.org/report.aspx?eventtype=WF&eventid=1020418
EONET_9165,GDACS,https://www.gdacs.org/report.aspx?eventtype=WF&eventid=1020433
EONET_9166,GDACS,https://www.gdacs.org/report.aspx?eventtype=WF&eventid=1020434
EONET_9167,GDACS,https://www.gdacs.org/report.aspx?eventtype=WF&eventid=1020437
EONET_9168,GDACS,https://www.gdacs.org/report.aspx?eventtype=WF&eventid=1020435
EONET_9169,GDACS,https://www.gdacs.org/report.aspx?eventtype=WF&eventid=1020436
EONET_9281,GDACS,https://www.gdacs.org/report.aspx?eventtype=WF&eventid=1020495
EONET_9282,GDACS,https://www.gdacs.org/report.aspx?eventtype=WF&eventid=1020551
EONET_9283,GDACS,https://www.gdacs.org/report.aspx?eventtype=WF&eventid=1020553
EONET_9284,GDACS,https://www.gdacs.org/report.aspx?eventtype=WF&eventid=1020496
EONET_9285,GDACS,https://www.gdacs.org/report.aspx?eventtype=WF&eventid=1020548
EONET_9286,GDACS,https://www.gdacs.org/report.aspx?eventtype=WF&eventid=1020498
EONET_9287,GDACS,https://www.gdacs.org/report.aspx?eventtype=WF&eventid=1020550
EONET_9288,GDACS,https://www.gdacs.org/report.aspx?eventtype=WF&eventid=1020552
EONET_9289,GDACS,https://www.gdacs.org/report.aspx?eventtype=WF&eventid=1020497
EONET_9290,GDACS,https://www.gdacs.org/report.aspx?eventtype=WF&eventid=1020600
EONET_9368,GDACS,https://www.gdacs.org/report.aspx?eventtype=WF&eventid=1020613
EONET_9405,GDACS,https://www.gdacs.org/report.aspx?eventtype=WF&eventid=1020656
EONET_9436,GDACS,https://www.gdacs.org/report.aspx?eventtype=WF&eventid=1020691
EONET_9473,GDACS,https://www.gdacs.org/report.aspx?eventtype=WF&eventid=1020714
EONET_9474,GDACS,https://www.gdacs.org/report.aspx?eventtype=WF&eventid=1020715
EONET_9475,GDACS,https://www.gdacs.org/report.aspx?eventtype=WF&eventid=1020716
EONET_9476,GDACS,https://www.gdacs.org/report.aspx?eventtype=WF&eventid=1020730
EONET_9523,GDACS,https://www.gdacs.org/report.aspx?eventtype=WF&eventid=1020750
EONET_9524,GDACS,https://www.gdacs.org/report.aspx?eventtype=WF&eventid=1020751
EONET_9659,GDACS,https://www.gdacs.org/report.aspx?eventtype=WF&eventid=1020841
EONET_9660,GDACS,https://www.gdacs.org/report.aspx?eventtype=WF&eventid=1020816
EONET_9661,GDACS,https://www.gdacs.org/report.aspx?eventtype=WF&eventid=1020817
EONET_9662,GDACS,https://www.gdacs.org/report.aspx?eventtype=WF&eventid=1020836
EONET_9663,GDACS,https://www.gdacs.org/report.aspx?eventtype=WF&eventid=1020838
EONET_9664,GDACS,https://www.gdacs.org/report.aspx?eventtype=WF&eventid=1020839
EONET_9665,GDACS,https://www.gdacs.org/report.aspx?eventtype=WF&eventid=1020840
EONET_9666,GDACS,https://www.gdacs.org/report.aspx?eventtype=WF&eventid=1020842
EONET_9667,GDACS,https://www.gdacs.org/report.aspx?eventtype=WF&eventid=1020843
EONET_9121,IRWIN,https://irwin.doi.gov/observer/
EONET_9035,IRWIN,https://irwin.doi.gov/observer/
EONET_9107,IRWIN,https://irwin.doi.gov/observer/
EONET_9019,IRWIN,https://irwin.doi.gov/observer/
EONET_9020,IRWIN,https://irwin.doi.gov/observer/
EONET_9049,IRWIN,https://irwin.doi.gov/observer/
EONET_9032,IRWIN,https://irwin.doi.gov/observer/
EONET_9034,IRWIN,https://irwin.doi.gov/observer/
EONET_9048,IRWIN,https://irwin.doi.gov/observer/
EONET_9023,IRWIN,https://irwin.doi.gov/observer/
EONET_9071,GDACS,https://www.gdacs.org/report.aspx?eventtype=WF&eventid=1020383
EONET_9084,GDACS,https://www.gdacs.org/report.aspx?eventtype=WF&eventid=1020399
EONET_9170,GDACS,https://www.gdacs.org/report.aspx?eventtype=WF&eventid=1020438
EONET_9171,GDACS,https://www.gdacs.org/report.aspx?eventtype=WF&eventid=1020439
EONET_9172,GDACS,https://www.gdacs.org/report.aspx?eventtype=WF&eventid=1020441
EONET_9173,GDACS,https://www.gdacs.org/report.aspx?eventtype=WF&eventid=1020442
EONET_9174,GDACS,https://www.gdacs.org/report.aspx?eventtype=WF&eventid=1020443
EONET_9175,GDACS,https://www.gdacs.org/report.aspx?eventtype=WF&eventid=1020440
EONET_9291,GDACS,https://www.gdacs.org/report.aspx?eventtype=WF&eventid=1020503
EONET_9292,GDACS,https://www.gdacs.org/report.aspx?eventtype=WF&eventid=1020505
EONET_9293,GDACS,https://www.gdacs.org/report.aspx?eventtype=WF&eventid=1020501
EONET_9294,GDACS,https://www.gdacs.org/report.aspx?eventtype=WF&eventid=1020554
EONET_9295,GDACS,https://www.gdacs.org/report.aspx?eventtype=WF&eventid=1020558
EONET_9296,GDACS,https://www.gdacs.org/report.aspx?eventtype=WF&eventid=1020589
EONET_9297,GDACS,https://www.gdacs.org/report.aspx?eventtype=WF&eventid=1020502
EONET_9298,GDACS,https://www.gdacs.org/report.aspx?eventtype=WF&eventid=1020556
EONET_9299,GDACS,https://www.gdacs.org/report.aspx?eventtype=WF&eventid=1020557
EONET_9300,GDACS,https://www.gdacs.org/report.aspx?eventtype=WF&eventid=1020559
EONET_9301,GDACS,https://www.gdacs.org/report.aspx?eventtype=WF&eventid=1020500
EONET_9302,GDACS,https://www.gdacs.org/report.aspx?eventtype=WF&eventid=1020504
EONET_9303,GDACS,https://www.gdacs.org/report.aspx?eventtype=WF&eventid=1020506
EONET_9304,GDACS,https://www.gdacs.org/report.aspx?eventtype=WF&eventid=1020507
EONET_9305,GDACS,https://www.gdacs.org/report.aspx?eventtype=WF&eventid=1020508
EONET_9369,GDACS,https://www.gdacs.org/report.aspx?eventtype=WF&eventid=1020614
EONET_9370,GDACS,https://www.gdacs.org/report.aspx?eventtype=WF&eventid=1020628
EONET_9371,GDACS,https://www.gdacs.org/report.aspx?eventtype=WF&eventid=1020636
EONET_9406,GDACS,https://www.gdacs.org/report.aspx?eventtype=WF&eventid=1020672
EONET_9477,GDACS,https://www.gdacs.org/report.aspx?eventtype=WF&eventid=1020717
EONET_9525,GDACS,https://www.gdacs.org/report.aspx?eventtype=WF&eventid=1020753
EONET_9526,GDACS,https://www.gdacs.org/report.aspx?eventtype=WF&eventid=1020752
EONET_9527,GDACS,https://www.gdacs.org/report.aspx?eventtype=WF&eventid=1020754
EONET_9668,GDACS,https://www.gdacs.org/report.aspx?eventtype=WF&eventid=1020936
EONET_9669,GDACS,https://www.gdacs.org/report.aspx?eventtype=WF&eventid=1020818
EONET_9670,GDACS,https://www.gdacs.org/report.aspx?eventtype=WF&eventid=1020939
EONET_9671,GDACS,https://www.gdacs.org/report.aspx?eventtype=WF&eventid=1020941
EONET_9672,GDACS,https://www.gdacs.org/report.aspx?eventtype=WF&eventid=1020942
EONET_9673,GDACS,https://www.gdacs.org/report.aspx?eventtype=WF&eventid=1020938
EONET_9674,GDACS,https://www.gdacs.org/report.aspx?eventtype=WF&eventid=1020940
EONET_9046,IRWIN,https://irwin.doi.gov/observer/
EONET_9043,IRWIN,https://irwin.doi.gov/observer/
EONET_9044,IRWIN,https://irwin.doi.gov/observer/
EONET_9058,IRWIN,https://irwin.doi.gov/observer/
EONET_9052,IRWIN,https://irwin.doi.gov/observer/
EONET_9054,IRWIN,https://irwin.doi.gov/observer/
EONET_9045,IRWIN,https://irwin.doi.gov/observer/
EONET_9017,IRWIN,https://irwin.doi.gov/observer/
EONET_8942,GDACS,https://www.gdacs.org/report.aspx?eventtype=WF&eventid=1020331
EONET_8975,GDACS,https://www.gdacs.org/report.aspx?eventtype=WF&eventid=1020354
EONET_8976,GDACS,https://www.gdacs.org/report.aspx?eventtype=WF&eventid=1020336
EONET_9063,GDACS,https://www.gdacs.org/report.aspx?eventtype=WF&eventid=1020375
EONET_9064,GDACS,https://www.gdacs.org/report.aspx?eventtype=WF&eventid=1020379
EONET_9072,GDACS,https://www.gdacs.org/report.aspx?eventtype=WF&eventid=1020384
EONET_9073,GDACS,https://www.gdacs.org/report.aspx?eventtype=WF&eventid=1020388
EONET_9085,GDACS,https://www.gdacs.org/report.aspx?eventtype=WF&eventid=1020398
EONET_9089,GDACS,https://www.gdacs.org/report.aspx?eventtype=WF&eventid=1020405
EONET_9176,GDACS,https://www.gdacs.org/report.aspx?eventtype=WF&eventid=1020448
EONET_9177,GDACS,https://www.gdacs.org/report.aspx?eventtype=WF&eventid=1020444
EONET_9178,GDACS,https://www.gdacs.org/report.aspx?eventtype=WF&eventid=1020445
EONET_9179,GDACS,https://www.gdacs.org/report.aspx?eventtype=WF&eventid=1020447
EONET_9180,GDACS,https://www.gdacs.org/report.aspx?eventtype=WF&eventid=1020449
EONET_9181,GDACS,https://www.gdacs.org/report.aspx?eventtype=WF&eventid=1020446
EONET_9306,GDACS,https://www.gdacs.org/report.aspx?eventtype=WF&eventid=1020512
EONET_9307,GDACS,https://www.gdacs.org/report.aspx?eventtype=WF&eventid=1020510
EONET_9308,GDACS,https://www.gdacs.org/report.aspx?eventtype=WF&eventid=1020511
EONET_9309,GDACS,https://www.gdacs.org/report.aspx?eventtype=WF&eventid=1020587
EONET_9310,GDACS,https://www.gdacs.org/report.aspx?eventtype=WF&eventid=1020561
EONET_9311,GDACS,https://www.gdacs.org/report.aspx?eventtype=WF&eventid=1020585
EONET_9372,GDACS,https://www.gdacs.org/report.aspx?eventtype=WF&eventid=1020615
EONET_9373,GDACS,https://www.gdacs.org/report.aspx?eventtype=WF&eventid=1020616
EONET_9374,GDACS,https://www.gdacs.org/report.aspx?eventtype=WF&eventid=1020637
EONET_9375,GDACS,https://www.gdacs.org/report.aspx?eventtype=WF&eventid=1020626
EONET_9407,GDACS,https://www.gdacs.org/report.aspx?eventtype=WF&eventid=1020657
EONET_9408,GDACS,https://www.gdacs.org/report.aspx?eventtype=WF&eventid=1020658
EONET_9437,GDACS,https://www.gdacs.org/report.aspx?eventtype=WF&eventid=1020681
EONET_9438,GDACS,https://www.gdacs.org/report.aspx?eventtype=WF&eventid=1020692
EONET_9439,GDACS,https://www.gdacs.org/report.aspx?eventtype=WF&eventid=1020682
EONET_9478,GDACS,https://www.gdacs.org/report.aspx?eventtype=WF&eventid=1020731
EONET_9479,GDACS,https://www.gdacs.org/report.aspx?eventtype=WF&eventid=1020736
EONET_9528,GDACS,https://www.gdacs.org/report.aspx?eventtype=WF&eventid=1020768
EONET_9529,GDACS,https://www.gdacs.org/report.aspx?eventtype=WF&eventid=1020769
EONET_9530,GDACS,https://www.gdacs.org/report.aspx?eventtype=WF&eventid=1020772
EONET_9531,GDACS,https://www.gdacs.org/report.aspx?eventtype=WF&eventid=1020755
EONET_9675,GDACS,https://www.gdacs.org/report.aspx?eventtype=WF&eventid=1020943
EONET_9676,GDACS,https://www.gdacs.org/report.aspx?eventtype=WF&eventid=1020944
EONET_9677,GDACS,https://www.gdacs.org/report.aspx?eventtype=WF&eventid=1020819
EONET_9021,IRWIN,https://irwin.doi.gov/observer/
EONET_9051,IRWIN,https://irwin.doi.gov/observer/
EONET_9016,IRWIN,https://irwin.doi.gov/observer/
EONET_9031,IRWIN,https://irwin.doi.gov/observer/
EONET_9050,IRWIN,https://irwin.doi.gov/observer/
EONET_9055,IRWIN,https://irwin.doi.gov/observer/
EONET_9036,IRWIN,https://irwin.doi.gov/observer/
EONET_9041,IRWIN,https://irwin.doi.gov/observer/
EONET_8875,IRWIN,https://irwin.doi.gov/observer/
EONET_8977,GDACS,https://www.gdacs.org/report.aspx?eventtype=WF&eventid=1020342
EONET_9002,GDACS,https://www.gdacs.org/report.aspx?eventtype=WF&eventid=1020371
EONET_9074,GDACS,https://www.gdacs.org/report.aspx?eventtype=WF&eventid=1020393
EONET_9075,GDACS,https://www.gdacs.org/report.aspx?eventtype=WF&eventid=1020389
EONET_9090,GDACS,https://www.gdacs.org/report.aspx?eventtype=WF&eventid=1020409
EONET_9091,GDACS,https://www.gdacs.org/report.aspx?eventtype=WF&eventid=1020400
EONET_9140,GDACS,https://www.gdacs.org/report.aspx?eventtype=WF&eventid=1020415
EONET_9182,GDACS,https://www.gdacs.org/report.aspx?eventtype=WF&eventid=1020451
EONET_9183,GDACS,https://www.gdacs.org/report.aspx?eventtype=WF&eventid=1020450
EONET_9312,GDACS,https://www.gdacs.org/report.aspx?eventtype=WF&eventid=1020514
EONET_9313,GDACS,https://www.gdacs.org/report.aspx?eventtype=WF&eventid=1020515
EONET_9314,GDACS,https://www.gdacs.org/report.aspx?eventtype=WF&eventid=1020513
EONET_9315,GDACS,https://www.gdacs.org/report.aspx?eventtype=WF&eventid=1020516
EONET_9409,GDACS,https://www.gdacs.org/report.aspx?eventtype=WF&eventid=1020660
EONET_9410,GDACS,https://www.gdacs.org/report.aspx?eventtype=WF&eventid=1020659
EONET_9411,GDACS,https://www.gdacs.org/report.aspx?eventtype=WF&eventid=1020673
EONET_9440,GDACS,https://www.gdacs.org/report.aspx?eventtype=WF&eventid=1020683
EONET_9441,GDACS,https://www.gdacs.org/report.aspx?eventtype=WF&eventid=1020698
EONET_9480,GDACS,https://www.gdacs.org/report.aspx?eventtype=WF&eventid=1020718
EONET_9481,GDACS,https://www.gdacs.org/report.aspx?eventtype=WF&eventid=1020737
EONET_9532,GDACS,https://www.gdacs.org/report.aspx?eventtype=WF&eventid=1020756
EONET_8872,IRWIN,https://irwin.doi.gov/observer/
EONET_9100,IRWIN,https://irwin.doi.gov/observer/
EONET_8896,IRWIN,https://irwin.doi.gov/observer/
EONET_8882,IRWIN,https://irwin.doi.gov/observer/
EONET_9059,IRWIN,https://irwin.doi.gov/observer/
EONET_9061,IRWIN,https://irwin.doi.gov/observer/
EONET_9118,IRWIN,https://irwin.doi.gov/observer/
EONET_8851,GDACS,https://www.gdacs.org/report.aspx?eventtype=WF&eventid=1020273
EONET_8943,GDACS,https://www.gdacs.org/report.aspx?eventtype=WF&eventid=1020303
EONET_8944,GDACS,https://www.gdacs.org/report.aspx?eventtype=WF&eventid=1020304
EONET_8945,GDACS,https://www.gdacs.org/report.aspx?eventtype=WF&eventid=1020332
EONET_9003,GDACS,https://www.gdacs.org/report.aspx?eventtype=WF&eventid=1020372
EONET_9004,GDACS,https://www.gdacs.org/report.aspx?eventtype=WF&eventid=1020365
EONET_9076,GDACS,https://www.gdacs.org/report.aspx?eventtype=WF&eventid=1020385
EONET_9077,GDACS,https://www.gdacs.org/report.aspx?eventtype=WF&eventid=1020386
EONET_9092,GDACS,https://www.gdacs.org/report.aspx?eventtype=WF&eventid=1020406
EONET_9093,GDACS,https://www.gdacs.org/report.aspx?eventtype=WF&eventid=1020401
EONET_9184,GDACS,https://www.gdacs.org/report.aspx?eventtype=WF&eventid=1020452
EONET_9185,GDACS,https://www.gdacs.org/report.aspx?eventtype=WF&eventid=1020453
EONET_9186,GDACS,https://www.gdacs.org/report.aspx?eventtype=WF&eventid=1020454
EONET_9316,GDACS,https://www.gdacs.org/report.aspx?eventtype=WF&eventid=1020568
EONET_9317,GDACS,https://www.gdacs.org/report.aspx?eventtype=WF&eventid=1020567
EONET_9318,GDACS,https://www.gdacs.org/report.aspx?eventtype=WF&eventid=1020564
EONET_9319,GDACS,https://www.gdacs.org/report.aspx?eventtype=WF&eventid=1020517
EONET_9376,GDACS,https://www.gdacs.org/report.aspx?eventtype=WF&eventid=1020617
EONET_9377,GDACS,https://www.gdacs.org/report.aspx?eventtype=WF&eventid=1020629
EONET_9412,GDACS,https://www.gdacs.org/report.aspx?eventtype=WF&eventid=1020661
EONET_9533,GDACS,https://www.gdacs.org/report.aspx?eventtype=WF&eventid=1020780
EONET_9534,GDACS,https://www.gdacs.org/report.aspx?eventtype=WF&eventid=1020781
EONET_9119,IRWIN,https://irwin.doi.gov/observer/
EONET_8904,IRWIN,https://irwin.doi.gov/observer/
EONET_9220,IRWIN,https://irwin.doi.gov/observer/
EONET_8920,GDACS,https://www.gdacs.org/report.aspx?eventtype=WF&eventid=1020294
EONET_8921,GDACS,https://www.gdacs.org/report.aspx?eventtype=WF&eventid=1020295
EONET_8922,GDACS,https://www.gdacs.org/report.aspx?eventtype=WF&eventid=1020296
EONET_8923,GDACS,https://www.gdacs.org/report.aspx?eventtype=WF&eventid=1020297
EONET_8946,GDACS,https://www.gdacs.org/report.aspx?eventtype=WF&eventid=1020318
EONET_8947,GDACS,https://www.gdacs.org/report.aspx?eventtype=WF&eventid=1020319
EONET_8948,GDACS,https://www.gdacs.org/report.aspx?eventtype=WF&eventid=1020305
EONET_8949,GDACS,https://www.gdacs.org/report.aspx?eventtype=WF&eventid=1020306
EONET_8978,GDACS,https://www.gdacs.org/report.aspx?eventtype=WF&eventid=1020347
EONET_8979,GDACS,https://www.gdacs.org/report.aspx?eventtype=WF&eventid=1020343
EONET_8980,GDACS,https://www.gdacs.org/report.aspx?eventtype=WF&eventid=1020355
EONET_8981,GDACS,https://www.gdacs.org/report.aspx?eventtype=WF&eventid=1020357
EONET_8982,GDACS,https://www.gdacs.org/report.aspx?eventtype=WF&eventid=1020358
EONET_9005,GDACS,https://www.gdacs.org/report.aspx?eventtype=WF&eventid=1020366
EONET_9006,GDACS,https://www.gdacs.org/report.aspx?eventtype=WF&eventid=1020367
EONET_9007,GDACS,https://www.gdacs.org/report.aspx?eventtype=WF&eventid=1020370
EONET_9065,GDACS,https://www.gdacs.org/report.aspx?eventtype=WF&eventid=1020376
EONET_9078,GDACS,https://www.gdacs.org/report.aspx?eventtype=WF&eventid=1020390
EONET_9079,GDACS,https://www.gdacs.org/report.aspx?eventtype=WF&eventid=1020391
EONET_9086,GDACS,https://www.gdacs.org/report.aspx?eventtype=WF&eventid=1020397
EONET_9087,GDACS,https://www.gdacs.org/report.aspx?eventtype=WF&eventid=1020396
EONET_9094,GDACS,https://www.gdacs.org/report.aspx?eventtype=WF&eventid=1020402
EONET_9141,GDACS,https://www.gdacs.org/report.aspx?eventtype=WF&eventid=1020412
EONET_9187,GDACS,https://www.gdacs.org/report.aspx?eventtype=WF&eventid=1020455
EONET_9188,GDACS,https://www.gdacs.org/report.aspx?eventtype=WF&eventid=1020456
EONET_9189,GDACS,https://www.gdacs.org/report.aspx?eventtype=WF&eventid=1020469
EONET_9320,GDACS,https://www.gdacs.org/report.aspx?eventtype=WF&eventid=1020569
EONET_9321,GDACS,https://www.gdacs.org/report.aspx?eventtype=WF&eventid=1020574
EONET_9322,GDACS,https://www.gdacs.org/report.aspx?eventtype=WF&eventid=1020520
EONET_9323,GDACS,https://www.gdacs.org/report.aspx?eventtype=WF&eventid=1020586
EONET_9324,GDACS,https://www.gdacs.org/report.aspx?eventtype=WF&eventid=1020601
EONET_9325,GDACS,https://www.gdacs.org/report.aspx?eventtype=WF&eventid=1020570
EONET_9326,GDACS,https://www.gdacs.org/report.aspx?eventtype=WF&eventid=1020572
EONET_9327,GDACS,https://www.gdacs.org/report.aspx?eventtype=WF&eventid=1020521
EONET_9378,GDACS,https://www.gdacs.org/report.aspx?eventtype=WF&eventid=1020638
EONET_9413,GDACS,https://www.gdacs.org/report.aspx?eventtype=WF&eventid=1020674
EONET_9535,GDACS,https://www.gdacs.org/report.aspx?eventtype=WF&eventid=1020782
EONET_9536,GDACS,https://www.gdacs.org/report.aspx?eventtype=WF&eventid=1020783
EONET_8898,IRWIN,https://irwin.doi.gov/observer/
EONET_9039,IRWIN,https://irwin.doi.gov/observer/
EONET_9042,IRWIN,https://irwin.doi.gov/observer/
EONET_8910,IRWIN,https://irwin.doi.gov/observer/
EONET_9113,IRWIN,https://irwin.doi.gov/observer/
EONET_8887,IRWIN,https://irwin.doi.gov/observer/
EONET_8885,IRWIN,https://irwin.doi.gov/observer/
EONET_8879,IRWIN,https://irwin.doi.gov/observer/
EONET_8821,GDACS,https://www.gdacs.org/report.aspx?eventtype=WF&eventid=1020241
EONET_8822,GDACS,https://www.gdacs.org/report.aspx?eventtype=WF&eventid=1020252
EONET_8852,GDACS,https://www.gdacs.org/report.aspx?eventtype=WF&eventid=1020274
EONET_8853,GDACS,https://www.gdacs.org/report.aspx?eventtype=WF&eventid=1020263
EONET_8924,GDACS,https://www.gdacs.org/report.aspx?eventtype=WF&eventid=1020282
EONET_8925,GDACS,https://www.gdacs.org/report.aspx?eventtype=WF&eventid=1020283
EONET_8926,GDACS,https://www.gdacs.org/report.aspx?eventtype=WF&eventid=1020281
EONET_8927,GDACS,https://www.gdacs.org/report.aspx?eventtype=WF&eventid=1020298
EONET_8928,GDACS,https://www.gdacs.org/report.aspx?eventtype=WF&eventid=1020299
EONET_8929,GDACS,https://www.gdacs.org/report.aspx?eventtype=WF&eventid=1020287
EONET_8950,GDACS,https://www.gdacs.org/report.aspx?eventtype=WF&eventid=1020320
EONET_8951,GDACS,https://www.gdacs.org/report.aspx?eventtype=WF&eventid=1020321
EONET_8983,GDACS,https://www.gdacs.org/report.aspx?eventtype=WF&eventid=1020359
EONET_8984,GDACS,https://www.gdacs.org/report.aspx?eventtype=WF&eventid=1020360
EONET_8985,GDACS,https://www.gdacs.org/report.aspx?eventtype=WF&eventid=1020348
EONET_8986,GDACS,https://www.gdacs.org/report.aspx?eventtype=WF&eventid=1020337
EONET_9008,GDACS,https://www.gdacs.org/report.aspx?eventtype=WF&eventid=1020363
EONET_9066,GDACS,https://www.gdacs.org/report.aspx?eventtype=WF&eventid=1020377
EONET_9067,GDACS,https://www.gdacs.org/report.aspx?eventtype=WF&eventid=1020378
EONET_9080,GDACS,https://www.gdacs.org/report.aspx?eventtype=WF&eventid=1020387
EONET_9095,GDACS,https://www.gdacs.org/report.aspx?eventtype=WF&eventid=1020403
EONET_9142,GDACS,https://www.gdacs.org/report.aspx?eventtype=WF&eventid=1020413
EONET_9190,GDACS,https://www.gdacs.org/report.aspx?eventtype=WF&eventid=1020457
EONET_9191,GDACS,https://www.gdacs.org/report.aspx?eventtype=WF&eventid=1020458
EONET_9192,GDACS,https://www.gdacs.org/report.aspx?eventtype=WF&eventid=1020459
EONET_9193,GDACS,https://www.gdacs.org/report.aspx?eventtype=WF&eventid=1020460
EONET_9328,GDACS,https://www.gdacs.org/report.aspx?eventtype=WF&eventid=1020528
EONET_9329,GDACS,https://www.gdacs.org/report.aspx?eventtype=WF&eventid=1020524
EONET_9330,GDACS,https://www.gdacs.org/report.aspx?eventtype=WF&eventid=1020577
EONET_9331,GDACS,https://www.gdacs.org/report.aspx?eventtype=WF&eventid=1020522
EONET_9332,GDACS,https://www.gdacs.org/report.aspx?eventtype=WF&eventid=1020523
EONET_9333,GDACS,https://www.gdacs.org/report.aspx?eventtype=WF&eventid=1020526
EONET_9334,GDACS,https://www.gdacs.org/report.aspx?eventtype=WF&eventid=1020527
EONET_9335,GDACS,https://www.gdacs.org/report.aspx?eventtype=WF&eventid=1020529
EONET_9336,GDACS,https://www.gdacs.org/report.aspx?eventtype=WF&eventid=1020575
EONET_9414,GDACS,https://www.gdacs.org/report.aspx?eventtype=WF&eventid=1020639
EONET_9537,GDACS,https://www.gdacs.org/report.aspx?eventtype=WF&eventid=1020784
EONET_8883,IRWIN,https://irwin.doi.gov/observer/
EONET_9101,IRWIN,https://irwin.doi.gov/observer/
EONET_9205,IRWIN,https://irwin.doi.gov/observer/
EONET_9122,IRWIN,https://irwin.doi.gov/observer/
EONET_8907,IRWIN,https://irwin.doi.gov/observer/
EONET_8894,IRWIN,https://irwin.doi.gov/observer/
EONET_8881,IRWIN,https://irwin.doi.gov/observer/
EONET_9112,IRWIN,https://irwin.doi.gov/observer/
EONET_8888,IRWIN,https://irwin.doi.gov/observer/
EONET_8912,IRWIN,https://irwin.doi.gov/observer/
EONET_8880,IRWIN,https://irwin.doi.gov/observer/
EONET_8889,IRWIN,https://irwin.doi.gov/observer/
EONET_8780,IRWIN,https://irwin.doi.gov/observer/
EONET_9027,IRWIN,https://irwin.doi.gov/observer/
EONET_8878,IRWIN,https://irwin.doi.gov/observer/
EONET_8776,IRWIN,https://irwin.doi.gov/observer/
EONET_8797,GDACS,https://www.gdacs.org/report.aspx?eventtype=WF&eventid=1020211
EONET_8823,GDACS,https://www.gdacs.org/report.aspx?eventtype=WF&eventid=1020242
EONET_8824,GDACS,https://www.gdacs.org/report.aspx?eventtype=WF&eventid=1020253
EONET_8825,GDACS,https://www.gdacs.org/report.aspx?eventtype=WF&eventid=1020254
EONET_8826,GDACS,https://www.gdacs.org/report.aspx?eventtype=WF&eventid=1020249
EONET_8854,GDACS,https://www.gdacs.org/report.aspx?eventtype=WF&eventid=1020264
EONET_8855,GDACS,https://www.gdacs.org/report.aspx?eventtype=WF&eventid=1020275
EONET_8856,GDACS,https://www.gdacs.org/report.aspx?eventtype=WF&eventid=1020276
EONET_8857,GDACS,https://www.gdacs.org/report.aspx?eventtype=WF&eventid=1020277
EONET_8930,GDACS,https://www.gdacs.org/report.aspx?eventtype=WF&eventid=1020284
EONET_8931,GDACS,https://www.gdacs.org/report.aspx?eventtype=WF&eventid=1020288
EONET_8932,GDACS,https://www.gdacs.org/report.aspx?eventtype=WF&eventid=1020289
EONET_8933,GDACS,https://www.gdacs.org/report.aspx?eventtype=WF&eventid=1020290
EONET_8952,GDACS,https://www.gdacs.org/report.aspx?eventtype=WF&eventid=1020313
EONET_8953,GDACS,https://www.gdacs.org/report.aspx?eventtype=WF&eventid=1020322
EONET_8954,GDACS,https://www.gdacs.org/report.aspx?eventtype=WF&eventid=1020323
EONET_8955,GDACS,https://www.gdacs.org/report.aspx?eventtype=WF&eventid=1020330
EONET_8956,GDACS,https://www.gdacs.org/report.aspx?eventtype=WF&eventid=1020333
EONET_8957,GDACS,https://www.gdacs.org/report.aspx?eventtype=WF&eventid=1020334
EONET_8958,GDACS,https://www.gdacs.org/report.aspx?eventtype=WF&eventid=1020335
EONET_8987,GDACS,https://www.gdacs.org/report.aspx?eventtype=WF&eventid=1020349
EONET_9009,GDACS,https://www.gdacs.org/report.aspx?eventtype=WF&eventid=1020368
EONET_9096,GDACS,https://www.gdacs.org/report.aspx?eventtype=WF&eventid=1020407
EONET_9097,GDACS,https://www.gdacs.org/report.aspx?eventtype=WF&eventid=1020410
EONET_9194,GDACS,https://www.gdacs.org/report.aspx?eventtype=WF&eventid=1020462
EONET_9195,GDACS,https://www.gdacs.org/report.aspx?eventtype=WF&eventid=1020463
EONET_9196,GDACS,https://www.gdacs.org/report.aspx?eventtype=WF&eventid=1020461
EONET_9337,GDACS,https://www.gdacs.org/report.aspx?eventtype=WF&eventid=1020531
EONET_9338,GDACS,https://www.gdacs.org/report.aspx?eventtype=WF&eventid=1020530
EONET_9538,GDACS,https://www.gdacs.org/report.aspx?eventtype=WF&eventid=1020785
EONET_8876,IRWIN,https://irwin.doi.gov/observer/
EONET_9028,IRWIN,https://irwin.doi.gov/observer/
EONET_9014,IRWIN,https://irwin.doi.gov/observer/
EONET_8900,IRWIN,https://irwin.doi.gov/observer/
EONET_8775,IRWIN,https://irwin.doi.gov/observer/
EONET_8886,IRWIN,https://irwin.doi.gov/observer/
EONET_8779,IRWIN,https://irwin.doi.gov/observer/
EONET_8790,IRWIN,https://irwin.doi.gov/observer/
EONET_8798,GDACS,https://www.gdacs.org/report.aspx?eventtype=WF&eventid=1020212
EONET_8799,GDACS,https://www.gdacs.org/report.aspx?eventtype=WF&eventid=1020213
EONET_8827,GDACS,https://www.gdacs.org/report.aspx?eventtype=WF&eventid=1020243
EONET_8828,GDACS,https://www.gdacs.org/report.aspx?eventtype=WF&eventid=1020232
EONET_8829,GDACS,https://www.gdacs.org/report.aspx?eventtype=WF&eventid=1020233
EONET_8830,GDACS,https://www.gdacs.org/report.aspx?eventtype=WF&eventid=1020234
EONET_8831,GDACS,https://www.gdacs.org/report.aspx?eventtype=WF&eventid=1020235
EONET_8832,GDACS,https://www.gdacs.org/report.aspx?eventtype=WF&eventid=1020255
EONET_8858,GDACS,https://www.gdacs.org/report.aspx?eventtype=WF&eventid=1020260
EONET_8859,GDACS,https://www.gdacs.org/report.aspx?eventtype=WF&eventid=1020278
EONET_8860,GDACS,https://www.gdacs.org/report.aspx?eventtype=WF&eventid=1020265
EONET_8861,GDACS,https://www.gdacs.org/report.aspx?eventtype=WF&eventid=1020266
EONET_8934,GDACS,https://www.gdacs.org/report.aspx?eventtype=WF&eventid=1020300
EONET_8959,GDACS,https://www.gdacs.org/report.aspx?eventtype=WF&eventid=1020314
EONET_8960,GDACS,https://www.gdacs.org/report.aspx?eventtype=WF&eventid=1020315
EONET_8961,GDACS,https://www.gdacs.org/report.aspx?eventtype=WF&eventid=1020307
EONET_8988,GDACS,https://www.gdacs.org/report.aspx?eventtype=WF&eventid=1020356
EONET_8989,GDACS,https://www.gdacs.org/report.aspx?eventtype=WF&eventid=1020344
EONET_8990,GDACS,https://www.gdacs.org/report.aspx?eventtype=WF&eventid=1020350
EONET_8991,GDACS,https://www.gdacs.org/report.aspx?eventtype=WF&eventid=1020345
EONET_9010,GDACS,https://www.gdacs.org/report.aspx?eventtype=WF&eventid=1020364
EONET_9068,GDACS,https://www.gdacs.org/report.aspx?eventtype=WF&eventid=1020380
EONET_9339,GDACS,https://www.gdacs.org/report.aspx?eventtype=WF&eventid=1020533
EONET_9340,GDACS,https://www.gdacs.org/report.aspx?eventtype=WF&eventid=1020580
EONET_9341,GDACS,https://www.gdacs.org/report.aspx?eventtype=WF&eventid=1020532
EONET_8778,IRWIN,https://irwin.doi.gov/observer/
EONET_8773,IRWIN,https://irwin.doi.gov/observer/
EONET_8892,IRWIN,https://irwin.doi.gov/observer/
EONET_8777,IRWIN,https://irwin.doi.gov/observer/
EONET_8800,GDACS,https://www.gdacs.org/report.aspx?eventtype=WF&eventid=1020214
EONET_8801,GDACS,https://www.gdacs.org/report.aspx?eventtype=WF&eventid=1020208
EONET_8802,GDACS,https://www.gdacs.org/report.aspx?eventtype=WF&eventid=1020224
EONET_8833,GDACS,https://www.gdacs.org/report.aspx?eventtype=WF&eventid=1020244
EONET_8834,GDACS,https://www.gdacs.org/report.aspx?eventtype=WF&eventid=1020236
EONET_8862,GDACS,https://www.gdacs.org/report.aspx?eventtype=WF&eventid=1020261
EONET_8863,GDACS,https://www.gdacs.org/report.aspx?eventtype=WF&eventid=1020267
EONET_8935,GDACS,https://www.gdacs.org/report.aspx?eventtype=WF&eventid=1020301
EONET_8936,GDACS,https://www.gdacs.org/report.aspx?eventtype=WF&eventid=1020291
EONET_8962,GDACS,https://www.gdacs.org/report.aspx?eventtype=WF&eventid=1020308
EONET_8963,GDACS,https://www.gdacs.org/report.aspx?eventtype=WF&eventid=1020309
EONET_8964,GDACS,https://www.gdacs.org/report.aspx?eventtype=WF&eventid=1020310
EONET_8965,GDACS,https://www.gdacs.org/report.aspx?eventtype=WF&eventid=1020324
EONET_8966,GDACS,https://www.gdacs.org/report.aspx?eventtype=WF&eventid=1020325
EONET_8967,GDACS,https://www.gdacs.org/report.aspx?eventtype=WF&eventid=1020316
EONET_8992,GDACS,https://www.gdacs.org/report.aspx?eventtype=WF&eventid=1020338
EONET_8993,GDACS,https://www.gdacs.org/report.aspx?eventtype=WF&eventid=1020339
EONET_8994,GDACS,https://www.gdacs.org/report.aspx?eventtype=WF&eventid=1020351
EONET_8995,GDACS,https://www.gdacs.org/report.aspx?eventtype=WF&eventid=1020352
EONET_9069,GDACS,https://www.gdacs.org/report.aspx?eventtype=WF&eventid=1020381
EONET_9081,GDACS,https://www.gdacs.org/report.aspx?eventtype=WF&eventid=1020392
EONET_9098,GDACS,https://www.gdacs.org/report.aspx?eventtype=WF&eventid=1020408
EONET_9197,GDACS,https://www.gdacs.org/report.aspx?eventtype=WF&eventid=1020464
EONET_8792,IRWIN,https://irwin.doi.gov/observer/
EONET_8728,IRWIN,https://irwin.doi.gov/observer/
EONET_8774,IRWIN,https://irwin.doi.gov/observer/
EONET_8803,GDACS,https://www.gdacs.org/report.aspx?eventtype=WF&eventid=1020215
EONET_8804,GDACS,https://www.gdacs.org/report.aspx?eventtype=WF&eventid=1020216
EONET_8835,GDACS,https://www.gdacs.org/report.aspx?eventtype=WF&eventid=1020237
EONET_8836,GDACS,https://www.gdacs.org/report.aspx?eventtype=WF&eventid=1020245
EONET_8837,GDACS,https://www.gdacs.org/report.aspx?eventtype=WF&eventid=1020247
EONET_8838,GDACS,https://www.gdacs.org/report.aspx?eventtype=WF&eventid=1020238
EONET_8839,GDACS,https://www.gdacs.org/report.aspx?eventtype=WF&eventid=1020246
EONET_8864,GDACS,https://www.gdacs.org/report.aspx?eventtype=WF&eventid=1020262
EONET_8865,GDACS,https://www.gdacs.org/report.aspx?eventtype=WF&eventid=1020270
EONET_8866,GDACS,https://www.gdacs.org/report.aspx?eventtype=WF&eventid=1020271
EONET_8867,GDACS,https://www.gdacs.org/report.aspx?eventtype=WF&eventid=1020279
EONET_8868,GDACS,https://www.gdacs.org/report.aspx?eventtype=WF&eventid=1020280
EONET_8937,GDACS,https://www.gdacs.org/report.aspx?eventtype=WF&eventid=1020286
EONET_8938,GDACS,https://www.gdacs.org/report.aspx?eventtype=WF&eventid=1020285
EONET_8968,GDACS,https://www.gdacs.org/report.aspx?eventtype=WF&eventid=1020311
EONET_8969,GDACS,https://www.gdacs.org/report.aspx?eventtype=WF&eventid=1020326
EONET_8970,GDACS,https://www.gdacs.org/report.aspx?eventtype=WF&eventid=1020327
EONET_8996,GDACS,https://www.gdacs.org/report.aspx?eventtype=WF&eventid=1020346
EONET_9011,GDACS,https://www.gdacs.org/report.aspx?eventtype=WF&eventid=1020373
EONET_8731,IRWIN,https://irwin.doi.gov/observer/
EONET_8752,IRWIN,https://irwin.doi.gov/observer/
EONET_8729,IRWIN,https://irwin.doi.gov/observer/
EONET_8805,GDACS,https://www.gdacs.org/report.aspx?eventtype=WF&eventid=1020217
EONET_8806,GDACS,https://www.gdacs.org/report.aspx?eventtype=WF&eventid=1020218
EONET_8807,GDACS,https://www.gdacs.org/report.aspx?eventtype=WF&eventid=1020209
EONET_8808,GDACS,https://www.gdacs.org/report.aspx?eventtype=WF&eventid=1020225
EONET_8809,GDACS,https://www.gdacs.org/report.aspx?eventtype=WF&eventid=1020226
EONET_8810,GDACS,https://www.gdacs.org/report.aspx?eventtype=WF&eventid=1020230
EONET_8840,GDACS,https://www.gdacs.org/report.aspx?eventtype=WF&eventid=1020248
EONET_8841,GDACS,https://www.gdacs.org/report.aspx?eventtype=WF&eventid=1020256
EONET_8971,GDACS,https://www.gdacs.org/report.aspx?eventtype=WF&eventid=1020312
EONET_8997,GDACS,https://www.gdacs.org/report.aspx?eventtype=WF&eventid=1020353
EONET_8998,GDACS,https://www.gdacs.org/report.aspx?eventtype=WF&eventid=1020340
EONET_9012,GDACS,https://www.gdacs.org/report.aspx?eventtype=WF&eventid=1020369
EONET_9099,GDACS,https://www.gdacs.org/report.aspx?eventtype=WF&eventid=1020411
EONET_9539,GDACS,https://www.gdacs.org/report.aspx?eventtype=WF&eventid=1020787
EONET_8911,IRWIN,https://irwin.doi.gov/observer/
EONET_8732,IRWIN,https://irwin.doi.gov/observer/
EONET_8739,IRWIN,https://irwin.doi.gov/observer/
EONET_8771,IRWIN,https://irwin.doi.gov/observer/
EONET_8909,IRWIN,https://irwin.doi.gov/observer/
EONET_8726,IRWIN,https://irwin.doi.gov/observer/
EONET_8746,IRWIN,https://irwin.doi.gov/observer/
EONET_8722,IRWIN,https://irwin.doi.gov/observer/
EONET_8760,GDACS,https://www.gdacs.org/report.aspx?eventtype=WF&eventid=1020197
EONET_8763,GDACS,https://www.gdacs.org/report.aspx?eventtype=WF&eventid=1020205
EONET_8764,GDACS,https://www.gdacs.org/report.aspx?eventtype=WF&eventid=1020206
EONET_8765,GDACS,https://www.gdacs.org/report.aspx?eventtype=WF&eventid=1020207
EONET_8811,GDACS,https://www.gdacs.org/report.aspx?eventtype=WF&eventid=1020219
EONET_8842,GDACS,https://www.gdacs.org/report.aspx?eventtype=WF&eventid=1020257
EONET_8869,GDACS,https://www.gdacs.org/report.aspx?eventtype=WF&eventid=1020272
EONET_8972,GDACS,https://www.gdacs.org/report.aspx?eventtype=WF&eventid=1020328
EONET_8999,GDACS,https://www.gdacs.org/report.aspx?eventtype=WF&eventid=1020341
EONET_9000,GDACS,https://www.gdacs.org/report.aspx?eventtype=WF&eventid=1020361
EONET_9070,GDACS,https://www.gdacs.org/report.aspx?eventtype=WF&eventid=1020382
EONET_8750,IRWIN,https://irwin.doi.gov/observer/
EONET_8901,IRWIN,https://irwin.doi.gov/observer/
EONET_8737,IRWIN,https://irwin.doi.gov/observer/
EONET_8735,IRWIN,https://irwin.doi.gov/observer/
EONET_8724,IRWIN,https://irwin.doi.gov/observer/
EONET_8709,GDACS,https://www.gdacs.org/report.aspx?eventtype=WF&eventid=1020181
EONET_8757,GDACS,https://www.gdacs.org/report.aspx?eventtype=WF&eventid=1020193
EONET_8812,GDACS,https://www.gdacs.org/report.aspx?eventtype=WF&eventid=1020221
EONET_8813,GDACS,https://www.gdacs.org/report.aspx?eventtype=WF&eventid=1020220
EONET_8843,GDACS,https://www.gdacs.org/report.aspx?eventtype=WF&eventid=1020258
EONET_8844,GDACS,https://www.gdacs.org/report.aspx?eventtype=WF&eventid=1020239
EONET_8939,GDACS,https://www.gdacs.org/report.aspx?eventtype=WF&eventid=1020292
EONET_8973,GDACS,https://www.gdacs.org/report.aspx?eventtype=WF&eventid=1020329
EONET_9001,GDACS,https://www.gdacs.org/report.aspx?eventtype=WF&eventid=1020362
EONET_8723,IRWIN,https://irwin.doi.gov/observer/
EONET_8648,IRWIN,https://irwin.doi.gov/observer/
EONET_8650,IRWIN,https://irwin.doi.gov/observer/
EONET_8733,IRWIN,https://irwin.doi.gov/observer/
EONET_8770,IRWIN,https://irwin.doi.gov/observer/
EONET_8646,IRWIN,https://irwin.doi.gov/observer/
EONET_8766,GDACS,https://www.gdacs.org/report.aspx?eventtype=WF&eventid=1020203
EONET_8814,GDACS,https://www.gdacs.org/report.aspx?eventtype=WF&eventid=1020227
EONET_8815,GDACS,https://www.gdacs.org/report.aspx?eventtype=WF&eventid=1020228
EONET_8940,GDACS,https://www.gdacs.org/report.aspx?eventtype=WF&eventid=1020302
EONET_8730,IRWIN,https://irwin.doi.gov/observer/
EONET_8605,GDACS,https://www.gdacs.org/report.aspx?eventtype=WF&eventid=1020155
EONET_8606,GDACS,https://www.gdacs.org/report.aspx?eventtype=WF&eventid=1020156
EONET_8607,GDACS,https://www.gdacs.org/report.aspx?eventtype=WF&eventid=1020157
EONET_8608,GDACS,https://www.gdacs.org/report.aspx?eventtype=WF&eventid=1020158
EONET_8609,GDACS,https://www.gdacs.org/report.aspx?eventtype=WF&eventid=1020159
EONET_8610,GDACS,https://www.gdacs.org/report.aspx?eventtype=WF&eventid=1020160
EONET_8635,GDACS,https://www.gdacs.org/report.aspx?eventtype=WF&eventid=1020163
EONET_8710,GDACS,https://www.gdacs.org/report.aspx?eventtype=WF&eventid=1020182
EONET_8717,GDACS,https://www.gdacs.org/report.aspx?eventtype=WF&eventid=1020189
EONET_8720,GDACS,https://www.gdacs.org/report.aspx?eventtype=WF&eventid=1020192
EONET_8758,GDACS,https://www.gdacs.org/report.aspx?eventtype=WF&eventid=1020194
EONET_8761,GDACS,https://www.gdacs.org/report.aspx?eventtype=WF&eventid=1020198
EONET_8767,GDACS,https://www.gdacs.org/report.aspx?eventtype=WF&eventid=1020204
EONET_8768,GDACS,https://www.gdacs.org/report.aspx?eventtype=WF&eventid=1020200
EONET_8816,GDACS,https://www.gdacs.org/report.aspx?eventtype=WF&eventid=1020222
EONET_8870,GDACS,https://www.gdacs.org/report.aspx?eventtype=WF&eventid=1020268
EONET_8974,GDACS,https://www.gdacs.org/report.aspx?eventtype=WF&eventid=1020317
EONET_8659,IRWIN,https://irwin.doi.gov/observer/
EONET_8681,IRWIN,https://irwin.doi.gov/observer/
EONET_8655,IRWIN,https://irwin.doi.gov/observer/
EONET_8636,GDACS,https://www.gdacs.org/report.aspx?eventtype=WF&eventid=1020164
EONET_8699,GDACS,https://www.gdacs.org/report.aspx?eventtype=WF&eventid=1020161
EONET_8845,GDACS,https://www.gdacs.org/report.aspx?eventtype=WF&eventid=1020250
EONET_8871,GDACS,https://www.gdacs.org/report.aspx?eventtype=WF&eventid=1020269
EONET_8941,GDACS,https://www.gdacs.org/report.aspx?eventtype=WF&eventid=1020293
EONET_8665,IRWIN,https://irwin.doi.gov/observer/
EONET_8661,IRWIN,https://irwin.doi.gov/observer/
EONET_8660,IRWIN,https://irwin.doi.gov/observer/
EONET_8637,GDACS,https://www.gdacs.org/report.aspx?eventtype=WF&eventid=1020165
EONET_8700,GDACS,https://www.gdacs.org/report.aspx?eventtype=WF&eventid=1020173
EONET_8711,GDACS,https://www.gdacs.org/report.aspx?eventtype=WF&eventid=1020183
EONET_8762,GDACS,https://www.gdacs.org/report.aspx?eventtype=WF&eventid=1020199
EONET_8817,GDACS,https://www.gdacs.org/report.aspx?eventtype=WF&eventid=1020231
EONET_8846,GDACS,https://www.gdacs.org/report.aspx?eventtype=WF&eventid=1020251
EONET_8847,GDACS,https://www.gdacs.org/report.aspx?eventtype=WF&eventid=1020240
EONET_8649,IRWIN,https://irwin.doi.gov/observer/
EONET_8611,GDACS,https://www.gdacs.org/report.aspx?eventtype=WF&eventid=1020132
EONET_8612,GDACS,https://www.gdacs.org/report.aspx?eventtype=WF&eventid=1020153
EONET_8613,GDACS,https://www.gdacs.org/report.aspx?eventtype=WF&eventid=1020133
EONET_8614,GDACS,https://www.gdacs.org/report.aspx?eventtype=WF&eventid=1020134
EONET_8638,GDACS,https://www.gdacs.org/report.aspx?eventtype=WF&eventid=1020166
EONET_8639,GDACS,https://www.gdacs.org/report.aspx?eventtype=WF&eventid=1020167
EONET_8701,GDACS,https://www.gdacs.org/report.aspx?eventtype=WF&eventid=1020174
EONET_8712,GDACS,https://www.gdacs.org/report.aspx?eventtype=WF&eventid=1020184
EONET_8759,GDACS,https://www.gdacs.org/report.aspx?eventtype=WF&eventid=1020195
EONET_8818,GDACS,https://www.gdacs.org/report.aspx?eventtype=WF&eventid=1020229
EONET_8848,GDACS,https://www.gdacs.org/report.aspx?eventtype=WF&eventid=1020259
EONET_8672,IRWIN,https://irwin.doi.gov/observer/
EONET_8515,GDACS,https://www.gdacs.org/report.aspx?eventtype=WF&eventid=1020089
EONET_8526,GDACS,https://www.gdacs.org/report.aspx?eventtype=WF&eventid=1020100
EONET_8589,GDACS,https://www.gdacs.org/report.aspx?eventtype=WF&eventid=1020116
EONET_8590,GDACS,https://www.gdacs.org/report.aspx?eventtype=WF&eventid=1020117
EONET_8615,GDACS,https://www.gdacs.org/report.aspx?eventtype=WF&eventid=1020135
EONET_8616,GDACS,https://www.gdacs.org/report.aspx?eventtype=WF&eventid=1020138
EONET_8617,GDACS,https://www.gdacs.org/report.aspx?eventtype=WF&eventid=1020136
EONET_8618,GDACS,https://www.gdacs.org/report.aspx?eventtype=WF&eventid=1020137
EONET_8619,GDACS,https://www.gdacs.org/report.aspx?eventtype=WF&eventid=1020139
EONET_8620,GDACS,https://www.gdacs.org/report.aspx?eventtype=WF&eventid=1020162
EONET_8640,GDACS,https://www.gdacs.org/report.aspx?eventtype=WF&eventid=1020168
EONET_8641,GDACS,https://www.gdacs.org/report.aspx?eventtype=WF&eventid=1020169
EONET_8654,IRWIN,https://irwin.doi.gov/observer/
EONET_8702,GDACS,https://www.gdacs.org/report.aspx?eventtype=WF&eventid=1020176
EONET_8703,GDACS,https://www.gdacs.org/report.aspx?eventtype=WF&eventid=1020175
EONET_8819,GDACS,https://www.gdacs.org/report.aspx?eventtype=WF&eventid=1020210
EONET_8652,IRWIN,https://irwin.doi.gov/observer/
EONET_8688,IRWIN,https://irwin.doi.gov/observer/
EONET_8516,GDACS,https://www.gdacs.org/report.aspx?eventtype=WF&eventid=1020090
EONET_8527,GDACS,https://www.gdacs.org/report.aspx?eventtype=WF&eventid=1020101
EONET_8591,GDACS,https://www.gdacs.org/report.aspx?eventtype=WF&eventid=1020118
EONET_8621,GDACS,https://www.gdacs.org/report.aspx?eventtype=WF&eventid=1020140
EONET_8622,GDACS,https://www.gdacs.org/report.aspx?eventtype=WF&eventid=1020141
EONET_8623,GDACS,https://www.gdacs.org/report.aspx?eventtype=WF&eventid=1020142
EONET_8704,GDACS,https://www.gdacs.org/report.aspx?eventtype=WF&eventid=1020177
EONET_8713,GDACS,https://www.gdacs.org/report.aspx?eventtype=WF&eventid=1020185
EONET_8718,GDACS,https://www.gdacs.org/report.aspx?eventtype=WF&eventid=1020190
EONET_8820,GDACS,https://www.gdacs.org/report.aspx?eventtype=WF&eventid=1020223
EONET_8690,IRWIN,https://irwin.doi.gov/observer/
EONET_8671,IRWIN,https://irwin.doi.gov/observer/
EONET_8517,GDACS,https://www.gdacs.org/report.aspx?eventtype=WF&eventid=1020093
EONET_8518,GDACS,https://www.gdacs.org/report.aspx?eventtype=WF&eventid=1020091
EONET_8519,GDACS,https://www.gdacs.org/report.aspx?eventtype=WF&eventid=1020092
EONET_8592,GDACS,https://www.gdacs.org/report.aspx?eventtype=WF&eventid=1020119
EONET_8593,GDACS,https://www.gdacs.org/report.aspx?eventtype=WF&eventid=1020120
EONET_8624,GDACS,https://www.gdacs.org/report.aspx?eventtype=WF&eventid=1020144
EONET_8625,GDACS,https://www.gdacs.org/report.aspx?eventtype=WF&eventid=1020143
EONET_8626,GDACS,https://www.gdacs.org/report.aspx?eventtype=WF&eventid=1020154
EONET_8642,GDACS,https://www.gdacs.org/report.aspx?eventtype=WF&eventid=1020170
EONET_8705,GDACS,https://www.gdacs.org/report.aspx?eventtype=WF&eventid=1020178
EONET_8714,GDACS,https://www.gdacs.org/report.aspx?eventtype=WF&eventid=1020186
EONET_8480,IRWIN,https://irwin.doi.gov/observer/
EONET_8916,IRWIN,https://irwin.doi.gov/observer/
EONET_8656,IRWIN,https://irwin.doi.gov/observer/
EONET_8917,IRWIN,https://irwin.doi.gov/observer/
EONET_8914,IRWIN,https://irwin.doi.gov/observer/
EONET_8491,GDACS,https://www.gdacs.org/report.aspx?eventtype=WF&eventid=1020065
EONET_8505,GDACS,https://www.gdacs.org/report.aspx?eventtype=WF&eventid=1020079
EONET_8520,GDACS,https://www.gdacs.org/report.aspx?eventtype=WF&eventid=1020094
EONET_8594,GDACS,https://www.gdacs.org/report.aspx?eventtype=WF&eventid=1020121
EONET_8715,GDACS,https://www.gdacs.org/report.aspx?eventtype=WF&eventid=1020187
EONET_8657,IRWIN,https://irwin.doi.gov/observer/
EONET_8687,IRWIN,https://irwin.doi.gov/observer/
EONET_8437,GDACS,https://www.gdacs.org/report.aspx?eventtype=WF&eventid=1020029
EONET_8457,GDACS,https://www.gdacs.org/report.aspx?eventtype=WF&eventid=1020048
EONET_8492,GDACS,https://www.gdacs.org/report.aspx?eventtype=WF&eventid=1020066
EONET_8506,GDACS,https://www.gdacs.org/report.aspx?eventtype=WF&eventid=1020080
EONET_8521,GDACS,https://www.gdacs.org/report.aspx?eventtype=WF&eventid=1020095
EONET_8528,GDACS,https://www.gdacs.org/report.aspx?eventtype=WF&eventid=1020102
EONET_8529,GDACS,https://www.gdacs.org/report.aspx?eventtype=WF&eventid=1020103
EONET_8595,GDACS,https://www.gdacs.org/report.aspx?eventtype=WF&eventid=1020122
EONET_8596,GDACS,https://www.gdacs.org/report.aspx?eventtype=WF&eventid=1020123
EONET_8627,GDACS,https://www.gdacs.org/report.aspx?eventtype=WF&eventid=1020145
EONET_8706,GDACS,https://www.gdacs.org/report.aspx?eventtype=WF&eventid=1020179
EONET_8707,GDACS,https://www.gdacs.org/report.aspx?eventtype=WF&eventid=1020180
EONET_8769,GDACS,https://www.gdacs.org/report.aspx?eventtype=WF&eventid=1020202
EONET_8477,IRWIN,https://irwin.doi.gov/observer/
EONET_8686,IRWIN,https://irwin.doi.gov/observer/
EONET_8458,GDACS,https://www.gdacs.org/report.aspx?eventtype=WF&eventid=1020049
EONET_8493,GDACS,https://www.gdacs.org/report.aspx?eventtype=WF&eventid=1020067
EONET_8494,GDACS,https://www.gdacs.org/report.aspx?eventtype=WF&eventid=1020068
EONET_8507,GDACS,https://www.gdacs.org/report.aspx?eventtype=WF&eventid=1020081
EONET_8522,GDACS,https://www.gdacs.org/report.aspx?eventtype=WF&eventid=1020096
EONET_8523,GDACS,https://www.gdacs.org/report.aspx?eventtype=WF&eventid=1020097
EONET_8530,GDACS,https://www.gdacs.org/report.aspx?eventtype=WF&eventid=1020104
EONET_8531,GDACS,https://www.gdacs.org/report.aspx?eventtype=WF&eventid=1020105
EONET_8532,GDACS,https://www.gdacs.org/report.aspx?eventtype=WF&eventid=1020106
EONET_8597,GDACS,https://www.gdacs.org/report.aspx?eventtype=WF&eventid=1020124
EONET_8628,GDACS,https://www.gdacs.org/report.aspx?eventtype=WF&eventid=1020147
EONET_8629,GDACS,https://www.gdacs.org/report.aspx?eventtype=WF&eventid=1020146
EONET_8716,GDACS,https://www.gdacs.org/report.aspx?eventtype=WF&eventid=1020188
EONET_8719,GDACS,https://www.gdacs.org/report.aspx?eventtype=WF&eventid=1020191
EONET_9678,GDACS,https://www.gdacs.org/report.aspx?eventtype=WF&eventid=1020946
EONET_8753,IRWIN,https://irwin.doi.gov/observer/
EONET_8484,IRWIN,https://irwin.doi.gov/observer/
EONET_8919,IRWIN,https://irwin.doi.gov/observer/
EONET_8438,GDACS,https://www.gdacs.org/report.aspx?eventtype=WF&eventid=1020031
EONET_8439,GDACS,https://www.gdacs.org/report.aspx?eventtype=WF&eventid=1020032
EONET_8495,GDACS,https://www.gdacs.org/report.aspx?eventtype=WF&eventid=1020069
EONET_8496,GDACS,https://www.gdacs.org/report.aspx?eventtype=WF&eventid=1020070
EONET_8533,GDACS,https://www.gdacs.org/report.aspx?eventtype=WF&eventid=1020107
EONET_8630,GDACS,https://www.gdacs.org/report.aspx?eventtype=WF&eventid=1020148
EONET_8631,GDACS,https://www.gdacs.org/report.aspx?eventtype=WF&eventid=1020149
EONET_8483,IRWIN,https://irwin.doi.gov/observer/
EONET_8479,IRWIN,https://irwin.doi.gov/observer/
EONET_8662,IRWIN,https://irwin.doi.gov/observer/
EONET_8440,GDACS,https://www.gdacs.org/report.aspx?eventtype=WF&eventid=1020033
EONET_8441,GDACS,https://www.gdacs.org/report.aspx?eventtype=WF&eventid=1020034
EONET_8459,GDACS,https://www.gdacs.org/report.aspx?eventtype=WF&eventid=1020052
EONET_8460,GDACS,https://www.gdacs.org/report.aspx?eventtype=WF&eventid=1020050
EONET_8461,GDACS,https://www.gdacs.org/report.aspx?eventtype=WF&eventid=1020051
EONET_8462,GDACS,https://www.gdacs.org/report.aspx?eventtype=WF&eventid=1020053
EONET_8497,GDACS,https://www.gdacs.org/report.aspx?eventtype=WF&eventid=1020071
EONET_8498,GDACS,https://www.gdacs.org/report.aspx?eventtype=WF&eventid=1020072
EONET_8508,GDACS,https://www.gdacs.org/report.aspx?eventtype=WF&eventid=1020082
EONET_8524,GDACS,https://www.gdacs.org/report.aspx?eventtype=WF&eventid=1020098
EONET_8598,GDACS,https://www.gdacs.org/report.aspx?eventtype=WF&eventid=1020125
EONET_8643,GDACS,https://www.gdacs.org/report.aspx?eventtype=WF&eventid=1020171
EONET_8795,IRWIN,https://irwin.doi.gov/observer/
EONET_8355,IRWIN,https://irwin.doi.gov/observer/
EONET_8300,GDACS,https://www.gdacs.org/report.aspx?eventtype=WF&eventid=1019963
EONET_8314,GDACS,https://www.gdacs.org/report.aspx?eventtype=WF&eventid=1019977
EONET_8334,GDACS,https://www.gdacs.org/report.aspx?eventtype=WF&eventid=1019995
EONET_8420,GDACS,https://www.gdacs.org/report.aspx?eventtype=WF&eventid=1020012
EONET_8442,GDACS,https://www.gdacs.org/report.aspx?eventtype=WF&eventid=1020035
EONET_8443,GDACS,https://www.gdacs.org/report.aspx?eventtype=WF&eventid=1020036
EONET_8444,GDACS,https://www.gdacs.org/report.aspx?eventtype=WF&eventid=1020037
EONET_8463,GDACS,https://www.gdacs.org/report.aspx?eventtype=WF&eventid=1020054
EONET_8499,GDACS,https://www.gdacs.org/report.aspx?eventtype=WF&eventid=1020073
EONET_8500,GDACS,https://www.gdacs.org/report.aspx?eventtype=WF&eventid=1020074
EONET_8509,GDACS,https://www.gdacs.org/report.aspx?eventtype=WF&eventid=1020083
EONET_8534,GDACS,https://www.gdacs.org/report.aspx?eventtype=WF&eventid=1020108
EONET_8535,GDACS,https://www.gdacs.org/report.aspx?eventtype=WF&eventid=1020109
EONET_8536,GDACS,https://www.gdacs.org/report.aspx?eventtype=WF&eventid=1020110
EONET_8599,GDACS,https://www.gdacs.org/report.aspx?eventtype=WF&eventid=1020126
EONET_8632,GDACS,https://www.gdacs.org/report.aspx?eventtype=WF&eventid=1020150
EONET_8644,GDACS,https://www.gdacs.org/report.aspx?eventtype=WF&eventid=1020172
EONET_8486,IRWIN,https://irwin.doi.gov/observer/
EONET_8385,IRWIN,https://irwin.doi.gov/observer/
EONET_8386,IRWIN,https://irwin.doi.gov/observer/
EONET_8377,IRWIN,https://irwin.doi.gov/observer/
EONET_8683,IRWIN,https://irwin.doi.gov/observer/
EONET_8359,IRWIN,https://irwin.doi.gov/observer/
EONET_8369,IRWIN,https://irwin.doi.gov/observer/
EONET_8315,GDACS,https://www.gdacs.org/report.aspx?eventtype=WF&eventid=1019978
EONET_8316,GDACS,https://www.gdacs.org/report.aspx?eventtype=WF&eventid=1019979
EONET_8335,GDACS,https://www.gdacs.org/report.aspx?eventtype=WF&eventid=1019997
EONET_8336,GDACS,https://www.gdacs.org/report.aspx?eventtype=WF&eventid=1019996
EONET_8337,GDACS,https://www.gdacs.org/report.aspx?eventtype=WF&eventid=1019998
EONET_8421,GDACS,https://www.gdacs.org/report.aspx?eventtype=WF&eventid=1020013
EONET_8422,GDACS,https://www.gdacs.org/report.aspx?eventtype=WF&eventid=1020014
EONET_8423,GDACS,https://www.gdacs.org/report.aspx?eventtype=WF&eventid=1020015
EONET_8445,GDACS,https://www.gdacs.org/report.aspx?eventtype=WF&eventid=1020038
EONET_8446,GDACS,https://www.gdacs.org/report.aspx?eventtype=WF&eventid=1020039
EONET_8464,GDACS,https://www.gdacs.org/report.aspx?eventtype=WF&eventid=1020055
EONET_8465,GDACS,https://www.gdacs.org/report.aspx?eventtype=WF&eventid=1020056
EONET_8466,GDACS,https://www.gdacs.org/report.aspx?eventtype=WF&eventid=1020057
EONET_8501,GDACS,https://www.gdacs.org/report.aspx?eventtype=WF&eventid=1020075
EONET_8510,GDACS,https://www.gdacs.org/report.aspx?eventtype=WF&eventid=1020084
EONET_8537,GDACS,https://www.gdacs.org/report.aspx?eventtype=WF&eventid=1020111
EONET_8600,GDACS,https://www.gdacs.org/report.aspx?eventtype=WF&eventid=1020127
EONET_8363,IRWIN,https://irwin.doi.gov/observer/
EONET_8378,IRWIN,https://irwin.doi.gov/observer/
EONET_8382,IRWIN,https://irwin.doi.gov/observer/
EONET_8365,IRWIN,https://irwin.doi.gov/observer/
EONET_8485,IRWIN,https://irwin.doi.gov/observer/
EONET_8282,GDACS,https://www.gdacs.org/report.aspx?eventtype=WF&eventid=1019945
EONET_8301,GDACS,https://www.gdacs.org/report.aspx?eventtype=WF&eventid=1019964
EONET_8317,GDACS,https://www.gdacs.org/report.aspx?eventtype=WF&eventid=1019980
EONET_8318,GDACS,https://www.gdacs.org/report.aspx?eventtype=WF&eventid=1019981
EONET_8319,GDACS,https://www.gdacs.org/report.aspx?eventtype=WF&eventid=1019982
EONET_8320,GDACS,https://www.gdacs.org/report.aspx?eventtype=WF&eventid=1019983
EONET_8321,GDACS,https://www.gdacs.org/report.aspx?eventtype=WF&eventid=1019984
EONET_8322,GDACS,https://www.gdacs.org/report.aspx?eventtype=WF&eventid=1019985
EONET_8338,GDACS,https://www.gdacs.org/report.aspx?eventtype=WF&eventid=1019999
EONET_8339,GDACS,https://www.gdacs.org/report.aspx?eventtype=WF&eventid=1020000
EONET_8340,GDACS,https://www.gdacs.org/report.aspx?eventtype=WF&eventid=1020001
EONET_8424,GDACS,https://www.gdacs.org/report.aspx?eventtype=WF&eventid=1020016
EONET_8447,GDACS,https://www.gdacs.org/report.aspx?eventtype=WF&eventid=1020044
EONET_8448,GDACS,https://www.gdacs.org/report.aspx?eventtype=WF&eventid=1020040
EONET_8449,GDACS,https://www.gdacs.org/report.aspx?eventtype=WF&eventid=1020041
EONET_8450,GDACS,https://www.gdacs.org/report.aspx?eventtype=WF&eventid=1020042
EONET_8451,GDACS,https://www.gdacs.org/report.aspx?eventtype=WF&eventid=1020043
EONET_8467,GDACS,https://www.gdacs.org/report.aspx?eventtype=WF&eventid=1020058
EONET_8502,GDACS,https://www.gdacs.org/report.aspx?eventtype=WF&eventid=1020076
EONET_8511,GDACS,https://www.gdacs.org/report.aspx?eventtype=WF&eventid=1020085
EONET_8512,GDACS,https://www.gdacs.org/report.aspx?eventtype=WF&eventid=1020086
EONET_8538,GDACS,https://www.gdacs.org/report.aspx?eventtype=WF&eventid=1020112
EONET_8601,GDACS,https://www.gdacs.org/report.aspx?eventtype=WF&eventid=1020128
EONET_8633,GDACS,https://www.gdacs.org/report.aspx?eventtype=WF&eventid=1020151
EONET_8351,IRWIN,https://irwin.doi.gov/observer/
EONET_8360,IRWIN,https://irwin.doi.gov/observer/
EONET_8691,IRWIN,https://irwin.doi.gov/observer/
EONET_8361,IRWIN,https://irwin.doi.gov/observer/
EONET_8362,IRWIN,https://irwin.doi.gov/observer/
EONET_8225,IRWIN,https://irwin.doi.gov/observer/
EONET_8260,GDACS,https://www.gdacs.org/report.aspx?eventtype=WF&eventid=1019923
EONET_8268,GDACS,https://www.gdacs.org/report.aspx?eventtype=WF&eventid=1019931
EONET_8269,GDACS,https://www.gdacs.org/report.aspx?eventtype=WF&eventid=1019932
EONET_8283,GDACS,https://www.gdacs.org/report.aspx?eventtype=WF&eventid=1019947
EONET_8284,GDACS,https://www.gdacs.org/report.aspx?eventtype=WF&eventid=1019950
EONET_8285,GDACS,https://www.gdacs.org/report.aspx?eventtype=WF&eventid=1019946
EONET_8286,GDACS,https://www.gdacs.org/report.aspx?eventtype=WF&eventid=1019948
EONET_8287,GDACS,https://www.gdacs.org/report.aspx?eventtype=WF&eventid=1019949
EONET_8302,GDACS,https://www.gdacs.org/report.aspx?eventtype=WF&eventid=1019965
EONET_8303,GDACS,https://www.gdacs.org/report.aspx?eventtype=WF&eventid=1019966
EONET_8304,GDACS,https://www.gdacs.org/report.aspx?eventtype=WF&eventid=1019967
EONET_8305,GDACS,https://www.gdacs.org/report.aspx?eventtype=WF&eventid=1019968
EONET_8323,GDACS,https://www.gdacs.org/report.aspx?eventtype=WF&eventid=1019986
EONET_8324,GDACS,https://www.gdacs.org/report.aspx?eventtype=WF&eventid=1019987
EONET_8325,GDACS,https://www.gdacs.org/report.aspx?eventtype=WF&eventid=1019988
EONET_8326,GDACS,https://www.gdacs.org/report.aspx?eventtype=WF&eventid=1019989
EONET_8341,GDACS,https://www.gdacs.org/report.aspx?eventtype=WF&eventid=1020002
EONET_8342,GDACS,https://www.gdacs.org/report.aspx?eventtype=WF&eventid=1020003
EONET_8425,GDACS,https://www.gdacs.org/report.aspx?eventtype=WF&eventid=1020017
EONET_8426,GDACS,https://www.gdacs.org/report.aspx?eventtype=WF&eventid=1020019
EONET_8427,GDACS,https://www.gdacs.org/report.aspx?eventtype=WF&eventid=1020020
EONET_8428,GDACS,https://www.gdacs.org/report.aspx?eventtype=WF&eventid=1020021
EONET_8429,GDACS,https://www.gdacs.org/report.aspx?eventtype=WF&eventid=1020018
EONET_8452,GDACS,https://www.gdacs.org/report.aspx?eventtype=WF&eventid=1020045
EONET_8468,GDACS,https://www.gdacs.org/report.aspx?eventtype=WF&eventid=1020059
EONET_8525,GDACS,https://www.gdacs.org/report.aspx?eventtype=WF&eventid=1020099
EONET_8539,GDACS,https://www.gdacs.org/report.aspx?eventtype=WF&eventid=1020113
EONET_8540,GDACS,https://www.gdacs.org/report.aspx?eventtype=WF&eventid=1020114
EONET_8541,GDACS,https://www.gdacs.org/report.aspx?eventtype=WF&eventid=1020115
EONET_8602,GDACS,https://www.gdacs.org/report.aspx?eventtype=WF&eventid=1020129
EONET_8603,GDACS,https://www.gdacs.org/report.aspx?eventtype=WF&eventid=1020130
EONET_8634,GDACS,https://www.gdacs.org/report.aspx?eventtype=WF&eventid=1020152
EONET_8370,IRWIN,https://irwin.doi.gov/observer/
EONET_8236,Earthdata,https://www.earthdata.nasa.gov/worldview/worldview-image-archive/fresno-june-lightning-complex-fire-california
EONET_8236,IRWIN,https://irwin.doi.gov/observer/
EONET_8375,IRWIN,https://irwin.doi.gov/observer/
EONET_8902,IRWIN,https://irwin.doi.gov/observer/
EONET_8430,GDACS,https://www.gdacs.org/report.aspx?eventtype=WF&eventid=1020022
EONET_8469,GDACS,https://www.gdacs.org/report.aspx?eventtype=WF&eventid=1020060
EONET_8513,GDACS,https://www.gdacs.org/report.aspx?eventtype=WF&eventid=1020087
EONET_8514,GDACS,https://www.gdacs.org/report.aspx?eventtype=WF&eventid=1020088
EONET_8604,GDACS,https://www.gdacs.org/report.aspx?eventtype=WF&eventid=1020131
EONET_8374,IRWIN,https://irwin.doi.gov/observer/
EONET_8383,IRWIN,https://irwin.doi.gov/observer/
EONET_8354,IRWIN,https://irwin.doi.gov/observer/
EONET_8482,IRWIN,https://irwin.doi.gov/observer/
EONET_8229,IRWIN,https://irwin.doi.gov/observer/
EONET_8373,IRWIN,https://irwin.doi.gov/observer/
EONET_8270,GDACS,https://www.gdacs.org/report.aspx?eventtype=WF&eventid=1019933
EONET_8271,GDACS,https://www.gdacs.org/report.aspx?eventtype=WF&eventid=1019934
EONET_8272,GDACS,https://www.gdacs.org/report.aspx?eventtype=WF&eventid=1019935
EONET_8273,GDACS,https://www.gdacs.org/report.aspx?eventtype=WF&eventid=1019936
EONET_8327,GDACS,https://www.gdacs.org/report.aspx?eventtype=WF&eventid=1019990
EONET_8343,GDACS,https://www.gdacs.org/report.aspx?eventtype=WF&eventid=1020005
EONET_8344,GDACS,https://www.gdacs.org/report.aspx?eventtype=WF&eventid=1020004
EONET_8345,GDACS,https://www.gdacs.org/report.aspx?eventtype=WF&eventid=1020006
EONET_8431,GDACS,https://www.gdacs.org/report.aspx?eventtype=WF&eventid=1020023
EONET_8432,GDACS,https://www.gdacs.org/report.aspx?eventtype=WF&eventid=1020024
EONET_8433,GDACS,https://www.gdacs.org/report.aspx?eventtype=WF&eventid=1020025
EONET_8453,GDACS,https://www.gdacs.org/report.aspx?eventtype=WF&eventid=1020046
EONET_8470,GDACS,https://www.gdacs.org/report.aspx?eventtype=WF&eventid=1020061
EONET_8352,IRWIN,https://irwin.doi.gov/observer/
EONET_8371,IRWIN,https://irwin.doi.gov/observer/
EONET_8214,IRWIN,https://irwin.doi.gov/observer/
EONET_8226,IRWIN,https://irwin.doi.gov/observer/
EONET_8223,IRWIN,https://irwin.doi.gov/observer/
EONET_8164,GDACS,https://www.gdacs.org/report.aspx?eventtype=WF&eventid=1019880
EONET_8165,GDACS,https://www.gdacs.org/report.aspx?eventtype=WF&eventid=1019879
EONET_8187,GDACS,https://www.gdacs.org/report.aspx?eventtype=WF&eventid=1019902
EONET_8200,GDACS,https://www.gdacs.org/report.aspx?eventtype=WF&eventid=1019915
EONET_8261,GDACS,https://www.gdacs.org/report.aspx?eventtype=WF&eventid=1019924
EONET_8262,GDACS,https://www.gdacs.org/report.aspx?eventtype=WF&eventid=1019925
EONET_8274,GDACS,https://www.gdacs.org/report.aspx?eventtype=WF&eventid=1019937
EONET_8288,GDACS,https://www.gdacs.org/report.aspx?eventtype=WF&eventid=1019951
EONET_8289,GDACS,https://www.gdacs.org/report.aspx?eventtype=WF&eventid=1019952
EONET_8306,GDACS,https://www.gdacs.org/report.aspx?eventtype=WF&eventid=1019969
EONET_8307,GDACS,https://www.gdacs.org/report.aspx?eventtype=WF&eventid=1019970
EONET_8308,GDACS,https://www.gdacs.org/report.aspx?eventtype=WF&eventid=1019971
EONET_8328,GDACS,https://www.gdacs.org/report.aspx?eventtype=WF&eventid=1019991
EONET_8329,GDACS,https://www.gdacs.org/report.aspx?eventtype=WF&eventid=1019992
EONET_8434,GDACS,https://www.gdacs.org/report.aspx?eventtype=WF&eventid=1020026
EONET_8454,GDACS,https://www.gdacs.org/report.aspx?eventtype=WF&eventid=1020047
EONET_8503,GDACS,https://www.gdacs.org/report.aspx?eventtype=WF&eventid=1020077
EONET_8235,IRWIN,https://irwin.doi.gov/observer/
EONET_8915,IRWIN,https://irwin.doi.gov/observer/
EONET_8166,GDACS,https://www.gdacs.org/report.aspx?eventtype=WF&eventid=1019881
EONET_8167,GDACS,https://www.gdacs.org/report.aspx?eventtype=WF&eventid=1019882
EONET_8188,GDACS,https://www.gdacs.org/report.aspx?eventtype=WF&eventid=1019903
EONET_8189,GDACS,https://www.gdacs.org/report.aspx?eventtype=WF&eventid=1019904
EONET_8201,GDACS,https://www.gdacs.org/report.aspx?eventtype=WF&eventid=1019917
EONET_8202,GDACS,https://www.gdacs.org/report.aspx?eventtype=WF&eventid=1019916
EONET_8275,GDACS,https://www.gdacs.org/report.aspx?eventtype=WF&eventid=1019938
EONET_8276,GDACS,https://www.gdacs.org/report.aspx?eventtype=WF&eventid=1019939
EONET_8290,GDACS,https://www.gdacs.org/report.aspx?eventtype=WF&eventid=1019953
EONET_8346,GDACS,https://www.gdacs.org/report.aspx?eventtype=WF&eventid=1020007
EONET_8347,GDACS,https://www.gdacs.org/report.aspx?eventtype=WF&eventid=1020008
EONET_8471,GDACS,https://www.gdacs.org/report.aspx?eventtype=WF&eventid=1020064
EONET_8472,GDACS,https://www.gdacs.org/report.aspx?eventtype=WF&eventid=1020062
EONET_8473,GDACS,https://www.gdacs.org/report.aspx?eventtype=WF&eventid=1020063
EONET_8504,GDACS,https://www.gdacs.org/report.aspx?eventtype=WF&eventid=1020078
EONET_8241,IRWIN,https://irwin.doi.gov/observer/
EONET_8364,IRWIN,https://irwin.doi.gov/observer/
EONET_8157,GDACS,https://www.gdacs.org/report.aspx?eventtype=WF&eventid=1019872
EONET_8168,GDACS,https://www.gdacs.org/report.aspx?eventtype=WF&eventid=1019883
EONET_8169,GDACS,https://www.gdacs.org/report.aspx?eventtype=WF&eventid=1019884
EONET_8170,GDACS,https://www.gdacs.org/report.aspx?eventtype=WF&eventid=1019885
EONET_8171,GDACS,https://www.gdacs.org/report.aspx?eventtype=WF&eventid=1019887
EONET_8172,GDACS,https://www.gdacs.org/report.aspx?eventtype=WF&eventid=1019886
EONET_8190,GDACS,https://www.gdacs.org/report.aspx?eventtype=WF&eventid=1019906
EONET_8191,GDACS,https://www.gdacs.org/report.aspx?eventtype=WF&eventid=1019905
EONET_8192,GDACS,https://www.gdacs.org/report.aspx?eventtype=WF&eventid=1019907
EONET_8193,GDACS,https://www.gdacs.org/report.aspx?eventtype=WF&eventid=1019908
EONET_8203,GDACS,https://www.gdacs.org/report.aspx?eventtype=WF&eventid=1019918
EONET_8263,GDACS,https://www.gdacs.org/report.aspx?eventtype=WF&eventid=1019926
EONET_8264,GDACS,https://www.gdacs.org/report.aspx?eventtype=WF&eventid=1019927
EONET_8265,GDACS,https://www.gdacs.org/report.aspx?eventtype=WF&eventid=1019928
EONET_8277,GDACS,https://www.gdacs.org/report.aspx?eventtype=WF&eventid=1019940
EONET_8291,GDACS,https://www.gdacs.org/report.aspx?eventtype=WF&eventid=1019955
EONET_8292,GDACS,https://www.gdacs.org/report.aspx?eventtype=WF&eventid=1019954
EONET_8330,GDACS,https://www.gdacs.org/report.aspx?eventtype=WF&eventid=1019993
EONET_8348,GDACS,https://www.gdacs.org/report.aspx?eventtype=WF&eventid=1020009
EONET_8349,GDACS,https://www.gdacs.org/report.aspx?eventtype=WF&eventid=1020010
EONET_8350,GDACS,https://www.gdacs.org/report.aspx?eventtype=WF&eventid=1020011
EONET_8435,GDACS,https://www.gdacs.org/report.aspx?eventtype=WF&eventid=1020027
EONET_8240,IRWIN,https://irwin.doi.gov/observer/
EONET_8230,IRWIN,https://irwin.doi.gov/observer/
EONET_8254,IRWIN,https://irwin.doi.gov/observer/
EONET_8147,GDACS,https://www.gdacs.org/report.aspx?eventtype=WF&eventid=1019862
EONET_8173,GDACS,https://www.gdacs.org/report.aspx?eventtype=WF&eventid=1019888
EONET_8174,GDACS,https://www.gdacs.org/report.aspx?eventtype=WF&eventid=1019889
EONET_8175,GDACS,https://www.gdacs.org/report.aspx?eventtype=WF&eventid=1019890
EONET_8194,GDACS,https://www.gdacs.org/report.aspx?eventtype=WF&eventid=1019911
EONET_8195,GDACS,https://www.gdacs.org/report.aspx?eventtype=WF&eventid=1019909
EONET_8196,GDACS,https://www.gdacs.org/report.aspx?eventtype=WF&eventid=1019910
EONET_8197,GDACS,https://www.gdacs.org/report.aspx?eventtype=WF&eventid=1019912
EONET_8204,GDACS,https://www.gdacs.org/report.aspx?eventtype=WF&eventid=1019919
EONET_8278,GDACS,https://www.gdacs.org/report.aspx?eventtype=WF&eventid=1019941
EONET_8279,GDACS,https://www.gdacs.org/report.aspx?eventtype=WF&eventid=1019942
EONET_8293,GDACS,https://www.gdacs.org/report.aspx?eventtype=WF&eventid=1019956
EONET_8309,GDACS,https://www.gdacs.org/report.aspx?eventtype=WF&eventid=1019972
EONET_8310,GDACS,https://www.gdacs.org/report.aspx?eventtype=WF&eventid=1019973
EONET_8331,GDACS,https://www.gdacs.org/report.aspx?eventtype=WF&eventid=1019994
EONET_8253,IRWIN,https://irwin.doi.gov/observer/
EONET_8213,IRWIN,https://irwin.doi.gov/observer/
EONET_8227,IRWIN,https://irwin.doi.gov/observer/
EONET_8380,IRWIN,https://irwin.doi.gov/observer/
EONET_8387,IRWIN,https://irwin.doi.gov/observer/
EONET_8384,IRWIN,https://irwin.doi.gov/observer/
EONET_8372,IRWIN,https://irwin.doi.gov/observer/
EONET_8376,IRWIN,https://irwin.doi.gov/observer/
EONET_8246,IRWIN,https://irwin.doi.gov/observer/
EONET_8244,IRWIN,https://irwin.doi.gov/observer/
EONET_8221,IRWIN,https://irwin.doi.gov/observer/
EONET_8356,IRWIN,https://irwin.doi.gov/observer/
EONET_8245,IRWIN,https://irwin.doi.gov/observer/
EONET_8148,GDACS,https://www.gdacs.org/report.aspx?eventtype=WF&eventid=1019863
EONET_8149,GDACS,https://www.gdacs.org/report.aspx?eventtype=WF&eventid=1019864
EONET_8150,GDACS,https://www.gdacs.org/report.aspx?eventtype=WF&eventid=1019865
EONET_8151,GDACS,https://www.gdacs.org/report.aspx?eventtype=WF&eventid=1019866
EONET_8152,GDACS,https://www.gdacs.org/report.aspx?eventtype=WF&eventid=1019867
EONET_8158,GDACS,https://www.gdacs.org/report.aspx?eventtype=WF&eventid=1019873
EONET_8159,GDACS,https://www.gdacs.org/report.aspx?eventtype=WF&eventid=1019874
EONET_8176,GDACS,https://www.gdacs.org/report.aspx?eventtype=WF&eventid=1019891
EONET_8177,GDACS,https://www.gdacs.org/report.aspx?eventtype=WF&eventid=1019892
EONET_8178,GDACS,https://www.gdacs.org/report.aspx?eventtype=WF&eventid=1019893
EONET_8179,GDACS,https://www.gdacs.org/report.aspx?eventtype=WF&eventid=1019894
EONET_8198,GDACS,https://www.gdacs.org/report.aspx?eventtype=WF&eventid=1019914
EONET_8199,GDACS,https://www.gdacs.org/report.aspx?eventtype=WF&eventid=1019913
EONET_8205,GDACS,https://www.gdacs.org/report.aspx?eventtype=WF&eventid=1019920
EONET_8266,GDACS,https://www.gdacs.org/report.aspx?eventtype=WF&eventid=1019930
EONET_8267,GDACS,https://www.gdacs.org/report.aspx?eventtype=WF&eventid=1019929
EONET_8294,GDACS,https://www.gdacs.org/report.aspx?eventtype=WF&eventid=1019957
EONET_8295,GDACS,https://www.gdacs.org/report.aspx?eventtype=WF&eventid=1019958
EONET_8296,GDACS,https://www.gdacs.org/report.aspx?eventtype=WF&eventid=1019959
EONET_8311,GDACS,https://www.gdacs.org/report.aspx?eventtype=WF&eventid=1019974
EONET_8312,GDACS,https://www.gdacs.org/report.aspx?eventtype=WF&eventid=1019975
EONET_8313,GDACS,https://www.gdacs.org/report.aspx?eventtype=WF&eventid=1019976
EONET_8436,GDACS,https://www.gdacs.org/report.aspx?eventtype=WF&eventid=1020028
EONET_8234,IRWIN,https://irwin.doi.gov/observer/
EONET_8218,IRWIN,https://irwin.doi.gov/observer/
EONET_8233,IRWIN,https://irwin.doi.gov/observer/
EONET_8918,IRWIN,https://irwin.doi.gov/observer/
EONET_8228,IRWIN,https://irwin.doi.gov/observer/
EONET_8139,GDACS,https://www.gdacs.org/report.aspx?eventtype=WF&eventid=1019855
EONET_8155,GDACS,https://www.gdacs.org/report.aspx?eventtype=WF&eventid=1019870
EONET_8156,GDACS,https://www.gdacs.org/report.aspx?eventtype=WF&eventid=1019871
EONET_8160,GDACS,https://www.gdacs.org/report.aspx?eventtype=WF&eventid=1019876
EONET_8161,GDACS,https://www.gdacs.org/report.aspx?eventtype=WF&eventid=1019875
EONET_8180,GDACS,https://www.gdacs.org/report.aspx?eventtype=WF&eventid=1019895
EONET_8181,GDACS,https://www.gdacs.org/report.aspx?eventtype=WF&eventid=1019896
EONET_8297,GDACS,https://www.gdacs.org/report.aspx?eventtype=WF&eventid=1019960
EONET_8238,IRWIN,https://irwin.doi.gov/observer/
EONET_8162,GDACS,https://www.gdacs.org/report.aspx?eventtype=WF&eventid=1019877
EONET_8163,GDACS,https://www.gdacs.org/report.aspx?eventtype=WF&eventid=1019878
EONET_8182,GDACS,https://www.gdacs.org/report.aspx?eventtype=WF&eventid=1019897
EONET_8280,GDACS,https://www.gdacs.org/report.aspx?eventtype=WF&eventid=1019943
EONET_8281,GDACS,https://www.gdacs.org/report.aspx?eventtype=WF&eventid=1019944
EONET_8298,GDACS,https://www.gdacs.org/report.aspx?eventtype=WF&eventid=1019961
EONET_8231,IRWIN,https://irwin.doi.gov/observer/
EONET_8255,IRWIN,https://irwin.doi.gov/observer/
EONET_8140,GDACS,https://www.gdacs.org/report.aspx?eventtype=WF&eventid=1019856
EONET_8206,GDACS,https://www.gdacs.org/report.aspx?eventtype=WF&eventid=1019921
EONET_8217,IRWIN,https://irwin.doi.gov/observer/
EONET_6681,GDACS,https://www.gdacs.org/report.aspx?eventtype=WF&eventid=1019839
EONET_6687,GDACS,https://www.gdacs.org/report.aspx?eventtype=WF&eventid=1019845
EONET_6695,GDACS,https://www.gdacs.org/report.aspx?eventtype=WF&eventid=1019853
EONET_8141,GDACS,https://www.gdacs.org/report.aspx?eventtype=WF&eventid=1019857
EONET_8153,GDACS,https://www.gdacs.org/report.aspx?eventtype=WF&eventid=1019868
EONET_8183,GDACS,https://www.gdacs.org/report.aspx?eventtype=WF&eventid=1019898
EONET_8184,GDACS,https://www.gdacs.org/report.aspx?eventtype=WF&eventid=1019899
EONET_8249,IRWIN,https://irwin.doi.gov/observer/
EONET_8232,IRWIN,https://irwin.doi.gov/observer/
EONET_8250,IRWIN,https://irwin.doi.gov/observer/
EONET_6682,GDACS,https://www.gdacs.org/report.aspx?eventtype=WF&eventid=1019840
EONET_6683,GDACS,https://www.gdacs.org/report.aspx?eventtype=WF&eventid=1019841
EONET_6684,GDACS,https://www.gdacs.org/report.aspx?eventtype=WF&eventid=1019842
EONET_6688,GDACS,https://www.gdacs.org/report.aspx?eventtype=WF&eventid=1019846
EONET_6689,GDACS,https://www.gdacs.org/report.aspx?eventtype=WF&eventid=1019847
EONET_8142,GDACS,https://www.gdacs.org/report.aspx?eventtype=WF&eventid=1019858
EONET_8185,GDACS,https://www.gdacs.org/report.aspx?eventtype=WF&eventid=1019900
EONET_8299,GDACS,https://www.gdacs.org/report.aspx?eventtype=WF&eventid=1019962
EONET_8251,IRWIN,https://irwin.doi.gov/observer/
EONET_6697,IRWIN,https://irwin.doi.gov/observer/
EONET_6699,IRWIN,https://irwin.doi.gov/observer/
EONET_6700,IRWIN,https://irwin.doi.gov/observer/
EONET_6701,IRWIN,https://irwin.doi.gov/observer/
EONET_6702,IRWIN,https://irwin.doi.gov/observer/
EONET_6703,IRWIN,https://irwin.doi.gov/observer/
EONET_6704,IRWIN,https://irwin.doi.gov/observer/
EONET_6715,IRWIN,https://irwin.doi.gov/observer/
EONET_6716,IRWIN,https://irwin.doi.gov/observer/
EONET_6717,IRWIN,https://irwin.doi.gov/observer/
EONET_6720,IRWIN,https://irwin.doi.gov/observer/
EONET_6721,IRWIN,https://irwin.doi.gov/observer/
EONET_6723,IRWIN,https://irwin.doi.gov/observer/
EONET_6725,IRWIN,https://irwin.doi.gov/observer/
EONET_6731,IRWIN,https://irwin.doi.gov/observer/
EONET_6733,IRWIN,https://irwin.doi.gov/observer/
EONET_6734,IRWIN,https://irwin.doi.gov/observer/
EONET_6736,IRWIN,https://irwin.doi.gov/observer/
EONET_6737,IRWIN,https://irwin.doi.gov/observer/
EONET_6739,IRWIN,https://irwin.doi.gov/observer/
EONET_6740,IRWIN,https://irwin.doi.gov/observer/
EONET_6743,IRWIN,https://irwin.doi.gov/observer/
EONET_6747,IRWIN,https://irwin.doi.gov/observer/
EONET_6748,IRWIN,https://irwin.doi.gov/observer/
EONET_6678,GDACS,https://www.gdacs.org/report.aspx?eventtype=WF&eventid=1019836
EONET_6690,GDACS,https://www.gdacs.org/report.aspx?eventtype=WF&eventid=1019848
EONET_6691,GDACS,https://www.gdacs.org/report.aspx?eventtype=WF&eventid=1019849
EONET_6692,GDACS,https://www.gdacs.org/report.aspx?eventtype=WF&eventid=1019850
EONET_6696,GDACS,https://www.gdacs.org/report.aspx?eventtype=WF&eventid=1019854
EONET_8143,GDACS,https://www.gdacs.org/report.aspx?eventtype=WF&eventid=1019859
EONET_6750,IRWIN,https://irwin.doi.gov/observer/
EONET_6752,IRWIN,https://irwin.doi.gov/observer/
EONET_6753,IRWIN,https://irwin.doi.gov/observer/
EONET_6755,IRWIN,https://irwin.doi.gov/observer/
EONET_6756,IRWIN,https://irwin.doi.gov/observer/
EONET_6757,IRWIN,https://irwin.doi.gov/observer/
EONET_6764,IRWIN,https://irwin.doi.gov/observer/
EONET_6771,IRWIN,https://irwin.doi.gov/observer/
EONET_6779,IRWIN,https://irwin.doi.gov/observer/
EONET_6780,IRWIN,https://irwin.doi.gov/observer/
EONET_6783,IRWIN,https://irwin.doi.gov/observer/
EONET_6788,IRWIN,https://irwin.doi.gov/observer/
EONET_6789,IRWIN,https://irwin.doi.gov/observer/
EONET_6795,IRWIN,https://irwin.doi.gov/observer/
EONET_6798,IRWIN,https://irwin.doi.gov/observer/
EONET_6804,IRWIN,https://irwin.doi.gov/observer/
EONET_6813,IRWIN,https://irwin.doi.gov/observer/
EONET_6816,IRWIN,https://irwin.doi.gov/observer/
EONET_6817,IRWIN,https://irwin.doi.gov/observer/
EONET_6818,IRWIN,https://irwin.doi.gov/observer/
EONET_6820,IRWIN,https://irwin.doi.gov/observer/
EONET_6835,IRWIN,https://irwin.doi.gov/observer/
EONET_6838,IRWIN,https://irwin.doi.gov/observer/
EONET_6841,IRWIN,https://irwin.doi.gov/observer/
EONET_6842,IRWIN,https://irwin.doi.gov/observer/
EONET_6844,IRWIN,https://irwin.doi.gov/observer/
EONET_6845,IRWIN,https://irwin.doi.gov/observer/
EONET_6849,IRWIN,https://irwin.doi.gov/observer/
EONET_6850,IRWIN,https://irwin.doi.gov/observer/
EONET_6666,GDACS,https://www.gdacs.org/report.aspx?eventtype=WF&eventid=1019827
EONET_6673,GDACS,https://www.gdacs.org/report.aspx?eventtype=WF&eventid=1019831
EONET_6679,GDACS,https://www.gdacs.org/report.aspx?eventtype=WF&eventid=1019837
EONET_6685,GDACS,https://www.gdacs.org/report.aspx?eventtype=WF&eventid=1019844
EONET_6686,GDACS,https://www.gdacs.org/report.aspx?eventtype=WF&eventid=1019843
EONET_6693,GDACS,https://www.gdacs.org/report.aspx?eventtype=WF&eventid=1019851
EONET_8154,GDACS,https://www.gdacs.org/report.aspx?eventtype=WF&eventid=1019869
EONET_8186,GDACS,https://www.gdacs.org/report.aspx?eventtype=WF&eventid=1019901
EONET_6863,IRWIN,https://irwin.doi.gov/observer/
EONET_6866,IRWIN,https://irwin.doi.gov/observer/
EONET_6874,IRWIN,https://irwin.doi.gov/observer/
EONET_6875,IRWIN,https://irwin.doi.gov/observer/
EONET_6883,IRWIN,https://irwin.doi.gov/observer/
EONET_6888,IRWIN,https://irwin.doi.gov/observer/
EONET_6889,IRWIN,https://irwin.doi.gov/observer/
EONET_6894,IRWIN,https://irwin.doi.gov/observer/
EONET_6902,IRWIN,https://irwin.doi.gov/observer/
EONET_6903,IRWIN,https://irwin.doi.gov/observer/
EONET_6907,IRWIN,https://irwin.doi.gov/observer/
EONET_6910,IRWIN,https://irwin.doi.gov/observer/
EONET_6912,IRWIN,https://irwin.doi.gov/observer/
EONET_6914,IRWIN,https://irwin.doi.gov/observer/
EONET_6925,IRWIN,https://irwin.doi.gov/observer/
EONET_6663,GDACS,https://www.gdacs.org/report.aspx?eventtype=WF&eventid=1019820
EONET_6667,GDACS,https://www.gdacs.org/report.aspx?eventtype=WF&eventid=1019829
EONET_6668,GDACS,https://www.gdacs.org/report.aspx?eventtype=WF&eventid=1019830
EONET_6669,GDACS,https://www.gdacs.org/report.aspx?eventtype=WF&eventid=1019823
EONET_6670,GDACS,https://www.gdacs.org/report.aspx?eventtype=WF&eventid=1019824
EONET_6680,GDACS,https://www.gdacs.org/report.aspx?eventtype=WF&eventid=1019838
EONET_6694,GDACS,https://www.gdacs.org/report.aspx?eventtype=WF&eventid=1019852
EONET_8207,GDACS,https://www.gdacs.org/report.aspx?eventtype=WF&eventid=1019922
EONET_6954,IRWIN,https://irwin.doi.gov/observer/
EONET_6961,IRWIN,https://irwin.doi.gov/observer/
EONET_6972,IRWIN,https://irwin.doi.gov/observer/
EONET_6979,IRWIN,https://irwin.doi.gov/observer/
EONET_6982,IRWIN,https://irwin.doi.gov/observer/
EONET_7006,IRWIN,https://irwin.doi.gov/observer/
EONET_7009,IRWIN,https://irwin.doi.gov/observer/
EONET_7025,IRWIN,https://irwin.doi.gov/observer/
EONET_6674,GDACS,https://www.gdacs.org/report.aspx?eventtype=WF&eventid=1019832
EONET_8144,GDACS,https://www.gdacs.org/report.aspx?eventtype=WF&eventid=1019860
EONET_7034,IRWIN,https://irwin.doi.gov/observer/
EONET_7035,IRWIN,https://irwin.doi.gov/observer/
EONET_7041,IRWIN,https://irwin.doi.gov/observer/
EONET_7044,IRWIN,https://irwin.doi.gov/observer/
EONET_7050,IRWIN,https://irwin.doi.gov/observer/
EONET_7051,IRWIN,https://irwin.doi.gov/observer/
EONET_7060,IRWIN,https://irwin.doi.gov/observer/
EONET_7072,IRWIN,https://irwin.doi.gov/observer/
EONET_7084,IRWIN,https://irwin.doi.gov/observer/
EONET_7092,IRWIN,https://irwin.doi.gov/observer/
EONET_7103,IRWIN,https://irwin.doi.gov/observer/
EONET_7111,IRWIN,https://irwin.doi.gov/observer/
EONET_7115,IRWIN,https://irwin.doi.gov/observer/
EONET_7116,IRWIN,https://irwin.doi.gov/observer/
EONET_6654,GDACS,https://www.gdacs.org/report.aspx?eventtype=WF&eventid=1019811
EONET_6671,GDACS,https://www.gdacs.org/report.aspx?eventtype=WF&eventid=1019825
EONET_6675,GDACS,https://www.gdacs.org/report.aspx?eventtype=WF&eventid=1019833
EONET_7120,IRWIN,https://irwin.doi.gov/observer/
EONET_7134,IRWIN,https://irwin.doi.gov/observer/
EONET_7139,IRWIN,https://irwin.doi.gov/observer/
EONET_7148,IRWIN,https://irwin.doi.gov/observer/
EONET_7152,IRWIN,https://irwin.doi.gov/observer/
EONET_7162,IRWIN,https://irwin.doi.gov/observer/
EONET_7163,IRWIN,https://irwin.doi.gov/observer/
EONET_7164,IRWIN,https://irwin.doi.gov/observer/
EONET_7178,IRWIN,https://irwin.doi.gov/observer/
EONET_7181,IRWIN,https://irwin.doi.gov/observer/
EONET_7187,IRWIN,https://irwin.doi.gov/observer/
EONET_7195,IRWIN,https://irwin.doi.gov/observer/
EONET_7204,IRWIN,https://irwin.doi.gov/observer/
EONET_7216,IRWIN,https://irwin.doi.gov/observer/
EONET_7226,IRWIN,https://irwin.doi.gov/observer/
EONET_6642,GDACS,https://www.gdacs.org/report.aspx?eventtype=WF&eventid=1019803
EONET_7230,IRWIN,https://irwin.doi.gov/observer/
EONET_7235,IRWIN,https://irwin.doi.gov/observer/
EONET_7239,IRWIN,https://irwin.doi.gov/observer/
EONET_7240,IRWIN,https://irwin.doi.gov/observer/
EONET_7242,IRWIN,https://irwin.doi.gov/observer/
EONET_7243,IRWIN,https://irwin.doi.gov/observer/
EONET_7244,IRWIN,https://irwin.doi.gov/observer/
EONET_7245,IRWIN,https://irwin.doi.gov/observer/
EONET_7246,IRWIN,https://irwin.doi.gov/observer/
EONET_7248,IRWIN,https://irwin.doi.gov/observer/
EONET_7249,IRWIN,https://irwin.doi.gov/observer/
EONET_7255,IRWIN,https://irwin.doi.gov/observer/
EONET_7260,IRWIN,https://irwin.doi.gov/observer/
EONET_7261,IRWIN,https://irwin.doi.gov/observer/
EONET_7264,IRWIN,https://irwin.doi.gov/observer/
EONET_7272,IRWIN,https://irwin.doi.gov/observer/
EONET_7275,IRWIN,https://irwin.doi.gov/observer/
EONET_7277,IRWIN,https://irwin.doi.gov/observer/
EONET_7278,IRWIN,https://irwin.doi.gov/observer/
EONET_7279,IRWIN,https://irwin.doi.gov/observer/
EONET_7280,IRWIN,https://irwin.doi.gov/observer/
EONET_7293,IRWIN,https://irwin.doi.gov/observer/
EONET_7313,IRWIN,https://irwin.doi.gov/observer/
EONET_7315,IRWIN,https://irwin.doi.gov/observer/
EONET_6643,GDACS,https://www.gdacs.org/report.aspx?eventtype=WF&eventid=1019804
EONET_6644,GDACS,https://www.gdacs.org/report.aspx?eventtype=WF&eventid=1019805
EONET_6655,GDACS,https://www.gdacs.org/report.aspx?eventtype=WF&eventid=1019812
EONET_8145,GDACS,https://www.gdacs.org/report.aspx?eventtype=WF&eventid=1019861
EONET_7333,IRWIN,https://irwin.doi.gov/observer/
EONET_7335,IRWIN,https://irwin.doi.gov/observer/
EONET_7347,IRWIN,https://irwin.doi.gov/observer/
EONET_7359,IRWIN,https://irwin.doi.gov/observer/
EONET_7362,IRWIN,https://irwin.doi.gov/observer/
EONET_7363,IRWIN,https://irwin.doi.gov/observer/
EONET_7366,IRWIN,https://irwin.doi.gov/observer/
EONET_7377,IRWIN,https://irwin.doi.gov/observer/
EONET_7390,IRWIN,https://irwin.doi.gov/observer/
EONET_6645,GDACS,https://www.gdacs.org/report.aspx?eventtype=WF&eventid=1019799
EONET_6664,GDACS,https://www.gdacs.org/report.aspx?eventtype=WF&eventid=1019821
EONET_6676,GDACS,https://www.gdacs.org/report.aspx?eventtype=WF&eventid=1019834
EONET_7411,IRWIN,https://irwin.doi.gov/observer/
EONET_7412,IRWIN,https://irwin.doi.gov/observer/
EONET_7415,IRWIN,https://irwin.doi.gov/observer/
EONET_7421,IRWIN,https://irwin.doi.gov/observer/
EONET_7432,IRWIN,https://irwin.doi.gov/observer/
EONET_7437,IRWIN,https://irwin.doi.gov/observer/
EONET_7440,IRWIN,https://irwin.doi.gov/observer/
EONET_7448,IRWIN,https://irwin.doi.gov/observer/
EONET_7461,IRWIN,https://irwin.doi.gov/observer/
EONET_7470,IRWIN,https://irwin.doi.gov/observer/
EONET_6641,GDACS,https://www.gdacs.org/report.aspx?eventtype=WF&eventid=1019798
EONET_6646,GDACS,https://www.gdacs.org/report.aspx?eventtype=WF&eventid=1019806
EONET_6647,GDACS,https://www.gdacs.org/report.aspx?eventtype=WF&eventid=1019800
EONET_6648,GDACS,https://www.gdacs.org/report.aspx?eventtype=WF&eventid=1019807
EONET_6656,GDACS,https://www.gdacs.org/report.aspx?eventtype=WF&eventid=1019815
EONET_6657,GDACS,https://www.gdacs.org/report.aspx?eventtype=WF&eventid=1019813
EONET_6658,GDACS,https://www.gdacs.org/report.aspx?eventtype=WF&eventid=1019814
EONET_7491,IRWIN,https://irwin.doi.gov/observer/
EONET_7493,IRWIN,https://irwin.doi.gov/observer/
EONET_7496,IRWIN,https://irwin.doi.gov/observer/
EONET_7499,IRWIN,https://irwin.doi.gov/observer/
EONET_7503,IRWIN,https://irwin.doi.gov/observer/
EONET_7507,IRWIN,https://irwin.doi.gov/observer/
EONET_7511,IRWIN,https://irwin.doi.gov/observer/
EONET_7525,IRWIN,https://irwin.doi.gov/observer/
EONET_6649,GDACS,https://www.gdacs.org/report.aspx?eventtype=WF&eventid=1019801
EONET_6659,GDACS,https://www.gdacs.org/report.aspx?eventtype=WF&eventid=1019816
EONET_6660,GDACS,https://www.gdacs.org/report.aspx?eventtype=WF&eventid=1019817
EONET_6672,GDACS,https://www.gdacs.org/report.aspx?eventtype=WF&eventid=1019826
EONET_6677,GDACS,https://www.gdacs.org/report.aspx?eventtype=WF&eventid=1019835
EONET_7555,IRWIN,https://irwin.doi.gov/observer/
EONET_7557,IRWIN,https://irwin.doi.gov/observer/
EONET_7576,IRWIN,https://irwin.doi.gov/observer/
EONET_7583,IRWIN,https://irwin.doi.gov/observer/
EONET_7584,IRWIN,https://irwin.doi.gov/observer/
EONET_7587,IRWIN,https://irwin.doi.gov/observer/
EONET_7603,IRWIN,https://irwin.doi.gov/observer/
EONET_7614,IRWIN,https://irwin.doi.gov/observer/
EONET_7627,IRWIN,https://irwin.doi.gov/observer/
EONET_6650,GDACS,https://www.gdacs.org/report.aspx?eventtype=WF&eventid=1019802
EONET_6661,GDACS,https://www.gdacs.org/report.aspx?eventtype=WF&eventid=1019818
EONET_7641,IRWIN,https://irwin.doi.gov/observer/
EONET_7666,IRWIN,https://irwin.doi.gov/observer/
EONET_7668,IRWIN,https://irwin.doi.gov/observer/
EONET_7685,IRWIN,https://irwin.doi.gov/observer/
EONET_7693,IRWIN,https://irwin.doi.gov/observer/
EONET_7696,IRWIN,https://irwin.doi.gov/observer/
EONET_7721,IRWIN,https://irwin.doi.gov/observer/
EONET_7725,IRWIN,https://irwin.doi.gov/observer/
EONET_7729,IRWIN,https://irwin.doi.gov/observer/
EONET_7731,IRWIN,https://irwin.doi.gov/observer/
EONET_7735,IRWIN,https://irwin.doi.gov/observer/
EONET_7739,IRWIN,https://irwin.doi.gov/observer/
EONET_7743,IRWIN,https://irwin.doi.gov/observer/
EONET_6651,GDACS,https://www.gdacs.org/report.aspx?eventtype=WF&eventid=1019808
EONET_6662,GDACS,https://www.gdacs.org/report.aspx?eventtype=WF&eventid=1019819
EONET_6665,GDACS,https://www.gdacs.org/report.aspx?eventtype=WF&eventid=1019822
EONET_7747,IRWIN,https://irwin.doi.gov/observer/
EONET_7750,IRWIN,https://irwin.doi.gov/observer/
EONET_7753,IRWIN,https://irwin.doi.gov/observer/
EONET_7755,IRWIN,https://irwin.doi.gov/observer/
EONET_7756,IRWIN,https://irwin.doi.gov/observer/
EONET_7763,IRWIN,https://irwin.doi.gov/observer/
EONET_7780,IRWIN,https://irwin.doi.gov/observer/
EONET_6652,GDACS,https://www.gdacs.org/report.aspx?eventtype=WF&eventid=1019809
EONET_7824,IRWIN,https://irwin.doi.gov/observer/
EONET_7825,IRWIN,https://irwin.doi.gov/observer/
EONET_7833,IRWIN,https://irwin.doi.gov/observer/
EONET_7834,IRWIN,https://irwin.doi.gov/observer/
EONET_7835,IRWIN,https://irwin.doi.gov/observer/
EONET_7837,IRWIN,https://irwin.doi.gov/observer/
EONET_7838,IRWIN,https://irwin.doi.gov/observer/
EONET_7839,IRWIN,https://irwin.doi.gov/observer/
EONET_7840,IRWIN,https://irwin.doi.gov/observer/
EONET_6653,GDACS,https://www.gdacs.org/report.aspx?eventtype=WF&eventid=1019810
EONET_7882,IRWIN,https://irwin.doi.gov/observer/
EONET_7886,IRWIN,https://irwin.doi.gov/observer/
EONET_7904,IRWIN,https://irwin.doi.gov/observer/
EONET_7906,IRWIN,https://irwin.doi.gov/observer/
EONET_8696,IRWIN,https://irwin.doi.gov/observer/
EONET_7908,IRWIN,https://irwin.doi.gov/observer/
EONET_7909,IRWIN,https://irwin.doi.gov/observer/
EONET_6523,EO,https://earthobservatory.nasa.gov/images/152848/antarctic-ice-shelf-spawns-iceberg-a-83
EONET_6523,NATICE,https://usicecenter.gov/pub/Iceberg_Tabular.csv
EONET_7916,IRWIN,https://irwin.doi.gov/observer/
EONET_6636,GDACS,https://www.gdacs.org/report.aspx?eventtype=WF&eventid=1019796
EONET_7929,IRWIN,https://irwin.doi.gov/observer/
EONET_7934,IRWIN,https://irwin.doi.gov/observer/
EONET_7936,IRWIN,https://irwin.doi.gov/observer/
EONET_6637,GDACS,https://www.gdacs.org/report.aspx?eventtype=WF&eventid=1019797
EONET_8546,IRWIN,https://irwin.doi.gov/observer/
EONET_8789,IRWIN,https://irwin.doi.gov/observer/
EONET_7964,IRWIN,https://irwin.doi.gov/observer/
EONET_7968,IRWIN,https://irwin.doi.gov/observer/
EONET_7969,IRWIN,https://irwin.doi.gov/observer/
EONET_7976,IRWIN,https://irwin.doi.gov/observer/
EONET_7977,IRWIN,https://irwin.doi.gov/observer/
EONET_7987,IRWIN,https://irwin.doi.gov/observer/
EONET_7989,IRWIN,https://irwin.doi.gov/observer/
EONET_7992,IRWIN,https://irwin.doi.gov/observer/
EONET_7993,IRWIN,https://irwin.doi.gov/observer/
EONET_8001,IRWIN,https://irwin.doi.gov/observer/
EONET_8004,IRWIN,https://irwin.doi.gov/observer/
EONET_8014,IRWIN,https://irwin.doi.gov/observer/
EONET_8015,IRWIN,https://irwin.doi.gov/observer/
EONET_8030,IRWIN,https://irwin.doi.gov/observer/
EONET_8031,IRWIN,https://irwin.doi.gov/observer/
EONET_8034,IRWIN,https://irwin.doi.gov/observer/
EONET_8036,IRWIN,https://irwin.doi.gov/observer/
EONET_8042,IRWIN,https://irwin.doi.gov/observer/
EONET_8044,IRWIN,https://irwin.doi.gov/observer/
EONET_8045,IRWIN,https://irwin.doi.gov/observer/
EONET_8693,IRWIN,https://irwin.doi.gov/observer/
EONET_8051,IRWIN,https://irwin.doi.gov/observer/
EONET_8052,IRWIN,https://irwin.doi.gov/observer/
EONET_8055,IRWIN,https://irwin.doi.gov/observer/
EONET_8060,IRWIN,https://irwin.doi.gov/observer/
EONET_8064,IRWIN,https://irwin.doi.gov/observer/
EONET_8070,IRWIN,https://irwin.doi.gov/observer/
EONET_8071,IRWIN,https://irwin.doi.gov/observer/
EONET_8073,IRWIN,https://irwin.doi.gov/observer/
EONET_8074,IRWIN,https://irwin.doi.gov/observer/
EONET_8075,IRWIN,https://irwin.doi.gov/observer/
EONET_8697,IRWIN,https://irwin.doi.gov/observer/
EONET_8076,IRWIN,https://irwin.doi.gov/observer/
EONET_8094,IRWIN,https://irwin.doi.gov/observer/
EONET_8097,IRWIN,https://irwin.doi.gov/observer/
EONET_9215,IRWIN,https://irwin.doi.gov/observer/
EONET_8550,IRWIN,https://irwin.doi.gov/observer/
EONET_8120,IRWIN,https://irwin.doi.gov/observer/
EONET_8121,IRWIN,https://irwin.doi.gov/observer/
EONET_8698,IRWIN,https://irwin.doi.gov/observer/
EONET_8135,IRWIN,https://irwin.doi.gov/observer/
EONET_8409,IRWIN,https://irwin.doi.gov/observer/
EONET_8788,IRWIN,https://irwin.doi.gov/observer/
EONET_9226,IRWIN,https://irwin.doi.gov/observer/
EONET_8551,IRWIN,https://irwin.doi.gov/observer/
EONET_6510,NATICE,https://usicecenter.gov/pub/Iceberg_Tabular.csv
EONET_8785,IRWIN,https://irwin.doi.gov/observer/
EONET_8677,IRWIN,https://irwin.doi.gov/observer/
EONET_8680,IRWIN,https://irwin.doi.gov/observer/
EONET_8787,IRWIN,https://irwin.doi.gov/observer/
EONET_8695,IRWIN,https://irwin.doi.gov/observer/
EONET_8398,IRWIN,https://irwin.doi.gov/observer/
EONET_8908,IRWIN,https://irwin.doi.gov/observer/
EONET_8786,IRWIN,https://irwin.doi.gov/observer/
EONET_8219,IRWIN,https://irwin.doi.gov/observer/
EONET_8488,IRWIN,https://irwin.doi.gov/observer/
EONET_8489,IRWIN,https://irwin.doi.gov/observer/
EONET_8558,IRWIN,https://irwin.doi.gov/observer/
EONET_8490,IRWIN,https://irwin.doi.gov/observer/
EONET_8416,IRWIN,https://irwin.doi.gov/observer/
EONET_8404,IRWIN,https://irwin.doi.gov/observer/
EONET_8563,IRWIN,https://irwin.doi.gov/observer/
EONET_8487,IRWIN,https://irwin.doi.gov/observer/
EONET_8692,IRWIN,https://irwin.doi.gov/observer/
EONET_6608,IRWIN,https://irwin.doi.gov/observer/
EONET_6598,IRWIN,https://irwin.doi.gov/observer/
EONET_6597,IRWIN,https://irwin.doi.gov/observer/
EONET_6594,IRWIN,https://irwin.doi.gov/observer/
EONET_6585,IRWIN,https://irwin.doi.gov/observer/
EONET_6474,NATICE,https://usicecenter.gov/pub/Iceberg_Tabular.csv
EONET_6470,EO,https://earthobservatory.nasa.gov/images/153549/mount-lewotobi-laki-laki-spews-ash
EONET_6470,SIVolcano,https://volcano.si.edu/volcano.cfm?vn=264180
EONET_9224,IRWIN,https://irwin.doi.gov/observer/
EONET_6462,SIVolcano,https://volcano.si.edu/volcano.cfm?vn=261140
EONET_6452,SIVolcano,https://volcano.si.edu/volcano.cfm?vn=268010
EONET_8585,IRWIN,https://irwin.doi.gov/observer/
EONET_6448,NATICE,https://usicecenter.gov/pub/Iceberg_Tabular.csv
EONET_8782,IRWIN,https://irwin.doi.gov/observer/
EONET_6423,NATICE,https://usicecenter.gov/pub/Iceberg_Tabular.csv
EONET_6424,NATICE,https://usicecenter.gov/pub/Iceberg_Tabular.csv
EONET_8408,IRWIN,https://irwin.doi.gov/observer/
EONET_8583,IRWIN,https://irwin.doi.gov/observer/
EONET_8407,IRWIN,https://irwin.doi.gov/observer/
EONET_8573,IRWIN,https://irwin.doi.gov/observer/
EONET_8574,IRWIN,https://irwin.doi.gov/observer/
EONET_8579,IRWIN,https://irwin.doi.gov/observer/
EONET_8576,IRWIN,https://irwin.doi.gov/observer/
EONET_8884,IRWIN,https://irwin.doi.gov/observer/
EONET_8575,IRWIN,https://irwin.doi.gov/observer/
EONET_8577,IRWIN,https://irwin.doi.gov/observer/
EONET_8582,IRWIN,https://irwin.doi.gov/observer/
EONET_8578,IRWIN,https://irwin.doi.gov/observer/
EONET_8572,IRWIN,https://irwin.doi.gov/observer/
EONET_8580,IRWIN,https://irwin.doi.gov/observer/
EONET_8567,IRWIN,https://irwin.doi.gov/observer/
EONET_6369,SIVolcano,https://volcano.si.edu/volcano.cfm?vn=268030
EONET_8565,IRWIN,https://irwin.doi.gov/observer/
EONET_6320,NATICE,https://usicecenter.gov/pub/Iceberg_Tabular.csv
EONET_6288,NATICE,https://usicecenter.gov/pub/Iceberg_Tabular.csv
EONET_6175,SIVolcano,http://volcano.si.edu/volcano.cfm?vn=211040
EONET_6104,SIVolcano,http://volcano.si.edu/volcano.cfm?vn=282080
EONET_8569,IRWIN,https://irwin.doi.gov/observer/
EONET_6051,NATICE,https://usicecenter.gov/pub/Iceberg_Tabular.csv
EONET_5359,NATICE,https://usicecenter.gov/Products/AntarcIcebergs
EONET_5202,SIVolcano,http://volcano.si.edu/volcano.cfm?vn=263250
EONET_4624,SIVolcano,http://volcano.si.edu/volcano.cfm?vn=342030
EONET_4561,SIVolcano,http://volcano.si.edu/volcano.cfm?vn=263300
EONET_4269,SIVolcano,http://volcano.si.edu/volcano.cfm?vn=352010
EONET_4156,SIVolcano,http://volcano.si.edu/volcano.cfm?vn=352090
EONET_4133,NATICE,https://usicecenter.gov/pub/Iceberg_Tabular.csv
EONET_4134,NATICE,https://usicecenter.gov/pub/Iceberg_Tabular.csv
EONET_4136,NATICE,https://usicecenter.gov/pub/Iceberg_Tabular.csv
EONET_4137,NATICE,https://usicecenter.gov/pub/Iceberg_Tabular.csv
EONET_4143,NATICE,https://usicecenter.gov/pub/Iceberg_Tabular.csv
EONET_4122,NATICE,https://usicecenter.gov/pub/Iceberg_Tabular.csv
EONET_4089,NATICE,https://usicecenter.gov/pub/Iceberg_Tabular.csv
EONET_2871,BYU_ICE,http://www.scp.byu.edu/data/iceberg/ascat/d15b.ascat
EONET_2871,NATICE,https://usicecenter.gov/pub/Iceberg_Tabular.csv
EONET_2870,BYU_ICE,http://www.scp.byu.edu/data/iceberg/ascat/d15a.ascat
EONET_2870,NATICE,https://usicecenter.gov/pub/Iceberg_Tabular.csv
EONET_2736,BYU_ICE,http://www.scp.byu.edu/data/iceberg/ascat/b22a.ascat
EONET_2736,NATICE,https://usicecenter.gov/pub/Iceberg_Tabular.csv
EONET_2876,BYU_ICE,http://www.scp.byu.edu/data/iceberg/ascat/c15.ascat
EONET_2876,NATICE,https://usicecenter.gov/pub/Iceberg_Tabular.csv
EONET_2878,BYU_ICE,http://www.scp.byu.edu/data/iceberg/ascat/b09b.ascat
EONET_2878,NATICE,https://usicecenter.gov/pub/Iceberg_Tabular.csv
EONET_2997,BYU_ICE,http://www.scp.byu.edu/data/iceberg/ascat/c21b.ascat
EONET_2997,NATICE,https://usicecenter.gov/pub/Iceberg_Tabular.csv
EONET_980,CEMS,http://emergency.copernicus.eu/mapping/list-of-components/EMSR289
EONET_980,EO,https://earthobservatory.nasa.gov/NaturalHazards/event.php?id=91672
EONET_980,GDACS,http://www.gdacs.org/report.aspx?eventtype=VO&eventid=512
EONET_980,IDC,https://disasterscharter.org/web/guest/-/volcano-in-guatemala-activation-576-
EONET_980,NASA_DISP,https://disasters.nasa.gov/mount-fuego-eruption-2018
EONET_980,ReliefWeb,https://reliefweb.int/disaster/vo-2018-000066-gtm
EONET_980,SIVolcano,http://volcano.si.edu/volcano.cfm?vn=342090
